bus_id,x,y,typ,voltage,frequency,name,operator,ref,source,n_gen,capacity,net_capacity,wkt_srid_4326,region,injection_mw
131,8.10553905313517,53.5565256492864,sub_station,,,Rüstersieler-/Kurt-Schumacher-Straße,,463 E,,,,,SRID=4326;POINT(8.10553905313517 53.5565256492864),Amprion,60.350411336476704
2528,13.2116341848095,52.5757701932049,sub_station,,,,Vattenfall,2525,,,,,SRID=4326;POINT(13.2116341848095 52.5757701932049),50Hertz,5.513220360292511
3843,11.0479650170508,49.6995460582576,sub_station,,,,,,,,,,SRID=4326;POINT(11.0479650170508 49.6995460582576),TenneT,-9.701090124395545
6003,8.76445061909099,53.2266841855798,substation,20000,50,Trafostation Hinter dem Gartel,Stadtwerke,,,,,,SRID=4326;POINT(8.76445061909099 53.2266841855798),Amprion,5.210830940197846
7935,9.20556798003176,52.414501161779,substation,,,,,,,,,,SRID=4326;POINT(9.20556798003176 52.414501161779),TenneT,-4.993373668038444
9680,10.4083626482956,53.4112420485159,substation,,,,,,,,,,SRID=4326;POINT(10.4083626482956 53.4112420485159),50Hertz,9.556669226299956
15409,8.7026453597337,51.7489921877656,substation,,,,,016017 Sportplatz Merschweg,,,,,SRID=4326;POINT(8.7026453597337 51.7489921877656),Amprion,-15.540169571421226
15704,9.99206277421466,53.7897737674627,substation,11000;400,,,Schleswig-Holstein Netz,,,,,,SRID=4326;POINT(9.99206277421466 53.7897737674627),50Hertz,61.54774331037778
16773,13.4949156070863,52.5896917767973,substation,380000;110000,50,Umspannwerk Malchow,50Hertz;Stromnetz Berlin,MOW,,,,,SRID=4326;POINT(13.4949156070863 52.5896917767973),50Hertz,6.678218319095043
16777,9.98468121228376,53.7412414837162,substation,380000;220000;110000,50,Umspannwerk Hamburg-Nord,50Hertz Transmission,,,,,,SRID=4326;POINT(9.98468121228376 53.7412414837162),50Hertz,61.47514390226643
16778,6.93481717657151,51.0334821635245,substation,220000;110000,50,UW Fühlingen,RheinEnergie,,,,,,SRID=4326;POINT(6.93481717657151 51.0334821635245),Amprion,-11.707807622107207
16780,6.96562911753218,51.0692893895334,substation,380000;220000;110000,,Station Opladen,RWE,,,,,,SRID=4326;POINT(6.96562911753218 51.0692893895334),Amprion,-12.624823230286932
16888,6.97593065958018,51.0376050168943,substation,220000;110000,,Station Dhünnaue,,,,,,,SRID=4326;POINT(6.97593065958018 51.0376050168943),Amprion,-12.340295413538087
16903,6.61430625728039,51.6186756053732,substation,220000;110000,50,,,,,,,,SRID=4326;POINT(6.61430625728039 51.6186756053732),Amprion,-16.103198720589678
16926,6.66023164565932,51.2956191989333,substation,110000,,Station Lank,RWE,,,,,,SRID=4326;POINT(6.66023164565932 51.2956191989333),Amprion,-12.341754860116541
16983,9.59430201034526,49.7983668593581,substation,220000;110000,50,Umspannwerk Trennfeld,TenneT TSO GmbH;E.ON Netz GmbH,TRE,,,,,SRID=4326;POINT(9.59430201034526 49.7983668593581),TenneT,-5.180959934335046
17025,7.07533546119909,51.5190966998987,substation,110000,50,Station Gelsenkirchen,RWE,,,,,,SRID=4326;POINT(7.07533546119909 51.5190966998987),Amprion,-19.991912188690332
17071,6.90667335507709,51.5652678379062,substation,380000;110000,50,Station Nordlicht,RWE; ELE,,,,,,SRID=4326;POINT(6.90667335507709 51.5652678379062),Amprion,-18.437774114000117
17104,6.67471906922509,51.3249491794085,substation,220000;110000,,Station Gellep,RWE,,,,,,SRID=4326;POINT(6.67471906922509 51.3249491794085),Amprion,-12.889925621278874
17105,6.65671831878072,51.3795300647971,substation,220000;110000,50,Uerdingen,RWE,,,,,,SRID=4326;POINT(6.65671831878072 51.3795300647971),Amprion,-13.50670737415436
17120,9.88747438029722,52.494488974268,substation,110000,50,Burgwedel,EON_Netz,BWED,,,,,SRID=4326;POINT(9.88747438029722 52.494488974268),TenneT,-0.7208791220225592
17128,11.0056026142412,52.195809447852,substation,110000,,Umspannwerk Helmstedt,E.ON Netz GmbH,,,,,,SRID=4326;POINT(11.0056026142412 52.195809447852),TenneT,2.520910463256717
17138,6.48813238147576,50.8810659271143,substation,380000,50,Station Hambach,RWE,,,,,,SRID=4326;POINT(6.48813238147576 50.8810659271143),Amprion,42.77217719715543
17169,9.39174688715465,48.7190549961078,substation,110000;15000,16.7,Unterwerk Plochingen,DB_Energie,,,,,,SRID=4326;POINT(9.39174688715465 48.7190549961078),TransnetBW,-6.822535608604115
17191,10.4626489600018,52.2816072635621,substation,,50,Braunschweig-West,,,,,,,SRID=4326;POINT(10.4626489600018 52.2816072635621),TenneT,1.8026930379379316
17306,9.40081810882864,48.6669725947836,substation,380000;220000;110000,,EnBW Umspannwerk Wendlingen,,,,,,,SRID=4326;POINT(9.40081810882864 48.6669725947836),TransnetBW,-6.841177228582115
17364,7.13690143578002,50.6428910425134,substation,380000;110000,50,Station Ließem,Amprion,,,,,,SRID=4326;POINT(7.13690143578002 50.6428910425134),Amprion,-10.052316883393136
17376,6.59601478983902,50.9525301186299,substation,380000;110000,50,Station Paffendorf,Amprion,,,,,,SRID=4326;POINT(6.59601478983902 50.9525301186299),Amprion,41.54236837037492
17404,10.6412605608381,48.0274331794465,substation,220000;110000,50,Umspannstation Irsingen,,,,,,,SRID=4326;POINT(10.6412605608381 48.0274331794465),TransnetBW,37.14645035892099
17430,13.0786799718301,54.284850254914,substation,220000;110000,,Umspannwerk Lüdershagen,50Hertz Transmission GmbH;E.ON edis AG,Lhg,,,,,SRID=4326;POINT(13.0786799718301 54.284850254914),50Hertz,51.920409171259344
17495,9.79733877608233,52.0008324682943,substation,220000;110000,50,Godenau,TenneT;EON_Netz,,,,,,SRID=4326;POINT(9.79733877608233 52.0008324682943),TenneT,-2.67653305152726
17549,9.27446754036973,48.5496782228246,substation,380000;220000;110000,50,EnBW Umspannwerk Metzingen,Netze BW,,,,,,SRID=4326;POINT(9.27446754036973 48.5496782228246),TransnetBW,-5.653231453991523
17558,8.93225449594203,52.1933143275816,substation,220000;110000,50,UW Veltheim,Westfalen Weser Netz GmbH,,,,,,SRID=4326;POINT(8.93225449594203 52.1933143275816),TenneT,-9.300116878370135
17590,10.4437137570229,49.6551649782877,substation,110000,50,Umspannanlage Markt Bibart,N-ERGIE,,,,,,SRID=4326;POINT(10.4437137570229 49.6551649782877),TenneT,-7.991350199959648
17597,10.972912001999,49.5585470545105,substation,380000;110000,50,Kriegenbrunn,EON_Netz,KRI,,,,,SRID=4326;POINT(10.972912001999 49.5585470545105),TenneT,-11.46518522505406
17647,12.0823055225582,49.2975904932612,substation,380000;220000;110000,50,Schwandorf,"TenneT TSO GmbH, E.ON Netz GmbH",SD,,,,,SRID=4326;POINT(12.0823055225582 49.2975904932612),50Hertz,-15.45004308897137
17654,13.4684802412319,52.632579434102,substation,110000,50,Umspannwerk Buch,Stromnetz Berlin,,,,,,SRID=4326;POINT(13.4684802412319 52.632579434102),50Hertz,6.172016115125842
17734,8.06008866646723,53.620245097212,substation,220000;155000,50,Inhausen,TenneT,INHA,,,,,SRID=4326;POINT(8.06008866646723 53.620245097212),Amprion,61.38251688408663
17767,11.8939194608678,51.4055028474632,substation,380000;110000,50,Umspannwerk Lauchstädt,50Hertz;enviaM,,,,,,SRID=4326;POINT(11.8939194608678 51.4055028474632),50Hertz,2.9418540564043116
17769,13.6829073407056,54.1391577897017,substation,380000;220000,,Umspannwerk Lubmin,50Hertz,,,,,,SRID=4326;POINT(13.6829073407056 54.1391577897017),50Hertz,51.68881443504962
17840,13.3686370100705,52.5031478804454,substation,380000;110000,,Berlin/Mitte,50Hertz;Stromnetz Berlin,,,,,,SRID=4326;POINT(13.3686370100705 52.5031478804454),50Hertz,6.864419296714395
18014,9.80132391851607,47.6525066550395,substation,380000,50,Umspannwerk Obermooweiler,,,,,,,SRID=4326;POINT(9.80132391851607 47.6525066550395),TransnetBW,44.87829945986235
18119,6.91098381197121,50.8830875439979,station,,,,,,,,,,SRID=4326;POINT(6.91098381197121 50.8830875439979),Amprion,-9.503747925010192
18120,6.96338638296758,50.8338255190495,substation,220000;110000,50,Station Bollenacker,RWE,,,,,,SRID=4326;POINT(6.96338638296758 50.8338255190495),Amprion,-9.641159142087762
18126,6.72890611185741,51.4960799377527,substation,220000,50,,,,,,,,SRID=4326;POINT(6.72890611185741 51.4960799377527),Amprion,-15.730856348201065
18127,9.37886825131938,48.8797896192998,substation,220000;110000,50,Umspannwerk Winnenden,,,,,,,SRID=4326;POINT(9.37886825131938 48.8797896192998),TransnetBW,-6.74272643651504
18149,8.50103282348084,48.9231456598707,substation,,,110kV Umspannwerk Langensteinbach,EnBW,,,,,,SRID=4326;POINT(8.50103282348084 48.9231456598707),TransnetBW,-1.850893321072098
18151,7.35312358438307,51.5758058196046,substation,380000,50,Station Mengede,RWE,,,,,,SRID=4326;POINT(7.35312358438307 51.5758058196046),Amprion,-23.504008383888873
18160,13.6703967390889,52.6913456063125,substation,110000,50,Windpark Willmersdorf,EON_edis,,,,,,SRID=4326;POINT(13.6703967390889 52.6913456063125),50Hertz,6.349766718964375
18212,13.4888670135834,52.3940952853246,substation,110000,50,E.ON edis Umspannwerk Schönefeld Wohnungsbau,EON_edis,SfN,,,,,SRID=4326;POINT(13.4888670135834 52.3940952853246),50Hertz,8.776998838194977
18224,12.5181586241793,51.1570964951171,substation,380000;220000;110000,50,Eula,50Hertz Transmission,,,,,,SRID=4326;POINT(12.5181586241793 51.1570964951171),50Hertz,4.009901001179026
18385,7.54227184507313,50.9707616777471,substation,110000,50,Station Bomig,RWE,,,,,,SRID=4326;POINT(7.54227184507313 50.9707616777471),Amprion,-19.494075536690843
18435,14.0336979384638,53.5078673879307,substation,220000;110000,,Pasewalk,50Hertz Transmission GmbH;E.ON edis AG,,,,,,SRID=4326;POINT(14.0336979384638 53.5078673879307),50Hertz,51.9245662473995
18576,12.4994098826468,52.4052153659442,substation,220000;110000,,Brandenburg-West,50Hertz Transmission GmbH,,,,,,SRID=4326;POINT(12.4994098826468 52.4052153659442),50Hertz,3.6672831901931566
18638,6.7321841585071,51.4594337108542,substation,220000;110000,50,Station Ruhrort,Amprion,,,,,,SRID=4326;POINT(6.7321841585071 51.4594337108542),Amprion,-15.293920407183151
18657,8.61667318028005,48.0659747395541,substation,380000;110000,50,Umspannwerk Trossingen,,TRSNG,,,,,SRID=4326;POINT(8.61667318028005 48.0659747395541),TransnetBW,48.36945499603417
18769,7.71860725880386,51.534198423705,substation,380000;110000,,Station Unna,Amprion,,,,,,SRID=4326;POINT(7.71860725880386 51.534198423705),Amprion,-25.369529633342125
18772,6.73156290507367,51.3745978386711,station,,,,,,,,,,SRID=4326;POINT(6.73156290507367 51.3745978386711),Amprion,-14.133109553737555
18953,14.2708395426762,53.0962882257755,substation,220000;110000,50,Vierraden,50Hertz Transmission GmbH,,,,,,SRID=4326;POINT(14.2708395426762 53.0962882257755),50Hertz,52.76525399590331
18981,13.315511845505,52.5220163794265,substation,380000;110000,50,Umspannwerk Charlottenburg,50Hertz,,,,,,SRID=4326;POINT(13.315511845505 52.5220163794265),50Hertz,6.412147448782216
19204,9.04740400252734,51.1677782147795,substation,400000,,,E.ON Kraftwerke GmbH,,,,,,SRID=4326;POINT(9.04740400252734 51.1677782147795),TenneT,-11.203152369018438
19263,7.99290423854321,51.6836915356284,substation,380000,50,Station Uentrop,RWE,,,,,,SRID=4326;POINT(7.99290423854321 51.6836915356284),Amprion,-24.295217737760396
19334,9.85135381041867,51.649161433026,substation,220000;110000,50,Hardegsen,TenneT;EON_Netz,,,,,,SRID=4326;POINT(9.85135381041867 51.649161433026),TenneT,-2.9462963620378186
19605,6.90263526056579,51.0146924999731,substation,110000,50,,Rheinenergie,,,,,,SRID=4326;POINT(6.90263526056579 51.0146924999731),Amprion,-11.024839802315359
19868,10.9367106687494,48.4013136327884,substation,380000;110000,50,Umspannwerk Lechhausen; Übernahmestation Lechhausen,Lechwerke;Stadtwerke Augsburg,613 U;1000,,,,,SRID=4326;POINT(10.9367106687494 48.4013136327884),TenneT,-17.344186030800635
19922,7.21334903192395,49.1681637914888,substation,,,,Pfalzwerke AG,,,,,,SRID=4326;POINT(7.21334903192395 49.1681637914888),TransnetBW,-0.2691090299595231
19966,6.92009758457639,49.9705403656679,substation,220000;110000,,Station Wengerohr,Amprion; Westnetz,,,,,,SRID=4326;POINT(6.92009758457639 49.9705403656679),Amprion,-3.7018022706985008
20128,6.82245774286282,51.3425063568576,substation,110000,50,Station Lintorf,RWE,,,,,,SRID=4326;POINT(6.82245774286282 51.3425063568576),Amprion,-14.659636745767589
20160,11.8531155897178,53.0865542882651,substation,380000;110000,,Umspannwerk Perleberg,50Hertz;EON_Avacon,,,,,,SRID=4326;POINT(11.8531155897178 53.0865542882651),50Hertz,4.0362539528063905
20298,7.16756105010482,51.3899465895675,substation,380000;220000;110000,50,Station Hattingen,Amprion,,,,,,SRID=4326;POINT(7.16756105010482 51.3899465895675),Amprion,-19.812963617743574
20403,6.75550685352124,49.3648623497296,substation,220000,50,Dieffeln,VSE,,,,,,SRID=4326;POINT(6.75550685352124 49.3648623497296),Amprion,-0.4968291862509471
20408,7.18050361114986,51.4526103518285,substation,110000,,Umspannwerk Eppendorf,Stadtwerke Bochum,7057 UWEP,,,,,SRID=4326;POINT(7.18050361114986 51.4526103518285),Amprion,-20.653850983688574
20702,6.2110684891669,49.9586167664622,substation,220000,50,SA Bauler,Amprion,,,,,,SRID=4326;POINT(6.2110684891669 49.9586167664622),Amprion,46.92657620956322
20744,7.14826362623883,49.2851261624214,substation,110000,50,UA Rohrbach,,,,,,,SRID=4326;POINT(7.14826362623883 49.2851261624214),TransnetBW,-0.7501981845903849
20913,7.23321700165084,51.2324679207805,substation,380000;110000,50,Station Linde,RWE,,,,,,SRID=4326;POINT(7.23321700165084 51.2324679207805),Amprion,-18.82652739905659
21050,6.72645957303147,49.27245020991,substation,,,UA Überherrn,,,,,,,SRID=4326;POINT(6.72645957303147 49.27245020991),TransnetBW,-0.06537985957675474
21270,12.3244579783458,49.6399772986727,substation,110000,50,Umspannwerk Vohenstrauß,E.ON Netz GmbH,VOH,,,,,SRID=4326;POINT(12.3244579783458 49.6399772986727),50Hertz,-9.829455208171956
21282,8.02041677489431,50.9236178111588,substation,220000,50,Setzer Wiese,RWE,,,,,,SRID=4326;POINT(8.02041677489431 50.9236178111588),Amprion,-20.701170744587333
21324,12.7475855482068,48.1486110827785,substation,220000;110000,50,Umspannwerk Pirach,"TenneT TSO GmbH, E.ON Netz GmbH",PI,,,,,SRID=4326;POINT(12.7475855482068 48.1486110827785),50Hertz,37.06391746385378
21347,6.79230526049645,49.8531218474701,station,,,Station Bekond,,,,,,,SRID=4326;POINT(6.79230526049645 49.8531218474701),Amprion,-2.66724907671086
21785,7.00885990092222,51.1741880817418,substation,380000;110000,50,Station Ohligs,Amprion,,,,,,SRID=4326;POINT(7.00885990092222 51.1741880817418),Amprion,-14.71410146630852
22305,7.88965787318573,52.2773874121267,substation,380000;220000;110000,50,Station Westerkappeln,Amprion,,,,,,SRID=4326;POINT(7.88965787318573 52.2773874121267),Amprion,-18.423346306983426
22609,9.25079586209321,53.1143538822759,substation,380000;220000;110000,50,Sottrum,EON_Netz,,,,,,SRID=4326;POINT(9.25079586209321 53.1143538822759),TenneT,3.862170928102154
23436,7.94281004947385,47.6530213650034,plant,,,Kavernenkraftwerk Wehr,,,,,,,SRID=4326;POINT(7.94281004947385 47.6530213650034),TransnetBW,50.96790725952093
23490,10.1851124954458,49.5263632715649,station,,,Umspannwerk Wallmersbach,,,,,,,SRID=4326;POINT(10.1851124954458 49.5263632715649),TenneT,-7.98253115193287
23500,11.8075401848192,48.4553719666337,substation,220000;110000,,Zolling - Irsching,,ZOL,,,,,SRID=4326;POINT(11.8075401848192 48.4553719666337),50Hertz,-19.520719268693732
24593,10.9909064280074,50.5735635177019,substation,380000;110000,50,Umspannwerk Altenfeld,50Hertz,,,,,,SRID=4326;POINT(10.9909064280074 50.5735635177019),TenneT,-0.19807773673425721
24822,7.51948805075243,50.3570761007431,substation,,,Station Rübenach,Westnetz; Energienetze Mittelrhein,,,,,,SRID=4326;POINT(7.51948805075243 50.3570761007431),Amprion,-11.227935848206439
24840,11.4339383023376,50.65277165645,substation,220000,,Stahlwerk Thüringen,,,,,,,SRID=4326;POINT(11.4339383023376 50.65277165645),50Hertz,0.34832654301239785
24862,7.86403944877968,50.7684190499606,substation,380000;220000;110000,50,Station Dauersberg,RWE,,,,,,SRID=4326;POINT(7.86403944877968 50.7684190499606),Amprion,-18.76254410541059
24934,8.54432615076693,49.4356024755454,station,110000,50,Umspannwerk Rheinau,EnBW,,,,,,SRID=4326;POINT(8.54432615076693 49.4356024755454),Amprion,-3.3303736165860887
25063,7.92896630920816,50.8178587245952,sub_station,,,,,,,,,,SRID=4326;POINT(7.92896630920816 50.8178587245952),Amprion,-19.494250435658493
25088,7.4334935458531,50.4365410616211,substation,220000,,,,,,,,,SRID=4326;POINT(7.4334935458531 50.4365410616211),Amprion,-11.428307461990197
25228,13.90247491808,51.8747240229493,substation,380000;110000,50,Umspannwerk Ragow,50Hertz,RAG,,,,,SRID=4326;POINT(13.90247491808 51.8747240229493),50Hertz,68.5640778255092
25248,8.5120524890324,49.2939490258652,substation,220000;110000,50,Umspannwerk Altlußheim,Netze BW GmbH;Transnet BW GmbH,,,,,,SRID=4326;POINT(8.5120524890324 49.2939490258652),TransnetBW,-2.779122431351899
25253,7.19597955354401,51.4115752344278,substation,220000,,Station Welper,RWE,,,,,,SRID=4326;POINT(7.19597955354401 51.4115752344278),Amprion,-20.427969619767406
25280,13.3823861862486,51.3561064566207,substation,380000;110000,50,Umspannwerk Streumen,50Hertz,STR,,,,,SRID=4326;POINT(13.3823861862486 51.3561064566207),50Hertz,13.48907406940434
25342,14.5080388276773,51.4136769977737,substation,380000,50,Umspannwerk Bärwalde,50Hertz,,,,,,SRID=4326;POINT(14.5080388276773 51.4136769977737),50Hertz,69.45743611801709
25406,7.31934050098583,49.3048721803483,substation,220000;110000,50,Beeden,Pfalzwerke,,,,,,SRID=4326;POINT(7.31934050098583 49.3048721803483),Amprion,-1.1256721610644131
26313,12.2428452625814,50.5674279303622,substation,220000;110000,50,Umspannwerk Herlasgrün,50Hertz;enviaM,Her,,,,,SRID=4326;POINT(12.2428452625814 50.5674279303622),50Hertz,0.39878644528536356
26348,12.4772720055462,50.7531070940369,substation,220000;110000,50,Crossen,50Hertz,,,,,,SRID=4326;POINT(12.4772720055462 50.7531070940369),50Hertz,2.0520650461242163
28727,7.55518070138033,51.3752428329497,sub_station,,,,Mark E,,,,,,SRID=4326;POINT(7.55518070138033 51.3752428329497),Amprion,-23.959898998387644
28857,8.31413226033039,49.0064314765221,substation,110000,50,,EnBW AG,,,,,,SRID=4326;POINT(8.31413226033039 49.0064314765221),TransnetBW,-1.4453040674068287
29726,7.95753364593255,47.5721900910276,substation,220000,,,,,,,,,SRID=4326;POINT(7.95753364593255 47.5721900910276),TransnetBW,51.070465486303036
32709,6.82317865100844,49.7433557650403,station,,,Herl,,,,,,,SRID=4326;POINT(6.82317865100844 49.7433557650403),Amprion,-2.321241269284277
32925,11.6994192698437,53.5723201096956,substation,380000,,Wessin,50Hertz,,,,,,SRID=4326;POINT(11.6994192698437 53.5723201096956),50Hertz,55.633537288349785
36412,8.27346491907828,49.0294830386768,substation,220000;110000,50,Umspannwerk Maximiliansau,Pfalzwerke AG,,,,,,SRID=4326;POINT(8.27346491907828 49.0294830386768),TransnetBW,-1.4018025095542388
40474,13.3367531453491,52.5148502758919,substation,,,S-Bahn Gleichrichterunterwerk Tiergarten,S-Bahn Berlin GmbH,,,,,,SRID=4326;POINT(13.3367531453491 52.5148502758919),50Hertz,6.585706380885661
46564,8.68226899774941,48.1063073219325,substation,,,,,,,,,,SRID=4326;POINT(8.68226899774941 48.1063073219325),TransnetBW,47.98042785143829
48286,12.1504368966336,50.6698141713742,plant,,,,,,,,,,SRID=4326;POINT(12.1504368966336 50.6698141713742),50Hertz,0.9295382815369848
48876,12.3374179015243,51.196962739796,substation,380000;110000,,Pulgar,50 Hertz Transmission;Stadtwerke Leipzig,,,,,,SRID=4326;POINT(12.3374179015243 51.196962739796),50Hertz,3.454105202777926
112021,13.5186145685364,52.6206132442322,joint,380000;380000;380000,50;50;50,"517;517, 520;520",50Hertz,517,,,,,SRID=4326;POINT(13.5186145685364 52.6206132442322),50Hertz,6.484793676481674
112047,12.9041526309856,52.5964457887893,joint,380000;380000;380000,50,"493;494;493, 494",50Hertz Transmission,493,,,,,SRID=4326;POINT(12.9041526309856 52.5964457887893),50Hertz,4.27273894096224
112074,8.60081503407176,50.1502571433277,joint,110000;380000;110000;380000,50;50;50,380 kV 3011; 220 kV 1046;380 kV 3011,TenneT,1046,,,,,SRID=4326;POINT(8.60081503407176 50.1502571433277),Amprion,-7.98742818591516
112162,7.05869101987915,50.8101556507429,joint,380000;110000;110000;380000;110000,50;50;50,380 kV Siegtal Nord|Süd; 110 kV Stockem Ost|West;110 kV Stockem West;380 kV Siegtal Nord|Süd; 110 kV Stockem Ost,RWE,4103,,,,,SRID=4326;POINT(7.05869101987915 50.8101556507429),Amprion,-10.716799127245181
112235,10.0361687970235,53.8034600928007,joint,110000;220000;110000;220000,50;50;50,,Schleswig-Holstein Netz AG,147,,,,,SRID=4326;POINT(10.0361687970235 53.8034600928007),50Hertz,62.75295437263331
112455,11.8179392541696,48.2233460584519,joint,220000;110000;220000;110000,,Neufinsing - Zolling;Neufinsing - Wörth;Neufinsing - Wörth - Stollnkirchen;Neufinsing - Zolling;Neufinsing - Wörth;Neufinsing - Wörth - Stollnkirchen,TenneT TSO GmbH,258,,,,,SRID=4326;POINT(11.8179392541696 48.2233460584519),50Hertz,-17.316743766473884
112463,11.7979039487248,48.240892079336,joint,380000;220000;380000;220000,50;50,Oberbachern - Ottenhofen;Oberbachern - Neufinsing;Oberbachern - Ottenhofen;Oberbachern - Neufinsing,TenneT TSO GmbH,461;462,,,,,SRID=4326;POINT(11.7979039487248 48.240892079336),50Hertz,-17.556946540912527
112504,11.3985577095064,48.1957898559286,joint,110000;220000,50,Karlsfeld/West - Puchheim - Oberbrunn;Karlsfeld/West - Puchheim - Argelsried - Oberbrunn;Oberbrunn - Oberbachern,E.ON Netz GmbH,125;126,,,,,SRID=4326;POINT(11.3985577095064 48.1957898559286),50Hertz,31.797266941903835
112508,7.45678078550964,51.6598757476734,joint,110000;220000;110000;220000;110000,50;50,110kV Gersteinwerk - Selm,RWE,2601,,,,,SRID=4326;POINT(7.45678078550964 51.6598757476734),Amprion,-24.54836114951816
112509,7.41755396216647,51.6446851717665,joint,220000;380000;380000;220000,50;50,380kV Mengede Nord+Waltrop Süd,RWE,4301,,,,,SRID=4326;POINT(7.41755396216647 51.6446851717665),Amprion,-24.267612237459005
112516,7.42265953708376,51.4625203479673,joint,380000;380000;380000,50;50;50,380kV Witten West,RWE,4327,,,,,SRID=4326;POINT(7.42265953708376 51.4625203479673),Amprion,-23.472852911449657
112542,6.6849759615049,51.640564073356,joint,110000;220000;110000;220000,50;50,110kV Hamborn Ost,RWE,2317,,,,,SRID=4326;POINT(6.6849759615049 51.640564073356),Amprion,-16.924657572887437
112660,10.2385576135681,49.973013063045,joint,110000;110000;380000;110000;380000,,Haßfurt - Heidenfeld - Schwebheim;Brünnstadt - Heidenfeld - Schwebheim;Brünnstadt - Heidenfeld - Schwebheim;Brünnstadt - Knetzgau;Grafenrheinfeld - Eltmann;Grafenrheinfeld - Oberhaid;Haßfurt - Heidenfeld - Schwebheim;Brünnstadt - Knetzgau;Grafenrheinfeld - Eltmann;Grafenrheinfeld - Oberhaid,TenneT TSO GmbH;E.ON Netz GmbH,121;151,,,,,SRID=4326;POINT(10.2385576135681 49.973013063045),TenneT,-4.165879080971246
112718,6.85369637035836,51.0241340637737,joint,380000;220000;380000;220000,50;50;50,380 kV Opladen Nord|Süd; 220 kV Frixheim Süd; Niederaußem 5e;380 kV Opladen Nord|Süd;220 kV Frixheim Süd; Niederaußem 5e,RWE,4560,,,,,SRID=4326;POINT(6.85369637035836 51.0241340637737),Amprion,-10.526613423469943
112729,6.69717301693809,50.9701700770486,joint,380000;110000;380000;110000;110000,50;50;50,380 kV Selfkant Weiß; 380 kV Paffendorf Süd; 110 kV Glesch Süd; Grefrath Ost;110 kV Glesch Süd; Grefrath Ost,RWE,4179,,,,,SRID=4326;POINT(6.69717301693809 50.9701700770486),Amprion,-8.206325103716214
112777,7.14691896567742,51.5061492479909,joint,110000;220000;220000;110000,,110kV Bochum-Wanne Ost+West,RWE,1769,,,,,SRID=4326;POINT(7.14691896567742 51.5061492479909),Amprion,-20.75238590376053
112825,7.02936731405964,51.6243730705648,joint,220000;220000;220000,,220kV Schermbeck Nord+Scholven E;220kV Polsum Süd,RWE,2422,,,,,SRID=4326;POINT(7.02936731405964 51.6243730705648),Amprion,-20.374056826004445
112869,9.77314028520276,53.6950714428704,joint,220000;110000;220000;110000;220000,50;50;50,,TenneT;Schleswig-Holstein Netz AG,316A;138,,,,,SRID=4326;POINT(9.77314028520276 53.6950714428704),TenneT,61.94045079931192
112880,7.12132775986342,51.4463394826491,joint,110000;220000;220000,50;50;50,110kV Leithe Ost+West;220kV Herdecke Nord+Süd,RWE,4170,,,,,SRID=4326;POINT(7.12132775986342 51.4463394826491),Amprion,-19.824885853837884
112941,13.2640795378954,52.7004780624634,joint,110000;220000;220000;110000,16.7;50;50;16.7,"Priort - Karow;293, 294;293;294;Priort - Karow 1+2",DB_Energie,330,,,,,SRID=4326;POINT(13.2640795378954 52.7004780624634),50Hertz,4.941281380385327
113025,6.36098013882387,50.9057880567574,joint,110000;380000;110000,50;50,110kV KFA Nord+Süd;380 kV Kirchberg Süd; Selfkant weiss; 110 kV Berg Ost; Lindern Ost,RWE,0287,,,,,SRID=4326;POINT(6.36098013882387 50.9057880567574),Amprion,42.740741831029816
113109,10.634381648389,48.0262077580738,joint,110000;220000,,,LEW,,,,,,SRID=4326;POINT(10.634381648389 48.0262077580738),TransnetBW,37.20377217076139
113370,8.08903780984965,50.9089640620648,joint,220000;110000,,,RWE,2459,,,,,SRID=4326;POINT(8.08903780984965 50.9089640620648),Amprion,-20.269556402963968
113295,11.5651679757575,48.2984498645738,joint,110000;110000;110000,,,E.ON Netz GmbH,1650,,,,,SRID=4326;POINT(11.5651679757575 48.2984498645738),50Hertz,-18.357099438032364
113375,10.3636025621284,47.7089963458156,joint,220000;110000;110000,,,Lechwerke,,,,,,SRID=4326;POINT(10.3636025621284 47.7089963458156),TransnetBW,42.70530741427307
113492,9.39125828325447,48.7429114558362,joint,380000;110000;380000;110000;110000,,"AL1-EDS 380 kV, EDS-WDL 380 kV, AL1-EDS/AIC 2x 110 kV;AL1-EDS 380 kV, EDS-WDL 380 kV, AL1-EDS/AIC 2x 110 kV;AL1-EDS/AIC 2x 110 kV",Neckarwerke;EVS,,,,,,SRID=4326;POINT(9.39125828325447 48.7429114558362),TransnetBW,-6.83527889807881
113530,7.72945001695958,52.2805176626744,joint,110000;220000;220000;110000,,,RWE,0206,,,,,SRID=4326;POINT(7.72945001695958 52.2805176626744),Amprion,-19.1769879439414
113623,12.0140429179974,53.0708769828253,joint,380000;380000;380000,50;50;50,513;514;513;514,50Hertz,513;514,,,,,SRID=4326;POINT(12.0140429179974 53.0708769828253),50Hertz,3.834920590267833
113657,10.9286873424462,48.2395012430818,joint,110000;380000;110000;380000,,,LEW,R6/1;R6/2,,,,,SRID=4326;POINT(10.9286873424462 48.2395012430818),TenneT,-15.821673513983953
113822,8.34966323845387,53.2549108582422,joint,110000;220000;110000,50;50;50,006,EON_Netz,,,,,,SRID=4326;POINT(8.34966323845387 53.2549108582422),Amprion,4.754344268081265
113877,7.36990076179519,51.5869489505133,joint,380000;380000;380000,50;50;50,RWE 4349 Mengede - Pkt Waltrop;380kV Datteln Ost+West;380kV Mengede Nord+Süd,RWE,4349,,,,,SRID=4326;POINT(7.36990076179519 51.5869489505133),Amprion,-23.70517362086417
114098,7.42875784022154,50.4289987577002,joint,220000;110000;20000;110000;220000,,,RWE,,,,,,SRID=4326;POINT(7.42875784022154 50.4289987577002),Amprion,-11.295063047152606
114200,8.70941928579665,51.6998988507236,joint,220000;110000;110000,,,E.ON,2812,,,,,SRID=4326;POINT(8.70941928579665 51.6998988507236),Amprion,-15.696345066404756
114313,7.26673383282202,52.6542333842137,joint,110000;110000;110000;110000,50;50;50;50,,RWE,,,,,,SRID=4326;POINT(7.26673383282202 52.6542333842137),Amprion,-13.028306521055152
114330,7.93234593248208,52.2627549552881,joint,220000;110000;110000;220000,50;50,220kV Westerkappeln Nord+Süd,RWE,4166,,,,,SRID=4326;POINT(7.93234593248208 52.2627549552881),Amprion,-18.389869696183524
114348,8.11013995452585,52.2621248731303,joint,110000;220000;220000;110000,50;50;50,220kV Bohmte Ost+West,RWE,2312,,,,,SRID=4326;POINT(8.11013995452585 52.2621248731303),Amprion,-17.056224522338375
114526,8.89929816369462,49.7233662575846,joint,110000;220000;110000;220000;110000,50;50;50,220 kV;110 kV;220 kV;110 kV,RWE,,,,,,SRID=4326;POINT(8.89929816369462 49.7233662575846),TenneT,-4.573817831033969
114547,9.09572953293802,51.1638940657093,joint,110000;380000;380000;380000;110000,50;50,Leitung 3212;Leitung 3213;Leitung 3212;Leitung 3213,E.ON Netz,1013,,,,,SRID=4326;POINT(9.09572953293802 51.1638940657093),TenneT,-10.567159887834093
114622,7.48701816780464,51.957653872436,joint,380000;380000;110000;380000;110000,50;50,,RWE,4372,,,,,SRID=4326;POINT(7.48701816780464 51.957653872436),Amprion,-23.625102274697998
114756,7.73531556660724,51.5181419828072,joint,380000;110000;380000;380000;110000,,,RWE,4323,,,,,SRID=4326;POINT(7.73531556660724 51.5181419828072),Amprion,-25.35901889689496
114769,7.61501165662197,51.5445454574479,joint,220000;220000;110000,50;50;50,220kV Wambel Ost+West,RWE,4330,,,,,SRID=4326;POINT(7.61501165662197 51.5445454574479),Amprion,-25.13247988897294
114776,7.41536952889007,52.0379013615886,joint,110000;380000;220000;380000;220000;110000,50;50,110kV Metelen-Münster+?,RWE,1525,,,,,SRID=4326;POINT(7.41536952889007 52.0379013615886),Amprion,-22.770563464191948
114988,6.75133532002657,51.5181267782282,joint,220000;110000;110000,,110kV Aldenrade Nord+ANK,RWE,4112,,,,,SRID=4326;POINT(6.75133532002657 51.5181267782282),Amprion,-16.224420579722608
115115,7.98138137058103,50.8504859493042,joint,220000;110000;110000;220000;110000,,110kV Siegen Ltg,RWE,0069,,,,,SRID=4326;POINT(7.98138137058103 50.8504859493042),Amprion,-19.88018306382837
115143,7.00709187979085,51.0501461829507,joint,110000;110000;220000;110000;220000;110000,50;16.7;50;50;16.7,110 kV Springborn Ost;110 kV Bahnstrom Köln - Gerresheim 1|2;220 kV Dünnwald Ost|West; 110 kV Springborn Ost;220 kV Dünnwald Ost|West;110 kV Bahnstrom Köln - Gerresheim 1|2,RWE,447;Köln - Gerresheim,,,,,SRID=4326;POINT(7.00709187979085 51.0501461829507),Amprion,-12.962587112222398
115231,7.12143447971918,49.3098488713945,joint,220000;110000;110000;110000,50;50;50,,Pfalzwerke AG,2426,,,,,SRID=4326;POINT(7.12143447971918 49.3098488713945),Amprion,-0.8345162749340655
115234,6.96111412725599,51.0528141675749,joint,220000,50,380 kV Niehl 3;220 kV Kasselberg Süd; Niederaußem 5e,RWE,4560,,,,,SRID=4326;POINT(6.96111412725599 51.0528141675749),Amprion,-12.335593602093564
115536,7.29779802450451,51.444392652176,joint,380000;220000;110000;380000;220000;110000,50;50;50,110kV Steinenhaus-Witten+Prov Hattingen-Steinenhaus,RWE,4339,,,,,SRID=4326;POINT(7.29779802450451 51.444392652176),Amprion,-22.013091365072125
115565,6.5398553731436,51.2994006519051,joint,220000;110000;110000;220000;110000,50;50;50,110kV St.Tönis Ost,RWE,2388,,,,,SRID=4326;POINT(6.5398553731436 51.2994006519051),Amprion,37.29564459639488
115577,6.92904076818332,51.5034438856652,joint,380000;220000;380000;380000;220000;110000;110000,,380kV Büscherhof West;110kV Lirich West+Thyssen Ost,RWE,4566,,,,,SRID=4326;POINT(6.92904076818332 51.5034438856652),Amprion,-18.026301203862026
115612,7.2501655752163,51.4009148805987,joint,220000;380000;220000;110000;380000;110000,50;50;50,220kV Laer West+Pöppinghausen Ost,RWE,2652,,,,,SRID=4326;POINT(7.2501655752163 51.4009148805987),Amprion,-21.01571573032023
115892,9.33223016559803,54.7210227584184,joint,380000;380000;380000,50;50;50,305;305,TenneT,305,,,,,SRID=4326;POINT(9.33223016559803 54.7210227584184),TenneT,51.63759797973369
115940,6.21409867284264,50.9435797768194,joint,380000;380000;380000;380000,50;50;50;50;50,,,,,,,,SRID=4326;POINT(6.21409867284264 50.9435797768194),Amprion,42.277715503827615
116011,7.95193055314881,47.596434280668,joint,380000;380000;380000;380000,50;50;50;50,Kühmoos - Daxlanden,EnBW;Amprion,7510,,,,,SRID=4326;POINT(7.95193055314881 47.596434280668),TransnetBW,51.041294951442545
116095,7.0017160916361,49.3731187903947,joint,220000;380000;220000;380000;220000,50,Uchtelfangen - KW Weiher,RWE,4538,,,,,SRID=4326;POINT(7.0017160916361 49.3731187903947),Amprion,-0.9525729093962525
116111,9.71052977602479,49.2304865729926,joint,220000;110000;110000;220000,,,,,,,,,SRID=4326;POINT(9.71052977602479 49.2304865729926),TransnetBW,-8.337454444576878
116597,7.1613345903678,49.3278924903072,joint,110000;220000;110000,50;50;50,Bexbach -,Saar Energie,,,,,,SRID=4326;POINT(7.1613345903678 49.3278924903072),Amprion,-0.9955064441069066
116862,6.77057615543406,51.5310203942939,joint,220000;110000;220000;220000;110000,,220kV Sterkrade Nord,RWE,4182,,,,,SRID=4326;POINT(6.77057615543406 51.5310203942939),Amprion,-16.573495704262005
118089,9.16768386854376,49.3338438416158,joint,380000;110000;380000;110000,,,,,,,,,SRID=4326;POINT(9.16768386854376 49.3338438416158),TenneT,-4.90159245445505
117779,11.6378573129287,50.5334303734403,joint,220000;220000;220000,50,"383;393, 384",50Hertz Transmission GmbH,383,,,,,SRID=4326;POINT(11.6378573129287 50.5334303734403),50Hertz,-0.39372746892442123
117950,9.19132617934886,48.9162358880407,joint,380000;0,,,,,,,,,SRID=4326;POINT(9.19132617934886 48.9162358880407),TransnetBW,-5.391081651503358
118078,9.11610772532674,49.2569031462932,joint,220000;110000;220000;110000;110000,,"1x 220 kV, 1x 110 kV;1x 220 kV, 1x 110 kV;Neckar-Ost",RWE,2332,,,,,SRID=4326;POINT(9.11610772532674 49.2569031462932),TransnetBW,-4.739276645784335
118105,8.70945189464147,49.3079588687383,joint,380000;110000;20000,,HUEFF-WIESL-NEURO;LEIMN-WIESL-BAIER,,,,,,,SRID=4326;POINT(8.70945189464147 49.3079588687383),Amprion,-3.286406705492835
118106,8.75391068586241,49.3086712448478,joint,220000;380000;220000;380000,50;50,Elsenz;Elsenz;HUEFF-WIESL-NEURO,Badenwerk,,,,,,SRID=4326;POINT(8.75391068586241 49.3086712448478),Amprion,-3.4103190970735433
118311,8.94466551099393,49.570313568508,joint,220000;220000;220000,50;50,220 kV;220 kV,RWE,,,,,,SRID=4326;POINT(8.94466551099393 49.570313568508),TenneT,-4.265393180430737
118316,8.84209461421176,49.9199994791716,joint,110000;220000;110000,50,220 kV;110 kV,RWE,,,,,,SRID=4326;POINT(8.84209461421176 49.9199994791716),TenneT,-5.429932614928502
118354,8.41949737032603,49.6377579874862,joint,220000;220000;0;0;110000,50;50;50;50,220 kV Rheinau West;220 kV Rheinau West;110 kV Bürstadt Trafo 412,RWE,2327,,,,,SRID=4326;POINT(8.41949737032603 49.6377579874862),Amprion,-4.299924617709108
118510,8.46507528272793,50.6008152931588,joint,380000;380000;380000;0,50;50;50,3702 II,TenneT,,,,,,SRID=4326;POINT(8.46507528272793 50.6008152931588),Amprion,-13.858012147595629
118520,7.87212305549776,50.7704373686256,joint,220000;110000;220000;110000,50;50,,RWE,2471,,,,,SRID=4326;POINT(7.87212305549776 50.7704373686256),Amprion,-18.804214631104628
118546,8.54774319590668,49.4354669848306,joint,220000;220000;220000,50;50;50,DAXLA-NEURO,EnBW,5100,,,,,SRID=4326;POINT(8.54774319590668 49.4354669848306),Amprion,-3.3343680549080332
118550,8.6725802743102,49.3045322560527,joint,380000;220000;110000;380000;220000;110000,50,HUEFF-WIESL-NEURO;WIESL-NEURO;LEIMN-WIESL-BAIER;HUEFF-WIESL-NEURO;WIESL-NEURO;LEIMN-WIESL-BAIER,EnBW,7580,,,,,SRID=4326;POINT(8.6725802743102 49.3045322560527),Amprion,-3.1823688206232763
118569,8.57177474672438,49.4988578412847,joint,380000;110000,50;50,380 kV Kugelberg Ost|West;Bergstraße West/Ost;Bergstraße-West,RWE,4523,,,,,SRID=4326;POINT(8.57177474672438 49.4988578412847),Amprion,-3.614045158632292
121305,7.45426307726284,51.056071660662,joint,380000;110000;110000,50,RWE 4562 Ronsdorf - Bomig,RWE,4562,,,,,SRID=4326;POINT(7.45426307726284 51.056071660662),Amprion,-19.595459216910815
123035,6.55906476751616,49.7062394881271,joint,220000;110000,50;50,220 kV Saar Nord;110kV Konz Ltg.,Amprion,2326,,,,,SRID=4326;POINT(6.55906476751616 49.7062394881271),Amprion,47.29359034822247
124239,10.201147453224,54.3400294796876,joint,220000;110000;110000,50,211;133,EON_Netz,211;133,,,,,SRID=4326;POINT(10.201147453224 54.3400294796876),50Hertz,56.77565129780857
131337,8.50026588566803,51.9228328928681,joint,380000;220000;380000;220000;110000;110000,50,110kV Gütersloh-Verl+Avenwedde,RWE,4375,,,,,SRID=4326;POINT(8.50026588566803 51.9228328928681),Amprion,-17.025253131668165
134273,14.4282090197737,51.8888221394086,merge,380000;110000;110000,50;50,Umspannwerk Preilack,50Hertz,PRL,,,,,SRID=4326;POINT(14.4282090197737 51.8888221394086),50Hertz,68.9191845546558
134275,10.4150839352827,53.4128119834115,merge,110000;380000;110000,50,Krümmel,50Hertz,,,,,,SRID=4326;POINT(10.4150839352827 53.4128119834115),50Hertz,9.558854569047753
134336,9.4250726502889,48.0642166429476,merge,380000;220000;110000,,Umspannwerk Herbertingen,EnBW,,,,,,SRID=4326;POINT(9.4250726502889 48.0642166429476),TransnetBW,44.07853929608703
134389,13.3041225501447,52.2308385418574,merge,380000;220000;110000;110000,50;50;16.7,UW Thyrow Trfostation;Spitzenlastgasturbinenkraftwerk Thyrow;Thyrow;Umrichterwerk Thyrow,EON_edis,,,,,,SRID=4326;POINT(13.3041225501447 52.2308385418574),50Hertz,9.079497746090341
134419,7.35181058520026,51.5683678572978,merge,110000,50,Station Knepper;Ehemaliges Kraftwerk Knepper,RWE,,,,,,SRID=4326;POINT(7.35181058520026 51.5683678572978),Amprion,-23.45449012828577
134449,8.95872395324314,50.0826216715156,merge,380000;220000,50,Umspannwerk Großkrotzenburg,TenneT,,,,,,SRID=4326;POINT(8.95872395324314 50.0826216715156),TenneT,-5.9125094957892355
134471,8.99290324641256,51.3429781305913,merge,380000;110000,50,e.on Eigenbedarf;Umspannwerk Twistetal,Energie Waldeck-Frankenberg,23060,,,,,SRID=4326;POINT(8.99290324641256 51.3429781305913),TenneT,-12.26040148821379
134575,6.6300450123364,49.4545538025574,merge,220000;220000;110000;110000;110000,50;50;50;50,220 kV Saar Nord;220 kV Saar Nord | 110kV Merzig Ltg.;Merzig -;UA Merzig,Amprion,,,,,,SRID=4326;POINT(6.6300450123364 49.4545538025574),Amprion,-0.6756173837525292
143531,8.60497229453133,49.3703244908286,joint,220000;110000;110000;110000;110000;220000;110000,50;16.7;16.7;16.7;50,Bahnstrom Neckarelz - Mannheim;Bahnstrom Neckarelz - Mannheim;Bahnstrom Neckarelz - Mannheim,EnBW,5220,,,,,SRID=4326;POINT(8.60497229453133 49.3703244908286),Amprion,-3.2039487660383337
143705,7.76961579799179,47.6280905583269,joint,380000,50,Kühmoos - Daxlanden,EnBW;Amprion,7510,,,,,SRID=4326;POINT(7.76961579799179 47.6280905583269),TransnetBW,51.20955084173001
112046,12.9073643776209,52.5968660535415,joint,380000;380000;380000,50,"493, 498;493;498",50Hertz Transmission,493;498,,,,,SRID=4326;POINT(12.9073643776209 52.5968660535415),50Hertz,4.280896921170349
112264,10.4194293536068,53.4152576748809,joint,110000;380000;110000;380000,50;50;50,KKW Krümmel - Hamburg/OST;KKW Krümmel - UW HH-OST,50Hertz Transmission,,,,,,SRID=4326;POINT(10.4194293536068 53.4152576748809),50Hertz,9.578235287190939
112293,8.44196513389715,50.0598143852472,joint,380000;380000;380000,50,380 kV Hessen Ost;380 kV Trebur Nord+Süd; Hessen Ost,RWE,4127,,,,,SRID=4326;POINT(8.44196513389715 50.0598143852472),Amprion,-7.781425700732683
112303,9.91261864509603,53.4847192501925,joint,110000;380000;110000;380000,50;50;50,"72;73;C,D,72,73;C,D",Vattenfall Europe Hamburg,72;73,,,,,SRID=4326;POINT(9.91261864509603 53.4847192501925),50Hertz,10.453110854981768
112438,8.77515701014171,49.9704873626605,joint,0;380000;220000,,"2 x 380 kV, 2 x 220 kV",,,,,,,SRID=4326;POINT(8.77515701014171 49.9704873626605),Amprion,-5.889435491863825
112439,8.77860734931648,49.9687442834315,joint,380000;110000;380000;220000;110000,,"2 x 380 kV, 2 x 220 kV, 2 x 110 kV;2 x 380 kV, 2 x 220 kV",,,,,,,SRID=4326;POINT(8.77860734931648 49.9687442834315),Amprion,-5.86855701733416
112533,6.63344329674763,51.6162097502792,joint,380000;22000;380000;220000;110000;110000,,110kV Sternbusch Tr13+14,RWE,4572,,,,,SRID=4326;POINT(6.63344329674763 51.6162097502792),Amprion,-16.23684501741082
112534,6.62901433290233,51.6137687514164,joint,220000;110000;380000;22000;380000;220000;25000,,,RWE,4574,,,,,SRID=4326;POINT(6.62901433290233 51.6137687514164),Amprion,-16.174905057516966
112591,9.49973183010553,53.5460228584065,joint,220000;220000;220000,50;50,Abbenfleth-Sottrum;Abbenfleth-Sottrum,transpower,2142,,,,,SRID=4326;POINT(9.49973183010553 53.5460228584065),TenneT,60.9889257863854
112600,6.65257534617422,51.3840078619821,joint,380000;220000;220000;380000;220000,50;50;50,220 KV;380kV Meerbusch West+220kV Mündelheim Nord,RWE,4577,,,,,SRID=4326;POINT(6.65257534617422 51.3840078619821),Amprion,-13.53374073806723
112616,8.63365016450537,51.9998936777847,joint,380000;220000;220000;380000;220000,50;50;50,,E.ON Westfalen Weser,,,,,,SRID=4326;POINT(8.63365016450537 51.9998936777847),Amprion,-14.595811079459587
112643,10.8419887784191,49.3861637661992,joint,220000;220000;220000,,Ludersheim - Raitersaich;Raitersaich - Trennfeld;Raitersaich - Ludersheim;Raitersaich - Trennfeld,TenneT TSO GmbH,237,,,,,SRID=4326;POINT(10.8419887784191 49.3861637661992),TenneT,-13.194272217322952
112661,10.2390716295737,49.9724528733883,joint,380000;220000;110000;110000;380000;220000,,Grafenrheinfeld - Raitersaich;Bergrheinfeld - Raitersaich;Brünnstadt - Heidenfeld - Schwebheim;Brünnstadt - Knetzgau;Brünnstadt - Heidenfeld - Schwebheim;Brünnstadt - Knetzgau;Grafenrheinfeld - Raitersaich;Bergrheinfeld - Raitersaich,TenneT TSO GmbH;E.ON Netz GmbH,433;434;278;151;152,,,,,SRID=4326;POINT(10.2390716295737 49.9724528733883),TenneT,-4.171588993975947
112666,10.1626630874632,49.9862934714093,joint,380000;220000;220000;380000,,Großkrotzenburg - Grafenrheinfeld;Aschaffenburg - Grafenrheinfeld;Bergrheinfeld - Raitersaich;Großkrotzenburg - Grafenrheinfeld;Aschaffenburg - Grafenrheinfeld,TenneT TSO GmbH,417;418;278,,,,,SRID=4326;POINT(10.1626630874632 49.9862934714093),TenneT,-3.904033082028258
112717,6.85419107258533,51.0238523934622,joint,220000;220000;220000,50;50;50,220 kV Frixheim Süd; Niederaußem 4d|5e; Stommeln Nord;220 kV Frixheim Süd; Niederaußem 5e;220 kV Niederaußem 4d; Stommeln Nord,RWE,4560,,,,,SRID=4326;POINT(6.85419107258533 51.0238523934622),Amprion,-10.528966906922872
112774,7.13808107041767,51.5605917525362,joint,380000;380000;110000;380000;110000;110000,,380kV Recklinghausen;110kV Herten Ost+West,RWE,4358,,,,,SRID=4326;POINT(7.13808107041767 51.5605917525362),Amprion,-21.121062753189275
112779,7.13369765115728,51.5524222689655,joint,220000;110000;110000;220000;220000,,110kV Herten Ost+West;220kV Herne 1A+2B;220kV Herne 1A,RWE,4533,,,,,SRID=4326;POINT(7.13369765115728 51.5524222689655),Amprion,-21.002170209268755
112813,6.88127464958083,51.4528179806137,joint,220000;110000;110000;220000;110000,,110kV Rosendelle Nord+Süd,RWE,2412,,,,,SRID=4326;POINT(6.88127464958083 51.4528179806137),Amprion,-16.842309318696547
112842,7.03125575244991,51.6285663485415,joint,220000;220000;220000,,220kV Polsum Süd;220kV Scholven D;220kV Polsum Süd+Scholven D,RWE,2422,,,,,SRID=4326;POINT(7.03125575244991 51.6285663485415),Amprion,-20.427245608344567
112875,7.10406016380902,51.4787187524031,joint,380000;220000;110000;110000;380000;220000;110000,50,110kV Leithe Ost+West,RWE,4170,,,,,SRID=4326;POINT(7.10406016380902 51.4787187524031),Amprion,-19.945171058634358
112963,8.42102729108642,51.9284099413313,joint,380000;220000;110000;110000;380000;220000;110000,50,110kV Avenwedde,RWE,4375,,,,,SRID=4326;POINT(8.42102729108642 51.9284099413313),Amprion,-17.981498542376073
113050,8.59072821107249,51.965478059051,joint,110000;380000;220000;110000;380000;220000;110000,50,,Stadtwerke Bielefeld,4375,,,,,SRID=4326;POINT(8.59072821107249 51.965478059051),Amprion,-15.464682711502821
113157,9.99682977410136,54.3134085592386,joint,220000;220000;220000,50;50,207;207,TenneT,207,,,,,SRID=4326;POINT(9.99682977410136 54.3134085592386),50Hertz,56.241269386965286
113180,7.03222117188576,50.972375486188,joint,220000;110000;220000;110000,50;50;50,220 kV Merheim Ost|West;110 kV Moitzfeld West; Springborn West;220 kV Merheim Ost|West;110 kV Moitzfeld West;Springborn West,RWE,2380,,,,,SRID=4326;POINT(7.03222117188576 50.972375486188),Amprion,-12.299992311878519
113223,7.04002268080222,50.9504958561551,joint,110000;220000;220000;110000,50;50;50,110 kV Moitzfeld West; Springborn West;220 kV Merheim Ost|West;220 kV Merheim Ost|West;110 kV Moitzfeld West;Springborn West,RWE,0243,,,,,SRID=4326;POINT(7.04002268080222 50.9504958561551),Amprion,-12.134273874653637
113246,11.3652880639699,48.2888757573462,joint,110000;220000;220000;110000,50,Obr-Oba;Ka-Oba;Oberbrunn - Oberbachern;Oberbrunn - Oberbachern;Karlsfeld/West - Oberbachern,E.ON Netz GmbH,121;122,,,,,SRID=4326;POINT(11.3652880639699 48.2888757573462),50Hertz,-18.015819303395126
113315,9.02450337170158,50.8451405571297,joint,110000;380000;110000,50,,e.on,3002,,,,,SRID=4326;POINT(9.02450337170158 50.8451405571297),TenneT,-10.09714914260015
113451,7.18416572247134,51.5588702900879,joint,380000;0;220000;380000;220000,50,380kV Recklinghausen + ANK;380kV Recklinghausen + 220kV Herne 4,RWE,4302,,,,,SRID=4326;POINT(7.18416572247134 51.5588702900879),Amprion,-21.640960844517334
113523,7.05034019116645,51.6950828585471,joint,110000;110000;380000,,Hervest-Dorsten - Kusenhorst Nord+Süd;Hervest-Dorsten-Kusenhorst Nord+Süd;Hamaland+Münsterland,RWE,1570,,,,,SRID=4326;POINT(7.05034019116645 51.6950828585471),Amprion,-21.067187728849557
113529,7.37185639416872,52.1977066547834,joint,380000;220000;220000;380000;220000,50;50,,Amprion,4307,,,,,SRID=4326;POINT(7.37185639416872 52.1977066547834),Amprion,-20.87127429530387
113621,12.6114578857275,53.5855257872311,joint,380000;380000;380000,50;50;50,513;514;513;514,50Hertz,513,,,,,SRID=4326;POINT(12.6114578857275 53.5855257872311),50Hertz,53.397498596064224
113948,9.48356691606238,53.6356800744779,joint,220000;220000;220000,,,TenneT,,,,,,SRID=4326;POINT(9.48356691606238 53.6356800744779),TenneT,62.159031222563016
113964,7.1915919152621,52.8724919422328,joint,380000;380000;380000,50;50;50,Emsland Ost/West;305 Emsland Ost/West,TenneT,305,,,,,SRID=4326;POINT(7.1915919152621 52.8724919422328),Amprion,-8.275987828866917
113993,8.27359749345576,49.0479650394363,joint,380000;220000;110000,50;50,,,,,,,,SRID=4326;POINT(8.27359749345576 49.0479650394363),TransnetBW,-1.4564468943496252
114025,8.10065221798956,50.8709675723922,joint,220000;220000;110000;110000,,,RWE,2459,,,,,SRID=4326;POINT(8.10065221798956 50.8709675723922),Amprion,-19.761989919406133
114030,9.1420737981088,49.1358794929282,joint,220000;380000;220000;380000;220000,50,"Hoheneck West;Anlage 350 ; RWE, GROGH-NWHEI, RWE Hoheneck West, GK2NE-GROGH",RWE,4507,,,,,SRID=4326;POINT(9.1420737981088 49.1358794929282),TransnetBW,-4.967522524666267
114037,11.1157564697985,50.899162373573,joint,110000;380000;380000;110000,16.7;50;16.7,"Weimar - Eischleben;467, 468;380 kV 467; 468; 110 kV Bahnstrom Weimar - Eischleben",DB_Energie,312,,,,,SRID=4326;POINT(11.1157564697985 50.899162373573),50Hertz,1.3770037964152326
115096,8.03509676181566,47.5606404696196,joint,380000;380000;220000;380000;220000,50,,,,,,,,SRID=4326;POINT(8.03509676181566 47.5606404696196),TransnetBW,50.9881443538973
114158,6.53078301759469,51.7505651862524,joint,220000;110000;110000;220000,50;16.7;50;16.7;50,,RWE;DB_Energie,2444,,,,,SRID=4326;POINT(6.53078301759469 51.7505651862524),Amprion,32.25576250606196
114287,7.46645168853236,50.4020592380577,joint,380000;110000;0;110000,50,,RWE,4511,,,,,SRID=4326;POINT(7.46645168853236 50.4020592380577),Amprion,-11.3292857138068
114391,8.05047654830048,51.83295434074,joint,380000;110000;380000;110000;110000,50;50;50,,RWE,4373,,,,,SRID=4326;POINT(8.05047654830048 51.83295434074),Amprion,-22.88132266278928
114417,8.33426503650572,52.0724959428742,joint,220000;110000;220000;110000,50;50;50,110kV Hesseln Ost;220kV Halle West; 110kV Hesseln Ost,RWE,2310,,,,,SRID=4326;POINT(8.33426503650572 52.0724959428742),Amprion,-17.453857945153036
114632,6.7380864272272,51.0283189687938,joint,110000;380000;220000;110000;380000;220000,50;50;50,110 kV Gohr Ost|West;380 kV Knechtsteden West; St. Peter Süd; 220 kV Frixheim Nord|Süd; 110 kV Gohr Ost|West;380 kV Knechtsteden West; St. Peter Süd; 220 kV Frixheim Nord|Süd,RWE,1064,,,,,SRID=4326;POINT(6.7380864272272 51.0283189687938),Amprion,-9.306507687419792
114680,7.9818783185962,51.6766515664854,joint,380000;380000;380000,50;50,380kV Geithe West+Lippborg Tr412;380kV Geithe West+Lippborg Tr412,RWE,4345,,,,,SRID=4326;POINT(7.9818783185962 51.6766515664854),Amprion,-24.39996857240211
114691,7.70086966703767,51.6903694872844,joint,380000;220000;380000;220000;220000,50;50;50,,RWE,4301,,,,,SRID=4326;POINT(7.70086966703767 51.6903694872844),Amprion,-25.28111794508198
114745,8.1907717462816,51.1882708597483,joint,380000;110000;380000;380000,50;50;50,380kV Sauerland Nord,RWE,4308,,,,,SRID=4326;POINT(8.1907717462816 51.1882708597483),Amprion,-22.19452288514885
114761,7.70035924429324,51.4994706824738,joint,110000;380000;220000;380000;220000;110000,50;50,110kV Holzen,RWE,4316,,,,,SRID=4326;POINT(7.70035924429324 51.4994706824738),Amprion,-25.266148647155752
114768,7.61142198874663,51.5431990484595,joint,220000;220000;110000;110000,50;50;50,,RWE,4330,,,,,SRID=4326;POINT(7.61142198874663 51.5431990484595),Amprion,-25.115353301715654
114819,9.20551012852747,48.9234550866815,joint,0;380000;220000;380000,,Anlage 315,EnBW,,,,,,SRID=4326;POINT(9.20551012852747 48.9234550866815),TransnetBW,-5.484527343334099
114827,9.23679054469885,48.9227402851052,joint,380000;220000;380000;220000,,Anlage 315;Anlage 315,RWE;EnBW,,,,,,SRID=4326;POINT(9.23679054469885 48.9227402851052),TransnetBW,-5.6971648495254374
114954,7.29985543599973,50.7582865866844,joint,380000;110000;110000,50;50,380 kV Siegtal Nord|Süd; 110 kV Ittenbach Nord|Süd;110 kV Ittenbach Nord,RWE,4104,,,,,SRID=4326;POINT(7.29985543599973 50.7582865866844),Amprion,-13.63999945475134
115073,6.58819416773972,51.2842252391729,joint,380000;380000;0,50;50;0,380kV Meerbusch West+ANK,RWE,4123,,,,,SRID=4326;POINT(6.58819416773972 51.2842252391729),Amprion,37.1946713463244
115259,11.3583115678104,53.5984354769964,joint,380000;110000;110000;380000,50;50;50,"Krümmel - Görries;419, 420 Krümmel - Görries",50Hertz,419;420,,,,,SRID=4326;POINT(11.3583115678104 53.5984354769964),50Hertz,56.87727971217072
115345,9.25550936909475,51.0547858904819,joint,380000;110000;380000;110000,50;50,,TenneT,3002,,,,,SRID=4326;POINT(9.25550936909475 51.0547858904819),TenneT,-8.348015685528907
115375,7.30989132452239,52.4647345577937,joint,220000;380000;380000;220000,50;50;50,220-kV Grafschaft-West,Amprion,2643,,,,,SRID=4326;POINT(7.30989132452239 52.4647345577937),Amprion,-16.65201630419223
115494,7.84007898150335,52.466875974285,joint,380000;220000;110000;380000;110000;220000,50;50,,Amprion,4584,,,,,SRID=4326;POINT(7.84007898150335 52.466875974285),Amprion,-15.405065751254876
115500,7.82705709297628,52.4620928888183,joint,380000;220000;110000;30000;380000;110000;220000;30000,50,,Amprion,4132,,,,,SRID=4326;POINT(7.82705709297628 52.4620928888183),Amprion,-15.559187137110213
115705,6.72384974694142,51.352641055629,joint,380000;220000;380000;220000;110000;110000,,110kV Lintorf West+Schwarzbach Süd,RWE,4141,,,,,SRID=4326;POINT(6.72384974694142 51.352641055629),Amprion,-13.746198220594135
115790,7.00561972070324,51.175328392693,joint,110000;0;380000,50;50,380 kV Oerkhaus West; St. Peter Nord,RWE,4143,,,,,SRID=4326;POINT(7.00561972070324 51.175328392693),Amprion,-14.683128733446402
116016,7.95504707836401,47.5967491628251,joint,380000;380000;380000,50;50;50,,,,,,,,SRID=4326;POINT(7.95504707836401 47.5967491628251),TransnetBW,51.03685095663946
116017,7.96630251971638,47.594674952299,joint,380000;380000;380000,,,,,,,,,SRID=4326;POINT(7.96630251971638 47.594674952299),TransnetBW,51.02553241283336
116077,6.19075100945073,49.9554718615811,joint,220000;220000;220000,50;50;50,,Amprion,,,,,,SRID=4326;POINT(6.19075100945073 49.9554718615811),Amprion,46.94055342004572
116400,6.58209514594971,51.0560403793379,joint,220000;220000,50,,RWE,,,,,,SRID=4326;POINT(6.58209514594971 51.0560403793379),Amprion,40.37351292264887
116401,6.5833926725461,51.0540472524168,joint,220000,,,,,,,,,SRID=4326;POINT(6.5833926725461 51.0540472524168),Amprion,40.39119355927174
116406,6.58749258350282,51.0532408411193,joint,220000;220000,50,"Frimmersdorf 5e,Frimmersdorf 6f",RWE,4517,,,,,SRID=4326;POINT(6.58749258350282 51.0532408411193),Amprion,40.376721485346906
116828,8.32089181687103,50.7294840874106,joint,380000;110000;380000;110000,50;50,,,,,,,,SRID=4326;POINT(8.32089181687103 50.7294840874106),Amprion,-16.603342276290405
117130,7.88108536742437,52.2655330929783,joint,220000;220000;220000,50;50;50,220kV Westerkappeln Nord+Süd;220kV Amelsbüren + Nike Süd,RWE,2472,,,,,SRID=4326;POINT(7.88108536742437 52.2655330929783),Amprion,-18.666600968070327
117313,6.60950678768698,49.4894452775258,joint,220000;110000;220000;110000,50;50;50,220 kV Saar Nord | 110kV Merzig Ltg.;220 kV Saar Nord;110kV Merzig Ltg.,Amprion,,,,,,SRID=4326;POINT(6.60950678768698 49.4894452775258),Amprion,-0.7841409379245832
117314,6.60767215838222,49.4936902517399,joint,110000;220000;220000,50;50;50,110kV Merzig Ltg.;220 kV Saar Nord;220 kV Saar Nord,Amprion,2326,,,,,SRID=4326;POINT(6.60767215838222 49.4936902517399),Amprion,-0.7982326340185804
117473,8.4226650096809,49.6400981393981,joint,220000;110000;220000;110000;220000;220000,50;50;50;50,220 kV Windesheim; 110 kV Rosengarten Ost|West;220 kV Windesheim; 110 kV Rosengarten Ost|West;220 kV Windesheim;220 kV Windesheim,RWE,2327,,,,,SRID=4326;POINT(8.4226650096809 49.6400981393981),Amprion,-4.313983125912458
118009,9.1518429768236,49.1461589700587,joint,220000;110000;220000;110000,50,,EVS AG,Anlage 320,,,,,SRID=4326;POINT(9.1518429768236 49.1461589700587),TransnetBW,-5.012825780707871
118024,9.22127592108988,49.2127750520271,joint,110000;380000;220000;380000;220000;110000,,,EnBW,Anlage 110,,,,,SRID=4326;POINT(9.22127592108988 49.2127750520271),TransnetBW,-5.3164788726304835
118083,8.98561871665012,49.4074160818255,joint,110000;220000;110000,50,,RWE,,,,,,SRID=4326;POINT(8.98561871665012 49.4074160818255),TenneT,-4.203359526199597
118103,8.67537547214826,49.3066212395299,joint,380000;380000;110000;110000,50,HUEFF-WIESL-NEURO;HUEFF-WIESL-NEURO;LEIMN-WIESL-BAIER;LEIMN-WIESL-BAIER,,,,,,,SRID=4326;POINT(8.67537547214826 49.3066212395299),Amprion,-3.194239352955149
118509,8.46452542394252,50.6005066546635,joint,380000;110000;380000;110000;0;380000,50;50;50,3702 II,EON,,,,,,SRID=4326;POINT(8.46452542394252 50.6005066546635),Amprion,-13.859069042581107
118534,7.94299078893584,50.8488866780788,joint,110000;220000;220000;110000,,,RWE,,,,,,SRID=4326;POINT(7.94299078893584 50.8488866780788),Amprion,-19.900430043106965
118561,8.28777371712292,49.5265275889011,joint,380000;220000;380000;220000;380000;220000,50;50;50,Kaiserslautern Süd; Eisbach Süd; Weingarten Ltg.; Roxheim Süd,RWE,4557,,,,,SRID=4326;POINT(8.28777371712292 49.5265275889011),Amprion,-3.5882719324138375
118802,8.42596586919239,49.7021989531652,joint,380000;380000;380000,50;50;50,380 kV Ried Ost|West;380 kV Ried Ost|West,RWE,4591,,,,,SRID=4326;POINT(8.42596586919239 49.7021989531652),Amprion,-4.72867027589098
123553,9.24109949362219,48.9220828475054,joint,220000;110000;220000,50;16.7;50,"Anlage 373 ; NWH-SEE 220 kV, NWH-MUL 220 kV, Bahnstrom Neckarwestheim - Stuttgart-Zazenhausen",EnBW;DB_Energie,,,,,,SRID=4326;POINT(9.24109949362219 48.9220828475054),TransnetBW,-5.727008668072692
127911,8.65277987831222,52.0035822662628,joint,220000;380000;380000;220000,50;50;50,,,"A 01, 04, 05",,,,,SRID=4326;POINT(8.65277987831222 52.0035822662628),Amprion,-14.317833667062322
128127,6.73357068612546,51.5202530781326,joint,220000;220000;110000,,,RWE,4112,,,,,SRID=4326;POINT(6.73357068612546 51.5202530781326),Amprion,-16.07373921300189
133655,7.72920582670852,49.4826134894634,merge,220000;110000,50,Otterbach,Amprion,,,,,,SRID=4326;POINT(7.72920582670852 49.4826134894634),Amprion,-2.893725354662939
133694,8.81399701895862,51.9834812781745,merge,220000;110000,50,Umspannwerk Lage,,,,,,,SRID=4326;POINT(8.81399701895862 51.9834812781745),TenneT,-12.434514235771355
134347,10.383048885796,52.9939634151273,merge,380000;110000,50;50,Stadorf;Stadorf,TenneT,,,,,,SRID=4326;POINT(10.383048885796 52.9939634151273),TenneT,4.54369377714999
134358,9.88285321214746,51.5155135427867,merge,220000;110000,50,Umspannwerk Rosdorf;STL Siekweg,TenneT;AVACON,,,,,,SRID=4326;POINT(9.88285321214746 51.5155135427867),TenneT,-2.8544725075226154
134376,10.2315271378528,48.5297331193394,merge,380000;110000,50,Umspannwerk Niederstotzingen,EnBW,,,,,,SRID=4326;POINT(10.2315271378528 48.5297331193394),TransnetBW,-12.602310122704756
134392,10.4216240903664,52.2368911277158,merge,110000;220000,,Gleidingen 110 kV;Gleidingen 220 kV,EON_Netz,,,,,,SRID=4326;POINT(10.4216240903664 52.2368911277158),TenneT,1.6616145293288582
134536,7.9283780164626,51.6740334900314,merge,380000,,GuD-Kraftwerk Hamm-Uentrop;Geithe,Trainel,BNA0401;BNA0411,,,,,SRID=4326;POINT(7.9283780164626 51.6740334900314),Amprion,-24.728080361347857
134547,12.8527399810302,48.764456415926,merge,380000;110000;380000;110000,,Umspannwerk Plattling;Umspannwerk Plattling,TenneT TSO GmbH,PLA,,,,,SRID=4326;POINT(12.8527399810302 48.764456415926),50Hertz,-13.93402274901686
140687,8.20935889848516,51.178749719522,joint,380000;110000,50,380kV Arpe West+Sauerland Süd;110kV Finnentrop Nord+Süd,RWE,4308,,,,,SRID=4326;POINT(8.20935889848516 51.178749719522),Amprion,-21.971966490871633
141419,8.04094736168949,47.5625400318202,joint,20000;380000;20000;20000;20000;380000;220000,50,,RWE,4554,,,,,SRID=4326;POINT(8.04094736168949 47.5625400318202),TransnetBW,50.97719890833138
142269,9.27060565842581,47.9354480250047,joint,380000;220000;20000,,Herbertingen - Tiengen,,5200,,,,,SRID=4326;POINT(9.27060565842581 47.9354480250047),TransnetBW,45.76212918312409
142709,9.20363409636617,48.9153968156394,joint,220000,,Anlage 2473,Amprion,,,,,,SRID=4326;POINT(9.20363409636617 48.9153968156394),TransnetBW,-5.473857367197612
143741,10.3301466072624,49.5004778548285,joint,220000;20000,,Raitersaich - Trennfeld,TenneT TSO GmbH,211,,,,,SRID=4326;POINT(10.3301466072624 49.5004778548285),TenneT,-9.057480682244245
112099,8.94229225184481,52.1910951828615,joint,220000;110000;110000,,,Westfalen Weser Netz GmbH,"120, 121",,,,,SRID=4326;POINT(8.94229225184481 52.1910951828615),TenneT,-9.212128529256704
112163,7.11011687494914,50.8178520768364,joint,380000;220000;110000;380000;110000;220000,50;50;50;50,380 kV Siegtal Nord|Süd; 220 kV Gremberghoven Ost|West; 110 kV Siegburg Nord|Süd;380 kV Siegtal Nord|Süd;110 kV Siegburg Nord|Süd;220 kV Gremberghoven Ost|West,RWE,4103,,,,,SRID=4326;POINT(7.11011687494914 50.8178520768364),Amprion,-11.561316639626003
112244,8.87181474656616,48.6283303438213,joint,110000;380000;110000;380000;110000,50;50,Anlage 318;2x 380 kV ; 1x 110 kV;2x 380 kV ; 2x 110 kV,EnBW,,,,,,SRID=4326;POINT(8.87181474656616 48.6283303438213),TransnetBW,-3.128473378349227
112274,8.47704075248088,50.0935645616639,joint,380000;110000;110000;380000,50;50;50,110 kV Kriftel Nord+Süd;380 kV Hessen Ost; Trebur Nord+Süd,RWE,,,,,,SRID=4326;POINT(8.47704075248088 50.0935645616639),Amprion,-7.988719114371056
112421,8.53894006544842,53.2281066896563,joint,380000;380000;110000;110000,50;50,3103 Dollern-(Niedervieland/Unterweser)-Alfstedt;3103 Dollern-(Niedervieland/Unterweser)-Alfstedt;1163 Farge-Surheide-Uthlede;1163 Farge-Surheide-Uthlede,TenneT,3103,,,,,SRID=4326;POINT(8.53894006544842 53.2281066896563),Amprion,4.624806265896689
112517,7.42474524551043,51.4592583943398,joint,380000;380000;380000,50;50;50,,RWE,4327,,,,,SRID=4326;POINT(7.42474524551043 51.4592583943398),Amprion,-23.469647718413196
112539,6.75701905066072,51.5655100490767,joint,110000;220000;110000,,110kV Hamborn Ost+West,RWE,0046,,,,,SRID=4326;POINT(6.75701905066072 51.5655100490767),Amprion,-16.830723998775557
112540,6.77088993696281,51.5293205580786,joint,220000;110000;110000;220000;110000,,110kV Wehofen West,RWE,4182,,,,,SRID=4326;POINT(6.77088993696281 51.5293205580786),Amprion,-16.556691322840926
112543,6.67950854519116,51.6515834911858,joint,110000;380000;110000;380000;220000;220000,50,Pfalzdorf TR211+TR212,RWE,4569,,,,,SRID=4326;POINT(6.67950854519116 51.6515834911858),Amprion,-16.979116063575578
112569,6.65756629606126,51.3847380852091,joint,380000;220000;220000;380000;220000,50;50;50,220 KV;380kV Meerbusch West+220kV Mündelheim Nord,RWE,4578,,,,,SRID=4326;POINT(6.65756629606126 51.3847380852091),Amprion,-13.586746291341452
112725,6.62173573331276,50.9635756824282,joint,380000;110000;110000;380000;110000,50;50;50,380 kV Paffendorf Süd; Selfkant weiß; 110 kV Auenheim Nord; Glesch Nord;110kV Glesch Nord;380 kV Paffendorf Süd; Selfkant weiß; 110 kV Auenheim Nord; Glesch Nord,RWE,4179,,,,,SRID=4326;POINT(6.62173573331276 50.9635756824282),Amprion,-7.558189538609014
112762,7.0693190778371,51.5075587595865,joint,110000;380000;380000;220000;110000;220000;110000,,110kV Gelsenkirchen Nord+Süd;Gladbeck West+Gelsenkirchen Süd,RWE,2343,,,,,SRID=4326;POINT(7.0693190778371 51.5075587595865),Amprion,-19.80219617671148
112778,7.14930147747396,51.5045007646985,joint,220000;380000;220000;380000;220000,,,RWE,4358,,,,,SRID=4326;POINT(7.14930147747396 51.5045007646985),Amprion,-20.76634988614513
112907,9.40268323670096,48.7104179384119,joint,110000;220000;110000;220000,16.7;50;16.7,Amstetten - Plochingen;Amstetten - Plochingen;2x 220 kV,DB_Energie,,,,,,SRID=4326;POINT(9.40268323670096 48.7104179384119),TransnetBW,-6.902305062596993
113009,9.09737048546752,50.1195925393835,joint,110000;380000;380000;110000,,,E.ON Netz GmbH,,,,,,SRID=4326;POINT(9.09737048546752 50.1195925393835),TenneT,-5.570333568258365
113022,7.94334571330459,47.5952825639558,joint,220000;380000;380000;380000;220000,50;50;50;50,,,,,,,,SRID=4326;POINT(7.94334571330459 47.5952825639558),TransnetBW,51.05386670960963
113072,6.89949095640679,51.1592178612984,joint,220000;110000;220000;110000;110000,50;50;50,110kV Benrath Süd+Hassels Süd,RWE,2354,,,,,SRID=4326;POINT(6.89949095640679 51.1592178612984),Amprion,-12.979506727846466
113110,10.6418025411196,48.0258492685192,joint,220000;220000;220000,,,Lechwerke,,,,,,SRID=4326;POINT(10.6418025411196 48.0258492685192),TransnetBW,37.16264649064365
113241,6.94800492248331,51.4460924661938,joint,110000;380000;110000;380000;110000;110000;110000;110000,,110kV Rosendelle Nord+Süd;380kV Büscherhof West+Kusenhorst;110kV Altendorf Ost;110kV Rosendelle Süd;110kV Altendorf West;110kV Rosendelle Nord,RWE,0134,,,,,SRID=4326;POINT(6.94800492248331 51.4460924661938),Amprion,-17.5761219217169
113244,6.96864497377735,51.4680699634858,joint,380000;110000;110000,,110kV Altendorf Ost+West,RWE,4125,,,,,SRID=4326;POINT(6.96864497377735 51.4680699634858),Amprion,-18.101092434033717
113305,9.42294653456484,48.6754577485859,joint,380000;220000;380000,,RWE-Donauleitung 380 kV,EVS,,,,,,SRID=4326;POINT(9.42294653456484 48.6754577485859),TransnetBW,-7.0293745899977775
113316,8.96100227275092,50.8246927589863,joint,110000;110000;380000;380000;110000,50;50,,TenneT,1156,,,,,SRID=4326;POINT(8.96100227275092 50.8246927589863),TenneT,-10.695728590924668
113444,9.48399693958889,48.6908079394762,joint,380000;110000;110000;380000;110000,50;50;50,"AL1-BZW 380 kV, BZW-WDL/MEZ 380 kV, BZW-REI 110 kV, BZW-KIN 110 kV;REI-WEN 110 kV, BZW-REI 110 kV;AL1-BZW 380 kV, BZW-WDL/MEZ 380 kV, REI-WEN 110 kV, BZW-KIN 110 kV",EnBW,,,,,,SRID=4326;POINT(9.48399693958889 48.6908079394762),TransnetBW,-7.545507022206653
113608,9.27202049384839,48.5831004467479,joint,380000;110000;380000;110000;110000,,"BZW-WDL/MEZ 380 kV, TRS-WDL 220 kV, MEZ-WEN 110 kV, MEZ-NUR 110 kV;BZW-WDL/MEZ 380 kV, TRS-WDL 220 kV;MEZ-NUR 110 kV, MEZ-WEN 110 kV",EnBW,,,,,,SRID=4326;POINT(9.27202049384839 48.5831004467479),TransnetBW,-5.705026050116183
113622,12.6079269676717,53.5909649547802,joint,380000;380000;380000,50;50;50,512;514;514;512,50Hertz Transmission,512;514,,,,,SRID=4326;POINT(12.6079269676717 53.5909649547802),50Hertz,53.41269323137734
113624,12.0103739288824,53.070450970458,joint,380000;380000;380000,50;50;50,516;514;514;516,50Hertz,514,,,,,SRID=4326;POINT(12.0103739288824 53.070450970458),50Hertz,3.836409655790451
113651,9.24382839579228,53.8979164590382,joint,110000;220000;110000;220000,50;50;50,212 Brunsbüttel-Itzehoe/West,EON_Netz,136,,,,,SRID=4326;POINT(9.24382839579228 53.8979164590382),TenneT,63.39337165761776
113741,9.23922875204301,48.5413512945415,joint,380000;110000;380000;110000,,"RWE Herbertingen West 380 kV, NETEN-RTWST 110 kV;380 kV;NETEN-RTWST 110 kV",EnBW,,,,,,SRID=4326;POINT(9.23922875204301 48.5413512945415),TransnetBW,-5.373108409665951
114803,8.65387294834994,50.595043880217,joint,380000;110000;380000;110000,50;50,,EON_Netz,Leitung 3023,,,,,SRID=4326;POINT(8.65387294834994 50.595043880217),Amprion,-12.081246596238403
114823,9.20986821529684,48.9227736938957,joint,0;220000,,Anlage 326,EnBW,,,,,,SRID=4326;POINT(9.20986821529684 48.9227736938957),TransnetBW,-5.514053495460219
113858,8.40206798768896,52.4960159800192,joint,380000;220000;110000;220000;110000;380000,50;50;50,Dümmersee Süd;Leitung 3017,Amprion;RWE,2431,,,,,SRID=4326;POINT(8.40206798768896 52.4960159800192),Amprion,-10.892665354262105
113914,8.44289839364582,48.9962686753706,joint,110000;110000;110000;20000,50;50;50,BRUCH-OWALD-BLANK;Oberwald-Berghausen;Oberwald-Herdweg-Berghausen-Froschhöhle(SKWA),Netze BW GmbH,1210,,,,,SRID=4326;POINT(8.44289839364582 48.9962686753706),TransnetBW,-1.8035136591060272
113957,8.3235226230121,49.0435286779686,joint,380000;110000;110000;380000;110000,,,,,,,,,SRID=4326;POINT(8.3235226230121 49.0435286779686),TransnetBW,-1.5724529804575678
113965,7.27574474360549,52.7477279670077,joint,380000;380000;380000,50;50;50,Emsland Ost/West;Emsland West;Emsland Ost/West,TenneT,305,,,,,SRID=4326;POINT(7.27574474360549 52.7477279670077),Amprion,-11.068321028526777
114080,8.27759194219813,52.282402866531,joint,110000;220000;110000;220000,50;50,110kV Lübbecke Nord+Süd;220kV Bohmte Ost+West,RWE,2432,,,,,SRID=4326;POINT(8.27759194219813 52.282402866531),Amprion,-15.233547788728066
114209,9.14324394359789,49.149929091438,joint,380000;380000;380000,,,Energieversorgung Schwaben AG,Anlage 349,,,,,SRID=4326;POINT(9.14324394359789 49.149929091438),TransnetBW,-4.9626891840715786
114236,6.73062708660246,51.5199484407151,joint,220000;110000;220000;110000;220000,,,RWE,4112,,,,,SRID=4326;POINT(6.73062708660246 51.5199484407151),Amprion,-16.041258563289833
114470,7.39109624142941,51.5097332436579,joint,380000;110000;380000;110000,50;50;50,110kV Dorstfeld-Knepper Ost+West,RWE,4327,,,,,SRID=4326;POINT(7.39109624142941 51.5097332436579),Amprion,-23.487350551632332
114574,6.61820346778407,51.0534726413374,joint,380000;220000;380000;220000;380000,50;50;50,380 kV Neurath 2b|3c; 220 kV Neurath 1a;380 kV Neurath 2b; 220 kV Neurath 1a;380 kV Neurath 3c,RWE,4585,,,,,SRID=4326;POINT(6.61820346778407 51.0534726413374),Amprion,-8.63803245416992
114612,8.62544558152092,48.0557058380683,joint,380000;380000;380000,,"ENGST-KUHMO-VILLI 1x 380 kV;LFBSS-TRSNG 380 kV;LFBSS-TRSNG 380 kV, ENGST-KUHMO-VILLI 380 kV",EnBW,345,,,,,SRID=4326;POINT(8.62544558152092 48.0557058380683),TransnetBW,48.36548518581655
114692,7.70345349128939,51.6813668673683,joint,220000;380000;220000;380000;380000,50;50;50,220kV Cappenberg Nord;380kV Bergkamen A+Mengede Nord;380kV Waltrop Süd,RWE,4301,,,,,SRID=4326;POINT(7.70345349128939 51.6813668673683),Amprion,-25.303676772945344
114991,6.78821197092343,51.5067242628662,joint,110000;220000;220000;110000;220000;220000;110000;220000;110000,,110kV Wehofen West;220kV Dinslaken West;220kV Emscher Nord;110kV Hamborn Ost;220kV Emscher Süd;110kV Hamborn West,RWE,2317,,,,,SRID=4326;POINT(6.78821197092343 51.5067242628662),Amprion,-16.466321895148884
115314,11.8052609712387,48.0870304931862,joint,110000;220000;110000;220000,,Neufinsing - Marienberg,E.ON Netz GmbH,1229,,,,,SRID=4326;POINT(11.8052609712387 48.0870304931862),50Hertz,33.23165932765735
115366,6.72033167479422,51.3441235773954,joint,380000;220000;110000;380000;380000;220000;110000,,Meerbusch West,RWE,4142,,,,,SRID=4326;POINT(6.72033167479422 51.3441235773954),Amprion,-13.590316316933286
115382,7.32084277598261,52.4776050758406,joint,380000;110000;110000;380000,50;50;50,"110kV Rühle Ost,110kV Hanekenfähr-Holthausen;380kV Meppen,380kV Emsland West blau",Amprion,4310,,,,,SRID=4326;POINT(7.32084277598261 52.4776050758406),Amprion,-16.42823754620059
115383,7.31314789709038,52.4762526935278,joint,380000;380000;380000,50;50;50,380-kV Niedersachsen Süd;380-kV Bramgau,Amprion,4583,,,,,SRID=4326;POINT(7.31314789709038 52.4762526935278),Amprion,-16.448669604739692
115467,7.31265247621118,52.4668103563686,joint,380000;380000;380000,50;50;50,,Amprion,,,,,,SRID=4326;POINT(7.31265247621118 52.4668103563686),Amprion,-16.61686308239382
115556,7.17649213365133,51.4719931932614,joint,380000;220000;220000,,380kV Weitmar West;220kV Welper Ost;220kV Welper Ost,RWE,4360,,,,,SRID=4326;POINT(7.17649213365133 51.4719931932614),Amprion,-20.7947663860764
115560,9.20874199742514,50.9100977711971,joint,110000;380000;110000,50,,TenneT,3002,,,,,SRID=4326;POINT(9.20874199742514 50.9100977711971),TenneT,-8.375028630522339
115769,9.87635212994015,49.3987046754008,joint,110000;380000;380000;110000,,Grafenrheinfeld - Kupferzell;Grafenrheinfeld - Kupferzell,Energieversorgung Schwaben AG,348,,,,,SRID=4326;POINT(9.87635212994015 49.3987046754008),TenneT,-8.507232721714823
116052,6.57711973691709,49.7705765735541,joint,220000;220000;220000,50;50;50,220 kV Heisdorf - Quint Nord;220 kV Niederstedem West;220 kV Heisdorf - Quint Nord; Niederstedem West,Amprion,,,,,,SRID=4326;POINT(6.57711973691709 49.7705765735541),Amprion,47.0382800791881
116136,10.196154976201,47.9671737924085,joint,220000;220000;220000,,,,,,,,,SRID=4326;POINT(10.196154976201 47.9671737924085),TransnetBW,40.79545032533878
116137,10.1966289273449,47.9673202507849,joint,220000;110000;220000;110000,,,LEW,,,,,,SRID=4326;POINT(10.1966289273449 47.9673202507849),TransnetBW,40.79063398342877
116223,6.57858893156427,49.7689413757301,joint,220000;220000;220000,50;50;50,220 kV Heisdorf - Trier Süd; Niederstedem West;220 kV Niederstedem West;220 kV Heisdorf - Trier Süd,Amprion,2386,,,,,SRID=4326;POINT(6.57858893156427 49.7689413757301),Amprion,47.04063123645609
116457,10.0481140546826,49.1000979464226,joint,220000;110000;110000;220000;110000,,,,,,,,,SRID=4326;POINT(10.0481140546826 49.1000979464226),TransnetBW,-10.244852301142837
117550,6.79702749813261,49.3336985482047,joint,220000;380000;220000,50;50,Ensdorf - Uchtelfangen Nord |Süd ; Uchtelfangen Taubental Nord|Süd,Amprion,2340,,,,,SRID=4326;POINT(6.79702749813261 49.3336985482047),Amprion,-0.42566083596277693
118125,7.09913506043231,51.4826498494664,joint,110000;380000;220000;380000;220000;110000,,110kV Nordstern Ost,RWE,4546,,,,,SRID=4326;POINT(7.09913506043231 51.4826498494664),Amprion,-19.923149238689394
118360,8.42079031551447,49.6952210526026,joint,220000;380000;380000,50;50;50,380 kV Biblis 1a|2b; Ried Ost|West;380 kV Ried Ost|West,RWE,4591,,,,,SRID=4326;POINT(8.42079031551447 49.6952210526026),Amprion,-4.683846407786051
118465,6.56672443244926,49.8017565524384,joint,220000;380000;220000;380000;220000,50;50;50,220 kV Niederstedem West;380 kV Gilzem Ost; Uchtelfangen West; 220 kV Niederstedem Ost;380 kV Gilzem Ost; Uchtelfangen West; 220 kV Niederstedem Ost|West,RWE,4530,,,,,SRID=4326;POINT(6.56672443244926 49.8017565524384),Amprion,46.958713027382764
118479,7.80371221436176,49.7176216855291,joint,220000;110000;220000;110000,50;50;50,,,,,,,,SRID=4326;POINT(7.80371221436176 49.7176216855291),Amprion,-4.9721363080998415
118517,8.04780163487896,50.7687840513797,joint,220000;220000;110000;110000,50;50,,RWE,2458,,,,,SRID=4326;POINT(8.04780163487896 50.7687840513797),Amprion,-18.653871063167678
119344,12.4727170426825,51.36876385975,joint,110000;220000;220000;110000,50,,enviaM,,,,,,SRID=4326;POINT(12.4727170426825 51.36876385975),50Hertz,4.334475314391886
121822,8.83945823851593,49.7962539628203,joint,110000;220000;110000,50;50,220 kV;110 kV,RWE,,,,,,SRID=4326;POINT(8.83945823851593 49.7962539628203),TenneT,-4.863999633825079
122454,9.52419187731376,53.6194887862203,joint,220000,,,,,,,,,SRID=4326;POINT(9.52419187731376 53.6194887862203),TenneT,61.901438106369525
122545,13.3083903765891,52.2273244517529,joint,380000;220000;380000,50;50,521; 522;521; 522;525=521,50Hertz Transmission,,,,,,SRID=4326;POINT(13.3083903765891 52.2273244517529),50Hertz,9.154170333048041
122794,11.5347165249303,50.7959601557403,joint,380000,50,"415, 416",50Hertz,415;416,,,,,SRID=4326;POINT(11.5347165249303 50.7959601557403),50Hertz,1.1389646587922684
126286,10.6626550439784,49.9771450691584,joint,380000;380000;380000,,Eltmann - Redwitz;Grafenrheinfeld - Eltmann;Grafenrheinfeld - Eltmann;Eltmann - Redwitz,,428,,,,,SRID=4326;POINT(10.6626550439784 49.9771450691584),TenneT,-5.116740450230285
130939,11.4717869341634,51.6183704554812,joint,380000,50,535;536,50Hertz,535;536,,,,,SRID=4326;POINT(11.4717869341634 51.6183704554812),50Hertz,2.7620295503321604
131073,12.3252773635837,51.1950592759547,joint,220000;110000,50;50,,MITNETZ,,,,,,SRID=4326;POINT(12.3252773635837 51.1950592759547),50Hertz,3.4129633421995873
133702,8.69516110400344,53.0925252560005,merge,380000;110000,50,Niedervieland,Wesernetz,2577,,,,,SRID=4326;POINT(8.69516110400344 53.0925252560005),Amprion,1.816412195833621
133897,6.35932505191137,50.9062629860929,merge,110000,50,Station Jülich Kinofilm,RWE,,,,,,SRID=4326;POINT(6.35932505191137 50.9062629860929),Amprion,42.73680572882216
134243,11.5622475867608,52.123944710899,merge,220000;110000;110000,50;50,Magdeburg (50Hertz);Magdeburg (EON Avacon),50Hertz Transmission,Mgd,,,,,SRID=4326;POINT(11.5622475867608 52.123944710899),50Hertz,2.852446934174907
134272,13.5242965535927,52.5352216190048,merge,380000;220000;110000,50,Umspannwerk Marzahn,50Hertz,MZA9,,,,,SRID=4326;POINT(13.5242965535927 52.5352216190048),50Hertz,7.375219917245785
134279,13.3110023048904,52.5221080071124,merge,110000;110000,50,Heizkraftwerk Charlottenburg;Umspannwerk Charlottenburg,Vattenfall Europe AG,,,,,,SRID=4326;POINT(13.3110023048904 52.5221080071124),50Hertz,6.3878273494128255
134285,8.87265547824942,50.130380977449,merge,110000;220000;110000,50;50,Dörnigheim 110 kV;Dörnigheim 220 kV,EON_Netz,DOEH,,,,,SRID=4326;POINT(8.87265547824942 50.130380977449),TenneT,-6.536635782209421
134315,10.1949421831812,47.9709449320067,merge,220000;110000,50,Umspannwerk Memmingen,LEW,,,,,,SRID=4326;POINT(10.1949421831812 47.9709449320067),TransnetBW,40.76455817805155
134333,8.99643965434532,52.3814719457276,merge,380000,50,KW Heyden;Kraftwerk Heyden,E.ON Kraftwerke GmbH,HEYD,,,,,SRID=4326;POINT(8.99643965434532 52.3814719457276),TenneT,-6.99328959482923
134391,8.45160166718899,49.007222078877,merge,220000;110000;110000;20000,50;50,Umspannwerk Karlsruhe-Ost;Umspannwerk Karlsruhe-Ost,Transnet BW,,,,,,SRID=4326;POINT(8.45160166718899 49.007222078877),TransnetBW,-1.8561326154946514
134486,7.60712388594649,51.8986079335929,merge,220000,50,Amelsbüren,Amprion,,,,,,SRID=4326;POINT(7.60712388594649 51.8986079335929),Amprion,-24.20912057192723
134420,8.44551903667631,48.9860892546231,merge,220000;110000,50,Umspannwerk Oberwald,,,,,,,SRID=4326;POINT(8.44551903667631 48.9860892546231),TransnetBW,-1.7892411508532824
134507,9.44943465796165,53.9670755935934,merge,220000;110000,50;50,Itzehoe/West;Gasturbinenkraftwerk Itzehoe,TenneT,,,,,,SRID=4326;POINT(9.44943465796165 53.9670755935934),TenneT,62.461313264263715
134533,7.70645615140123,51.2757581391634,merge,220000;110000,,Elverlingsen;Kraftwerk Werdohl-Elverlingsen,markE,,,,,,SRID=4326;POINT(7.70645615140123 51.2757581391634),Amprion,-24.065014151316202
141333,7.73570120705127,52.2823769178473,joint,0;220000;0;110000;220000;220000;220000;220000;110000;110000;220000,50;50;50,220kV Amelsbüren + Nike Süd;110kV Bergwerk+Uffeln Süd;220kV Amelsbüren + Nike Süd,RWE,0051,,,,,SRID=4326;POINT(7.73570120705127 52.2823769178473),Amprion,-19.12155611159599
142998,7.13772514455253,51.4166151554561,joint,220000;0;220000;220000,50,220kV Herdecke Nord+Süd,RWE,2390,,,,,SRID=4326;POINT(7.13772514455253 51.4166151554561),Amprion,-19.713893964714035
143384,12.1302283592823,49.5858307294217,joint,380000;220000;380000;220000,,Schwandorf - Etzenricht;Mechlenreuth - Schwandorf;Schwandorf - Etzenricht;Mechlenreuth - Schwandorf,TenneT TSO GmbH,457;248,,,,,SRID=4326;POINT(12.1302283592823 49.5858307294217),50Hertz,-11.307496181530835
143509,9.06603383010281,50.0708583113097,joint,220000;220000;220000,,Trennfeld - Aschaffenburg;2205;III;IIII,TenneT TSO GmbH,217;218,,,,,SRID=4326;POINT(9.06603383010281 50.0708583113097),TenneT,-5.4918604293310676
143808,13.3510287346751,50.9352160720002,joint,380000,,Schmölln - Dresden Süd - Röhrsdorf,50Hertz Transmission,591;592,,,,,SRID=4326;POINT(13.3510287346751 50.9352160720002),50Hertz,8.775390960052935
112024,13.4799348192012,52.6283285649822,joint,220000;380000;380000;220000,50;50,293;294;293;294;517;518,50Hertz,293;294,,,,,SRID=4326;POINT(13.4799348192012 52.6283285649822),50Hertz,6.255820656748735
112048,12.9064615707604,52.5948972895548,joint,380000;380000;380000,50,494; 498;494;498,50Hertz Transmission,494; 498,,,,,SRID=4326;POINT(12.9064615707604 52.5948972895548),50Hertz,4.28504784374204
112077,8.79970275662805,50.354268644782,joint,380000;110000;380000;110000,,,,Leitung 3023,,,,,SRID=4326;POINT(8.79970275662805 50.354268644782),Amprion,-8.618878124629509
112081,8.68760504659474,50.2195027572366,joint,110000;380000;110000,50,380 kV 3011; 220 kV 1046,TenneT,3011;1046,,,,,SRID=4326;POINT(8.68760504659474 50.2195027572366),Amprion,-8.164678686509232
112156,6.89406261680791,50.847981186533,joint,380000;220000;380000;380000;220000,50;50;50,380 kV Walberberg West; 220 kV Knapsack 2b;380 kV Sechtem Nord|Süd;380 kV Sechtem Nord|Süd; Walberberg West; 220 kV Knapsack 2b,RWE,4101,,,,,SRID=4326;POINT(6.89406261680791 50.847981186533),Amprion,-8.895172681266853
112399,8.52176409755299,53.2071982443292,joint,380000;110000;220000;110000,50,3103 Dollern-(Niedervieland/Unterweser)-Alfstedt;1163 Farge-Surheide-Uthlede;3103 Dollern-(Niedervieland/Unterweser)-Alfstedt;1163 Farge-Surheide-Uthlede,transpower;EON_Netz,3103;1163,,,,,SRID=4326;POINT(8.52176409755299 53.2071982443292),Amprion,4.036053150416761
112688,10.5659796107428,49.9787867501102,joint,110000;380000;380000;110000,,Eltmann - Haßfurt;Grafenrheinfeld - Eltmann;Grafenrheinfeld - Oberhaid;Eltmann - Knetzgau;Grafenrheinfeld - Eltmann;Grafenrheinfeld - Oberhaid;Eltmann - Haßfurt;Eltmann - Knetzgau,E.ON Netz GmbH,123,,,,,SRID=4326;POINT(10.5659796107428 49.9787867501102),TenneT,-4.872851901837448
112722,6.69363617000146,51.0029048886754,joint,220000;220000;220000,50;50;50,220 kV Niederaußem 3c|4d;220 kV Niederaußem 1a|2b;220 kV Niederaußem 1a|2b|3c|4d,RWE,4560,,,,,SRID=4326;POINT(6.69363617000146 51.0029048886754),Amprion,-8.577012589260523
112732,6.69948725677304,50.9749358400899,joint,220000;220000;220000,50;50;50,220 kV Niederaußem 1a|3c;220 kV Niederaußem 1a|2b|3c; Rommerskirchen Ost;220 kV Niederaußem 2b; Rommerskirchen Ost,RWE,2352,,,,,SRID=4326;POINT(6.69948725677304 50.9749358400899),Amprion,-8.283562151203895
112753,7.83402074322725,51.7550403464858,joint,380000;380000;380000,50;50,380kV Gersteinwerk Ost;380kV Gersteinwerk Ost+Gütersloh Süd;380kV Gersteinwerk Ost+Gütersloh Süd,RWE,4373,,,,,SRID=4326;POINT(7.83402074322725 51.7550403464858),Amprion,-24.767655153776374
112765,7.14185561157848,51.5131476764497,joint,380000;220000;110000;110000;380000;220000;110000,50,110kV Rotthausen West,RWE,4550,,,,,SRID=4326;POINT(7.14185561157848 51.5131476764497),Amprion,-20.755019710000997
112768,7.14165007704147,51.5134773488544,joint,110000;380000;220000;110000;380000;220000;110000,50,110kV Vohwinkelstr West,RWE,0795,,,,,SRID=4326;POINT(7.14165007704147 51.5134773488544),Amprion,-20.755537226663026
112775,7.13964009659326,51.5552746896507,joint,380000;380000,,380kV Recklinghausen+ANK;380kV Recklinghausen + ?,RWE,4358,,,,,SRID=4326;POINT(7.13964009659326 51.5552746896507),Amprion,-21.095903657760402
112789,7.0967555130762,51.6100754598429,joint,380000;380000;110000;110000,,Recklinghausen+Westfalen West;110kV Herten Ost+West,RWE,4303,,,,,SRID=4326;POINT(7.0967555130762 51.6100754598429),Amprion,-21.027944651051488
112812,7.02030007890785,51.5652522861848,joint,0;220000;110000,,Gladbeck West+Hugo Ost,RWE,2392,,,,,SRID=4326;POINT(7.02030007890785 51.5652522861848),Amprion,-19.76601046352921
112841,7.02893441592422,51.6257019634984,joint,380000;380000;380000,,380kV Kusenhorst+Scholven F;380kV Lippe Nord+Scholven B,RWE,4337,,,,,SRID=4326;POINT(7.02893441592422 51.6257019634984),Amprion,-20.379379771466976
112844,7.04463157719892,51.5154688615766,joint,220000;110000;380000;220000;110000;380000,,Gladbeck West+Gelsenkirchen Nord;380kV Eiberg Nord,RWE,2343,,,,,SRID=4326;POINT(7.04463157719892 51.5154688615766),Amprion,-19.57536048637107
112884,7.08407336738959,50.8977391633812,joint,220000;110000;110000;220000,50;50;50,220 kV Gremberghoven Ost|West; 110 kV Porz Ost|West;110 kV Porz Ost|West;220 kV Gremberghoven Ost|West,RWE,0078,,,,,SRID=4326;POINT(7.08407336738959 50.8977391633812),Amprion,-12.13189215843316
112909,9.40429795842416,48.7094925615485,joint,110000;110000;110000,16.7;16.7;16.7,Amstetten - Plochingen;Amstetten - Plochingen;Amstetten - Plochingen,DB_Energie,,,,,,SRID=4326;POINT(9.40429795842416 48.7094925615485),TransnetBW,-6.9143857280283125
112914,6.93064551860687,51.4978751413749,joint,110000;220000;220000;110000;0;220000,,110kV Lirich West+Thyssen Ost;220kV LMG West;220kV LMG Ost,RWE,0907,,,,,SRID=4326;POINT(6.93064551860687 51.4978751413749),Amprion,-17.981577207418002
112955,9.39054017001634,48.6830158786037,joint,380000;220000;220000;380000,,"2x 220 kV;EDS-WDL 380 kV, AL1-BZW 380 kV",,,,,,,SRID=4326;POINT(9.39054017001634 48.6830158786037),TransnetBW,-6.77831030986113
113021,7.93988091125374,47.597648668576,joint,380000;380000;380000,50;50;50,Koppelleitung Laufenburg (CH) - Sierentz (F);Koppelleitung Laufenburg (CH) - Sierentz (F),,,,,,,SRID=4326;POINT(7.93988091125374 47.597648668576),TransnetBW,51.054714087508586
113128,10.3552149923206,52.1758109606876,joint,220000;220000;220000,50;50;50,Leitung 2027;Leitung 2027,TenneT,2019,,,,,SRID=4326;POINT(10.3552149923206 52.1758109606876),TenneT,1.425259665651886
113181,7.02982734131664,50.9739630534651,joint,110000;220000,16.7;50,110 kV Bahnstrom Köln - Gerresheim 1|2;220 kV Merheim Ost|West,DB_Energie,489;Abzweig - Uw Köln-Mülheim,,,,,SRID=4326;POINT(7.02982734131664 50.9739630534651),Amprion,-12.285008736775406
113187,10.1927379645233,52.302459989368,joint,380000;380000;220000,50;50;50,Leitung 3026;Leitung 2024;3026;Leitung 2024,TenneT,2024,,,,,SRID=4326;POINT(10.1927379645233 52.302459989368),TenneT,1.1402267520370177
113356,10.1469944926145,47.9911960724943,joint,380000;220000;220000;110000;380000;220000,,Vöhringen Ost; Füssen West; K11;Vöhringen West;K11;Vöhringen Ost; Füssen West,RWE,,,,,,SRID=4326;POINT(10.1469944926145 47.9911960724943),TransnetBW,40.8949910754338
113378,10.2797527355304,47.8049303857551,joint,220000;110000;220000;110000,,,Lechwerke,,,,,,SRID=4326;POINT(10.2797527355304 47.8049303857551),TransnetBW,42.04497026042155
113740,9.23936125354741,48.5436944599634,joint,110000;380000;110000;380000;110000,,"NETEN-RTWST 110 kV;BZW-WDL/MEZ 380 kV, MEZ-NET 110 kV;BZW-WDL/MEZ 380 kV, NET-RTW 110 kV, MEZ-NET 110 kV",EnBW,,,,,,SRID=4326;POINT(9.23936125354741 48.5436944599634),TransnetBW,-5.37937096661639
113809,9.13794792584036,52.8470269944345,joint,220000;220000;220000,50;50;50,Leitung 2010;Leitung 2023;Leitung 2010,TenneT,2010,,,,,SRID=4326;POINT(9.13794792584036 52.8470269944345),TenneT,-0.9512686520392535
113856,8.54555957111404,52.5634805404927,joint,380000;110000;110000;380000,50;50,Dümmersee Süd;Leitung 3017;Landesbergen - Wehrendorf,Amprion,4126,,,,,SRID=4326;POINT(8.54555957111404 52.5634805404927),Amprion,-8.693311656941992
113863,8.58892089055237,49.8114475771879,joint,220000;220000;110000;110000;220000,50;50;50;50,220 kV Rheinau Ost|West;220 kV Rheinau Ost|West; 110 kV Heppenheim Ost|West;110 kV Heppenheim Ost|West;220 kV Rheinau Ost|West,RWE,4504,,,,,SRID=4326;POINT(8.58892089055237 49.8114475771879),Amprion,-5.283610807857562
113882,8.48275044442674,50.5919034758504,joint,110000;380000;110000;380000,50,,TenneT;EON_Netz,Leitung 3005,,,,,SRID=4326;POINT(8.48275044442674 50.5919034758504),Amprion,-13.602748370120306
113918,8.37638353674847,48.9747842418892,joint,220000;220000;110000;110000,50;50;50,,EnBW,,,,,,SRID=4326;POINT(8.37638353674847 48.9747842418892),TransnetBW,-1.5452518414660723
113995,8.26605173490069,49.0285583590402,joint,220000;380000;220000;380000;220000,50;50;50,,,,,,,,SRID=4326;POINT(8.26605173490069 49.0285583590402),TransnetBW,-1.3802267138906466
114100,7.44243738536811,50.4043580451322,joint,110000;220000;110000;20000;110000;220000,50,,RWE,,,,,,SRID=4326;POINT(7.44243738536811 50.4043580451322),Amprion,-11.13907682910719
114227,6.70952952333421,51.48521939438,joint,220000;220000;220000,,,,,,,,,SRID=4326;POINT(6.70952952333421 51.48521939438),Amprion,-15.406820705896415
114235,6.7318688278197,51.518809973085,joint,220000;220000;220000,,,RWE,,,,,,SRID=4326;POINT(6.7318688278197 51.518809973085),Amprion,-16.039629217982593
114237,6.72641084381644,51.5195524649234,joint,220000;110000;220000;110000;220000;110000,,,RWE,4593,,,,,SRID=4326;POINT(6.72641084381644 51.5195524649234),Amprion,-15.99542120756215
114424,13.9643618464515,53.1733359931531,joint,220000;220000;220000,50;50;50,"303, 304;303;304",50Hertz Transmission,303;304,,,,,SRID=4326;POINT(13.9643618464515 53.1733359931531),50Hertz,52.50056796148709
114556,9.36343700974765,51.0042301420235,joint,110000;380000;380000;110000,50,,TenneT,3009,,,,,SRID=4326;POINT(9.36343700974765 51.0042301420235),TenneT,-7.0644690853762935
114653,7.0931991726979,50.5845581868254,joint,220000;110000;220000;110000,50;50;50,220 kV Nette Ost;110 kV Neuenahr Ltg.; Sinzig Ltg.,RWE,4197,,,,,SRID=4326;POINT(7.0931991726979 50.5845581868254),Amprion,-8.91976946996163
114673,7.96854821809515,51.6671606555255,joint,380000;380000;220000;110000;220000;110000,,,RWE,4316,,,,,SRID=4326;POINT(7.96854821809515 51.6671606555255),Amprion,-24.524292070979676
114737,8.61954356027272,51.4355062868611,joint,110000;380000;110000;380000,50;50;50,110kV Büren - Nehden Ost+West;110kV Büren - Nehden Ost+West;380kV Sauerland Nord+Süd,RWE,1773,,,,,SRID=4326;POINT(8.61954356027272 51.4355062868611),Amprion,-17.680936627761895
114744,8.19365686547961,51.1889378778491,joint,380000;380000;380000,50;50;50,380kV Sauerland Nord;380kV Sauerland Nord+Süd;380kV Sauerland Süd,RWE,4331,,,,,SRID=4326;POINT(8.19365686547961 51.1889378778491),Amprion,-22.174202294140443
114826,9.23701278790014,48.922185849389,joint,220000;220000;220000,50,Anlage 326,EnBW,,,,,,SRID=4326;POINT(9.23701278790014 48.922185849389),TransnetBW,-5.698892138816927
114969,8.4818950686132,49.2386486575005,joint,110000;110000;110000,16.7;16.7;16.7,"Bahnstrom Mannheim - Wiesental;Bahnstrom Wiesental - Karlsruhe;Mannheim - Wiesental, Wiesental - Karlsruhe",DB Energie GmbH,1022,,,,,SRID=4326;POINT(8.4818950686132 49.2386486575005),TransnetBW,-2.5411853937111335
115125,6.53303653131644,50.3922427776709,joint,380000;380000;380000;380000,50;50;50;50,,Amprion,4527,,,,,SRID=4326;POINT(6.53303653131644 50.3922427776709),Amprion,45.551858316380034
115258,10.8250650574555,53.5131313829849,joint,110000;380000;110000;380000,50;50;50,Görries - Boizenburg;Krümmel - Görries;Krümmel - Görries,WEMAG,419;420,,,,,SRID=4326;POINT(10.8250650574555 53.5131313829849),50Hertz,58.1868356358807
115260,11.3634670890575,53.5971056456015,joint,380000;380000;380000,50;50;50,"419 Krümmel - Görries;420 Krümmel - Wessin;419, 420 Krümmel - Görries",50Hertz,419,,,,,SRID=4326;POINT(11.3634670890575 53.5971056456015),50Hertz,56.85281667943642
115547,7.17856481650638,51.4236041737587,joint,110000;380000;220000;110000;380000;220000;110000,,Hattingen-Linden+Bochum-Linden,RWE,1798,,,,,SRID=4326;POINT(7.17856481650638 51.4236041737587),Amprion,-20.32867524235622
115549,7.17920262035811,51.4218244823956,joint,380000;220000;110000;220000;0;380000;220000;110000,,220kV Welper Ost+ANK,RWE,4360,,,,,SRID=4326;POINT(7.17920262035811 51.4218244823956),Amprion,-20.31805370708622
115561,9.20537969314821,50.9073329791782,joint,110000;380000;110000,50;50,,TenneT,3002,,,,,SRID=4326;POINT(9.20537969314821 50.9073329791782),TenneT,-8.400106584161291
115563,8.84506022245922,50.1636071718281,joint,110000;380000;110000;380000,,,,3024,,,,,SRID=4326;POINT(8.84506022245922 50.1636071718281),TenneT,-6.885719888552893
115656,6.62672389842241,51.2542525872206,joint,220000;110000;380000;220000;380000;220000;110000,50;50,,RWE,4588,,,,,SRID=4326;POINT(6.62672389842241 51.2542525872206),Amprion,-11.473386241517996
115703,6.72283069808311,51.3518398549903,joint,220000;110000;220000;110000,50;50,220kV Stratum Ost+West,RWE,2364,,,,,SRID=4326;POINT(6.72283069808311 51.3518398549903),Amprion,-13.724781359637873
115712,6.90107172181226,51.49579773933,joint,220000;220000;110000;110000,,110kV Lirich West+Thyssen Ost;110kV Lirich West+Thyssen West,RWE,4184,,,,,SRID=4326;POINT(6.90107172181226 51.49579773933),Amprion,-17.603566683851305
116004,7.87205918528106,47.6008844352531,joint,380000;380000;380000,50;50;50,,,,,,,,SRID=4326;POINT(7.87205918528106 47.6008844352531),TransnetBW,51.132013650224174
116091,7.00225301468142,49.3737145866656,joint,110000;110000;220000;110000,50;50;50,Uchtelfangen - Heinitz,RWE,2411,,,,,SRID=4326;POINT(7.00225301468142 49.3737145866656),Amprion,-0.9565397351548537
116451,10.0243898175236,49.1207786648829,joint,220000;110000;110000;220000;110000,,,,,,,,,SRID=4326;POINT(10.0243898175236 49.1207786648829),TransnetBW,-9.938810932409876
117009,10.0782803802386,48.2667066519086,joint,110000;220000;110000;110000,,Iller Ltg.,LEW,63001,,,,,SRID=4326;POINT(10.0782803802386 48.2667066519086),TransnetBW,-9.784686926572055
117132,7.82686036192906,52.467143862929,joint,380000;110000;380000;110000;380000;110000,50;50,,Amprion,4583,,,,,SRID=4326;POINT(7.82686036192906 52.467143862929),Amprion,-15.466875334010664
117133,7.69656224525032,52.4707953591363,joint,380000;110000;110000;380000,50;50;50,380kV Bramgau + Niedersachsen Süd,Amprion,4583,,,,,SRID=4326;POINT(7.69656224525032 52.4707953591363),Amprion,-15.961616998078446
117161,6.713945820934,51.0047709389774,joint,220000;0;220000;0,50;50;50,220 kV Niederaußem 5e;220 kV Niederaußem 5e,RWE,4560,,,,,SRID=4326;POINT(6.713945820934 51.0047709389774),Amprion,-8.779187455886376
117487,13.0564748333166,48.2715097898785,joint,220000;220000;220000,,Pirach - Pleinting;St. Peter - Pleinting,TenneT TSO GmbH,258,,,,,SRID=4326;POINT(13.0564748333166 48.2715097898785),50Hertz,-10.35112106326712
117878,6.88673407088854,49.5261423379823,joint,110000;380000;220000;110000,50;50,Lebach - Hermeskeil;380 kV Uchtelfangen Ost|West; 220 kV Osburg; 1110kV Hermeskeil Ost,Amprion,4553,,,,,SRID=4326;POINT(6.88673407088854 49.5261423379823),Amprion,-1.483054579791144
117883,7.01184378798079,49.3855041467169,joint,220000;380000;220000;380000,50,380 kV Bliestal Süd;Bürstadt Ltg.;220 kV Osburg Ltg.;Barbara Ltg.,Amprion,,,,,,SRID=4326;POINT(7.01184378798079 49.3855041467169),Amprion,-1.0337791135058012
117996,9.13889133655175,49.1458214420067,joint,220000;220000,,,RWE,Anlage 323,,,,,SRID=4326;POINT(9.13889133655175 49.1458214420067),TransnetBW,-4.942314045720055
118033,12.0468218138942,50.7960517435108,joint,380000;380000;380000,50;50;50,"573 Remptendorf - Weida, 575 Weida - Röhrsdorf;573;575",50Hertz Transmission,573;575,,,,,SRID=4326;POINT(12.0468218138942 50.7960517435108),50Hertz,1.4849537624853166
118231,9.74634991831599,50.5287780826033,joint,380000;380000;110000;110000,,,,,,,,,SRID=4326;POINT(9.74634991831599 50.5287780826033),TenneT,-3.5958005332589895
118355,8.42163643868058,49.6391596720556,joint,220000;220000;220000,50;50;50,220 kV Rheinau Ost;220 kV Rheinau Ost; Windesheim;220 kV Windesheim,RWE,2400,,,,,SRID=4326;POINT(8.42163643868058 49.6391596720556),Amprion,-4.308276381295636
118356,8.42291806509643,49.6399513669051,joint,220000;220000;220000;220000,50;50;50;50,220 kV Rheinau Ost|West;220 kV Rheinau Ost;220 kV Rheinau Ost|West;220 kV Rheinau Ost,RWE,2327,,,,,SRID=4326;POINT(8.42291806509643 49.6399513669051),Amprion,-4.312960482354963
118435,9.4136812208929,52.0274828920508,joint,380000;380000;380000,50;50;50,Leitung 3027;Leitung 3027;Leitung 3019,TenneT,3027,,,,,SRID=4326;POINT(9.4136812208929 52.0274828920508),TenneT,-5.53240015595369
118477,7.61403824218009,49.6005980619029,joint,220000;110000;220000;110000;110000,50;50;50,Kaiserslautern - Morbach,,,,,,,SRID=4326;POINT(7.61403824218009 49.6005980619029),Amprion,-3.6621579557366513
118554,9.7510840398633,50.559355578259,joint,110000;380000,50,,TenneT,3010,,,,,SRID=4326;POINT(9.7510840398633 50.559355578259),TenneT,-3.568500841272959
118556,8.3378776114208,49.4095920553895,joint,380000;220000;380000;220000,50;50;50,"'Kaiserslautern Süd 380 kV; Weingarten Ltg. 220 kV; 6 x 380 kV, 3 x 220 kV (auch wenn''s nicht zu den Leitungenbeschriftungen passt - tag cables stimmt auch nicht);220 kV Bienwald West;Bienwald West 220 kV; Kaiserslautern Süd 380 kV; Weingarten Ltg. 220 kV; 6 * 380 kV, 3 * 220 kV'",RWE,,,,,,SRID=4326;POINT(8.3378776114208 49.4095920553895),Amprion,-2.972130820671552
118825,11.8997051689716,51.3997673870755,joint,380000;380000;220000;220000,50;50,"233 Großdalzig - Eula, 358 Wolkramshausen - Eula;357;358 Bad Lauchstädt - Wolkramshausen",50Hertz,233;358,,,,,SRID=4326;POINT(11.8997051689716 51.3997673870755),50Hertz,2.9422491650519405
125966,7.50217858569708,50.97972368055,joint,380000;110000;110000;30000,50,RWE 4562 Ronsdorf - Bomig;110 kV Agger West; Bomig; 30 kV Homburg Ltg.,RWE,4562,,,,,SRID=4326;POINT(7.50217858569708 50.97972368055),Amprion,-19.175193958965924
126023,10.9872718720153,50.5772233893206,joint,110000;380000;110000;380000,,"Law - Atf 1, Law - Atf 2;467, 468;Law - Atf 1, Law - Atf 2;467, 468",Thüringer_Energienetze,,,,,,SRID=4326;POINT(10.9872718720153 50.5772233893206),TenneT,-0.17614784194156563
128173,7.93969055824504,50.8494754508434,joint,110000;220000;110000,50,110kV Betzdorf Süd+Kreuztal Süd,RWE,0813,,,,,SRID=4326;POINT(7.93969055824504 50.8494754508434),Amprion,-19.909790017964653
131037,11.1142251117336,50.2132704697023,joint,380000;110000;380000;110000;110000,,Altenfeld - Redwitz;Altenfeld - Redwitz;Ebersdorf - Redwitz;Coburg - Redwitz;Altenfeld - Redwitz;Altenfeld - Redwitz;Ebersdorf - Neustadt bei Coburg;Coburg - Redwitz;Ebersdorf - Neustadt bei Coburg;Ebersdorf - Redwitz,TenneT TSO GmbH,459;460;156;158,,,,,SRID=4326;POINT(11.1142251117336 50.2132704697023),50Hertz,-3.226027789161167
131063,12.3248061972172,51.1950506628472,joint,110000;220000,50;50,,MITNETZ,,,,,,SRID=4326;POINT(12.3248061972172 51.1950506628472),50Hertz,3.411550782421802
133613,12.9417261578462,52.5621020850187,merge,380000;220000;110000,,Wustermark;Am Umspannwerk,50Hertz Transmission GmbH;E.ON edis AG,Wu,,,,,SRID=4326;POINT(12.9417261578462 52.5621020850187),50Hertz,4.521664936166113
133627,10.9993129974283,52.2001376075291,merge,380000;110000,,Umspannwerk Helmstedt;Station Helmstedt 380 kV-Anlage,TenneT TSO GmbH,,,,,,SRID=4326;POINT(10.9993129974283 52.2001376075291),TenneT,2.5164718014924325
133635,13.2061719723506,52.6571370513706,merge,220000,50,Gewerbe Nord;Hennigsdorf,EON_edis,,,,,,SRID=4326;POINT(13.2061719723506 52.6571370513706),50Hertz,4.993847854629587
133839,6.99611165854856,51.5141819249677,merge,380000;110000,50,Station Karnap;Station Arenberg,,,,,,,SRID=4326;POINT(6.99611165854856 51.5141819249677),Amprion,-18.962237073000093
133851,11.3269828608243,49.3934752979724,merge,220000;110000,50,Umspannwerk Ludersheim,TenneT TSO GmbH;E.ON Netz GmbH,LU,,,,,SRID=4326;POINT(11.3269828608243 49.3934752979724),50Hertz,-14.8083860908652
134320,9.70424505670117,48.464942166562,merge,380000;110000,50,EnBW Umspannwerk Laichingen,EnBW,,,,,,SRID=4326;POINT(9.70424505670117 48.464942166562),TransnetBW,-8.934159260596138
134340,9.15118600564182,49.1433394745617,merge,380000;220000;110000,,EnBW-Umspannwerk Großgartach,,,,,,,SRID=4326;POINT(9.15118600564182 49.1433394745617),TransnetBW,-5.011617083946241
134361,7.04774792555294,50.9044555806658,merge,110000;15000;110000;220000;110000;110000,50;16.7;50;50;50,Umformerwerk Köln;Station Gremberghoven;Station Gremberghoven;Umspannwerk Gremberghoven,DB_Energie,,,,,,SRID=4326;POINT(7.04774792555294 50.9044555806658),Amprion,-11.670780996027844
134481,11.3387344042006,47.6295604918059,merge,110000;110000,50;16.7;16.7;16.7,Walchenseekraftwerk,E.ON Wasserkraft GmbH,,,,,,SRID=4326;POINT(11.3387344042006 47.6295604918059),50Hertz,40.38255979389354
134530,11.2777395925792,47.495820585708,merge,220000;110000,50,Umspannwerk Krün,E.ON Netz GmbH,,,,,,SRID=4326;POINT(11.2777395925792 47.495820585708),50Hertz,42.51237644538607
134540,7.75270709244963,48.0978638783805,merge,220000;110000;380000;220000;110000,50;50,220-kV-Umspannwerk Eichstetten;380-kV-Umspannwerk Eichstetten,EnBW,,,,,,SRID=4326;POINT(7.75270709244963 48.0978638783805),TransnetBW,50.58508531190108
134680,6.62071471420099,49.7484795105145,merge,110000;220000,50;50,Station Trier,Amprion,,,,,,SRID=4326;POINT(6.62071471420099 49.7484795105145),Amprion,-1.7945090901704734
134765,8.03923340987373,47.5592429674638,merge,,,,,,,,,,SRID=4326;POINT(8.03923340987373 47.5592429674638),TransnetBW,50.98483726813515
141269,6.9613060794248,51.068980125616,joint,380000;110000;380000;110000,50;50;50;50,380 kV Opladen Nord|Süd;110 kV Hülsberg Nord|Süd;380 kV Opladen Nord|Süd;110 kV Hülsberg Nord|Süd,RWE,4515,,,,,SRID=4326;POINT(6.9613060794248 51.068980125616),Amprion,-12.559327706586927
141612,11.6252229998292,48.7369986262738,joint,380000;220000,,Irsching - Ottenhofen;Zolling - Irsching,TenneT TSO GmbH,421;262,,,,,SRID=4326;POINT(11.6252229998292 48.7369986262738),50Hertz,-20.61068290401235
141988,9.97927885669415,48.3081158234726,joint,220000,,Iller Ltg.,RWE,4521,,,,,SRID=4326;POINT(9.97927885669415 48.3081158234726),TransnetBW,-10.574944419111086
142296,10.1640010988692,49.9890663536779,joint,380000;220000;220000;380000;110000,50,Bergrheinfeld - Grafenrheinfeld;Schweinfurt - Zeuzleben,,487,,,,,SRID=4326;POINT(10.1640010988692 49.9890663536779),TenneT,-3.8858828456154093
142794,7.01999072821642,51.6285363949302,joint,220000;220000;220000,,220kV Schermbeck Nord;220kV Scholven D+E;220kV Scholven D+E,Amprion,4569,,,,,SRID=4326;POINT(7.01999072821642 51.6285363949302),Amprion,-20.300611515872237
143330,9.38634993192534,48.7479400350264,joint,220000;220000;110000,,2x 220 kV;Anlage 302 ; Hohck-Wdlng;AL1-EDS/AIC 2x 110 kV,EVS,,,,,,SRID=4326;POINT(9.38634993192534 48.7479400350264),TransnetBW,-6.799452237158615
143745,9.84412944371985,49.7176754427313,joint,220000,,Raitersaich - Trennfeld,TenneT TSO GmbH,211,,,,,SRID=4326;POINT(9.84412944371985 49.7176754427313),TenneT,-6.26317192111623
143772,9.08281172124154,50.0887973089462,joint,380000,,Aschaffenburg - Großkrotzenburg;Großkrotzenburg - Grafenrheinfeld,TenneT TSO GmbH,412;417,,,,,SRID=4326;POINT(9.08281172124154 50.0887973089462),TenneT,-5.504970404060849
200,8.40394268185539,49.089234984154,substation,,,,,,,,,,SRID=4326;POINT(8.40394268185539 49.089234984154),TransnetBW,-1.9159042034109888
2735,8.52295499412515,53.2085344541421,sub_station,,,,,1240,,,,,SRID=4326;POINT(8.52295499412515 53.2085344541421),Amprion,4.07400959414648
6832,6.78870748163415,49.3376956582363,substation,,,,,,,,,,SRID=4326;POINT(6.78870748163415 49.3376956582363),Amprion,-0.43035389530354884
6875,11.7753029649971,48.2070603513884,sub_station,,,,Isar-Amperwerke,1448,,,,,SRID=4326;POINT(11.7753029649971 48.2070603513884),50Hertz,-17.19456385273009
6901,6.63359223742174,51.2307140908495,sub_station,,,,,Neusser Straße 89,,,,,SRID=4326;POINT(6.63359223742174 51.2307140908495),Amprion,-11.189069359901463
9935,8.70215991015415,51.7572512644348,substation,,,,,16122 Waldbad,,,,,SRID=4326;POINT(8.70215991015415 51.7572512644348),Amprion,-15.500818851034348
14084,7.73464596239445,54.519907485727,substation,,,,,,,,,,SRID=4326;POINT(7.73464596239445 54.519907485727),TenneT,53.87020113884007
14172,6.6292412473431,51.2370301654116,substation,,,,,,,,,,SRID=4326;POINT(6.6292412473431 51.2370301654116),Amprion,-11.24577715721647
14765,7.87986545526853,48.4660378929196,substation,20000,,,Gemeindewerke Schutterwald,Station Schutterstraße,,,,,SRID=4326;POINT(7.87986545526853 48.4660378929196),TransnetBW,0.9147579275762787
16276,8.47130678475266,50.0972089288331,substation,380000;110000,50,Umspannwerk Kriftel,Amprion,,,,,,SRID=4326;POINT(8.47130678475266 50.0972089288331),Amprion,-8.049323663787534
16337,10.7027361982684,47.8264651225073,substation,380000;110000,50,Umspannwerk Bidingen Nr. 697 S,LEW,,,,,,SRID=4326;POINT(10.7027361982684 47.8264651225073),TenneT,39.44347809951919
16768,9.90880362383627,53.4880478817913,substation,380000;110000,50,Umspannwerk Hamburg/Süd,50Hertz Transmission;Stromnetz Hamburg GmbH,,,,,,SRID=4326;POINT(9.90880362383627 53.4880478817913),50Hertz,10.509908012296714
16782,6.84265873953413,50.8635394681059,substation,380000;110000,,Station Knapsack,Amprion,,,,,,SRID=4326;POINT(6.84265873953413 50.8635394681059),Amprion,-8.449217112399097
16824,9.09724030613754,48.8277635374798,substation,220000;110000,,Umspannwerk Weilimdorf,,,,,,,SRID=4326;POINT(9.09724030613754 48.8277635374798),TransnetBW,-4.753436909964748
16840,8.43536479344461,50.0590049251188,substation,110000,,Umspannwerk Marxheim,Süwag,,,,,,SRID=4326;POINT(8.43536479344461 50.0590049251188),Amprion,-7.797357171300822
16849,10.1083806791709,52.3223017612256,substation,,50,Sehnde-Peine,EON_Netz,,,,,,SRID=4326;POINT(10.1083806791709 52.3223017612256),TenneT,0.9079251482724171
16850,9.89089124888824,52.3655014367367,substation,110000,50,Umspannwerk Anderten,Stadtwerke_Hannover_AG,,,,,,SRID=4326;POINT(9.89089124888824 52.3655014367367),TenneT,-1.1681616502742749
16874,8.57123178873015,52.1053816593505,substation,380000;110000,50,Eickum,TenneT,,,,,,SRID=4326;POINT(8.57123178873015 52.1053816593505),Amprion,-14.30466719131623
16911,13.5061055824657,52.4737881367889,substation,220000;110000,50,Umspannwerk Wuhlheide,50Hertz;Vattenfall Europe AG,,,,,,SRID=4326;POINT(13.5061055824657 52.4737881367889),50Hertz,7.956464104114895
16914,6.70793587751872,51.3613273820765,substation,,50,,,,,,,,SRID=4326;POINT(6.70793587751872 51.3613273820765),Amprion,-13.71519637755209
16940,8.93969252741257,52.4030332405173,substation,380000,50,Schaltanlage Ovenstädt,TenneT TSO GmbH,3018,,,,,SRID=4326;POINT(8.93969252741257 52.4030332405173),TenneT,-7.2887901578658845
16942,12.8133593629663,50.8578738927588,substation,380000;220000;110000,50,Umspannwerk Röhrsdorf,50Hertz,ROE,,,,,SRID=4326;POINT(12.8133593629663 50.8578738927588),50Hertz,3.9982383507965746
16943,6.84704114481397,51.2054462202835,substation,220000;110000,50,Station Eller,RWE;Stadtwerke Düsseldorf,,,,,,SRID=4326;POINT(6.84704114481397 51.2054462202835),Amprion,-12.977597881546359
16961,8.77239711773549,49.9746382876172,substation,380000;220000;110000,,Umspannwerk Urberach,RWE,,,,,,SRID=4326;POINT(8.77239711773549 49.9746382876172),Amprion,-5.923519805205867
16963,10.8430899849666,49.3785786326225,substation,380000;220000;110000,50,Umspannwerk Raitersaich,TenneT TSO GmbH;E.ON Netz GmbH,RAI,,,,,SRID=4326;POINT(10.8430899849666 49.3785786326225),TenneT,-13.293462734747179
16999,8.59070820517917,49.970800538242,substation,,,,,,,,,,SRID=4326;POINT(8.59070820517917 49.970800538242),Amprion,-6.455201751465728
17024,7.14063446483707,51.5572476011295,substation,110000,,Station Wanne,RWE,,,,,,SRID=4326;POINT(7.14063446483707 51.5572476011295),Amprion,-21.123754649408646
17043,11.2939430809764,48.0520072369313,substation,220000;110000,,Umspannwerk Oberbrunn,"TenneT TSO GmbH, E.ON Netz GmbH",OBR,,,,,SRID=4326;POINT(11.2939430809764 48.0520072369313),50Hertz,33.9243477959338
17081,7.44507423414899,51.6185050689451,substation,220000;110000,,Station Elmenhorst,Amprion,,,,,,SRID=4326;POINT(7.44507423414899 51.6185050689451),Amprion,-24.397654866739217
17108,8.56364795594604,53.0316389635553,substation,380000;110000,50,Ganderkesee,TenneT;EON_Netz;EWE,GANK,,,,,SRID=4326;POINT(8.56364795594604 53.0316389635553),Amprion,-0.080499261776934
17113,10.9036229949309,49.9172942892849,substation,110000,,Umspannwerk Bamberg-Nord,Stadtwerke Bamberg;EON Netz,,,,,,SRID=4326;POINT(10.9036229949309 49.9172942892849),TenneT,-6.383689725596385
17164,10.836054138576,49.928062483854,substation,380000,,Umspannwerk Oberhaid,TenneT TSO GmbH,OD,,,,,SRID=4326;POINT(10.836054138576 49.928062483854),TenneT,-6.094361420938247
17186,7.50007032580989,51.5351685513289,substation,220000,50,Ratsbusch,,,,,,,SRID=4326;POINT(7.50007032580989 51.5351685513289),Amprion,-24.495260887026813
17196,13.1032748124901,48.6667597238293,substation,380000;220000;110000,50,Umspannwerk Pleinting,"TenneT TSO GmbH, E.ON Netz GmbH",PT,,,,,SRID=4326;POINT(13.1032748124901 48.6667597238293),50Hertz,-11.602182421787377
17202,7.10471844205027,51.481790311093,substation,110000,50,Station Leithe,,,,,,,SRID=4326;POINT(7.10471844205027 51.481790311093),Amprion,-19.98527575691401
17243,6.70974948680676,51.0909358881083,substation,220000;110000,,Station Gohrpunkt,Amprion,,,,,,SRID=4326;POINT(6.70974948680676 51.0909358881083),Amprion,-9.870918445321426
17277,10.3692308423588,52.1670931158588,substation,220000;110000,50,Salzgitter-Hallendorf,TenneT;EON_Netz,,,,,,SRID=4326;POINT(10.3692308423588 52.1670931158588),TenneT,1.453354218712727
17282,6.85737462656164,51.6792555260259,substation,110000,,Station Schermbeck,RWE,,,,,,SRID=4326;POINT(6.85737462656164 51.6792555260259),Amprion,-18.935693324697734
17307,6.94816135823825,51.4445499214343,substation,380000;110000,,Station Rosenblumendelle,RWE,,,,,,SRID=4326;POINT(6.94816135823825 51.4445499214343),Amprion,-17.559028923254676
17319,8.36422513588836,51.9270354299951,substation,380000;220000;110000;10000,50,Umspannwerk Blankenhagen,Amprion,,,,,,SRID=4326;POINT(8.36422513588836 51.9270354299951),Amprion,-18.694662791376487
17348,9.14525357283077,52.8532865542102,substation,220000;110000,50,Wechold,TenneT TSO GmbH;Avacon AG,,,,,,SRID=4326;POINT(9.14525357283077 52.8532865542102),TenneT,-0.8312523369939822
17467,10.0604130936781,54.3488018103611,substation,220000;110000,50,Umspannwerk Kiel West,TenneT,,,,,,SRID=4326;POINT(10.0604130936781 54.3488018103611),50Hertz,56.939368971808385
17498,7.02355531608379,50.9990243352449,substation,220000,50,Station Dünnwald,,,,,,,SRID=4326;POINT(7.02355531608379 50.9990243352449),Amprion,-12.520225296155825
17511,14.4719257134627,51.5537450011006,substation,380000;110000,50,Graustein,50Hertz_Transmission;enviaM,GRS,,,,,SRID=4326;POINT(14.4719257134627 51.5537450011006),50Hertz,70.48445219432261
17614,13.1570839491827,51.8284536372352,substation,380000,50,Umspannwerk Schönewalde,50Hertz,,,,,,SRID=4326;POINT(13.1570839491827 51.8284536372352),50Hertz,10.484736073223242
17627,9.14530446159731,52.2049661331425,sub_station,110000,50,Westendorf,EON_Westfalen_Weser,,,,,,SRID=4326;POINT(9.14530446159731 52.2049661331425),TenneT,-7.047349866255663
17632,12.1677595374271,49.6467726675772,substation,110000,50,Umspannwerk Weiden,E.ON Netz GmbH,,,,,,SRID=4326;POINT(12.1677595374271 49.6467726675772),50Hertz,-10.300064709185998
17701,9.74619344386414,50.9168529888981,substation,380000;110000,50,Mecklar,EON_Netz,,,,,,SRID=4326;POINT(9.74619344386414 50.9168529888981),TenneT,-3.7383728063587025
17739,6.53177546673346,50.3900695468726,substation,380000;110000,,Station Dahlem,Amprion; Westnetz,,,,,,SRID=4326;POINT(6.53177546673346 50.3900695468726),Amprion,45.561746897870776
17814,8.30806397038004,52.3456216256355,substation,380000;220000;110000,50,Wehrendorf,Amprion,,,,,,SRID=4326;POINT(8.30806397038004 52.3456216256355),Amprion,-14.01051378701558
17905,10.8409361207181,48.2379249509995,substation,380000;220000;110000,50,Umspannwerk Oberottmarshausen,Lech-Elektrizitätswerke,173A,,,,,SRID=4326;POINT(10.8409361207181 48.2379249509995),TenneT,-15.308183050020185
18108,12.1870420174299,53.8158258984951,substation,380000;220000,50,Güstrow,50Hertz,,,,,,SRID=4326;POINT(12.1870420174299 53.8158258984951),50Hertz,54.565874226097876
18114,6.74124199044949,51.5130747832637,substation,380000;220000;110000,50,,ThyssenKrupp,,,,,,SRID=4326;POINT(6.74124199044949 51.5130747832637),Amprion,-16.062346264707703
18203,7.29690722031767,53.5330285207248,substation,110000,50,Marienhafe,EON_Netz,,,,,,SRID=4326;POINT(7.29690722031767 53.5330285207248),Amprion,57.42781299028824
18381,8.12069306297629,48.705321435972,substation,220000;110000,50,Umspannwerk Bühl,EnBW,,,,,,SRID=4326;POINT(8.12069306297629 48.705321435972),TransnetBW,-0.16728025620568232
18542,7.22423568177577,53.3499511230945,substation,220000;110000,50,Emden-Borßum,TenneT;EON_Netz,EMDB,,,,,SRID=4326;POINT(7.22423568177577 53.3499511230945),Amprion,4.0867763959045025
18594,8.4969155546084,49.2219301497986,substation,110000;15000,16.7,Unterwerk Wiesental,DB Energie GmbH,,,,,,SRID=4326;POINT(8.4969155546084 49.2219301497986),TransnetBW,-2.5278585887373914
18618,7.31712785521868,53.1282300130834,substation,110000,50,Stapelmoor,EWE,STAP,,,,,SRID=4326;POINT(7.31712785521868 53.1282300130834),Amprion,-1.7100022014658212
18642,6.74539433981265,51.4986616754736,substation,220000,,,,,,,,,SRID=4326;POINT(6.74539433981265 51.4986616754736),Amprion,-15.926308613235932
18691,6.81367542989554,49.7248084788809,substation,380000;110000,50,Station Osburg,Amprion; Westnetz,,,,,,SRID=4326;POINT(6.81367542989554 49.7248084788809),Amprion,-2.212273516469594
18760,8.85635917364785,52.0346220584631,substation,110000,50,,,,,,,,SRID=4326;POINT(8.85635917364785 52.0346220584631),TenneT,-11.499707722980341
18824,9.04558352922656,48.9028275892036,substation,380000;220000;110000,50,380kV-Umspannwerk Pulverdingen,EnBW Transportnetze AG,,,,,,SRID=4326;POINT(9.04558352922656 48.9028275892036),TransnetBW,-4.459958122417715
18888,7.20855834781873,51.5611231822603,station,110000,50,Station Recklinghausen,RWE,,,,,,SRID=4326;POINT(7.20855834781873 51.5611231822603),Amprion,-21.933609182368617
18962,13.5141319295928,52.4846533413973,substation,110000,50,Umspannwerk Trautenauer Straße,Stromnetz Berlin,,,,,,SRID=4326;POINT(13.5141319295928 52.4846533413973),50Hertz,7.87980926776058
18967,8.5386920066933,49.386005322072,substation,110000,50,Umspannwerk Brühl,EnBW,,,,,,SRID=4326;POINT(8.5386920066933 49.386005322072),Amprion,-3.138077545606592
19088,13.4431581653011,52.5176969628457,substation,10000;750,,U-Bahn Gleichrichterwerk Weberwiese,Berliner Verkehrsbetriebe,,,,,,SRID=4326;POINT(13.4431581653011 52.5176969628457),50Hertz,7.132083411941299
19154,7.19511693546842,52.8699045345646,substation,380000;110000,50,Niederlangen,TenneT,NLAN,,,,,SRID=4326;POINT(7.19511693546842 52.8699045345646),Amprion,-8.335878710003284
19177,8.29900235698834,48.9743373044997,substation,110000,50,110kV-Umspannwerk Forchheim,,,,,,,SRID=4326;POINT(8.29900235698834 48.9743373044997),TransnetBW,-1.3181863326164187
19193,8.04859694251943,47.5517010412919,substation,380000;220000,50,Laufenburg,,,,,,,SRID=4326;POINT(8.04859694251943 47.5517010412919),TransnetBW,50.984434114678415
19225,10.1174968226604,48.8970343515789,substation,380000;220000;110000,,Umspannwerk Goldshöfe,EnBW,,,,,,SRID=4326;POINT(10.1174968226604 48.8970343515789),TransnetBW,-11.68150484199724
19255,7.01282481004237,50.6177866237957,substation,220000;110000,50,Station Meckenheim,Westnetz (RWE),,,,,,SRID=4326;POINT(7.01282481004237 50.6177866237957),Amprion,-8.184643002926098
19295,9.2280724945545,51.8124169896607,substation,380000;110000,,Vörden,transpower,,,,,,SRID=4326;POINT(9.2280724945545 51.8124169896607),TenneT,-8.339193010942171
19530,6.81213749497652,51.5196177643219,substation,220000;110000,50,Station Handbach,Amprion,,,,,,SRID=4326;POINT(6.81213749497652 51.5196177643219),Amprion,-16.876694394365252
19523,10.3219379845601,47.6829663148776,substation,220000,50,Schaltwerk Kempten,,,,,,,SRID=4326;POINT(10.3219379845601 47.6829663148776),TransnetBW,43.228932833294955
19781,7.72438959855813,51.4093614295578,substation,220000;110000,50,Umspannwerk Bixterheide,Amprion,,,,,,SRID=4326;POINT(7.72438959855813 51.4093614295578),Amprion,-24.979775572506792
19803,13.2312388958495,52.5394076648605,substation,110000,50,Umspannwerk Uklei,Vattenfall Europe AG,,,,,,SRID=4326;POINT(13.2312388958495 52.5394076648605),50Hertz,5.853192895996919
19954,8.95181560351669,48.7424807524249,substation,110000,50,Netze BW Umspannwerk Magstadt,Netze BW,,,,,,SRID=4326;POINT(8.95181560351669 48.7424807524249),TransnetBW,-3.7672810260330927
20117,14.9465238329262,51.0625934819444,substation,380000;110000,50,Umspannwerk Hagenwerder,50Hertz,HGW,,,,,SRID=4326;POINT(14.9465238329262 51.0625934819444),50Hertz,60.68620606568301
20220,12.1301723855397,47.9131911238412,substation,220000,,Umspannwerk Marienberg,"Tennet TSO GmbH, E.ON Netz GmbH",,,,,,SRID=4326;POINT(12.1301723855397 47.9131911238412),50Hertz,36.61900381315429
20705,6.5385445265955,49.8553421239916,sub_station,110000,,Station Welschbillig,Westnetz,,,,,,SRID=4326;POINT(6.5385445265955 49.8553421239916),Amprion,46.85308301107642
20890,6.72369716617659,51.355694573619,substation,220000;110000,50,Station Mündelheim,RWE,,,,,,SRID=4326;POINT(6.72369716617659 51.355694573619),Amprion,-13.78809081992961
20897,6.72031079656384,51.3915332301309,substation,220000,,Station Rheinhausen,Amprion,,,,,,SRID=4326;POINT(6.72031079656384 51.3915332301309),Amprion,-14.258851031827223
21049,11.8108074888515,50.1837765401381,substation,380000;220000;110000,50,Umspannwerk Mechlenreuth,TenneT TSO GmbH;E.ON Netz GmbH,MH,,,,,SRID=4326;POINT(11.8108074888515 50.1837765401381),50Hertz,-3.627468769426228
21171,7.98513585397006,50.8422318469718,substation,220000;110000,50,Station Eiserfeld,Amprion,,,,,,SRID=4326;POINT(7.98513585397006 50.8422318469718),Amprion,-19.767281127337796
21198,6.76606698005215,49.360076370276,substation,220000;110000,50,Station Saarwellingen,Amprion,,,,,,SRID=4326;POINT(6.76606698005215 49.360076370276),Amprion,-0.49262532313813345
21884,7.04940254090013,49.3447125433596,station,,,,,,,,,,SRID=4326;POINT(7.04940254090013 49.3447125433596),Amprion,-0.8925658411230444
22008,7.03129825537841,49.3308467884624,substation,220000;110000,,,,,,,,,SRID=4326;POINT(7.03129825537841 49.3308467884624),Amprion,-0.7917829378397627
22213,7.2060159395765,53.3412653722452,substation,220000;110000,,Umspannwerk Kraftwerk Emden,,EMDE,,,,,SRID=4326;POINT(7.2060159395765 53.3412653722452),Amprion,3.819888416606087
22282,12.1741304519572,54.1615406822138,substation,400000,,Kabelüberwachungsstation HGÜ Kontek,,,,,,,SRID=4326;POINT(12.1741304519572 54.1615406822138),50Hertz,53.62844419036552
22571,7.13423204830097,50.8073629533151,sub_station,,,,,,,,,,SRID=4326;POINT(7.13423204830097 50.8073629533151),Amprion,-11.797954938494488
22692,9.13271733400975,49.2395372246099,substation,110000,50,Station Wimpfen,RWE,,,,,,SRID=4326;POINT(9.13271733400975 49.2395372246099),TransnetBW,-4.832415222131678
22993,7.40354443263153,51.6444494890018,substation,380000,50,Station Lippe,RWE,,,,,,SRID=4326;POINT(7.40354443263153 51.6444494890018),Amprion,-24.166926665839387
23178,7.11679257847347,50.807021653929,substation,,,,Stadtwerke Troisdorf,,,,,,SRID=4326;POINT(7.11679257847347 50.807021653929),Amprion,-11.534500407717385
23442,7.95921956532926,47.5783599699372,plant,,,Kavernenkraftwerk Säckingen,Schluchseewerk AG,,,,,,SRID=4326;POINT(7.95921956532926 47.5783599699372),TransnetBW,51.05914520841575
23488,10.6415011414879,53.9191079684965,substation,220000;110000;30000,50,Lübeck,TenneT;Schleswig-Holstein Netz,,,,,,SRID=4326;POINT(10.6415011414879 53.9191079684965),50Hertz,60.00205651420309
23550,7.45130171454935,51.4130023613852,plant,,,Koepchenwerk,RWE Power AG,,,,,,SRID=4326;POINT(7.45130171454935 51.4130023613852),Amprion,-23.37793022966617
23608,7.93815712118359,51.0106958747989,substation,220000;110000,50,Station Altenkleusheim,RWE,,,,,,SRID=4326;POINT(7.93815712118359 51.0106958747989),Amprion,-21.872095947326493
23711,9.23493562375167,53.9168334545263,substation,380000;320000;250000,50;0,Konverterstation Büttel,,,,,,,SRID=4326;POINT(9.23493562375167 53.9168334545263),TenneT,63.298217698340444
23874,13.7095318569489,52.5398286734852,substation,380000;220000;110000,50,Neuenhagen,50Hertz Transmission GmbH,NHG TCC,,,,,SRID=4326;POINT(13.7095318569489 52.5398286734852),50Hertz,57.019503785914125
23954,7.32428203604725,51.621387925642,substation,220000,50,Rheinzink,,,,,,,SRID=4326;POINT(7.32428203604725 51.621387925642),Amprion,-23.448253542522977
24254,9.09181851974764,49.2947261816589,substation,380000;220000;110000,50,Umspannwerk Hüffenhardt,,,,,,,SRID=4326;POINT(9.09181851974764 49.2947261816589),TransnetBW,-4.60495845584709
24288,9.69459398163278,49.2324914822377,substation,380000;110000,50,Umspannwerk Kupferzell,EnBW,,,,,,SRID=4326;POINT(9.69459398163278 49.2324914822377),TransnetBW,-8.216758351837314
24664,8.41938493943566,49.6337976668968,substation,380000;220000,50,Station Bürstadt,RWE,,,,,,SRID=4326;POINT(8.41938493943566 49.6337976668968),Amprion,-4.274581172151764
24704,6.96734279170469,51.4908672760057,substation,220000,50,LMG,,,,,,,SRID=4326;POINT(6.96734279170469 51.4908672760057),Amprion,-18.34962730829928
24995,6.70228727974128,49.828994204827,substation,220000;110000,50,Station Quint,Amprion; Westnetz,,,,,,SRID=4326;POINT(6.70228727974128 49.828994204827),Amprion,-2.285832975705336
25190,7.25561044527564,51.4900204782344,substation,110000,,Station Elbestraße,RWE,,,,,,SRID=4326;POINT(7.25561044527564 51.4900204782344),Amprion,-21.915193807990324
25292,8.12215671538818,53.5658316626273,substation,220000,50,Atlantic,,,,,,,SRID=4326;POINT(8.12215671538818 53.5658316626273),Amprion,60.57401857134559
25343,14.2192782027181,51.1206661514501,substation,380000;110000,,Umspannwerk Schmölln,50Hertz;ENSO,,,,,,SRID=4326;POINT(14.2192782027181 51.1206661514501),50Hertz,66.72466673248525
25539,9.92380225520108,51.8975528192857,substation,220000,50,Erzhausen,,,,,,,SRID=4326;POINT(9.92380225520108 51.8975528192857),TenneT,-2.120885346798202
26335,9.56708381164851,51.3252377548176,substation,220000;110000,50,Sandershausen,TenneT,,,,,,SRID=4326;POINT(9.56708381164851 51.3252377548176),TenneT,-5.473025797667084
26525,13.0025690963871,50.8659701797538,substation,220000;110000,50,Niederwiesa,eins-Energie,Nws,,,,,SRID=4326;POINT(13.0025690963871 50.8659701797538),50Hertz,5.205541412491572
27947,7.31133817564833,53.1257707770975,substation,380000;150000;110000,50;0,Diele,TenneT;EON_Netz,DIEL,,,,,SRID=4326;POINT(7.31133817564833 53.1257707770975),Amprion,-1.7856302794029393
29344,7.81575705280167,49.9220895360765,substation,380000;110000,,Umspannwerk Waldlaubersheim,RWE,,,,,,SRID=4326;POINT(7.81575705280167 49.9220895360765),Amprion,-7.128429659970108
29888,7.46131749383219,49.4101888153078,substation,,,,,,,,,,SRID=4326;POINT(7.46131749383219 49.4101888153078),Amprion,-1.9950635116330524
29961,8.35462625732575,51.3544778306094,station,,,Station Bestwig,Westnetz,,,,,,SRID=4326;POINT(8.35462625732575 51.3544778306094),Amprion,-21.19015576439466
30069,7.27718346941648,52.7532334427173,substation,380000;110000,50,Meppen,TenneT,MEPP,,,,,SRID=4326;POINT(7.27718346941648 52.7532334427173),Amprion,-10.94865453275856
30245,8.62319820898094,49.3566712908695,substation,380000;220000,50,Umspannwerk Neurott,EnBW,,,,,,SRID=4326;POINT(8.62319820898094 49.3566712908695),Amprion,-3.200259351426551
32236,9.49768906298036,53.6395187511948,substation,220000,50,DOW,,,,,,,SRID=4326;POINT(9.49768906298036 53.6395187511948),TenneT,62.17084173967935
32873,9.07488433108084,52.1701627020749,substation,110000,50,Umspannwerk Rinteln-Süd,WestfalenWeser Netz,,,,,,SRID=4326;POINT(9.07488433108084 52.1701627020749),TenneT,-7.993451224640333
33725,7.41509976481025,52.0239113312042,substation,110000,,,,,,,,,SRID=4326;POINT(7.41509976481025 52.0239113312042),Amprion,-22.900541986846708
33921,8.0181674172051,49.8154662345685,sub_station,110000,50,,AMPRION,,,,,,SRID=4326;POINT(8.0181674172051 49.8154662345685),Amprion,-6.035921229038655
34736,8.56214041235534,49.1329599011574,substation,380000;110000,50,Umspannwerk Bruchsal-Kändelweg,EnBW;TransnetBW;NetzeBW,,,,,,SRID=4326;POINT(8.56214041235534 49.1329599011574),TransnetBW,-2.486131733034629
36438,9.38777953653319,51.6407781055605,substation,380000;220000;110000,,Umspannanlage Würgassen,Tennet TSO,,,,,,SRID=4326;POINT(9.38777953653319 51.6407781055605),TenneT,-7.05176395163369
43989,13.143534071931,53.9081231963333,substation,380000;110000,50,Siedenbrünzow,50Hertz Transmission GmbH,,,,,,SRID=4326;POINT(13.143534071931 53.9081231963333),50Hertz,52.529549271615444
45702,10.6123957060974,48.0313556047632,plant,,,Solarpark,,,,,,,SRID=4326;POINT(10.6123957060974 48.0313556047632),TransnetBW,37.27734571194436
112020,13.5164494490386,52.6186499651463,joint,380000;380000;380000,50;50;50,520;518;520;518,50Hertz,520,,,,,SRID=4326;POINT(13.5164494490386 52.6186499651463),50Hertz,6.494411495093139
112022,13.5148195457871,52.6207600544191,joint,380000;380000;380000,50;50,517;518;518;517,Vattenfall_Europe_Transmission,517;518,,,,,SRID=4326;POINT(13.5148195457871 52.6207600544191),50Hertz,6.467805978187524
112037,13.2892739578484,52.7012627542122,joint,220000;220000;110000;110000,50;50;16.7;16.7,293;294;293;294;Priort - Karow 1+2;Priort - Karow,50Hertz,293;294,,,,,SRID=4326;POINT(13.2892739578484 52.7012627542122),50Hertz,5.017534514855507
112044,13.2086783681986,52.6796245910322,joint,220000;220000;220000,50;50;50,295;294; 295;294,50Hertz Transmission,295,,,,,SRID=4326;POINT(13.2086783681986 52.6796245910322),50Hertz,4.877863699825644
112078,8.80560989827336,50.3471899924868,joint,380000;380000;110000;110000;110000,,,,Leitung 3023,,,,,SRID=4326;POINT(8.80560989827336 50.3471899924868),TenneT,-8.518535758771057
112111,9.45870783720494,53.8645210451315,joint,220000;380000;380000;220000,50;50;50,202A;307;307;202A,TenneT,,,,,,SRID=4326;POINT(9.45870783720494 53.8645210451315),TenneT,63.0868100155527
112161,6.98049006928222,50.7952649799725,joint,380000;110000;380000;110000,50;50;50,380 kV Siegtal Nord|Süd;110 kV Stockem Ost;380 kV Siegtal Nord|Süd; 110 kV Stockem Ost,RWE,4511,,,,,SRID=4326;POINT(6.98049006928222 50.7952649799725),Amprion,-9.454350674850303
112278,8.6029936282988,50.1094959549091,joint,380000;380000;110000;110000,50;50;16.7;16.7,380 kV 3011; 110 kV Bahnstrom Höchst-Friedberg; Höchst-Rödelheim,TenneT,554,,,,,SRID=4326;POINT(8.6029936282988 50.1094959549091),Amprion,-7.600720922269312
112294,10.4540731520335,53.4174580824576,joint,380000;380000;110000;110000,50;50;50,Krümmel - Görries;Krümmel - Görries,50Hertz Transmission,304;167,,,,,SRID=4326;POINT(10.4540731520335 53.4174580824576),50Hertz,9.512392245416779
112358,6.63378636335463,51.4965098471317,joint,220000;110000;380000;380000;220000;110000,50;50;50;50,380kV Lohheide West+Zensenbusch Süd;380kV Lohheide West+Zensenbusch Süd,RWE,4537,,,,,SRID=4326;POINT(6.63378636335463 51.4965098471317),Amprion,-14.873040363685014
112576,8.42338968062059,53.2315016435464,joint,380000;380000;380000,50;50;50,307,TenneT,301,,,,,SRID=4326;POINT(8.42338968062059 53.2315016435464),Amprion,4.361527552974771
112454,11.8150909658982,48.222739491945,joint,220000;220000,50,Neufinsing - Zolling;Oberbachern - Neufinsing,TenneT TSO GmbH,258,,,,,SRID=4326;POINT(11.8150909658982 48.222739491945),50Hertz,-17.314926948310585
112469,10.7026694203311,52.3633673563834,joint,110000;380000;110000;380000,50;50;50,"Leitung 1818 (System 120,123);Leitung 3023 - Leitung 1818;Leitung 3023",EON_Netz,120;123,,,,,SRID=4326;POINT(10.7026694203311 52.3633673563834),TenneT,2.286712067489212
112518,7.42857323643065,51.4573758688246,joint,380000;380000;220000;220000,50;50;50,,RWE,4316,,,,,SRID=4326;POINT(7.42857323643065 51.4573758688246),Amprion,-23.492065876104775
112538,6.75730714037234,51.568737768986,joint,220000;110000;220000;110000;110000,,110kV Hamborn West+Lohberg Ltg,RWE,4182,,,,,SRID=4326;POINT(6.75730714037234 51.568737768986),Amprion,-16.869295192888305
112652,9.93003113940577,49.5727678758398,joint,380000;110000;110000;380000,,Grafenrheinfeld - Kupferzell;Grafenrheinfeld - Kupferzell,Energieversorgung Schwaben AG,348,,,,,SRID=4326;POINT(9.93003113940577 49.5727678758398),TenneT,-7.6055918403387555
112659,10.1899824722208,49.9790214611963,joint,380000;220000;380000;380000;220000,,Grafenrheinfeld - Raitersaich;Bergrheinfeld - Raitersaich,TenneT TSO GmbH,433;434;278,,,,,SRID=4326;POINT(10.1899824722208 49.9790214611963),TenneT,-4.014471082973957
112734,6.71453808020082,51.0050142870708,joint,220000;220000;220000,50;50;50,220 kV Niederaußem 5e;220 kV Frixheim Süd; Niederaußem 5e;220 kV Frixheim Süd,RWE,2357,,,,,SRID=4326;POINT(6.71453808020082 51.0050142870708),Amprion,-8.787616084416491
112752,7.83143009177938,51.753842257322,joint,380000;380000;380000;380000,50,380kV Uentrop Nord;380kV Gersteinwerk Ost+Gütersloh Süd;380kV Gersteinwerk Ost,RWE,4307,,,,,SRID=4326;POINT(7.83143009177938 51.753842257322),Amprion,-24.783683413938213
112815,6.89868768287973,51.49502918955,joint,220000;220000;220000;110000,,220kV Osterfeld West,RWE,4184,,,,,SRID=4326;POINT(6.89868768287973 51.49502918955),Amprion,-17.566268420127166
112835,7.01128952745049,51.6259004938275,joint,220000;380000;380000;220000,,220kV Scholven D+E;380kV Scholven B;Scholven B+D+E,RWE,4565,,,,,SRID=4326;POINT(7.01128952745049 51.6259004938275),Amprion,-20.182409524829904
112843,7.0522095852727,51.6554570927607,joint,220000;220000,,220kV Polsum Süd+Scholven D;220kV Polsum Süd+Scholven D,RWE,2646,,,,,SRID=4326;POINT(7.0522095852727 51.6554570927607),Amprion,-20.84906480932592
112900,6.84952531283114,51.1894514645107,joint,110000;220000;110000;220000;110000,,,RWE,2355,,,,,SRID=4326;POINT(6.84952531283114 51.1894514645107),Amprion,-12.777066596574965
112988,8.62656461287034,51.9061874834157,joint,220000;380000;110000;380000;220000;110000,,,Tennet,2812,,,,,SRID=4326;POINT(8.62656461287034 51.9061874834157),Amprion,-15.507438198104984
113112,10.7147221164981,48.0242416522204,joint,220000;110000;110000;220000;110000,,,Lechwerke,,,,,,SRID=4326;POINT(10.7147221164981 48.0242416522204),TenneT,36.74780918282597
113201,9.77459034573439,52.5706143615772,joint,220000;110000;110000;220000;110000,50;50;50,Leitung 2008;Leitung 2008,TenneT;EON_Netz,2008,,,,,SRID=4326;POINT(9.77459034573439 52.5706143615772),TenneT,-0.79563945976256
113301,9.40777776234026,48.6694709750749,joint,380000;380000;110000;380000;110000,,"AL1-BZW 1x 380 kV;AL1-BZW 380 kV, BZW-WDL/MEZ 380 kV, REI-WEN 110 kV, KIN-WEN 110 kV",Netze BW,,,,,,SRID=4326;POINT(9.40777776234026 48.6694709750749),TransnetBW,-6.900051921018415
113340,6.638092258006,51.2232811829376,joint,380000;220000;110000;110000;380000;220000;110000,50;50;50,110kV Büderich Nord+Kaarst Ost,RWE,4588,,,,,SRID=4326;POINT(6.638092258006 51.2232811829376),Amprion,-11.117906372187957
113577,12.2286014811905,49.9227230807646,joint,380000;220000;110000;110000;380000;220000;110000,,Etzenricht - Mechlenreuth - Redwitz;Mechlenreuth - Schwandorf;Windischeschenbach - Mitterteich;Arzberg - Waldsassen - Wiesau;Windischeschenbach - Mitterteich;Arzberg - Mitterteich;Etzenricht - Mechlenreuth - Redwitz;Mechlenreuth - Schwandorf;Arzberg - Waldsassen - Wiesau;Arzberg - Mitterteich,TenneT TSO GmbH;E.ON Netz GmbH,437;248;118;133,,,,,SRID=4326;POINT(12.2286014811905 49.9227230807646),50Hertz,-6.24435143579513
113626,11.8814635296546,53.0833091498259,joint,380000;220000;380000,50;50;50,"514;516,331,332;331,332;514;516",50Hertz_Transmission,514;516,,,,,SRID=4326;POINT(11.8814635296546 53.0833091498259),50Hertz,3.996337127743878
113853,12.2186639581915,54.1126099873513,joint,220000;220000;220000,50;50;50,317;275;276,50Hertz Transmission,317,,,,,SRID=4326;POINT(12.2186639581915 54.1126099873513),50Hertz,53.74032800303149
114212,6.66198474961773,51.0370275895329,joint,0;380000;380000;220000,50;50;50,380 kV Neurath 4d;380 kV Neurath 4d,RWE,4535,,,,,SRID=4326;POINT(6.66198474961773 51.0370275895329),Amprion,-8.748923001527782
114246,7.43969006773468,50.4050806613684,joint,220000;220000;110000;110000,50;50;50,110kV Plaidt Ost,RWE,4197,,,,,SRID=4326;POINT(7.43969006773468 50.4050806613684),Amprion,-11.122066935287506
114625,8.46534118405203,48.0409069864203,joint,380000;110000;110000;380000,,Donaueschingen blau,Energiedienst,,,,,,SRID=4326;POINT(8.46534118405203 48.0409069864203),TransnetBW,48.98878878139168
114630,6.72085359597429,51.0655209844171,joint,110000;380000;220000;110000,50;50,110 kV Gohr Ost|West;380 kV Knechtsteden West; St. Peter Süd; 220 kV Frixheim Nord|Süd; 110 kV Gohr Ost|West,RWE,0864,,,,,SRID=4326;POINT(6.72085359597429 51.0655209844171),Amprion,-9.631514220987203
114652,7.07416845323536,50.5936908899782,joint,380000;380000;380000,50;50;50,380 kV Liessem Ost; Weißenthurm Ost;380 kV Liessem Ost;Mittelrhein,RWE,4110,,,,,SRID=4326;POINT(7.07416845323536 50.5936908899782),Amprion,-8.756111111458758
114772,7.60418111839898,51.897144089017,joint,220000;380000;220000;380000;220000,,,Amprion,4307,,,,,SRID=4326;POINT(7.60418111839898 51.897144089017),Amprion,-24.219703871203443
114813,9.18480602735367,48.9221032708184,joint,110000;220000;110000,,"Anlage 203; HOHCK-PULVE;Anlage 313 ; HOHCK-PULVE, NWHEI-PULVE",,,,,,,SRID=4326;POINT(9.18480602735367 48.9221032708184),TransnetBW,-5.346556707055747
114820,9.20427242972901,48.9243379794108,joint,220000;220000;220000;110000,50,"Anlage 322 ; NWHEI-HOHCK, NWHEI-PULVE ( 2 x 220 kV);Anlage 313;Anlage 313 ; HOHCK-PULVE, NWHEI-PULVE",EVS,322,,,,,SRID=4326;POINT(9.20427242972901 48.9243379794108),TransnetBW,-5.475976417454186
114871,10.7602763133765,48.1042216433011,joint,380000;220000;110000;110000;380000;220000;110000,,Anlage 62101,Lechwerke,K12;O11;W6,,,,,SRID=4326;POINT(10.7602763133765 48.1042216433011),TenneT,35.491478584346254
114971,8.54926458267186,49.3608693830211,joint,110000;110000;110000,50;50;50,HOCKN-RHEIN;ALHIM-BRUHL,EnBW,,,,,,SRID=4326;POINT(8.54926458267186 49.3608693830211),Amprion,-3.0696720047707284
115159,7.47584977320329,51.6138250909337,joint,110000;110000;110000;220000;110000,,RWE 1790 Lünen - Weddinghofen;RWE 1790 Lünen - Weddinghofen,RWE,1790,,,,,SRID=4326;POINT(7.47584977320329 51.6138250909337),Amprion,-24.587568968919186
115171,6.61389829178493,51.4736192398131,joint,220000;220000;110000;220000,50;50;50,220kV Utfort West+Uerdingen West;220kV Utfort West;110 kV Kamp Nord+Süd;220kV Ürdingen West,RWE,2339,,,,,SRID=4326;POINT(6.61389829178493 51.4736192398131),Amprion,-14.419659088206405
115470,7.31295709492403,52.4699261417129,joint,110000;110000;110000,50;50;50,"110kV Rühle Ost,110kV Hanekenfähr-Holthausen;110-kV Emsbüren-Hanekenfähr;110-kV Nordhorn Nord;110kV Rühle Ost,110kV Hanekenfähr-Holthausen,110kV Rühle Ost,110kV Hanekenfähr-Holthausen",RWE AG,1566,,,,,SRID=4326;POINT(7.31295709492403 52.4699261417129),Amprion,-16.56159970590965
115475,7.13484794387859,51.416085540635,joint,380000;220000;220000;380000;220000,50,RWE 4516 Eiberg - Opladen;Itterbach Ost,RWE,4516,,,,,SRID=4326;POINT(7.13484794387859 51.416085540635),Amprion,-19.66965904607678
115596,7.67741097187665,51.3894973414747,joint,220000;110000,50,220kV Bixterheide Nord+Bigge Ost;110kV Iserlohn 1+2,RWE,,,,,,SRID=4326;POINT(7.67741097187665 51.3894973414747),Amprion,-24.73308536364368
115655,6.53964489787253,51.2969849478234,joint,220000;110000;220000;110000;220000;110000,50;50;50;50,220kV Fichtenhain West+Utfort West;110 kV Krefeld Ost,RWE,2388,,,,,SRID=4326;POINT(6.53964489787253 51.2969849478234),Amprion,37.330790518657096
115734,12.0975848919475,47.9288446912511,joint,220000;110000;220000;110000,,Neufinsing - Marienberg;Neufinsing - Ebersberg - Marienberg;Marienberg - Ebersberg - Mittergars;Neufinsing - Marienberg;Marienberg - Mittergars,TenneT TSO GmbH,250;251,,,,,SRID=4326;POINT(12.0975848919475 47.9288446912511),50Hertz,36.27465602663436
115742,7.60374426767631,51.3481142927638,joint,110000;220000,50,110kV Nachrodt Nord+Süd;220kV Bixterheide Nord+Bigge Ost,RWE,2306,,,,,SRID=4326;POINT(7.60374426767631 51.3481142927638),Amprion,-24.089114522695706
116007,7.87505335995456,47.6002661671729,joint,380000;380000;380000,50;50;50,Koppelleitung Laufenburg (CH) - Sierentz (F);Koppelleitung Laufenburg (CH) - Sierentz (F),,,,,,,SRID=4326;POINT(7.87505335995456 47.6002661671729),TransnetBW,51.12938782473497
116078,6.67156797706872,49.8964393514753,joint,220000;110000;220000;110000,50;50;50,220 kV Wengerohr; 110kV Idesheim Nord;110kV Idesheim Nord; 110kV Salmtal Süd;220 kV Wengerohr; 110 kV Salmtal Süd,Amprion,2409,,,,,SRID=4326;POINT(6.67156797706872 49.8964393514753),Amprion,-2.4177091118078025
117163,6.69982205887943,51.0031125767597,joint,220000;220000,50;50,220 kV Niederaußem 2b; Rommerskirchen Ost;220 kV Niederaußem 1a|2b,RWE,4522,,,,,SRID=4326;POINT(6.69982205887943 51.0031125767597),Amprion,-8.632969108717877
117472,8.42315216605947,49.6398211735743,joint,220000;220000;220000;220000,50;50;50;50,220 kV Rheinau Ost|West;220 kV Rheinau Ost|West;220 kV Rheinau West;220 kV Rheinau West,RWE,2327,,,,,SRID=4326;POINT(8.42315216605947 49.6398211735743),Amprion,-4.3120509706002
118079,9.02828545871078,49.373940772108,joint,110000;220000;110000,50,,RWE,,,,,,SRID=4326;POINT(9.02828545871078 49.373940772108),TenneT,-4.334507087085692
118323,7.81809639801719,49.8920114639902,joint,110000;110000;220000;110000,50;50;50,110 kV Kreuznach West;110 kV Kreuznach Ost|West;220 kV Windesheim;110 kV Kreuznach Ost|West,RWE,2327,,,,,SRID=4326;POINT(7.81809639801719 49.8920114639902),Amprion,-6.792654968472705
118335,7.50083955693457,50.3450396428239,joint,380000;380000;380000,50;50;50,,RWE,4512,,,,,SRID=4326;POINT(7.50083955693457 50.3450396428239),Amprion,-10.939033107934996
118366,8.34097751780324,49.6752934791918,joint,220000;110000;110000,50;50,220 kV Windesheim; 110 kV Rosengarten Ost|West,RWE,2327,,,,,SRID=4326;POINT(8.34097751780324 49.6752934791918),Amprion,-4.592431632367987
118369,8.2139249244145,49.7269691615034,joint,220000;110000;110000,50;50,220 kV Windesheim; 110 kV Rosengarten Ost|West,RWE,2327,,,,,SRID=4326;POINT(8.2139249244145 49.7269691615034),Amprion,-5.086887182337435
118370,8.10754427251238,49.7794425462754,joint,220000;110000;110000,50;50,220 kV Windesheim; 110 kV Rosengarten Ost|West,RWE,2327,,,,,SRID=4326;POINT(8.10754427251238 49.7794425462754),Amprion,-5.636701993839141
118393,7.08527243863083,51.4820207691552,joint,220000;110000;110000,,Gladbeck West+Gelsenkirchen Süd;110kV Katharina Ost+Zollverein Ost,RWE,2343,,,,,SRID=4326;POINT(7.08527243863083 51.4820207691552),Amprion,-19.740149103371213
118566,8.39247065668801,49.5677428507356,joint,380000;220000;220000;380000;220000,50;50;50,380 kV Bürstadt Ltg.; 220 kV Anilin 3c|4d; Roxheim Nord,RWE,4542,,,,,SRID=4326;POINT(8.39247065668801 49.5677428507356),Amprion,-3.867894502055245
118634,9.87966251159366,50.9900611866805,joint,110000;380000;380000;110000,50;50;50,1764 Waldkappel-Mecklar;3026 Mecklar - Vieselbach/Eisenach;3026 Mecklar - Vieselbach/Eisenach,EON_Mitte,1764,,,,,SRID=4326;POINT(9.87966251159366 50.9900611866805),TenneT,-2.938042955942601
118803,8.43110809537328,49.7059067789088,joint,380000;380000;380000;380000,50;50;50;50,380 kV Ried Ost|West;380 kV Ried Ost|West;380 kV Ried Ost|West,RWE,4591,,,,,SRID=4326;POINT(8.43110809537328 49.7059067789088),Amprion,-4.75054913518562
121824,7.81831684458792,49.9226523480746,joint,380000;380000,50,,RWE,4512,,,,,SRID=4326;POINT(7.81831684458792 49.9226523480746),Amprion,-7.137804711676955
123032,6.53552001375091,49.5948716432114,joint,110000;220000,50;50,110kV GusterathSüd; 110kV Merzig Ltg;220 kV Saar Nord,Westnetz,2326,,,,,SRID=4326;POINT(6.53552001375091 49.5948716432114),Amprion,47.73930808114545
125876,10.9996629635499,50.7893879666169,joint,110000;380000;380000;110000,16.7;50;16.7,"Eischleben-Wolfsberg;467, 468;380 kV 467; 468; 110 kV Bahnstrom Eischleben - Wolfsberg 1|2",DB Energie GmbH,346,,,,,SRID=4326;POINT(10.9996629635499 50.7893879666169),TenneT,0.8998386270574432
125877,11.0037839849157,50.8284139665324,joint,110000;380000;110000;380000,16.7;50;16.7,"Eischleben - Wolfsberg;380 kV 467; 468; 110 kV Bahnstrom Eischleben - Wolfsberg 1|2;467, 468",DB Energie GmbH,346,,,,,SRID=4326;POINT(11.0037839849157 50.8284139665324),TenneT,1.0559479549279072
131065,12.3249437292872,51.1950105809141,joint,220000;110000,50;50,,MITNETZ,,,,,,SRID=4326;POINT(12.3249437292872 51.1950105809141),50Hertz,3.4118575884350584
134014,9.98835987036985,53.7661313909231,merge,220000;110000;30000;11000;400,50,Hamburg Nord;Henstedt-Ulzburg Kirchweg 17b,TenneT;Schleswig-Holstein Netz AG,,,,,,SRID=4326;POINT(9.98835987036985 53.7661313909231),50Hertz,61.52869973253907
134274,13.8412077523003,50.9902383236964,merge,380000;110000,50,Trafo 104;Trafo 103;Umspannwerk DD-Süd,Vattenfall;ENSO Strom AG;DREWAG,,,,,,SRID=4326;POINT(13.8412077523003 50.9902383236964),50Hertz,62.83983468617296
134307,11.5043412470719,48.7621630126059,merge,380000;220000;110000,50,Kraftwerk Ingolstadt;Ingolstadt,EON,IN,,,,,SRID=4326;POINT(11.5043412470719 48.7621630126059),50Hertz,-20.544663357386916
134387,12.2149354780939,54.100274941625,merge,380000,50,HGÜ Kontek - Stromrichterhalle Bentwisch;Bentwisch HGÜ,50Hertz Transmission,,,,,,SRID=4326;POINT(12.2149354780939 54.100274941625),50Hertz,53.7975596620418
134715,7.59314766923992,50.3860134235266,merge,380000;110000,,Station Koblenz,RWE,,,,,,SRID=4326;POINT(7.59314766923992 50.3860134235266),Amprion,-12.121774102024009
134792,7.74598409207034,52.2877355614491,merge,220000;110000,,RWE Power AG Kraftwerk Ibbenbüren;Kraftwerkschaltanlage Ibbenbüren;RAG 110KV,,,,,,,SRID=4326;POINT(7.74598409207034 52.2877355614491),Amprion,-18.991298813640064
134861,10.9773774890861,52.1690451876138,merge,,,Kraftwerk Buschhaus,E.ON Kraftwerke GmbH,,,,,,SRID=4326;POINT(10.9773774890861 52.1690451876138),TenneT,2.4878683410857487
140524,11.7832109116846,48.446818592387,joint,20000;110000;20000;110000;110000;220000,50;50,,E.ON Netz GmbH,Leitung Haidberg,,,,,SRID=4326;POINT(11.7832109116846 48.446818592387),50Hertz,-19.506861275535755
141179,9.20773372385844,49.0316972706774,joint,110000;220000;220000,16.7;50,Nord-Süd-Leitung RWE,DB_Energie,4507,,,,,SRID=4326;POINT(9.20773372385844 49.0316972706774),TransnetBW,-5.44060591907847
141184,8.75287369853368,53.4703921999954,joint,380000;110000;110000;110000;380000,50;50;50;50;50,3103 Dollern-(Niedervieland/Unterweser)-Alfstedt;2152 Alfstedt - Surheide;Farge - Bexhövede;Alfstedt - Surheide;Bexhövede - Surheide;3103 Dollern-(Niedervieland/Unterweser)-Alfstedt,TenneT,3103,,,,,SRID=4326;POINT(8.75287369853368 53.4703921999954),Amprion,10.970211786812685
141288,11.5659524184474,49.039205327539,joint,220000;220000;220000,50,Ludersheim - Sittling;Ludersheim - Sittling;LU SIT,TenneT TSO GmbH,221,,,,,SRID=4326;POINT(11.5659524184474 49.039205327539),50Hertz,-19.203592391280885
141777,8.27481959756044,49.0173790048513,joint,380000;220000,50,,,,,,,,SRID=4326;POINT(8.27481959756044 49.0173790048513),TransnetBW,-1.370515318233986
141844,8.61917405719393,48.0640737058079,joint,380000;20000,,ENGST-TRSNG 1x 380 kV,EnBW,308,,,,,SRID=4326;POINT(8.61917405719393 48.0640737058079),TransnetBW,48.365256235825
142223,6.61129676579921,49.4855211766337,joint,220000;110000;20000;20000,50,220 kV Saar Nord | 110kV Merzig Ltg.,Amprion,,,,,,SRID=4326;POINT(6.61129676579921 49.4855211766337),Amprion,-0.7712332612845412
142307,12.8939821496887,48.7325601575412,joint,380000;220000,,Pleinting - Plattling - Schwandorf,TenneT TSO GmbH,465;226,,,,,SRID=4326;POINT(12.8939821496887 48.7325601575412),50Hertz,-13.578829235408731
142507,6.62593827859717,51.4234362502387,joint,380000;220000,50,,RWE,4577,,,,,SRID=4326;POINT(6.62593827859717 51.4234362502387),Amprion,-13.853955487139007
143042,9.12186794673035,49.0661310997959,joint,380000,,,,Anlage 317,,,,,SRID=4326;POINT(9.12186794673035 49.0661310997959),TransnetBW,-4.898822630755026
143086,11.0757441826476,50.5776001114399,joint,20000;20000;380000;20000,50,,50Hertz Transmission GmbH,463;464,,,,,SRID=4326;POINT(11.0757441826476 50.5776001114399),TenneT,-0.16596631949787444
143494,8.01904741401554,49.816167665122,joint,220000;110000;110000;220000;110000,50;50;50,220 kV Windesheim; 110 kV Rosengarten Ost|West;220 kV Windesheim; 110 kV Rosengarten Ost|West,RWE,2327,,,,,SRID=4326;POINT(8.01904741401554 49.816167665122),Amprion,-6.042915045010652
143946,8.50868065979763,50.0333711187429,joint,220000;220000;220000;110000;220000;220000,,220 kV;220 kV;220 kV;110 kV;220 kV,,,,,,,SRID=4326;POINT(8.50868065979763 50.0333711187429),Amprion,-7.278601485126323
112109,9.63540708241195,53.6356379436703,joint,380000;110000;110000;380000,50;16.7;16.7;50,380 kV 307 UW Wilster - UW Dollern; 110 kV Bahnstrom Nenndorf - Neumünster 1|2;Nenndorf - Neumünster;307,TenneT,307,,,,,SRID=4326;POINT(9.63540708241195 53.6356379436703),TenneT,61.826126198702504
112112,9.50637118853892,53.5423429695029,joint,220000;380000;380000;380000,50;50;50,3105;3105;3105,TenneT,,,,,,SRID=4326;POINT(9.50637118853892 53.5423429695029),TenneT,60.92395172058436
112123,8.01957037027646,52.2525947510695,joint,110000;220000;110000;220000;110000,50;50;50,,RWE,0930,,,,,SRID=4326;POINT(8.01957037027646 52.2525947510695),Amprion,-17.931958753756906
112145,6.96429901426431,51.0643006815507,joint,220000;220000;220000;0,50;50;50,220 kV Niederaußem 4d; Wiesdorf Ltg.;220 kV Niederaußem 4d; Stommeln Nord; Wiesdorf Ltg.;220 kV Stommeln Nord,RWE,2429,,,,,SRID=4326;POINT(6.96429901426431 51.0643006815507),Amprion,-12.537521360641083
112240,13.8525578855161,50.9870264911628,joint,380000;380000;380000,,Schmölln - Dresden Süd - Röhrsdorf;Schmölln - Dresden-Süd - Röhrsdorf,50Hertz Transmission,591;592,,,,,SRID=4326;POINT(13.8525578855161 50.9870264911628),50Hertz,62.8617376597176
112271,10.1676086724284,53.5587348554912,joint,380000;110000;380000;110000,50;50;50,Hamburg/Ost - Hamburg/Nord;Hamburg/Ost - Hamburg/Nord,50Hertz,NB1;NB2;961;962,,,,,SRID=4326;POINT(10.1676086724284 53.5587348554912),50Hertz,60.85839826150621
112413,12.1171522649608,51.5115855435674,joint,380000;380000;380000,50;50;50,503;504 Ragow-Streumen-Bad Lauchstädt;504;503,50Hertz,503;504,,,,,SRID=4326;POINT(12.1171522649608 51.5115855435674),50Hertz,3.3655452837648454
112456,11.8213669557992,48.2257314379526,joint,220000;220000;110000;110000,,Neufinsing - Zolling;Neufinsing - Zolling;Neufinsing - Wörth;Neufinsing - Wörth - Stollnkirchen;Neufinsing - Wörth;Neufinsing - Wörth - Stollnkirchen,TenneT TSO GmbH,258,,,,,SRID=4326;POINT(11.8213669557992 48.2257314379526),50Hertz,-17.338268101536002
112519,7.42537092210582,51.4563314431164,joint,110000;220000;220000;110000,50;50;50,110kV Hörde-Kruckel Nord+Süd,RWE,2673,,,,,SRID=4326;POINT(7.42537092210582 51.4563314431164),Amprion,-23.455021497175682
112623,8.6332929943484,52.0028683749861,joint,220000;220000;220000,50;50;50,,E.ON Westfalen Weser,,,,,,SRID=4326;POINT(8.6332929943484 52.0028683749861),Amprion,-14.572691763095541
112764,7.09969695664252,51.4821947531063,joint,380000;220000;380000;220000;110000;220000;110000;110000,,Gladbeck West+Gelsenkirchen Süd;110kV Gelsenkirchen Süd,RWE,4546,,,,,SRID=4326;POINT(7.09969695664252 51.4821947531063),Amprion,-19.925590974926507
112822,7.01992566109743,51.564976875865,joint,110000;220000;220000;110000,,110kV Hugo Ost+West;220kV Buer Süd+Scholven E,RWE,0219,,,,,SRID=4326;POINT(7.01992566109743 51.564976875865),Amprion,-19.759001604687764
112870,9.77606331330576,53.6975393850698,joint,220000;220000;110000;220000;110000,50;50;50,,TenneT,316,,,,,SRID=4326;POINT(9.77606331330576 53.6975393850698),TenneT,61.94726359025765
112873,7.12125742177668,51.4510951846754,joint,380000;220000;380000;220000,50;50;50,380kV Oerkhaus West+Weitmar West;220kV Bochum West+Herne 1A,RWE,4546,,,,,SRID=4326;POINT(7.12125742177668 51.4510951846754),Amprion,-19.875197669697805
113010,9.09449425959082,50.1187688690083,joint,380000;380000;380000,,"Aschaffenburg - Großkrotzenburg;Großkrotzenburg - Grafenrheinfeld;AS GKRO;GKRO GR I;DIP GKB I, II",TenneT TSO GmbH,412;417,,,,,SRID=4326;POINT(9.09449425959082 50.1187688690083),TenneT,-5.577528640241747
113026,6.21937268187571,50.9433714827204,joint,380000;110000;380000;110000;380000,50;50;50,,RWE,4529,,,,,SRID=4326;POINT(6.21937268187571 50.9433714827204),Amprion,42.28777568252097
113269,10.3256409260314,52.845957973957,joint,110000;110000;110000,50;50;50,Leitung 1084,EON_Netz,Leitung 1029,,,,,SRID=4326;POINT(10.3256409260314 52.845957973957),TenneT,3.34413455800067
113350,11.0382631221508,49.7017278802571,joint,110000;380000;380000,,Erlangen - Forchheim;Kriegenbrunn - Redwitz;Raitersaich - Würgau;Kriegenbrunn - Redwitz;Raitersaich - Würgau;Erlangen - Forchheim,E.ON Netz GmbH,131,,,,,SRID=4326;POINT(11.0382631221508 49.7017278802571),TenneT,-9.643762700753014
113401,12.0807454329576,49.2861351867559,joint,110000;220000;110000;220000,,Schwandorf - Wutzlhofen;Regensburg - Schwandorf;Schwandorf - Wutzlhofen;Regensburg - Schwandorf,E.ON Netz GmbH,113,,,,,SRID=4326;POINT(12.0807454329576 49.2861351867559),50Hertz,-15.598339606768524
113551,10.3590559189809,52.176287968058,joint,220000;220000;220000,50;50;50,,TenneT,3,,,,,SRID=4326;POINT(10.3590559189809 52.176287968058),TenneT,1.4362149883699917
113592,12.2286885279416,49.9974878947144,joint,110000;380000;220000;110000,,Arzberg - Waldsassen - Wiesau;Etzenricht - Mechlenreuth - Redwitz;Mechlenreuth - Schwandorf;Arzberg - Waldsassen - Wiesau;Arzberg - Mitterteich,TenneT TSO GmbH;E.ON Netz GmbH,133,,,,,SRID=4326;POINT(12.2286885279416 49.9974878947144),50Hertz,-5.272323657190807
113627,11.8559109513978,53.0904843717537,joint,380000;220000;380000,50;50,"514;516,331,332;331,332;514;516",50Hertz_Transmission,514;516,,,,,SRID=4326;POINT(11.8559109513978 53.0904843717537),50Hertz,4.049823480967058
113874,6.62509255786645,51.0563197648559,joint,380000;220000;0;380000;220000;220000,50;50;50,380 kV Neurath 2b; 220 kV Frimmersdorf 5e; Neurath 1a;380 kV Neurath 2b; 220 kV Neurath 1a;220 kV Frimmersdorf 5e,RWE,4586,,,,,SRID=4326;POINT(6.62509255786645 51.0563197648559),Amprion,-8.722603321482204
113958,8.31164303220032,49.0123617812239,joint,380000;110000;380000;110000,50,,,,,,,,SRID=4326;POINT(8.31164303220032 49.0123617812239),TransnetBW,-1.4545167289002432
114267,11.031706318892,48.3970926799858,joint,380000;380000;380000,,,Lechwerke,L11;A12,,,,,SRID=4326;POINT(11.031706318892 48.3970926799858),TenneT,-17.820511398244093
114290,7.4526020923025,50.398698973836,joint,380000;380000;220000;220000,50,,RWE,4133,,,,,SRID=4326;POINT(7.4526020923025 50.398698973836),Amprion,-11.165968157835316
114491,8.2546109711052,47.6334053761772,joint,220000;110000;220000;110000,50;50;50,,RWE,4552,,,,,SRID=4326;POINT(8.2546109711052 47.6334053761772),TransnetBW,50.505276206767995
114567,9.20969906252884,49.0309357816209,joint,220000;110000;220000;220000;110000,50;16.7;50;50;16.7,"Anlage 373 ; NWH-SEE 220 kV, NWH-MUL 220 kV, Bahnstrom Neckarwestheim - Stuttgart-Zazenhausen;Anlage 373",EnBW;DB_Energie,,,,,,SRID=4326;POINT(9.20969906252884 49.0309357816209),TransnetBW,-5.453626521484443
114675,7.97086802748486,51.6700574655284,joint,110000;380000;110000;380000;380000,,,RWE,4199,,,,,SRID=4326;POINT(7.97086802748486 51.6700574655284),Amprion,-24.498114474981776
114724,9.35017401339832,51.6345861816834,joint,380000;220000;110000;380000;220000;110000,50;50;50,,TenneT,,,,,,SRID=4326;POINT(9.35017401339832 51.6345861816834),TenneT,-7.477080588337591
114764,8.90793277020558,51.3900980435485,joint,380000;380000;380000,50;50;50,Leitung 3014;Leitung 3016,TenneT,3014;3016,,,,,SRID=4326;POINT(8.90793277020558 51.3900980435485),TenneT,-13.484431137202833
114782,7.05333858792178,51.653017257823,joint,220000;220000,,220kV Hochlarmark West+Ost;220kV Hochlarmark Ost+West,RWE,2648,,,,,SRID=4326;POINT(7.05333858792178 51.653017257823),Amprion,-20.845275764435467
114828,9.23659902388028,48.9238058728457,joint,220000;110000;220000;110000,,Anlage 340;Anlage 223,Energie-Versorgung Schwaben AG,,,,,,SRID=4326;POINT(9.23659902388028 48.9238058728457),TransnetBW,-5.695458022963608
114830,9.26921945696098,48.9171229816527,joint,220000;220000;220000,50,Anlage 302 ; Hohck-Wdlng;Anlage 326,,,,,,,SRID=4326;POINT(9.26921945696098 48.9171229816527),TransnetBW,-5.924395480579777
114867,7.15620422194867,50.5527307687869,joint,220000;110000;220000;110000;110000,50;50,,RWE,4197,,,,,SRID=4326;POINT(7.15620422194867 50.5527307687869),Amprion,-9.43860556279773
114986,6.78957992543808,51.506351152621,joint,220000;110000;110000;220000;110000,,110kV Buschhausen Ost;110kV Buschhausen West,RWE,2316,,,,,SRID=4326;POINT(6.78957992543808 51.506351152621),Amprion,-16.476246320973562
115022,7.57587349699733,50.9529996942675,joint,380000;110000;110000,50,110kV Morsbach Ost+West,RWE,4563,,,,,SRID=4326;POINT(7.57587349699733 50.9529996942675),Amprion,-19.598087531274263
115052,7.72187335635873,49.4877081799202,joint,380000;220000;220000;380000;220000,50;50;50,380kV Bürstadt Ltg. | 380kV Kaiserslautern Süd,RWE,,,,,,SRID=4326;POINT(7.72187335635873 49.4877081799202),Amprion,-2.9228288972249015
115101,8.17215434168128,47.6509633658397,joint,380000;220000;380000;220000,,"LFBSS 380 kV, ENGST-KUHMO-VILLI 380 kV",EnBW,0345,,,,,SRID=4326;POINT(8.17215434168128 47.6509633658397),TransnetBW,50.618779591219024
115333,9.87971937495114,49.4302718475018,joint,380000;380000;110000;110000,,Grafenrheinfeld - Kupferzell;Grafenrheinfeld - Kupferzell,Energieversorgung Schwaben AG,348,,,,,SRID=4326;POINT(9.87971937495114 49.4302718475018),TenneT,-8.320341633114843
115462,6.99596103476838,51.4761522541902,joint,110000;380000;110000,,,RWE,4162,,,,,SRID=4326;POINT(6.99596103476838 51.4761522541902),Amprion,-18.539178770822513
115714,6.79704025420964,49.3354460798766,joint,380000;220000;380000;220000;220000,50;50,Ensdorf - Uchtelfangen Nord |Süd ; Uchtelfangen Taubental Nord|Süd;Ensdorf - Uchtelfangen Nord |Süd ; Uchtelfangen Taubental Nord|Süd;Saarwellingen - Fraulautern (neu 9/2011),Amprion,4545,,,,,SRID=4326;POINT(6.79704025420964 49.3354460798766),Amprion,-0.4333236916080754
115741,7.60247467868527,51.3461061573706,joint,220000;220000;220000,,Bixterheide Nord;220kV Bixterheide Nord+Bigge Ost;220kV Bigge Ost,RWE,2319,,,,,SRID=4326;POINT(7.60247467868527 51.3461061573706),Amprion,-24.066147000177928
116090,7.00170117960238,49.3764485707419,joint,110000;220000;220000;110000,50;50;50;50,,RWE,,,,,,SRID=4326;POINT(7.00170117960238 49.3764485707419),Amprion,-0.9693320593873462
116008,7.87221153955325,47.6032426547514,joint,380000;380000;380000,50;50,Kühmoos - Daxlanden;Kühmoos - Daxlanden,EnBW;Amprion,7510,,,,,SRID=4326;POINT(7.87221153955325 47.6032426547514),TransnetBW,51.12857290110012
116076,6.19084668002849,49.955168142347,joint,220000;220000;220000;220000,50;50;50;50,,,,,,,,SRID=4326;POINT(6.19084668002849 49.955168142347),Amprion,46.941449370667215
116362,11.6148067224013,50.1808238626332,joint,380000;110000;0;380000;110000;0;110000,,Etzenricht - Mechlenreut - Redwitz;Marktleugast - Münchberg;Münchberg - Untersteinach;Etzenricht - Mechlenreut - Redwitz;Münchberg - Untersteinach;Marktleugast - Münchberg,TenneT TSO GmbH;E.ON Netz GmbH,437;115;116,,,,,SRID=4326;POINT(11.6148067224013 50.1808238626332),50Hertz,-3.7591211151787842
117162,6.70037883469253,51.0035738512695,joint,220000;220000,50;50,220 kV Niederaußem 3c|4d;220 kV Niederaußem 3c|4d,RWE,4560,,,,,SRID=4326;POINT(6.70037883469253 51.0035738512695),Amprion,-8.643587580944185
117483,8.81154048594759,50.2045310431543,joint,380000;380000;380000,50;50,,,,,,,,SRID=4326;POINT(8.81154048594759 50.2045310431543),TenneT,-7.352940726910715
117780,11.6407218607067,50.5343212873567,joint,220000;220000;220000,50,383;386,50Hertz Transmission GmbH,383,,,,,SRID=4326;POINT(11.6407218607067 50.5343212873567),50Hertz,-0.38606673638777345
117927,6.62089302374472,51.0534670510413,joint,220000;220000,50;50,220 kV Neurath 1a;220 kV Frimmersdorf 3c;Neurath 1a,RWE,4535,,,,,SRID=4326;POINT(6.62089302374472 51.0534670510413),Amprion,-8.65646926223647
118023,9.21188457378358,49.2049862588445,joint,380000;220000;110000;380000;220000;110000,,,EnBW,Anlage 316,,,,,SRID=4326;POINT(9.21188457378358 49.2049862588445),TransnetBW,-5.276301484918674
118349,8.4269422480747,49.6341821536024,joint,380000;0;380000,50;50;50,380 kV Soonwald Ost|West;380 kV Soonwald Ost|West,RWE,4523,,,,,SRID=4326;POINT(8.4269422480747 49.6341821536024),Amprion,-4.2749711487131705
118468,6.51202358934796,49.8835778810427,joint,380000;380000;220000;220000,50;50;50,380 kV Gilzem Ost; Uchtelfangen West; 220 kV Niederstedem Ost|West;380 kV Gilzem Ost; Uchtelfangen West; 220 kV Niederstedem Ost|West;220 kV Wengerohr; 110kV Idesheim Nord,RWE,4530,,,,,SRID=4326;POINT(6.51202358934796 49.8835778810427),Amprion,46.82439537279133
118536,7.9395702738285,50.8498200561345,joint,220000;220000;220000;110000,50;50,,Amprion,2319,,,,,SRID=4326;POINT(7.9395702738285 50.8498200561345),Amprion,-19.914348927323438
118970,8.9524796861559,49.5713090546321,joint,220000;110000;110000;220000,,,,,,,,,SRID=4326;POINT(8.9524796861559 49.5713090546321),TenneT,-4.278821768071733
118648,9.76679638266631,50.9479408899866,joint,380000;110000;380000;110000,50;50;50,3026 Mecklar - Vieselbach/Eisenach;3026 Mecklar - Vieselbach/Eisenach,TenneT,3026,,,,,SRID=4326;POINT(9.76679638266631 50.9479408899866),TenneT,-3.624038793771394
118682,8.76886431157645,49.9750736798365,joint,220000;220000;220000,,220 kV;220 kV;220 kV,,,,,,,SRID=4326;POINT(8.76886431157645 49.9750736798365),Amprion,-5.936836099262843
118812,14.5112016636857,52.1616045501195,joint,380000;380000;380000,50;50;50,"547, 548;547, 548;547, 548",50Hertz,547;548,,,,,SRID=4326;POINT(14.5112016636857 52.1616045501195),50Hertz,64.06901400098374
118850,12.8259720721456,50.6568443390441,joint,380000;380000;380000,50;50;50,Markersbach-Zwönitz-Röhrsdorf;Markersbach-Zwönitz-Röhrsdorf;Niederzwönitz-Zwönitz,50Hertz,577;578,,,,,SRID=4326;POINT(12.8259720721456 50.6568443390441),50Hertz,2.6181427548074243
119343,12.4817730488932,51.365751747343,joint,220000;220000;110000;110000,50,Taucha-Eula,Vattenfall_Europe_Transmission,70;15,,,,,SRID=4326;POINT(12.4817730488932 51.365751747343),50Hertz,4.371336968540579
122544,13.307201366479,52.2273143822645,joint,380000;220000;380000;380000;220000,50;50,525; 526;525=521;525; 526,50Hertz Transmission,525; 526,,,,,SRID=4326;POINT(13.307201366479 52.2273143822645),50Hertz,9.143233226485842
122865,7.11469298283797,50.1224626607132,joint,220000;110000;110000,50,220 kV Kondelwald;Cochem Nord,Amprion,0783,,,,,SRID=4326;POINT(7.11469298283797 50.1224626607132),Amprion,-5.741172809524301
124634,8.54342822827094,51.9481162604063,joint,380000;220000;110000;110000;380000;220000,,,Stadtwerke Bielefeld,4375,,,,,SRID=4326;POINT(8.54342822827094 51.9481162604063),Amprion,-16.23587062511808
134277,7.61693014142453,51.6369901699255,merge,110000;380000,50,Bergkamen A;Kraftwerk Bergkamen,RWE; evonik,,,,,,SRID=4326;POINT(7.61693014142453 51.6369901699255),Amprion,-25.243662134718587
134290,10.5064910007682,52.3037288330611,merge,110000;220000,,Heizkraftwerk Nord;Umspannwerk Braunschweig Nord,Braunschweiger Versorgungs AG,,,,,,SRID=4326;POINT(10.5064910007682 52.3037288330611),TenneT,1.9153806395274469
134313,6.86625798894964,51.3743071499273,merge,220000;110000;110000,,Station Selbeck;Station Selbeck,RWE,,,,,,SRID=4326;POINT(6.86625798894964 51.3743071499273),Amprion,-15.622586901175406
134388,8.4752492120761,53.4286850461992,merge,380000;220000;380000;220000;110000,50;50,Kernkraftwerk Unterweser;Unterweser,EON_Netz,UWES,,,,,SRID=4326;POINT(8.4752492120761 53.4286850461992),Amprion,9.558776965576406
134414,9.72598060145038,54.2894372291962,merge,220000;110000;380000;110000,50;50;50,Kraftwerk Audorf;Audorf;Audorf,Uniper Kraftwerke GmbH,,,,,,SRID=4326;POINT(9.72598060145038 54.2894372291962),TenneT,57.176568914243475
134475,7.30534456314174,52.4800010323376,merge,110000;380000;110000;380000;220000;110000,50,Kernkraftwerk Lingen (stillgelegt);Erdgaskraftwerk Emsland;Hanekenfähr,RWE AG,,,,,,SRID=4326;POINT(7.30534456314174 52.4800010323376),Amprion,-16.37700338365849
141554,12.0945594222421,49.6606932787427,joint,380000;220000;110000,,Etzenricht - Mechlenreuth - Redwitz;Mechlenreuth - Schwandorf;Etzenricht - Latsch;Etzenricht - Windischeschenbach,TenneT TSO GmbH;E.ON Netz GmbH,437;248;111;112,,,,,SRID=4326;POINT(12.0945594222421 49.6606932787427),50Hertz,-10.31867603878054
142477,12.2491171864156,48.5828706733671,joint,220000,,Altheim - St. Peter;Altheim - Simbach,TenneT TSO GmbH,233;234,,,,,SRID=4326;POINT(12.2491171864156 48.5828706733671),50Hertz,-18.40575190386279
143307,6.22219793235425,51.6921984870746,joint,110000;220000;110000;220000;220000;110000;110000;220000;110000;110000;110000,50;50;50;50;50;50;50;50;50,110 kV Sonsbeck Ost+West;110 kV Sonsbeck West;Pfalzdorf TR211;110 kV Sonsbeck West;110 kV Sonsbeck Ost+West;Pfalzdorf TR212;110 kV Sonsbeck Ost+West;110 kV Sonsbeck Ost+West;110 kV Sonsbeck Ost+West,RWE,0160,,,,,SRID=4326;POINT(6.22219793235425 51.6921984870746),Amprion,34.553739550611475
143322,6.72530366803004,51.0035706751555,joint,220000;220000;220000,50;50,220 kV Niederaußem 4d; Stommeln Nord;220 kV Niederaußem 4d; Stommeln Nord,RWE,4515,,,,,SRID=4326;POINT(6.72530366803004 51.0035706751555),Amprion,-8.868512879768357
144140,6.92901461946779,50.8439864934191,joint,220000;220000;220000;220000;220000;220000,50;50;50;50;50;50,220 kV Godorf Ost;220 kV Olefin West;220 kV Olefin West;220 kV Godorf Ost;220 kV Godorf Ost;220 kV Olefin West,RWE,2389,,,,,SRID=4326;POINT(6.92901461946779 50.8439864934191),Amprion,-9.296775275258135
112092,9.29358545055896,48.8663994790317,joint,380000;110000;380000;110000,50;16.7;50;16.7,"Anlage 372 ; MUHLHS-WDLNG, MULHS-PULVE;Bahn Plochingen - Stuttgart 110 kV;Anlage 336",DB_Energie,,,,,,SRID=4326;POINT(9.29358545055896 48.8663994790317),TransnetBW,-6.114434230700843
112328,10.0041837423433,53.4563821617575,joint,380000;110000;380000;110000,50;50;50,"C,D;72,73;C,D,72,73",50Hertz Transmission,C;D,,,,,SRID=4326;POINT(10.0041837423433 53.4563821617575),50Hertz,11.190599938779721
112409,8.74326052934848,50.1623379810729,joint,220000;110000;220000;110000;220000,,,,,,,,,SRID=4326;POINT(8.74326052934848 50.1623379810729),Amprion,-7.382856717828798
112411,12.1224651710457,51.5127767432251,joint,380000;380000;380000,50;50;50,"503;502,503 Ragow-Schönewalde-Marke-Bad Lauchstädt;502",50Hertz,503,,,,,SRID=4326;POINT(12.1224651710457 51.5127767432251),50Hertz,3.377018697298567
112535,6.64638658268734,51.607116794193,joint,380000;220000;25000;110000;380000;220000;110000;25000,,110kV Sternbusch Tr13+14,RWE,4574,,,,,SRID=4326;POINT(6.64638658268734 51.607116794193),Amprion,-16.25337597660785
112547,6.6849759615049,51.6377994619084,joint,110000;110000;220000;110000;220000,50,110kV Götterswick Nord+Lohberg Ltg;110kV Lohberg Ltg;220kV Wesel Ost,RWE,2339,,,,,SRID=4326;POINT(6.6849759615049 51.6377994619084),Amprion,-16.898269937855623
112555,6.70390642898174,51.5583998700378,joint,110000;380000;220000;380000;220000;110000,,110kV Eppinghoven Tr11,RWE,4576,,,,,SRID=4326;POINT(6.70390642898174 51.5583998700378),Amprion,-16.237428852765106
112596,13.1381055516683,53.905612771508,joint,380000;380000;380000,50;50,"509;315, 316, 509, 513;315, 316, 513",50Hertz Transmission GmbH,509,,,,,SRID=4326;POINT(13.1381055516683 53.905612771508),50Hertz,52.53968238415726
112751,7.82599043340792,51.7500675542728,joint,380000;380000;380000,50;50,380kV Uentrop Nord+ANK,RWE,4325,,,,,SRID=4326;POINT(7.82599043340792 51.7500675542728),Amprion,-24.82330292609084
112763,7.07080534047467,51.506886075351,joint,380000;220000;110000;220000;110000;380000,,,RWE,4526,,,,,SRID=4326;POINT(7.07080534047467 51.506886075351),Amprion,-19.813949823705524
112776,7.1378237929203,51.5537614789583,joint,220000;110000;220000;220000;110000,,220kV Herne 4,RWE,4358,,,,,SRID=4326;POINT(7.1378237929203 51.5537614789583),Amprion,-21.062026815627714
112787,7.0960595882256,51.6118180780125,joint,220000;110000;110000;220000,,110kV Herten Ost+West;220kV Hochlarmark Ost+West,RWE,4340,,,,,SRID=4326;POINT(7.0960595882256 51.6118180780125),Amprion,-21.032810079538695
112788,7.06279335628714,51.6387900561335,joint,220000;220000;0,,220kV Hochlarmark Ost+West;220kV Hochlarmark Ost+West;ANK,RWE,4340,,,,,SRID=4326;POINT(7.06279335628714 51.6387900561335),Amprion,-20.85278280306669
112796,7.11012648692268,51.5992870653501,joint,110000;380000;110000,,110kV Herten Ost+West,RWE,4534,,,,,SRID=4326;POINT(7.11012648692268 51.5992870653501),Amprion,-21.099816107572764
112829,6.99547989710221,51.5388140601712,joint,110000;380000;220000;380000;380000,,110kV Moltke Ost+Welheim West;220kV Buer Süd+Scholven E;380kV Essen West+Kusenhorst,RWE,2356,,,,,SRID=4326;POINT(6.99547989710221 51.5388140601712),Amprion,-19.21134544334304
112878,7.120626085795,51.4503911568097,joint,110000;380000;220000;220000;380000;220000;110000,50;50;50;50,110kV Leithe Ost+West;220kV Gladbeck West+ANK,RWE,4170,,,,,SRID=4326;POINT(7.120626085795 51.4503911568097),Amprion,-19.859429182317996
112901,6.98124079136516,51.054545570423,joint,110000;220000;110000;220000,16.7;50;16.7;50,110 kV Bahnstrom Köln - Gerresheim 1|2;220 kV Dünnwald Ost|West; 110 kV Bahnstrom Köln - Gerresheim 1|2;220 kV Dünnwald Ost|West,DB_Energie,447;Köln - Gerresheim,,,,,SRID=4326;POINT(6.98124079136516 51.054545570423),Amprion,-12.646314171055764
112949,7.18403465827139,51.4457551398871,joint,110000;380000;220000;110000,,110kV Eppendorf-Hattingen + Bochum-Linden,RWE,1797,,,,,SRID=4326;POINT(7.18403465827139 51.4457551398871),Amprion,-20.62958177353362
112996,6.45064485008756,50.8732803491044,joint,110000;380000;380000;110000,50;50;50,110 kV Berg Ost; Lindern Ost;380 kV Kirchberg Süd; Selfkant weiss;380 kV Kirchberg Süd; Selfkant weiss; 110 kV Berg Ost; Lindern Ost,RWE,2463,,,,,SRID=4326;POINT(6.45064485008756 50.8732803491044),Amprion,42.94197092394442
113107,10.3169796395565,47.9577840716546,joint,220000;110000;110000,,,LEW,,,,,,SRID=4326;POINT(10.3169796395565 47.9577840716546),TransnetBW,40.07137964994117
113226,9.79093195839392,52.0013309455489,joint,220000;220000;220000,50;50;50,Leitung 2030;Leitung 2001,TenneT,2030,,,,,SRID=4326;POINT(9.79093195839392 52.0013309455489),TenneT,-2.7161111167383467
114743,8.19278028942536,51.1862723938824,joint,380000;110000;380000;110000;380000,50;50;50,380kV Sauerland Süd,RWE,4308,,,,,SRID=4326;POINT(8.19278028942536 51.1862723938824),Amprion,-22.16455226731334
113238,6.66903257201082,51.1767460870412,joint,110000;380000;220000;110000;110000,50,380 kV Knechtsteden West; 220 kV Frixheim Nord; Neurath 1a; Osterath West; 110 kV Kaarst Ost|West,RWE,4570,,,,,SRID=4326;POINT(6.66903257201082 51.1767460870412),Amprion,-10.706783239150703
113302,9.42053581566838,48.6763723623796,joint,380000;380000;380000,,"RWE-Donauleitung 380 kV, 220 kV",,,,,,,SRID=4326;POINT(9.42053581566838 48.6763723623796),TransnetBW,-7.010984407648577
113386,12.2089151712336,50.0074876437129,joint,380000;220000;110000;110000;380000;220000,50,Etzenricht - Mechlenreuth - Redwitz;Mechlenreuth - Schwandorf;Arzberg - Waldsassen - Wiesau;Arzberg - Mitterteich;Arzberg - Waldsassen - Wiesau;Arzberg - Mitterteich;Etzenricht - Mechlenreuth - Redwitz;Mechlenreuth - Schwandorf,TenneT TSO GmbH;E.ON Netz GmbH,437;248;133;134,,,,,SRID=4326;POINT(12.2089151712336 50.0074876437129),50Hertz,-5.191703922134549
113655,10.8402931184888,48.2335590561114,joint,110000;380000;380000;110000,,,Lechwerke,L11;A12,,,,,SRID=4326;POINT(10.8402931184888 48.2335590561114),TenneT,-15.258789469992815
113716,10.0649831580769,48.2728727902087,joint,380000;380000;220000;220000,,Günzburg Nord;Süd;Günzburg Nord;Günzburg Süd;Iller Ltg.;Iller Ltg.,RWE,4549,,,,,SRID=4326;POINT(10.0649831580769 48.2728727902087),TransnetBW,-9.715324679140945
113956,8.34557545475348,49.0661180539271,joint,110000;380000;110000;380000;110000,,,,,,,,,SRID=4326;POINT(8.34557545475348 49.0661180539271),TransnetBW,-1.6944713873407284
114194,6.72560891776231,51.3869259940974,joint,110000;220000;110000;220000,50;50;50,110 kV Mevissen Ost+Neukirchen West;220 KV,RWE,2375,,,,,SRID=4326;POINT(6.72560891776231 51.3869259940974),Amprion,-14.246673201139092
114208,9.1379034592338,49.1485146685018,joint,220000;220000;110000;110000,,"1x 220 kV, 1x 110 kV",RWE,Anlage 232,,,,,SRID=4326;POINT(9.1379034592338 49.1485146685018),TransnetBW,-4.934840136197376
114266,6.96529865951248,51.0657195854389,joint,0;220000,50,220 kV Dünnwald Ost|West,RWE,2380,,,,,SRID=4326;POINT(6.96529865951248 51.0657195854389),Amprion,-12.57114650938382
114404,8.10010765926433,48.707061046957,joint,220000;220000;220000,50;50,Daxlanden - Weier,EnBW,5110,,,,,SRID=4326;POINT(8.10010765926433 48.707061046957),TransnetBW,-0.11609281344071753
114418,8.33466775124759,52.07052004268,joint,220000;220000;220000,50;50;50,220kV Halle West;220kV Halle West,RWE,2310,,,,,SRID=4326;POINT(8.33466775124759 52.07052004268),Amprion,-17.473072992188484
114453,12.2157288926637,54.1128919737773,joint,220000;220000,50;50,318,50Hertz,318,,,,,SRID=4326;POINT(12.2157288926637 54.1128919737773),50Hertz,53.745607221770896
114473,8.90770226250367,50.0928415860908,joint,110000;220000;110000,,,,,,,,,SRID=4326;POINT(8.90770226250367 50.0928415860908),TenneT,-6.162656352192899
114531,8.82197944853823,48.9393722647774,joint,380000;110000;380000;380000;110000,50,Philippsburg - Pulverdingen;Philippsburg - Pulverdingen 2x 380 kV;Philippsburg - Pulverdingen,EnBW,Anlage 337,,,,,SRID=4326;POINT(8.82197944853823 48.9393722647774),TransnetBW,-3.250619578153618
114660,8.97930697380084,50.0615349603856,joint,380000;380000;110000;380000,,Untermain Süd; Karlstein Süd;Untermain Nord;Karlstein Süd;Rödermark Nord;Untermain Süd; Karlstein Süd,RWE,4186; Untermain Süd(weis); Karlstein Süd(gelb),,,,,SRID=4326;POINT(8.97930697380084 50.0615349603856),TenneT,-5.7369164481042265
114783,7.06291175424159,51.6654074589694,joint,220000;110000;220000,,110kV Hüls Ost+West;220kV Hochlarmark Ost+West,RWE,2648,,,,,SRID=4326;POINT(7.06291175424159 51.6654074589694),Amprion,-21.02831851726719
114785,7.06301541982537,51.6759070707744,joint,220000;220000;110000,,220kV Hochlarmark Ost/West,RWE,2648,,,,,SRID=4326;POINT(7.06301541982537 51.6759070707744),Amprion,-21.09254467973727
114794,10.5483268170946,53.550563562601,joint,380000;110000;110000;380000,50,Krümmel - Görries;Krümmel - Görries,50Hertz Transmission,304;168,,,,,SRID=4326;POINT(10.5483268170946 53.550563562601),50Hertz,59.48890608159004
114797,10.4999492152782,53.425174055261,joint,380000;110000;110000;380000;110000,50;50;50,Krümmel - Görries;Krümmel - Görries,50Hertz Transmission,304;167,,,,,SRID=4326;POINT(10.4999492152782 53.425174055261),50Hertz,9.479856745499578
115053,7.72188871755009,49.4870110593911,joint,220000;220000;220000,50;50,Otterbach - Beeden,,,,,,,SRID=4326;POINT(7.72188871755009 49.4870110593911),Amprion,-2.917634038387529
115097,8.03541485525776,47.5610709851955,joint,380000;220000;380000;380000;220000,50,,,,,,,,SRID=4326;POINT(8.03541485525776 47.5610709851955),TransnetBW,50.98702563709481
115186,7.3241024926541,51.1397460647522,joint,110000;380000;110000,50,RWE 4562 Ronsdorf - Bomig,RWE,4562,,,,,SRID=4326;POINT(7.3241024926541 51.1397460647522),Amprion,-18.943481887929995
115378,7.41762169513889,52.4732338809463,joint,380000;380000;380000,50;50,,Amprion,4121,,,,,SRID=4326;POINT(7.41762169513889 52.4732338809463),Amprion,-16.502793655718694
115533,7.29583143268452,51.456432142043,joint,220000;220000;220000,50;50;50,220kV Laer West+Pöppinghausen Ost,RWE,2652,,,,,SRID=4326;POINT(7.29583143268452 51.456432142043),Amprion,-22.09550318839972
115535,7.31638147278709,51.4510885788664,joint,380000;220000;380000;220000;110000;110000,50;50;50,,RWE,4317,,,,,SRID=4326;POINT(7.31638147278709 51.4510885788664),Amprion,-22.284423802654395
115539,7.30039864725204,51.4546564722496,joint,220000;380000;110000;380000;220000;110000,50;50;50;50,380kV Kemnade Süd+ANK;110kV Laer-Witten Ost+West,RWE,2669,,,,,SRID=4326;POINT(7.30039864725204 51.4546564722496),Amprion,-22.13276535613582
115557,7.17651441187038,51.4715711726703,joint,220000;220000;220000,,220kV Welper Ost;220kV Welper Ost;220kV Welper Ost,RWE,4360,,,,,SRID=4326;POINT(7.17651441187038 51.4715711726703),Amprion,-20.79094802147286
115620,7.68254259793718,51.2741512561156,joint,220000;110000;110000;220000,50;16.7;16.7;50,Finnentrop - Hagen;220kV Nordleitung+Südleitung,markE,475,,,,,SRID=4326;POINT(7.68254259793718 51.2741512561156),Amprion,-23.946914695420954
115971,6.90988913548353,49.9736417664838,joint,220000;110000;220000;220000;110000,50;50;50,220 kV Kondelwald; 110 kV Pünderich;220 kV Kondelwald; 220kV Wengerohr;220 kV Wengerohr; 110 kV Pünderich,Amprion,2410,,,,,SRID=4326;POINT(6.90988913548353 49.9736417664838),Amprion,-3.663586779875388
116053,6.56763801909321,49.7990491424165,joint,220000;220000;220000,50;50;50,220 kV Heisdorf - Quint Nord; Niederstedem West;220 kV Niederstedem West;220 kV Heisdorf - Quint Nord,RWE,,,,,,SRID=4326;POINT(6.56763801909321 49.7990491424165),Amprion,46.96543157651627
116153,6.76303273249873,49.3628282623589,joint,220000;110000;220000;110000,50;50;50,Saarwellingen - Fraulautern (neu 2011);Saarwellingen - Dillinger Hütte N/S;Saarwellingen - Dieflen,,2340,,,,,SRID=4326;POINT(6.76303273249873 49.3628282623589),Amprion,-0.49980920499374903
116174,10.2101229703853,47.9369584625071,joint,380000;220000;220000;380000;220000,,Vöhringen Ost; Füssen West;Vöhringen Ost; Füssen West,RWE,,,,,,SRID=4326;POINT(10.2101229703853 47.9369584625071),TransnetBW,41.01887036710989
116502,10.3576828440691,48.2646816848764,joint,110000;220000;110000;220000;110000,,,LEW,,,,,,SRID=4326;POINT(10.3576828440691 48.2646816848764),TransnetBW,-12.100693358124541
116711,7.402020384105,51.641982746592,joint,380000;220000;220000;380000,50;50,RWE 4301 Pkt Waltrop - Gersteinwerk;380kV Mengede Nord+Süd,RWE,4301,,,,,SRID=4326;POINT(7.402020384105 51.641982746592),Amprion,-24.149970713312495
116712,7.36881856137242,51.6297474608662,joint,380000;220000;380000;220000,50;50,380kV Mengede Nord+Süd;220kV Cappenberg Nord;RWE 4301 Pkt Waltrop - Gersteinwerk,RWE,4349,,,,,SRID=4326;POINT(7.36881856137242 51.6297474608662),Amprion,-23.858962782365325
117338,7.70300613027789,51.6784009857526,joint,220000;110000;110000;110000,50;50,,RWE,,,,,,SRID=4326;POINT(7.70300613027789 51.6784009857526),Amprion,-25.31056742848719
117480,9.86236625928169,53.4921694764991,joint,110000;380000;110000;380000;110000,50;50,E;F;UB8;UB9;E;F,transpower (HEW!!!),E;F;UB8;UB9,,,,,SRID=4326;POINT(9.86236625928169 53.4921694764991),50Hertz,10.67586331384804
117877,6.98600707259964,49.3790753754076,joint,380000;380000;220000;110000;220000;110000,50;50;50,380 kV Uchtelfangen Ost|West;380 kV Uchtelfangen Ost|West; 220 kV Osburg; 1110kV Hermeskeil Ost;220 kV Osburg,Amprion,4553,,,,,SRID=4326;POINT(6.98600707259964 49.3790753754076),Amprion,-0.9541636683317272
117926,6.65624720989806,51.0365834812297,joint,380000;380000;380000,50;50;50,380 kV Neurath 5e;380 kV Neurath 4d|5e;380 kV Neurath 4d,RWE,4195,,,,,SRID=4326;POINT(6.65624720989806 51.0365834812297),Amprion,-8.698439859663143
117964,9.71865099535087,50.4967851562328,joint,110000;380000;110000,,,,,,,,,SRID=4326;POINT(9.71865099535087 50.4967851562328),TenneT,-3.71637224447662
117997,9.14039655364182,49.1525990630937,joint,380000;220000;380000;220000,,Großgartach - Obrigheim 1x 220 kV;Großgartach - Obrigheim 1x 220 kV,,Anlage 323,,,,,SRID=4326;POINT(9.14039655364182 49.1525990630937),TransnetBW,-4.9450910632398415
118338,7.89862488351527,49.8603024871273,joint,220000;110000;110000;220000;110000,50;50;50,220 kV Windesheim;220 kV Windesheim,RWE,2327,,,,,SRID=4326;POINT(7.89862488351527 49.8603024871273),Amprion,-6.504527662337775
118552,6.81610942156634,51.5305575658666,joint,220000;110000;220000;110000;110000,,110kV Sterkrade Süd+ANK,RWE,2469,,,,,SRID=4326;POINT(6.81610942156634 51.5305575658666),Amprion,-17.04770386423238
118891,7.71151811675257,51.275364276659,joint,110000;110000;220000;110000,50;50,,markE,,,,,,SRID=4326;POINT(7.71151811675257 51.275364276659),Amprion,-24.08193808626918
121705,7.26124674340356,50.491670340679,joint,110000;220000;110000,50;50,,RWE,4197,,,,,SRID=4326;POINT(7.26124674340356 50.491670340679),Amprion,-10.149788419034444
123034,6.55907384050053,49.706044347795,joint,220000;110000,50;50,220 kV Saar Nord;110kV Gusterath Nord,Amprion,2326,,,,,SRID=4326;POINT(6.55907384050053 49.706044347795),Amprion,47.29425569635196
124633,8.52547431933947,51.9443032723095,joint,380000;220000;110000;110000;380000;220000,50,,Stadtwerke Bielefeld,4375,,,,,SRID=4326;POINT(8.52547431933947 51.9443032723095),Amprion,-16.502910974054117
129101,11.0225122416221,50.2616978707986,joint,380000;110000;380000;110000;110000,,Altenfeld - Redwitz;Altenfeld - Redwitz;Ebersdorf - Neustadt bei Coburg;Coburg - Redwitz;Altenfeld - Redwitz;Altenfeld - Redwitz;Coburg - Neustadt bei Coburg;Coburg - Redwitz;Ebersdorf - Neustadt bei Coburg;Coburg - Neustadt bei Coburg,TenneT TSO GmbH,459;460;155;158,,,,,SRID=4326;POINT(11.0225122416221 50.2616978707986),TenneT,-2.6648427993134636
131068,12.3248388958935,51.1951084775966,joint,110000;220000,50;50,,MITNETZ,,,,,,SRID=4326;POINT(12.3248388958935 51.1951084775966),50Hertz,3.4117902473572794
131071,12.3251168346424,51.1950353506521,joint,110000;220000,50;50,,MITNETZ,,,,,,SRID=4326;POINT(12.3251168346424 51.1950353506521),50Hertz,3.4124299752139997
132025,6.67639911666671,51.6565924757544,joint,110000;220000;110000;220000;110000,16.7;50;16.7,,DB_Energie,2444,,,,,SRID=4326;POINT(6.67639911666671 51.6565924757544),Amprion,-16.997484930836332
133654,11.813089825957,48.2213167737546,merge,220000;110000,,Umspannwerk Neufinsing,"TenneT TSO GmbH, E.ON Netz GmbH",NFI,,,,,SRID=4326;POINT(11.813089825957 48.2213167737546),50Hertz,-17.30183571292622
133752,10.363341501087,47.7382557787682,merge,380000;220000,50,Schaltanlage Leupolz,Amprion,734 A,,,,,SRID=4326;POINT(10.363341501087 47.7382557787682),TransnetBW,42.356090402220914
134436,12.1863427403086,53.8109549399054,merge,220000;110000;110000,50,Güstrow;Güstrow Nord,EON_edis,,,,,,SRID=4326;POINT(12.1863427403086 53.8109549399054),50Hertz,54.570408753163974
134448,8.7392525286137,51.7001263051906,merge,110000;220000;110000,50;50,Umspannwerk Paderborn Süd;Umspannwerk Paderborn Süd,Avacon,Am Atlaswerk,,,,,SRID=4326;POINT(8.7392525286137 51.7001263051906),Amprion,-15.268834016857666
134519,14.3546316981416,51.5349816846828,merge,110000;110000,50;50,Kraftwerk Schwarze Pumpe,Vattenfall,,,,,,SRID=4326;POINT(14.3546316981416 51.5349816846828),50Hertz,71.22025455837996
134630,7.46153667522325,51.6146353231095,merge,,,Trianel Kraftwerk Lünen,Trianel,,,,,,SRID=4326;POINT(7.46153667522325 51.6146353231095),Amprion,-24.498077745140343
134655,10.336396317904,49.4981127521291,merge,,,Solarpark Buchheim,,,,,,,SRID=4326;POINT(10.336396317904 49.4981127521291),TenneT,-9.117443337524909
134772,14.5698097937804,51.4198486663462,merge,110000,,Kraftwerk Boxberg,Vattenfall Europe,,,,,,SRID=4326;POINT(14.5698097937804 51.4198486663462),50Hertz,68.90898080543089
134776,7.97615294108046,51.4908110595479,merge,,,Station Ense,RWE,,,,,,SRID=4326;POINT(7.97615294108046 51.4908110595479),Amprion,-24.783379345608743
141359,9.32602490044053,49.4614831476612,joint,380000;380000;380000,,,,,,,,,SRID=4326;POINT(9.32602490044053 49.4614831476612),TenneT,-5.357703702524619
141526,7.28513430054199,51.4891420320747,joint,110000;220000;220000;220000;110000;110000,50;50;50;50,110kV Elbestraße Ost+West;220kV Pöppinghausen Ost+West;220kV Pöppinghausen Ost+West;220kV Pöppinghausen Ost+West;110kV Laer-Pöppinghausen Ost+West;110kV,RWE,2610,,,,,SRID=4326;POINT(7.28513430054199 51.4891420320747),Amprion,-22.245760205743927
143801,12.2700370424425,49.1369252114596,joint,380000;220000,,Pleinting - Plattling - Schwandorf,TenneT TSO GmbH,465;226,,,,,SRID=4326;POINT(12.2700370424425 49.1369252114596),50Hertz,-16.366926410873077
112082,8.68559273052678,50.2180240414727,joint,110000;110000;380000;110000,50;50,220 kV 1046;380 kV 3011; 220 kV 1046,TenneT,1046,,,,,SRID=4326;POINT(8.68559273052678 50.2180240414727),Amprion,-8.162837098108344
112147,6.96506842130516,51.0517391654628,joint,220000;220000;220000,50;50;50,220 kV Niederaußem 4d; Stommeln Nord;220 kV Niederaußem 4d; Stommeln Nord; Wiesdorf Ltg.,RWE,2429,,,,,SRID=4326;POINT(6.96506842130516 51.0517391654628),Amprion,-12.376953823667613
112159,6.84125811727138,50.8751601680121,joint,110000;380000;380000;110000,50;50;50,110 kV Roddergrube Ost|West;380 kV Brauweiler West;380 kV Brauweiler West,RWE,0082,,,,,SRID=4326;POINT(6.84125811727138 50.8751601680121),Amprion,-8.560986040387139
112166,7.1435272864907,50.7969920834508,joint,380000;220000;110000;110000;380000;220000,50;50;50,380 kV Siegtal Nord|Süd; 220 kV Gremberghoven Ost|West; 110 kV Siegburg Nord|Süd;110 kV Siegburg Nord|Süd;380 kV Siegtal Nord|Süd; 220 kV Gremberghoven Ost|West,RWE,4103,,,,,SRID=4326;POINT(7.1435272864907 50.7969920834508),Amprion,-11.81527137972687
112177,7.1892999536462,50.792992966923,joint,110000;110000;110000;110000,50;50;50;50,110 kV Beuel Ost; Ittenbach Nord;110 kV Beuel West; Ittenbach Süd;110 kV Ittenbach Nord|Süd;110 kV Beuel Ost|West,RWE,4104,,,,,SRID=4326;POINT(7.1892999536462 50.792992966923),Amprion,-12.449573911836126
112204,6.81816431777877,51.1785141875456,joint,110000;220000;110000,50,110kV Neanderthal Ost+West,RWE,0020,,,,,SRID=4326;POINT(6.81816431777877 51.1785141875456),Amprion,-12.243145755894467
112252,8.94615294144137,48.7149499704762,joint,380000;110000,,2x 380 kV ; 2x 110 kV,EVS,318,,,,,SRID=4326;POINT(8.94615294144137 48.7149499704762),TransnetBW,-3.698653688073531
112346,6.61109267348956,51.4709955464056,joint,110000;380000;220000;380000;220000;110000;110000,50;50;50;50,110kV Neukirchen Ost+Repelen West;380kV Meerbusch West+220kV Mündelheim Nord;110kV Neukirchen Ost+Repelen West,RWE,4540,,,,,SRID=4326;POINT(6.61109267348956 51.4709955464056),Amprion,-14.363506607131388
112360,6.6443313271488,51.5126832686941,joint,110000;220000;110000;220000;110000,50;50;50,,RWE,2339,,,,,SRID=4326;POINT(6.6443313271488 51.5126832686941),Amprion,-15.162684594381734
112460,11.8270468236777,48.227229589515,joint,380000;380000;380000,,Irsching - Ottenhofen;Oberbachern - Ottenhofen;Oberbachern - Ottenhofen;Irsching - Ottenhofen,TenneT TSO GmbH,421;461,,,,,SRID=4326;POINT(11.8270468236777 48.227229589515),50Hertz,-17.344797337729332
112513,7.45658225783185,51.6602453704463,joint,380000;220000;110000;220000;110000;380000;220000,50;50;50,,RWE,4301,,,,,SRID=4326;POINT(7.45658225783185 51.6602453704463),Amprion,-24.547585728827382
112548,6.68373143551028,51.6406280729317,joint,220000;220000;110000;110000;110000,50;50;50,110kV Götterswick Nord+Lohberg Ltg;110kV Götterswick Nord+Lohberg Ltg,RWE,,,,,,SRID=4326;POINT(6.68373143551028 51.6406280729317),Amprion,-16.914107901875497
112575,8.59854148791918,53.0859140895399,joint,380000;110000;380000;380000;110000,50;50,105;303;307;307;105;303,TenneT;EON_Netz,,,,,,SRID=4326;POINT(8.59854148791918 53.0859140895399),Amprion,1.3085315280872383
112703,9.5679285128778,49.820682739465,joint,220000;220000;220000,,Raitersaich - Trennfeld;Trennfeld - Aschaffenburg;Raitersaich - Trennfeld;Trennfeld - Aschaffenburg,TenneT TSO GmbH,211,,,,,SRID=4326;POINT(9.5679285128778 49.820682739465),TenneT,-5.0598239962322555
112773,7.13723297095793,51.5539739525955,joint,110000;380000;380000;110000,,110kV Herten Ost+West,RWE,4534,,,,,SRID=4326;POINT(7.13723297095793 51.5539739525955),Amprion,-21.05682456204301
112781,7.09084747311561,51.5257388859106,joint,220000;0;220000;110000,,220kV Herne 2B+ANK;220kV Herne 2B;110kV Schalke Nord+Süd,RWE,4526,,,,,SRID=4326;POINT(7.09084747311561 51.5257388859106),Amprion,-20.24705186444567
112845,7.01763441813375,51.5179383416467,joint,110000;380000;380000;110000,,110kV Karnap West;380kV Eiberg Nord,RWE,2315,,,,,SRID=4326;POINT(7.01763441813375 51.5179383416467),Amprion,-19.266946892953822
112853,8.59447355698657,50.1431793804418,joint,110000;15000;110000;380000;110000;15000;380000,16.7;16.7;50;16.7;50,380 kV 3011; 110 kV Bahnstrom Höchst-Friedberg; Höchst-Rödelheim; 15 kV Sl; Sl;380 kV 3011,DB_Energie,554,,,,,SRID=4326;POINT(8.59447355698657 50.1431793804418),Amprion,-7.951611641989858
113011,9.0962755289677,50.1193490685039,joint,110000;220000;110000;220000,,Aschaffenburg - Großkrotzenburg;2205;III;IIII,E.ON Netz GmbH,213;214;1173,,,,,SRID=4326;POINT(9.0962755289677 50.1193490685039),TenneT,-5.573339555379272
113084,8.66253531280317,51.8606735846137,joint,380000;110000;110000,,,,3021,,,,,SRID=4326;POINT(8.66253531280317 51.8606735846137),Amprion,-15.376072232324503
113106,10.2005110866768,47.9585186581685,joint,220000;110000;220000;110000;220000;110000,,,LEW,,,,,,SRID=4326;POINT(10.2005110866768 47.9585186581685),TransnetBW,40.85601765595239
113249,11.3747928684966,48.2935220768734,joint,380000;220000;380000;220000;110000;110000;220000,50;50;50,Oberbachern - Ottenhofen;Oberbachern - Neufinsing,TenneT TSO GmbH,"461,462",,,,,SRID=4326;POINT(11.3747928684966 48.2935220768734),50Hertz,-18.083941292851165
113330,9.36184258994986,53.8732792706824,joint,220000;380000;380000;220000,50;50;50,202A;307;307;202A,TenneT,307,,,,,SRID=4326;POINT(9.36184258994986 53.8732792706824),TenneT,63.27505244054552
113377,10.3485664710713,47.7611506407916,joint,110000;220000;110000,50,2x 110 kV,Lechwerke,,,,,,SRID=4326;POINT(10.3485664710713 47.7611506407916),TransnetBW,42.163216402554966
113392,7.05556075044011,50.927246291513,joint,220000;110000,50;50,220 kV Merheim Ost|West;110 kV Moitzfeld West; Springborn West,RWE,2380,,,,,SRID=4326;POINT(7.05556075044011 50.927246291513),Amprion,-12.071466180577957
113457,7.27162444089182,51.5796189417744,joint,380000;220000;110000;380000;220000;110000,50;50;50,380kV Recklinghausen;RWE 4313 Mengede - Pöppinghausen,RWE,4302,,,,,SRID=4326;POINT(7.27162444089182 51.5796189417744),Amprion,-22.73304634847027
113528,7.37078677015992,52.1978770689279,joint,0;220000;0;220000,,220kV Amelsbüren,RWE,2304,,,,,SRID=4326;POINT(7.37078677015992 52.1978770689279),Amprion,-20.867402025626326
113604,8.29938794559978,52.3848939857067,joint,380000;220000;110000;110000,50;50,,Amprion;RWE,2431,,,,,SRID=4326;POINT(8.29938794559978 52.3848939857067),Amprion,-13.495123505094876
113609,9.25421292047671,48.5753783898707,joint,380000;110000;380000;110000;110000,,"BZW-WDL/MEZ 400 kV, TRS-WDL 220 kV, NET-RTW 110 kV, MEZ-NET 110 kV;BZW-WDL/MEZ 380 kV, TRS-WDL 220 kV;NET-RTW 110 kV, MEZ-NET 110 kV",EnBW,,,,,,SRID=4326;POINT(9.25421292047671 48.5753783898707),TransnetBW,-5.556737261366523
113955,8.35827862101774,49.0642469702421,joint,110000;380000;110000;380000,50,DAXLA-LEOPO;ESSOX-HOCHS;Daxlanden - Philippsburg,EnBW,1060,,,,,SRID=4326;POINT(8.35827862101774 49.0642469702421),TransnetBW,-1.7232482753636127
113959,8.31094773617041,49.0121744736939,joint,220000;110000;110000;110000;220000;220000;110000,50;50;50;50;50,,,,,,,,SRID=4326;POINT(8.31094773617041 49.0121744736939),TransnetBW,-1.4521141755243132
114099,7.42799013997973,50.4096137519024,joint,20000;220000;110000;20000;220000;110000,,20kV-Leitung,RWE,2449,,,,,SRID=4326;POINT(7.42799013997973 50.4096137519024),Amprion,-11.064759434537653
114135,8.42749956287697,49.7049502925717,joint,380000;380000;380000,50;50;50,380 kV Ried Ost|West,RWE,4591,,,,,SRID=4326;POINT(8.42749956287697 49.7049502925717),Amprion,-4.746725757760988
114188,11.3045348216418,47.6546272744112,joint,110000;220000;220000;110000,,Kochel - Murnau;OBR-KR-SSI;OBR-KR-SSI;Kochel - Murnau,E.ON Netz GmbH,117,,,,,SRID=4326;POINT(11.3045348216418 47.6546272744112),50Hertz,40.03856592870886
114222,6.72505789116703,51.4782495738368,joint,220000;220000;110000,,,RWE,2369,,,,,SRID=4326;POINT(6.72505789116703 51.4782495738368),Amprion,-15.467499009524165
114428,13.9604951381425,53.2534505490662,joint,220000;220000;220000;220000,50;50;50;50,"303, 306;303;305;305, 306",50Hertz Transmission,303;306,,,,,SRID=4326;POINT(13.9604951381425 53.2534505490662),50Hertz,52.29100084621095
114677,7.97297897857102,51.6718080865887,joint,380000;380000;220000;220000,50,220kV Haarstrang Ost,RWE,4316,,,,,SRID=4326;POINT(7.97297897857102 51.6718080865887),Amprion,-24.4776297338118
114736,8.61509088090393,51.4362171521935,joint,380000;110000;110000,50;50;50,380kV Sauerland Nord+Süd;110kV Nehden - Olsberg + Nehden - Schmallenberg,RWE,4335,,,,,SRID=4326;POINT(8.61509088090393 51.4362171521935),Amprion,-17.74508366926569
115300,6.9289790539233,50.84381694694,joint,220000;220000;220000;220000,50;50;50;50,220 kV Olefin West;220 kV Godorf Ost; Olefin West;220 kV Olefin West;220 kV Godorf Ost; Olefin West,RWE,2389,,,,,SRID=4326;POINT(6.9289790539233 50.84381694694),Amprion,-9.294440342361732
115381,7.41792981728134,52.469583955151,joint,380000;380000;380000,50;50;50,380kV Bramgau + Niedersachsen Süd,Amprion,4583,,,,,SRID=4326;POINT(7.41792981728134 52.469583955151),Amprion,-16.569308051520544
115414,6.52570457179898,51.7530637742756,joint,220000;110000;220000;110000;110000,50;50;16.7;16.7,Sw Kirchhellen - Mehrhoog,RWE,2444,,,,,SRID=4326;POINT(6.52570457179898 51.7530637742756),Amprion,32.27738696365115
115465,6.99135016207806,51.5166333508078,joint,110000;380000,,Büscherhof West+Kusenhorst,RWE,,,,,,SRID=4326;POINT(6.99135016207806 51.5166333508078),Amprion,-18.929961090092963
115476,7.13497846908938,51.4184596787025,joint,380000;220000;380000;220000;220000,,Itterbach Ost,RWE,4516,,,,,SRID=4326;POINT(7.13497846908938 51.4184596787025),Amprion,-19.697988719016564
115654,6.61324494707879,51.2614198864283,joint,220000;110000;380000,50;50,380kV Meerbusch West+ANK,RWE,2388,,,,,SRID=4326;POINT(6.61324494707879 51.2614198864283),Amprion,-11.473812160988434
115704,6.72388963214003,51.3539351437558,joint,220000;220000;110000,,220kV Stratum Ost+West;220kV Stratum Ost+West;110kV Lintorf West+Schwarzbach Süd,RWE,2364,,,,,SRID=4326;POINT(6.72388963214003 51.3539351437558),Amprion,-13.764989046268589
115720,7.16840918255636,51.3789433521959,joint,220000;220000;220000,50;50,220kV Laer West+Pöppinghausen Ost;220kV Herdecke Nord+Süd,RWE,2652,,,,,SRID=4326;POINT(7.16840918255636 51.3789433521959),Amprion,-19.698827482072133
115721,7.18903926255075,51.3761778473448,joint,220000;220000;220000,50;50;50,220kV Herdecke Nord+Süd;220kV Laer West+Pöppinghausen Ost,RWE,2313,,,,,SRID=4326;POINT(7.18903926255075 51.3761778473448),Amprion,-19.94620405821572
115761,8.53055554991256,47.9148481845625,joint,380000;380000;0;380000;0,50,"LFBSS 380 kV, ENGST-KUHMO-VILLI 380 kV;LFBSS-TRSNG 380 kV, ENGST-KUHMO-VILLI 380 kV",EnBW,345,,,,,SRID=4326;POINT(8.53055554991256 47.9148481845625),TransnetBW,49.11615776883737
115952,7.7251004641854,50.7610459591285,joint,220000;110000,50;50,220 kV Leuscheid Nord+Süd,RWE,2371,,,,,SRID=4326;POINT(7.7251004641854 50.7610459591285),Amprion,-18.144865597128017
116051,7.99538619569198,47.5783674856311,joint,380000;220000;380000;380000;220000,50,Koppelleitung Laufenburg (CH) - Sierentz (F),,,,,,,SRID=4326;POINT(7.99538619569198 47.5783674856311),TransnetBW,51.01276644336596
116103,7.52354079264803,50.9721191828271,joint,110000;30000;380000;110000,50,110 kV Agger West; Bomig; 30 kV Homburg Ltg.;RWE 4562 Ronsdorf - Bomig,RWE,0062,,,,,SRID=4326;POINT(7.52354079264803 50.9721191828271),Amprion,-19.312883394044814
116161,7.99050349279668,50.9504281707463,joint,220000;110000;110000;220000;110000,50;50;50,,RWE,2413,,,,,SRID=4326;POINT(7.99050349279668 50.9504281707463),Amprion,-21.095465499288302
116171,10.2008655618879,47.9562415924745,joint,220000;110000;220000;110000;220000,,,,,,,,,SRID=4326;POINT(10.2008655618879 47.9562415924745),TransnetBW,40.877529158807796
116192,12.8651390676909,48.3295814903064,joint,220000;220000;220000,,Pirach - St. Peter;Pirach - Pleinting;Pirach - St. Peter;Pirach - Pleinting;Altheim - St. Peter;Altheim - Simbach;Altheim - St. Peter;Altheim - Simbach,TenneT TSO GmbH,256;257,,,,,SRID=4326;POINT(12.8651390676909 48.3295814903064),50Hertz,-12.398061084045578
116241,11.5660269448322,50.1689194526935,joint,110000;380000;0;380000;110000;0,,Münchberg - Untersteinach;Etzenricht - Mechlenreut - Redwitz;Mechlenreuth - Redwitz;Etzenricht - Mechlenreut - Redwitz;Münchberg - Untersteinach,TenneT TSO GmbH,116,,,,,SRID=4326;POINT(11.5660269448322 50.1689194526935),50Hertz,-3.906455604724748
116295,8.27075154080414,49.0295684417889,joint,110000;220000;220000;220000;220000;220000,50;50;50;50;50,,,,,,,,SRID=4326;POINT(8.27075154080414 49.0295684417889),TransnetBW,-1.3951236251425971
116764,11.0103749241553,50.286345768296,joint,380000;380000;110000;110000,,Altenfeld - Redwitz;Altenfeld - Redwitz;Altenfeld - Redwitz;Coburg - Neustadt bei Coburg;Coburg - Redwitz;Coburg - Neustadt bei Coburg;Coburg - Redwitz,TenneT TSO GmbH,459;460,,,,,SRID=4326;POINT(11.0103749241553 50.286345768296),TenneT,-2.421035677016821
117449,9.32068654470251,52.3511426488524,joint,380000;220000;220000;380000,50;50;50,Leitung 2016 - Leitung 3011;Leitung 3011,TenneT,3011;2016,,,,,SRID=4326;POINT(9.32068654470251 52.3511426488524),TenneT,-4.57077028360189
118480,7.80392933716593,49.720189380441,joint,220000;110000;220000;110000,50;50;50,,,,,,,,SRID=4326;POINT(7.80392933716593 49.720189380441),Amprion,-4.996946350359876
118504,7.90643501625846,50.3527009690134,joint,380000;110000;380000;110000,,380kV Nassau Ltg,Amprion,,,,,,SRID=4326;POINT(7.90643501625846 50.3527009690134),Amprion,-12.82537440100663
118756,7.23290543517876,51.2260385877182,joint,380000;110000;380000;380000;110000,50;50;50,RWE 4562 Ronsdorf - Bomig;380kV Leichlingen Ost+Dauersberg Ost;RWE 4562 Ronsdorf - Bomig,RWE,4562,,,,,SRID=4326;POINT(7.23290543517876 51.2260385877182),Amprion,-18.74022235023752
123033,6.5353365777699,49.5951074649244,joint,220000;110000,50;50,220 kV Saar Nord;110kV GusterathSüd; 110kV Merzig Ltg,Amprion,2326,,,,,SRID=4326;POINT(6.5353365777699 49.5951074649244),Amprion,47.738723464669796
133730,14.6043681589076,52.1744772719338,merge,380000;110000,50,Eisenhüttenstadt;Trafostation,50Hertz_Transmission;EON_edis,EH,,,,,SRID=4326;POINT(14.6043681589076 52.1744772719338),50Hertz,63.18873400126954
134302,12.4696499506579,51.3717538286098,merge,220000;110000,50,Umspannwerk Taucha,50Hertz;enviaM,,,,,,SRID=4326;POINT(12.4696499506579 51.3717538286098),50Hertz,4.325564063489303
134365,13.2117552739978,52.5799677159934,merge,110000;380000;110000,50;50,Oberhavel;Teufelsbruch,Vattenfall Europe AG,,,,,,SRID=4326;POINT(13.2117552739978 52.5799677159934),50Hertz,5.486205029572769
134539,9.34503642823891,53.8521671608779,merge,380000;220000,,Kernkraftwerk Brokdorf;Brokdorf,E.ON,KBR,,,,,SRID=4326;POINT(9.34503642823891 53.8521671608779),TenneT,63.37593413281756
134702,8.49637255077007,49.4437955046864,merge,110000;220000;110000,50;16.7;50;16.7,Großkraftwerk Mannheim;Umrichterwerk Mannheim;Mannheim,Grosskraftwerk Mannheim Aktiengesellschaft,,,,,,SRID=4326;POINT(8.49637255077007 49.4437955046864),Amprion,-3.3044979807423385
134913,7.97134985795849,51.6781283421425,merge,380000;110000;380000;110000;110000,50;50;50;50,Station Lippborg;Kraftwerk Westfalen,Amprion,,,,,,SRID=4326;POINT(7.97134985795849 51.6781283421425),Amprion,-24.461147209833513
142234,6.52172243798122,51.3225237613827,joint,0;220000,0;50,220kV Fichtenhain Ost+Utfort West,Amprion,4571,,,,,SRID=4326;POINT(6.52172243798122 51.3225237613827),Amprion,37.08066091541421
142719,9.40304183804189,48.7102124299298,joint,380000;380000;110000,16.7,"RWE-Donauleitung 380 kV, 220 kV;RWE-Donauleitung 380 kV, 220 kV;Amstetten - Plochingen",DB_Energie,,,,,,SRID=4326;POINT(9.40304183804189 48.7102124299298),TransnetBW,-6.904987558034286
143336,7.06269649097267,50.0426550136756,joint,220000;110000;220000;110000;220000;110000;110000;110000,50;50;50;50;50,220 kV Kondelwald; 110 kV Pünderich;220 kV Kondelwald; 110 kV Pünderich;220 kV Kondelwald;Bengel-Koblenz;Bengel-Koblenz,Amprion,2409,,,,,SRID=4326;POINT(7.06269649097267 50.0426550136756),Amprion,-4.892777509526329
143697,7.64248572232225,49.4766025599437,joint,220000,50,Otterbach - Beeden,,,,,,,SRID=4326;POINT(7.64248572232225 49.4766025599437),Amprion,-2.736204984703118
1056,13.2773172915853,52.5285740598557,substation,,,,,,,,,,SRID=4326;POINT(13.2773172915853 52.5285740598557),50Hertz,6.162350227620864
1348,11.7063884384813,48.2766481758593,substation,,,,Isar-Amperwerke,1639,,,,,SRID=4326;POINT(11.7063884384813 48.2766481758593),50Hertz,-18.079348467189398
3474,9.08395235006862,49.973238789439,sub_station,,,,,,,,,,SRID=4326;POINT(9.08395235006862 49.973238789439),TenneT,-5.119254638137534
4281,6.99532296142208,50.0106438937162,substation,,,,RWE,Bausendorf Moselstraße 23,,,,,SRID=4326;POINT(6.99532296142208 50.0106438937162),Amprion,-4.30543190016348
6868,11.3841462170664,48.2500527529713,sub_station,,,,Isar-Amperwerke,14662,,,,,SRID=4326;POINT(11.3841462170664 48.2500527529713),50Hertz,-17.6298062047863
7114,11.5987011869984,48.2907165723889,sub_station,,,,,15418,,,,,SRID=4326;POINT(11.5987011869984 48.2907165723889),50Hertz,-18.281198040107576
8575,11.4045859440521,48.2070419721001,substation,,,,Isar-Amperwerke,18874,,,,,SRID=4326;POINT(11.4045859440521 48.2070419721001),50Hertz,-17.163178659599858
11590,8.67980452582509,51.8398006652564,sub_station,,,,,019061 Untere Bielefelder Landstraße,,,,,SRID=4326;POINT(8.67980452582509 51.8398006652564),Amprion,-15.289644023805925
16240,11.0049169147024,50.5074149677706,substation,380000,50,Pumpspeicherwerk Goldisthal,,,,,,,SRID=4326;POINT(11.0049169147024 50.5074149677706),TenneT,-0.6269557649190478
16261,8.34911647896714,49.0130502773807,substation,220000;110000,50,Karlsruhe-West,,,,,,,SRID=4326;POINT(8.34911647896714 49.0130502773807),TransnetBW,-1.5606007898026188
16309,12.7864054610462,50.6294093653227,substation,110000,50,,,,,,,,SRID=4326;POINT(12.7864054610462 50.6294093653227),50Hertz,2.252391654896135
16339,7.2526279816182,51.404585366239,substation,110000,50,US Steinenhaus,Aktiengesellschaft für Versorgungsunternehmen,,,,,,SRID=4326;POINT(7.2526279816182 51.404585366239),Amprion,-21.08446490047857
16785,7.09592423999226,50.8267913785919,substation,220000;110000,,Station Stockem,Westnetz,,,,,,SRID=4326;POINT(7.09592423999226 50.8267913785919),Amprion,-11.45478101588649
16786,12.2487790977599,51.1978814301826,substation,220000;110000,50,Umspannwerk Großdalzig,50Hertz Transmission;enviaM,,,,,,SRID=4326;POINT(12.2487790977599 51.1978814301826),50Hertz,3.213166545897108
16790,7.00616821335541,51.5997745913503,plant,,,Kraftwerk Scholven,,,,,,,SRID=4326;POINT(7.00616821335541 51.5997745913503),Amprion,-19.909609903954568
16792,9.2156749306645,48.852305664436,substation,380000;110000,50,Umspannwerk Mühlhausen,EnBW AG,,,,,,SRID=4326;POINT(9.2156749306645 48.852305664436),TransnetBW,-5.5601127988016845
16803,7.12325083198984,51.525617460783,substation,380000;110000,50,Station Hüllen,RWE,,,,,,SRID=4326;POINT(7.12325083198984 51.525617460783),Amprion,-20.642157453218744
16843,9.52248367148348,52.360376291517,substation,220000;110000,50,Hannover/West,TenneT;EON_Netz,,,,,,SRID=4326;POINT(9.52248367148348 52.360376291517),TenneT,-3.126003141460682
16848,8.80025984726531,49.8405201290294,substation,110000,50,,RWE,,,,,,SRID=4326;POINT(8.80025984726531 49.8405201290294),TenneT,-5.112762762418749
16952,8.40373379697308,49.9644145833259,substation,220000;110000,,Umspannwerk Hof Schönau,,,,,,,SRID=4326;POINT(8.40373379697308 49.9644145833259),Amprion,-6.955940686043716
16882,10.3662388275843,52.284697844369,substation,380000;220000,50,Wahle,TenneT,,,,,,SRID=4326;POINT(10.3662388275843 52.284697844369),TenneT,1.588329297110791
16886,6.85158521860582,50.9841157197148,substation,220000;110000,50,Bocklemünd,,,,,,,SRID=4326;POINT(6.85158521860582 50.9841157197148),Amprion,-9.982489379482992
16893,9.3897502251176,52.0263153405098,substation,380000;110000,50,UW Grohnde 380 kV / 110 kV,TenneT,,,,,,SRID=4326;POINT(9.3897502251176 52.0263153405098),TenneT,-5.755209177600426
16895,7.19312872837309,50.7982667363764,substation,220000;110000,,Station Siegburg,RWE,,,,,,SRID=4326;POINT(7.19312872837309 50.7982667363764),Amprion,-12.569459155077325
16896,7.03046445748719,50.7515727987454,substation,110000,,Station Alfter,Westnetz,,,,,,SRID=4326;POINT(7.03046445748719 50.7515727987454),Amprion,-9.681287034264425
16902,6.57732652813241,51.5563829497114,substation,220000;110000,50,Station Ossenberg,Amprion,,,,,,SRID=4326;POINT(6.57732652813241 51.5563829497114),Amprion,33.67236528584222
16910,7.03761927194858,51.5985600317353,substation,220000;110000,,Station Bergmannsglück,RWE,,,,,,SRID=4326;POINT(7.03761927194858 51.5985600317353),Amprion,-20.26189681389854
16919,7.02345294590051,51.6256937981523,substation,380000;220000,50,Station Polsum,Amprion,,,,,,SRID=4326;POINT(7.02345294590051 51.6256937981523),Amprion,-20.31764241227066
16922,9.50180203270264,53.5429366535212,substation,380000;220000;110000,50,Dollern,,,,,,,SRID=4326;POINT(9.50180203270264 53.5429366535212),TenneT,60.94006441463314
16949,7.50588445692725,51.4016290115256,substation,220000;110000,,Umspannwerk Garenfeld,markE,,,,,,SRID=4326;POINT(7.50588445692725 51.4016290115256),Amprion,-23.77120242048247
17010,9.82156115799452,52.4248291239809,substation,220000;110000,50,Lahe,enercity Netzgesellschaft mbH,LAH,,,,,SRID=4326;POINT(9.82156115799452 52.4248291239809),TenneT,-1.2576975916695226
17028,8.80962878193478,50.2034694007106,substation,380000;110000,,Umspannwerk Karben,TenneT,,,,,,SRID=4326;POINT(8.80962878193478 50.2034694007106),TenneT,-7.355301930835287
17046,10.7610044477178,52.367687328586,substation,380000,50,Umspannwerk Hattorf,EON_Netz,,,,,,SRID=4326;POINT(10.7610044477178 52.367687328586),TenneT,2.3616691758745443
17055,8.65934958571703,51.9996166017244,substation,380000;220000;110000,50,Umspannwerk Bechterdissen,TenneT,,,,,,SRID=4326;POINT(8.65934958571703 51.9996166017244),Amprion,-14.270340254001468
17061,9.7765832945022,53.6906257221607,substation,220000;110000,50,Kummerfeld,TenneT,,,,,,SRID=4326;POINT(9.7765832945022 53.6906257221607),TenneT,61.901554654175634
17080,7.52228468101973,51.5321934905208,substation,220000;110000,50,Station Wambel,Ampirion,,,,,,SRID=4326;POINT(7.52228468101973 51.5321934905208),Amprion,-24.62726312364492
17099,8.70215267475532,51.7363241568211,substation,380000;110000,,Umspannwerk Elsen,TenneT,,,,,,SRID=4326;POINT(8.70215267475532 51.7363241568211),Amprion,-15.615998081036137
17111,11.868165812601,48.2067732154364,substation,380000;220000,50,Umspannwerk Ottenhofen,TenneT TSO GmbH,OH,,,,,SRID=4326;POINT(11.868165812601 48.2067732154364),50Hertz,-17.01483355388855
17137,6.45659082917129,50.8712553044483,substation,380000;110000,50,Station Oberzier,Net,,,,,,SRID=4326;POINT(6.45659082917129 50.8712553044483),Amprion,42.948280523641074
17140,8.62872595935418,51.9936052081812,substation,220000;110000,50,Umspannwerk Bielefeld Ost,Stadtwerke Bielefeld GmbH,,,,,,SRID=4326;POINT(8.62872595935418 51.9936052081812),Amprion,-14.716986898218181
17208,6.8088998503319,51.2686076725866,substation,380000,50,Station Rath,,,,,,,SRID=4326;POINT(6.8088998503319 51.2686076725866),Amprion,-13.441562520150097
17209,7.03697897511226,51.5407302473396,substation,110000,50,Station Gelsenberg,RWE; ELE,,,,,,SRID=4326;POINT(7.03697897511226 51.5407302473396),Amprion,-19.73306298751447
17223,6.9319405673101,51.5650443480733,substation,110000,,Station Ellinghorst,RWE,,,,,,SRID=4326;POINT(6.9319405673101 51.5650443480733),Amprion,-18.72573356402156
17256,7.54572442438118,51.9703292911584,substation,380000;110000,50,Station Roxel,RWE,,,,,,SRID=4326;POINT(7.54572442438118 51.9703292911584),Amprion,-23.5915103941499
17291,10.3789634211254,53.2198904503378,substation,380000;110000,50,Lüneburg,EON_Netz,LUEN,,,,,SRID=4326;POINT(10.3789634211254 53.2198904503378),50Hertz,7.0932268626380175
17324,8.08571803635628,53.6058223637495,substation,220000;110000,50,Umspannwerk Voslapp,TenneT;EON_Netz,VOSL,,,,,SRID=4326;POINT(8.08571803635628 53.6058223637495),Amprion,61.2081798883947
17389,12.1147630824386,49.6312498474851,substation,380000;110000,,Umspannwerk Etzenricht,Tennet;EON_Netz,ETZ,,,,,SRID=4326;POINT(12.1147630824386 49.6312498474851),50Hertz,-10.692277777248515
17453,7.72582111141909,52.2772383183027,substation,220000;110000,50,Station Ibbenbüren,Amprion,,,,,,SRID=4326;POINT(7.72582111141909 52.2772383183027),Amprion,-19.244697764395127
17476,9.12526385645653,52.5382634068284,substation,380000;220000,50,Landesbergen,TenneT TSO GmbH,,,,,,SRID=4326;POINT(9.12526385645653 52.5382634068284),TenneT,-4.529261169809958
17606,7.46182245044468,51.4088696475804,substation,110000;15000,16.7,Unterwerk Hagen-Hengstey,DB_Energie,,,,,,SRID=4326;POINT(7.46182245044468 51.4088696475804),Amprion,-23.443216931776803
17672,7.0608429248286,51.6967174563455,substation,380000;220000;110000,50,Station Kusenhorst,RWE,,,,,,SRID=4326;POINT(7.0608429248286 51.6967174563455),Amprion,-21.185448054761494
17684,7.25465688214231,53.0266716315927,substation,380000,50,Umspannwerk Rhede,TenneT,RHED,,,,,SRID=4326;POINT(7.25465688214231 53.0266716315927),Amprion,-4.471500317297311
17712,9.52950909749613,53.6191122380472,substation,220000;110000,50,Stade,,,,,,,SRID=4326;POINT(9.52950909749613 53.6191122380472),TenneT,61.886413503719865
17850,12.1304479092303,54.1408589702475,sub_station,,,,,,,,,,SRID=4326;POINT(12.1304479092303 54.1408589702475),50Hertz,53.81393243975621
18085,6.77245043554116,51.1470617901331,substation,220000;110000,50,Station Norf,,,,,,,SRID=4326;POINT(6.77245043554116 51.1470617901331),Amprion,-11.279490723329452
18134,6.71774903100173,51.5228051762102,substation,110000,,Station Papierfabrik,RWE,,,,,,SRID=4326;POINT(6.71774903100173 51.5228051762102),Amprion,-15.951162053871421
18163,12.7892185665402,50.6270206704254,substation,380000;110000,50,Umspannwerk Zwönitz,,Zw,,,,,SRID=4326;POINT(12.7892185665402 50.6270206704254),50Hertz,2.2452430657697846
18188,7.09807983481093,51.3766847954595,station,,,Station Kupferdreh,WSW,,,,,,SRID=4326;POINT(7.09807983481093 51.3766847954595),Amprion,-18.709939866415677
18228,8.40328853596662,52.6096767147091,substation,220000;110000,50,Station Sankt Hülfe,Amprion,,,,,,SRID=4326;POINT(8.40328853596662 52.6096767147091),Amprion,-9.075353079707453
18269,11.7273510145608,52.5689508911754,substation,380000;110000,50,Stendal/West,50Hertz Transmission GmbH,StW,,,,,SRID=4326;POINT(11.7273510145608 52.5689508911754),50Hertz,2.9497550507919765
18376,7.12315874458966,51.1716164010914,substation,380000;110000,50,Station Halfeshof,,,,,,,SRID=4326;POINT(7.12315874458966 51.1716164010914),Amprion,-16.383363303927737
18378,7.03169582777078,51.6094376789953,substation,220000,,Station Bellendorf,RWE,,,,,,SRID=4326;POINT(7.03169582777078 51.6094376789953),Amprion,-20.28282470453399
18639,6.72247756302745,51.4798054545034,substation,380000;220000;110000,50,Station Beeck,,,,,,,SRID=4326;POINT(6.72247756302745 51.4798054545034),Amprion,-15.462284847846806
18647,9.88562708565078,48.3041011089674,substation,380000;220000;110000,50,Umspannwerk Dellmensingen,EnBW,,,,,,SRID=4326;POINT(9.88562708565078 48.3041011089674),TransnetBW,-9.74287761442101
18762,8.62480359117333,51.427924536505,substation,380000;110000,50,Station Nehden,Amprion,,,,,,SRID=4326;POINT(8.62480359117333 51.427924536505),Amprion,-17.60597106748356
18791,9.43564231453684,52.1897604772575,substation,,50,Bad Münder,EON_Netz,BMUE,,,,,SRID=4326;POINT(9.43564231453684 52.1897604772575),TenneT,-4.596387340905929
18968,8.67371480490093,49.2904577458458,substation,380000;220000;110000,50,Umspannwerk Wiesloch,EnBW,,,,,,SRID=4326;POINT(8.67371480490093 49.2904577458458),TransnetBW,-3.154122348457067
19275,7.99392021394725,51.8230845944641,substation,380000;110000,50,Station Enniger,Amprion,,,,,,SRID=4326;POINT(7.99392021394725 51.8230845944641),Amprion,-23.407852300276815
19322,8.40896371492883,53.1902439664928,substation,220000,,Huntorf,EON_Netz,HUNT,,,,,SRID=4326;POINT(8.40896371492883 53.1902439664928),Amprion,3.2326933553137103
19825,7.39127198709164,51.4876399434278,station,110000,50,Station Technopark,DEW21,,,,,,SRID=4326;POINT(7.39127198709164 51.4876399434278),Amprion,-23.34696501665094
19974,8.51995689720936,50.0493480607197,substation,380000,,Kabeleinführung 380 kV,Süwag,,,,,,SRID=4326;POINT(8.51995689720936 50.0493480607197),Amprion,-7.3870631101783015
20416,7.17944505759209,51.4721618055413,substation,220000;110000,,Station Bochum,Amprion,,,,,,SRID=4326;POINT(7.17944505759209 51.4721618055413),Amprion,-20.83335043563964
20429,9.95087604388534,54.3227891414081,substation,110000,50,Umspannwerk Felde,Schleswig-Holstein Netz AG,,,,,,SRID=4326;POINT(9.95087604388534 54.3227891414081),50Hertz,56.19230525561768
20669,7.95805105631707,47.59569859905,substation,380000;220000,50,Lastverteilung/Schaltanlage Kühmoos,Schluchseewerk AG,,,,,,SRID=4326;POINT(7.95805105631707 47.59569859905),TransnetBW,51.034590809380454
20839,13.0028160127263,48.2619224446526,substation,220000,,Umspannwerk Simbach,"Tennet, E.on Netz",,,,,,SRID=4326;POINT(13.0028160127263 48.2619224446526),50Hertz,-10.733819466251608
20887,7.25209602951627,51.221794712333,station,,,Station Luckhausen,,,,,,,SRID=4326;POINT(7.25209602951627 51.221794712333),Amprion,-18.962884639341713
20945,7.17590440489993,51.4755782474736,substation,220000,,UW Stahlwerk ThyssenKrupp Nirosta,,,,,,,SRID=4326;POINT(7.17590440489993 51.4755782474736),Amprion,-20.822085709285776
20999,10.4937333737793,48.2473351445912,substation,,,,,,,,,,SRID=4326;POINT(10.4937333737793 48.2473351445912),TransnetBW,-13.021262680443934
21059,9.31808928161281,54.715995074046,substation,380000;220000;110000;20000,50,Flensburg,TenneT,FLEN,,,,,SRID=4326;POINT(9.31808928161281 54.715995074046),TenneT,51.688167731393946
21077,7.01972144185145,51.0927333655873,station,,,Station Balken,,,,,,,SRID=4326;POINT(7.01972144185145 51.0927333655873),Amprion,-13.733815296435871
21137,10.3917812505087,48.5185007550404,substation,380000,,Umspannwerk Gundelfingen,Amprion,,,,,,SRID=4326;POINT(10.3917812505087 48.5185007550404),TransnetBW,-13.988030624028573
21315,10.4204291048174,52.1652237534487,substation,220000;110000,50,,Salzgitter AG,,,,,,SRID=4326;POINT(10.4204291048174 52.1652237534487),TenneT,1.5835711819774048
21763,6.49904434781697,51.7487173754344,substation,110000;15000,16.7,Unterwerk Mehrhoog,DB_Energie,,,,,,SRID=4326;POINT(6.49904434781697 51.7487173754344),Amprion,32.500829585049985
22360,7.17033748051231,49.3558354846833,substation,220000,,Saarstahl,,,,,,,SRID=4326;POINT(7.17033748051231 49.3558354846833),Amprion,-1.1625436789538988
23863,11.4747302166977,50.6039905238974,plant,220000,50,Pumpspeicherkraftwerk Hohenwarte II,Vattenfall AG,,,,,,SRID=4326;POINT(11.4747302166977 50.6039905238974),50Hertz,0.052406262551350835
24621,11.4703710706553,50.9303732467952,substation,380000;110000,50,Großschwabhausen,50Hertz;EON_TEAG,,,,,,SRID=4326;POINT(11.4703710706553 50.9303732467952),50Hertz,1.6551633646575894
24657,10.1789348023534,54.3388198058775,plant,,,Gemeinschaftskraftwerk Kiel,,,,,,,SRID=4326;POINT(10.1789348023534 54.3388198058775),50Hertz,56.84002175183769
24815,6.53979833871267,49.6416513638062,station,110000,50,Station Tobiashaus,Westnetz,,,,,,SRID=4326;POINT(6.53979833871267 49.6416513638062),Amprion,47.55915834794161
24835,8.41755868722372,49.6388189136666,substation,110000,50,Umspannanlage Rosengarten,EWR,,,,,,SRID=4326;POINT(8.41755868722372 49.6388189136666),Amprion,-4.307345920265808
24925,8.54671154709665,49.4408180776278,substation,220000;110000,50,Station Rheinau,Net,,,,,,SRID=4326;POINT(8.54671154709665 49.4408180776278),Amprion,-3.3536741813771247
25098,8.35237696477281,49.4212753934146,substation,220000;110000,50,Netzleitstelle Mutterstadt,Pfalzwerke,,,,,,SRID=4326;POINT(8.35237696477281 49.4212753934146),Amprion,-3.0451160853729817
25112,8.40840450372926,49.5285424870512,substation,220000,50,BASF,,,,,,,SRID=4326;POINT(8.40840450372926 49.5285424870512),Amprion,-3.6478204951662914
25432,9.25935137191224,51.0600752450764,substation,380000;110000,50,Umspannwerk Borken,TenneT,,,,,,SRID=4326;POINT(9.25935137191224 51.0600752450764),TenneT,-8.319631367484158
25433,8.66380454839086,49.3600814094953,substation,220000;110000,50,Umspannanlage Heidelberg-Süd,Stadtwerke Heidelberg Netze GmbH,,,,,,SRID=4326;POINT(8.66380454839086 49.3600814094953),Amprion,-3.295674226446346
25711,9.07622954998237,49.363395746433,substation,220000;110000,50,Obrigheim,,,,,,,SRID=4326;POINT(9.07622954998237 49.363395746433),TenneT,-4.5094328701703965
26547,8.53147288526237,50.0478379155537,substation,380000,50,Station Kelsterbach,Amprion,,,,,,SRID=4326;POINT(8.53147288526237 50.0478379155537),Amprion,-7.3293641678794135
26626,8.68414375850752,51.4356404542479,substation,110000,50,,,,,,,,SRID=4326;POINT(8.68414375850752 51.4356404542479),Amprion,-16.741729160006138
27239,14.4291278148799,51.8132595180845,substation,110000,,,,,,,,,SRID=4326;POINT(14.4291278148799 51.8132595180845),50Hertz,69.76306843470519
28780,8.56023905306821,49.9921018160486,substation,,,,,,,,,,SRID=4326;POINT(8.56023905306821 49.9921018160486),Amprion,-6.7299622414536096
28983,10.2589414104044,47.885919409229,substation,,,Umspannwerk Wolfertschwenden,LEW,,,,,,SRID=4326;POINT(10.2589414104044 47.885919409229),TransnetBW,41.255273190449564
29231,8.33729389339185,49.0584581449158,station,,,,,,,,,,SRID=4326;POINT(8.33729389339185 49.0584581449158),TransnetBW,-1.6509445674620586
29723,9.86662609049239,49.2011850398997,substation,,,,,,,,,,SRID=4326;POINT(9.86662609049239 49.2011850398997),TransnetBW,-9.622639756165901
30589,7.74018298323809,50.009460229729,station,110000,50,Umspannwerk Oberheimbach,JUWI,,,,,,SRID=4326;POINT(7.74018298323809 50.009460229729),Amprion,-8.020340988673558
33431,6.84810730071267,50.8617173064731,plant,,,Statkraft Kraftwerk Knapsack II,Statkraft,,,,,,SRID=4326;POINT(6.84810730071267 50.8617173064731),Amprion,-8.492257315379202
33441,7.23233531154789,49.3579040467156,plant,,,Grubengas-Heizkraftwerk,Steag New Energies,,,,,,SRID=4326;POINT(7.23233531154789 49.3579040467156),Amprion,-1.2825275623767993
34462,7.50860468408202,51.4035597224991,station,,,,,,,,,,SRID=4326;POINT(7.50860468408202 51.4035597224991),Amprion,-23.80743969457495
36404,10.1964803294183,50.0279773912942,substation,220000;110000,50,Schweinfurt,,,,,,,SRID=4326;POINT(10.1964803294183 50.0279773912942),TenneT,-3.6544601801142758
112083,8.65154864738381,50.2021889777225,joint,110000;380000;110000,50;50,380 kV 3011; 220 kV 1046,TenneT,3011;1046,,,,,SRID=4326;POINT(8.65154864738381 50.2021889777225),Amprion,-8.208215023559637
112104,11.7801477589874,48.18065694418,joint,220000;110000;110000;220000;110000,,,TenneT TSO GmbH;E.ON Netz GmbH,250;251;1235;1236,,,,,SRID=4326;POINT(11.7801477589874 48.18065694418),50Hertz,31.951408137757298
112243,8.90670603085358,48.6579424707003,joint,380000;110000;110000,50,2x 380 kV ; 2x 110 kV;Anlage 613,EnBW Transportnetze AG,,,,,,SRID=4326;POINT(8.90670603085358 48.6579424707003),TransnetBW,-3.3806886416924034
112249,8.93584037181121,48.6752096806812,joint,380000;380000;110000;110000;110000,50,2x 380 kV ; 2x 110 kV;2x 380 kV ; 2x 110 kV;Anlage 622;Anlage 622,EVS,318,,,,,SRID=4326;POINT(8.93584037181121 48.6752096806812),TransnetBW,-3.5807044562201664
112253,8.94694795046782,48.7157167580538,joint,380000;110000,,2x 380 kV ; 2x 110 kV,EVS,318,,,,,SRID=4326;POINT(8.94694795046782 48.7157167580538),TransnetBW,-3.704446841430924
112292,8.43971907619226,50.0585753714553,joint,380000;380000;380000;380000,50;50;50,380kV Trebur Nord;380kV Trebur Süd,RWE,4114,,,,,SRID=4326;POINT(8.43971907619226 50.0585753714553),Amprion,-7.77703931224986
112407,9.30257246615588,48.8831811806587,joint,380000;380000;380000,50,"Anlage 315;Anlage 315;Anlage 372 ; MUHLHS-WDLNG, MULHS-PULVE",RWE;EnBW,,,,,,SRID=4326;POINT(9.30257246615588 48.8831811806587),TransnetBW,-6.175465320136947
112412,12.1189289529298,51.5151643598664,joint,380000;380000;380000,50;50;50,504;502;504;502,50Hertz,504,,,,,SRID=4326;POINT(12.1189289529298 51.5151643598664),50Hertz,3.3715344182813567
112422,8.53990162212854,53.2301155493101,joint,220000;220000;110000,50;50;50,2143;2144;Leitung 2144;1228,transpower,2144,,,,,SRID=4326;POINT(8.53990162212854 53.2301155493101),Amprion,4.679248146525351
112520,7.42128466554142,51.4554590642949,joint,220000;110000;220000;110000,50;50;50,,RWE,2763,,,,,SRID=4326;POINT(7.42128466554142 51.4554590642949),Amprion,-23.410559082691805
112530,6.67952579284462,51.6372135582809,joint,380000;110000;380000;110000;220000,50,,RWE,4575,,,,,SRID=4326;POINT(6.67952579284462 51.6372135582809),Amprion,-16.843881108995642
112582,8.61895210948966,53.0958088766831,joint,380000;110000;110000;380000;110000,50;50;50,303;086;105;303,TenneT,,,,,,SRID=4326;POINT(8.61895210948966 53.0958088766831),Amprion,1.6166359547184115
112602,8.48113159045323,50.5925468683535,joint,380000;380000;380000;380000,50;50;50;50,,TenneT,,,,,,SRID=4326;POINT(8.48113159045323 50.5925468683535),Amprion,-13.624114538115636
112621,8.66044663993607,51.9959151786273,joint,220000;110000;380000;380000;220000;110000,50;50,,TenneT,2812,,,,,SRID=4326;POINT(8.66044663993607 51.9959151786273),Amprion,-14.289943684471607
112672,11.3057130519685,50.2938843930392,joint,380000;110000;380000;110000;20000,,Redwitz - Remptendorf;Redwitz - Remptendorf;Windheim - Redwitz;Redwitz - Remptendorf;Redwitz - Remptendorf;Windheim - Redwitz,TenneT TSO GmbH;E.ON Netz GmbH,413;414;168,,,,,SRID=4326;POINT(11.3057130519685 50.2938843930392),50Hertz,-2.5045071147810187
112715,6.58449041382329,51.4393552658584,joint,110000;220000,50;50,110 kV Neukirchen Ost+West;220kV Utfort West+Uerdingen West,RWE,2303,,,,,SRID=4326;POINT(6.58449041382329 51.4393552658584),Amprion,35.0679915226536
112727,6.66661161232012,50.9744367790006,joint,380000;110000;110000;380000,50;50;50,380 kV Selfkant Weiß; 380 kV Paffendorf Süd; 110 kV Glesch Süd; Grefrath West;110 kV Glesch Süd; Grefrath West;380 kV Paffendorf Süd; Selfkant weiß,RWE,4177,,,,,SRID=4326;POINT(6.66661161232012 50.9744367790006),Amprion,-8.008503726517237
112770,7.13752366578387,51.5219862865177,joint,380000;110000;220000;380000;220000;110000,50,380kV Herne 1A,RWE,4129,,,,,SRID=4326;POINT(7.13752366578387 51.5219862865177),Amprion,-20.782840926008124
112792,6.79451212550554,51.3123012393228,joint,110000;380000;380000;110000,50,110kV Rath Nord+Schwarzbach Süd;380 KV;380 KV,RWE,0059,,,,,SRID=4326;POINT(6.79451212550554 51.3123012393228),Amprion,-13.910546258205134
112934,10.9884482158798,50.5699143795256,joint,380000;110000;110000;380000,50;50;50,,50Hertz;TEN,,,,,,SRID=4326;POINT(10.9884482158798 50.5699143795256),TenneT,-0.22070733070463255
113016,8.34491968459607,51.9175356811635,joint,380000;110000;380000;110000,50;50,110kV Enniger-Gütersloh Nord+Süd,Amprion,4373,,,,,SRID=4326;POINT(8.34491968459607 51.9175356811635),Amprion,-19.020204022803277
113113,10.7855002879024,48.0221402842941,joint,110000;220000;110000;220000;110000,,,LEW,E6;W6,,,,,SRID=4326;POINT(10.7855002879024 48.0221402842941),TenneT,36.37599279907938
113186,9.00122496841808,52.5395369865789,joint,380000;380000;380000,50;50;50,Leitung 3017;Leitung 3017;Landesbergen - Wehrendorf,TenneT,3017,,,,,SRID=4326;POINT(9.00122496841808 52.5395369865789),TenneT,-5.410037672353701
113355,10.9354551599652,49.5636823602756,joint,380000;380000;380000,,Kriegenbrunn - Redwitz;Raitersaich - Kriegenbrunn;Raitersaich - Würgau;Raitersaich - Kriegenbrunn;Kriegenbrunn - Redwitz;Raitersaich - Würgau,TenneT TSO GmbH,432;438,,,,,SRID=4326;POINT(10.9354551599652 49.5636823602756),TenneT,-11.257498033598024
113365,9.20311504031695,49.0305952901284,joint,380000;220000;380000;220000;110000;110000,50;50;16.7;16.7,,EnBW;DB_Energie,,,,,,SRID=4326;POINT(9.20311504031695 49.0305952901284),TransnetBW,-5.412345124507443
113376,10.3341833653942,47.6717032828135,joint,220000;110000;220000;110000;220000,,,Lechwerke,,,,,,SRID=4326;POINT(10.3341833653942 47.6717032828135),TransnetBW,43.29861683636268
113391,7.05489914123335,50.9279135700905,joint,220000;220000;110000;110000,50;50;16.7;16.7,220 kV Merheim Ost|West;220 kV Merheim Ost|West; 110 kV Bahnstrom Köln - Gerresheim 1|2;110 kV Bahnstrom Köln - Gerresheim 1|2,RWE,2380,,,,,SRID=4326;POINT(7.05489914123335 50.9279135700905),Amprion,-12.069960595120769
113452,7.1401650720453,51.5525898399415,joint,380000;220000;380000;220000,,380kV Recklinghausen + ?;220kV Herne 4;380kV Recklinghausen + 220kV Herne 4,RWE,4302,,,,,SRID=4326;POINT(7.1401650720453 51.5525898399415),Amprion,-21.079912114026936
113526,7.01586509635015,52.1926445887378,joint,380000;220000;380000;220000,,380kV Hamaland + Münsterland;220kV Grafschaft West,RWE,4306,,,,,SRID=4326;POINT(7.01586509635015 52.1926445887378),Amprion,-19.627749234419355
113552,10.3769409271301,52.1801169526299,joint,110000;110000;110000,50;50;50,Leitung 1814;Leitung 1815,,137;144,,,,,SRID=4326;POINT(10.3769409271301 52.1801169526299),TenneT,1.4881146576543962
113717,10.05467606817,48.3111891480546,joint,380000;220000;220000;380000,,Günzburg Nord;Günzburg Süd;Iller Ltg.;Iller Ltg.;Vöhringen - Gundremmingen,RWE,4549,,,,,SRID=4326;POINT(10.05467606817 48.3111891480546),TransnetBW,-9.88656149596886
113749,9.75450401598147,47.647653657793,joint,380000;220000;110000;110000;380000;220000,,Dellmensingen Ost; GRKA-WNGEN,EnBW,0339,,,,,SRID=4326;POINT(9.75450401598147 47.647653657793),TransnetBW,45.15425977859193
113931,8.71532049856109,50.4625810927637,joint,380000;110000;110000,,,,Leitung 3023,,,,,SRID=4326;POINT(8.71532049856109 50.4625810927637),Amprion,-10.236361302056569
113941,8.42865066408204,48.9598156551452,joint,220000;110000;220000;110000;220000,50,,,,,,,,SRID=4326;POINT(8.42865066408204 48.9598156551452),TransnetBW,-1.6760016652685827
114045,8.77499315743388,49.9715436490467,joint,380000;220000;380000;220000;220000,,"2 x 380 kV, 2 x 220 kV;2 x 380 kV, 3 x 220 kV;1 x 220 kV",,,,,,,SRID=4326;POINT(8.77499315743388 49.9715436490467),Amprion,-5.896482210686575
114065,11.5165789105232,51.5820828769853,joint,380000;380000,50;50,536;538,50Hertz,536,,,,,SRID=4326;POINT(11.5165789105232 51.5820828769853),50Hertz,2.774176913032095
114071,11.8632453363665,51.3711997867524,joint,380000;220000;380000;220000,50;50;50,"471,472;233 Großdalzig - Eula, 358 Wolkramshausen - Eula;233 Großdalzig - Eula, 358 Wolkramshausen - Eula",50Hertz,233;358,,,,,SRID=4326;POINT(11.8632453363665 51.3711997867524),50Hertz,2.872647476697928
115229,7.20011782562368,50.5205889638786,joint,110000;220000;110000,50;50,Sinzig Ltg;Ahr West,RWE,0815,,,,,SRID=4326;POINT(7.20011782562368 50.5205889638786),Amprion,-9.688982239613942
114197,8.70347926581194,51.7155714407611,joint,380000;110000;110000,50,,Tennet,3016,,,,,SRID=4326;POINT(8.70347926581194 51.7155714407611),Amprion,-15.704604139424006
114312,7.27007691315187,52.6541665746089,joint,380000;380000;110000,50;50;50,,Amprion,4121,,,,,SRID=4326;POINT(7.27007691315187 52.6541665746089),Amprion,-13.03045620128705
114565,9.20985285410549,49.0291622671803,joint,220000;220000;220000,50;50,"Anlage 322 ; NWHEI-HOHCK, NWHEI-PULVE ( 2 x 220 kV);2x 220 kV",EVS,322,,,,,SRID=4326;POINT(9.20985285410549 49.0291622671803),TransnetBW,-5.456005266004821
114602,8.57753636129367,49.1336857697024,joint,380000;110000;380000;110000;110000,50;50;50;50,,,,,,,,SRID=4326;POINT(8.57753636129367 49.1336857697024),TransnetBW,-2.535944211071218
114603,8.60277713431533,49.1558713770888,joint,110000;380000;110000;380000;110000,50;50;50,,EnBW,,,,,,SRID=4326;POINT(8.60277713431533 49.1558713770888),TransnetBW,-2.6619348577228994
114661,8.97700117812956,50.0591366918058,joint,110000;380000;110000;380000;110000,,Untermain Nord;Karlstein Süd;Rödermark Nord;380 kV,RWE,4592,,,,,SRID=4326;POINT(8.97700117812956 50.0591366918058),TenneT,-5.733453998285624
114740,8.35733619845317,51.3082977470217,joint,110000;380000;380000;110000,50;50;50,110kV Arpe-Olsberg + Nehden-Schmallenberg;380kV Sauerland Nord+Süd,RWE,1784,,,,,SRID=4326;POINT(8.35733619845317 51.3082977470217),Amprion,-21.039453259340902
114746,8.20509646146523,51.1794826832141,joint,110000;380000;110000;380000,50;50;50,110kV/s Arpe-Neheim+Arpe-Ostönnen;380kV Arpe West+Sauerland Süd,RWE,1692,,,,,SRID=4326;POINT(8.20509646146523 51.1794826832141),Amprion,-22.0141617674133
114751,8.01205245949519,51.4257232890418,joint,110000;380000;110000;380000,50;50,,RWE,4315,,,,,SRID=4326;POINT(8.01205245949519 51.4257232890418),Amprion,-24.50011915793693
114755,7.73769655126779,51.5156659732194,joint,380000;380000;380000;220000,50,,RWE,4316,,,,,SRID=4326;POINT(7.73769655126779 51.5156659732194),Amprion,-25.356422840204317
114788,7.06244579810371,51.6871974691907,joint,220000;220000;220000,,,RWE,2646,,,,,SRID=4326;POINT(7.06244579810371 51.6871974691907),Amprion,-21.150815626774307
114792,7.14629239076675,51.5048312824945,joint,380000;220000;110000;380000;220000;380000;220000;110000,,,RWE,4550,,,,,SRID=4326;POINT(7.14629239076675 51.5048312824945),Amprion,-20.732389458180577
114831,9.27258526466752,48.9163100935204,joint,110000;220000;220000;110000,,Anlage 223;Anlage 326;Anlage 326; MARBA-PFABR,Energie-Versorgung Schwaben AG,,,,,,SRID=4326;POINT(9.27258526466752 48.9163100935204),TransnetBW,-5.9483940787997405
114932,7.75222329755882,48.1040773731792,joint,380000;380000;380000,50;50;50,Kühmoos - Daxlanden,EnBW;Amprion,7510,,,,,SRID=4326;POINT(7.75222329755882 48.1040773731792),TransnetBW,50.576529013734195
115239,7.30768164858651,51.1701492393398,joint,380000;110000;110000,50,RWE 4562 Ronsdorf - Bomig,RWE,4562,,,,,SRID=4326;POINT(7.30768164858651 51.1701492393398),Amprion,-19.09993696833464
115415,6.5808158551536,51.7143931765389,joint,220000;110000;110000;220000,50;16.7;50;16.7;50,,RWE;DB_Energie,2444,,,,,SRID=4326;POINT(6.5808158551536 51.7143931765389),Amprion,32.12832285817898
115515,7.77380145950407,49.6807183711458,joint,110000;220000;110000,50;50,,Pfalzwerke Netz AG,,,,,,SRID=4326;POINT(7.77380145950407 49.6807183711458),Amprion,-4.593471833986149
115663,6.74887366665349,49.2866110383115,joint,110000;380000;110000,50,Vigy - Ensdorf (380kV); Altforweiler - Ensdorf (110kV),RWE,4599,,,,,SRID=4326;POINT(6.74887366665349 49.2866110383115),TransnetBW,-0.15438582535420942
115702,6.71919413814994,51.3412993484022,joint,380000;380000;380000,50,Meerbusch West;380kV Meerbusch West+ANK,RWE,4123,,,,,SRID=4326;POINT(6.71919413814994 51.3412993484022),Amprion,-13.538862924113928
115718,7.16631862322715,51.3836231515928,joint,380000;220000;110000;220000;110000;380000,,380kV Kemnade Süd,RWE,4339,,,,,SRID=4326;POINT(7.16631862322715 51.3836231515928),Amprion,-19.724195712142258
116015,7.96666328313449,47.5950181356223,joint,380000;220000;220000;380000;380000,50,,,,,,,,SRID=4326;POINT(7.96666328313449 47.5950181356223),TransnetBW,51.02454527143437
116080,10.5070565959746,53.5146528937225,joint,380000;110000;110000;110000;380000;110000,50;50;50,Krümmel - Görries;Krümmel - Görries,50Hertz Transmission,304;167,,,,,SRID=4326;POINT(10.5070565959746 53.5146528937225),50Hertz,59.27867416143674
116195,13.0525448836117,48.2698932875001,joint,220000;220000;220000;220000,,Pirach - St. Peter;Pirach - Pleinting;St. Peter - Simbach;Altheim - St. Peter;St. Peter - Simbach;Altheim - St. Peter,TenneT TSO GmbH,257,,,,,SRID=4326;POINT(13.0525448836117 48.2698932875001),50Hertz,-10.372734141145534
116819,7.01122305211946,49.3836917849041,joint,220000;220000;220000,50;50;50,,,,,,,,SRID=4326;POINT(7.01122305211946 49.3836917849041),Amprion,-1.0233961206466944
116995,6.57880542554774,49.7699209693569,joint,110000;220000;220000;110000,50;50;50;50,110 kV Konz;220 kV Saar Nord;220 kV Saar Nord;110 kV Konz,Westnetz,2326,,,,,SRID=4326;POINT(6.57880542554774 49.7699209693569),Amprion,47.03691856362519
117083,7.59685643523532,51.9180159519976,joint,110000;220000;0;220000;110000;0,50,,RWE,,,,,,SRID=4326;POINT(7.59685643523532 51.9180159519976),Amprion,-24.05643280566413
117152,6.1238093629619,51.0087542821067,joint,380000;110000;110000;380000;110000,50;50;50,,RWE,4529,,,,,SRID=4326;POINT(6.1238093629619 51.0087542821067),Amprion,41.48426684599001
117165,6.71618873453539,51.0057671601145,joint,380000;220000;220000;380000,50;50;50,380 kV Opladen Nord|Süd; 220 kV Frixheim Süd; Niederaußem 5e;220 kV Frixheim Süd; Niederaußem 5e;380 kV Opladen Nord|Süd,RWE,4560,,,,,SRID=4326;POINT(6.71618873453539 51.0057671601145),Amprion,-8.812101767136252
117623,7.6025920884929,51.3453577551505,joint,220000;220000;220000;220000,50,Bigge West;220kV Bigge Ost;220 kV Bigge Ost+West+ANK,RWE,2319,,,,,SRID=4326;POINT(7.6025920884929 51.3453577551505),Amprion,-24.061287382823647
117961,9.12731798142032,50.2172295418905,joint,380000;110000;380000;110000,,,TenneT TSO GmbH,,,,,,SRID=4326;POINT(9.12731798142032 50.2172295418905),TenneT,-5.831632517486613
117998,9.13992916019949,49.1582245575912,joint,380000;220000;380000;220000,,,Energieversorgung Schwaben AG,Anlage 316,,,,,SRID=4326;POINT(9.13992916019949 49.1582245575912),TransnetBW,-4.938025026228731
118034,12.0465806162404,50.7980687866378,joint,380000;380000;380000,50;50;50,"574;575;574 Remptendorf - Röhrsdorf, 575 Weida - Röhrsdorf",50Hertz Transmission,574,,,,,SRID=4326;POINT(12.0465806162404 50.7980687866378),50Hertz,1.4944105351117436
118037,9.09751241928241,49.2915052867572,joint,380000;220000;380000;220000,,Großgartach - Obrigheim 1x 220 kV;Großgartach - Obrigheim 1x 220 kV;Großgartach - Obrigheim 1x 220 kV,,Anlage 323,,,,,SRID=4326;POINT(9.09751241928241 49.2915052867572),TransnetBW,-4.631555857975345
118158,8.62890041227211,49.3334068478495,joint,380000;220000;380000;380000;220000,50;50;50,Philippsburg - Neurott 1x 380 kV;HUEFF-WIESL-NEURO;WIESL-NEURO,EnBW,,,,,,SRID=4326;POINT(8.62890041227211 49.3334068478495),Amprion,-3.1485022176362065
118230,9.64071468843664,50.4616547416771,joint,110000;380000;110000,,,,,,,,,SRID=4326;POINT(9.64071468843664 50.4616547416771),TenneT,-4.034932219395442
118343,8.41651945515918,49.6290553427121,joint,380000;220000;380000;220000;220000,50;50;50,380 kV Bürstadt Ltg.; 220 kV Roxheim Nord;380 kV Bürstadt Ltg.; 220 kV Anilin 3c|4d; Roxheim Nord;220 kV Anilin 3c|4d,RWE,4542,,,,,SRID=4326;POINT(8.41651945515918 49.6290553427121),Amprion,-4.245072347376466
118464,6.56844524520752,49.7993590637094,joint,380000;220000;380000;220000;220000,50;50;50,380 kV Gilzem Ost; Uchtelfangen West; 220 kV Niederstedem Ost;380 kV Gilzem Ost; Uchtelfangen West; 220 kV Heisdorf - Quint Nord; Niederstedem Ost;220 kV Heisdorf - Quint Nord,RWE,4553,,,,,SRID=4326;POINT(6.56844524520752 49.7993590637094),Amprion,46.9627398341253
118491,8.06757696788051,49.5797572859285,joint,220000;220000,50;50,,,,,,,,SRID=4326;POINT(8.06757696788051 49.5797572859285),Amprion,-3.901696806937281
118508,8.47783082077326,50.5942537947547,joint,110000;380000;110000;0;380000;380000,50;50;50;50,,EON,,,,,,SRID=4326;POINT(8.47783082077326 50.5942537947547),Amprion,-13.672275374113338
118557,8.33803068434522,49.4166034606011,joint,380000;220000;220000;380000,50;50;50,"'Kaiserslautern Süd; Eisbach Süd; Weingarten Ltg.; Roxheim Süd;220 kV Eisbach Süd; Roxheim Süd;Kaiserslautern Süd 380 kV; Weingarten Ltg. 220 kV; 6 x 380 kV, 3 x 220 kV (auch wenn''s nicht zu den Leitungenbeschriftungen passt - tag cables stimmt auch nicht)'",RWE,4557,,,,,SRID=4326;POINT(8.33803068434522 49.4166034606011),Amprion,-3.0071324937947583
118968,7.47458234016893,50.4000093471793,joint,380000;110000,50,,RWE,4511,,,,,SRID=4326;POINT(7.47458234016893 50.4000093471793),Amprion,-11.376510855729503
124689,12.1516968893801,49.8077013762523,joint,,,,,,,,,,SRID=4326;POINT(12.1516968893801 49.8077013762523),50Hertz,-8.029026003549061
130685,9.24465313905463,53.8969921668424,joint,380000;380000;380000,50;50,309 AKW Brunsbüttel - UW Wilster;309 AKW Brunsbüttel - UW Wilster,TenneT,309,,,,,SRID=4326;POINT(9.24465313905463 53.8969921668424),TenneT,63.396758604798265
133875,7.59764642214902,51.3474174508845,merge,110000,50,Umspannanlage Oege,markE,,,,,,SRID=4326;POINT(7.59764642214902 51.3474174508845),Amprion,-24.045111597605246
133930,10.1879002129437,49.981238407691,merge,380000,,Grafenrheinfeld,,GR,,,,,SRID=4326;POINT(10.1879002129437 49.981238407691),TenneT,-3.9930281904513496
134299,6.80447610684917,50.9661875964499,merge,220000;110000,,Station Brauweiler,RWE,,,,,,SRID=4326;POINT(6.80447610684917 50.9661875964499),Amprion,-9.211369951625226
134317,7.18634668056332,51.5504792919462,merge,220000;110000,50,Herne;Kraftwerk Herne Baukau,Evonik Industries AG,,,,,,SRID=4326;POINT(7.18634668056332 51.5504792919462),Amprion,-21.60148415209634
134375,10.0828338243409,48.2674353670844,merge,380000;380000;220000;110000,50;50,Vöhringen Amprion;Vöhringen LEW,Ampirion,Station Nr. 625,,,,,SRID=4326;POINT(10.0828338243409 48.2674353670844),TransnetBW,-9.828597733622386
134407,9.64537374279896,47.7445822302288,merge,380000;110000,50,380kV-Umspannwerk Grünkraut,,,,,,,SRID=4326;POINT(9.64537374279896 47.7445822302288),TransnetBW,44.94578540548631
134446,8.4654615769586,48.0435745964421,merge,380000;110000,50,Umspannwerk Villingen,EnBW; Energiedienst,,,,,,SRID=4326;POINT(8.4654615769586 48.0435745964421),TransnetBW,48.98145507466479
134542,6.99744502499009,51.2496107951441,merge,220000,50;50,Station Mettmann;Station Mettmann,RWE,,,,,,SRID=4326;POINT(6.99744502499009 51.2496107951441),Amprion,-15.611746036611272
134712,8.41527967252437,49.7093171652802,merge,380000;220000,,Kernkraftwerk Biblis;Biblis A,RWE,,,,,,SRID=4326;POINT(8.41527967252437 49.7093171652802),Amprion,-4.787472185151696
134853,11.8033097701929,48.4554819355323,merge,110000;220000,50;50,,,,,,,,SRID=4326;POINT(11.8033097701929 48.4554819355323),50Hertz,-19.52972414503781
140747,11.4302481977484,50.9112741844551,joint,110000;380000;110000,50;50;50,415,Thüringer_Energienetze,415,,,,,SRID=4326;POINT(11.4302481977484 50.9112741844551),50Hertz,1.5701495524980214
141242,7.7283506816998,52.2811580026931,joint,220000;0;0;220000,,220kV Amelsbüren,RWE,2304,,,,,SRID=4326;POINT(7.7283506816998 52.2811580026931),Amprion,-19.170892215402773
141251,7.07419999744228,50.5929348134556,joint,220000;110000;220000;110000;110000;11000;220000,50;50;50;50;50;50,220 kV Nette Ost;110 kV Villip Nord|Süd;220 kV Berggeist West; Nette Ost;Villip Nord;110 kV Villip Nord|Süd; 11 kV Gelsdorf West;220 kV Nette Ost,RWE,4501,,,,,SRID=4326;POINT(7.07419999744228 50.5929348134556),Amprion,-8.749831213588084
141536,8.73025068856248,49.3297788258821,joint,220000,50,Elsenz,Badenwerk,,,,,,SRID=4326;POINT(8.73025068856248 49.3297788258821),Amprion,-3.385347511801678
142118,11.6742377601098,49.4015330904156,joint,220000;110000,,Ludersheim - Schwandorf;Lauterhofen - Schwandorf,TenneT TSO GmbH;E.ON Netz GmbH,223;160,,,,,SRID=4326;POINT(11.6742377601098 49.4015330904156),50Hertz,-14.932063484199565
142811,9.117860671677,50.1704899588736,joint,380000;110000,,,TenneT TSO GmbH,,,,,,SRID=4326;POINT(9.117860671677 50.1704899588736),TenneT,-5.686763150731725
142860,8.04127881776128,47.5622523706167,joint,20000;380000;220000;20000;20000;20000,,,,7640,,,,,SRID=4326;POINT(8.04127881776128 47.5622523706167),TransnetBW,50.97721573857658
142876,8.64158819737064,49.1403662725864,joint,380000,50,Philippsburg - Pulverdingen 2x 380 kV,EnBW,337,,,,,SRID=4326;POINT(8.64158819737064 49.1403662725864),TransnetBW,-2.7581916721883086
143137,12.9574803082665,52.5968671732783,joint,380000;220000,50;50,527; 528;294; 295,50Hertz Transmission,294;295,,,,,SRID=4326;POINT(12.9574803082665 52.5968671732783),50Hertz,4.436543507902238
143515,6.61697098862421,51.0544999065057,joint,0;220000;0;220000;220000,50;50;50;50;50,"Frimmersdorf 1a, Frimmersdorf 2b, Frimmersdorf 3c, Frimmersdorf 4d;Frimmersdorf 4d;220 kV Frimmersdorf 3c;Neurath 1a",RWE,4535,,,,,SRID=4326;POINT(6.61697098862421 51.0544999065057),Amprion,-8.642846582313684
112023,13.5082534898809,52.6211091901889,joint,380000;220000;220000;380000,50;50,"293;294;517;518;293, 294;517;518",50Hertz,293;294;517;518,,,,,SRID=4326;POINT(13.5082534898809 52.6211091901889),50Hertz,6.437513861601817
112069,13.2636050477624,52.5291927529091,joint,380000;110000,50;50,"903, 904;671, 672",50Hertz Transmission,903;904,,,,,SRID=4326;POINT(13.2636050477624 52.5291927529091),50Hertz,6.088332986426069
112138,6.84631536282639,50.9876772481058,joint,110000;220000;220000;110000,50;50;50,220 kV Bocklemünd Nord|Süd;220 kV Bocklemünd Nord|Süd (Brauweiler),RWE,2416,,,,,SRID=4326;POINT(6.84631536282639 50.9876772481058),Amprion,-9.964135146247475
112143,6.94848291604599,51.0730053618564,joint,380000;110000;110000,50;50,110 kV Hülsberg Nord+Süd,Amprion,4516,,,,,SRID=4326;POINT(6.94848291604599 51.0730053618564),Amprion,-12.43450116899971
112144,6.95688970980089,51.0682516455514,joint,380000;110000;380000;110000,50;50;50,380 kV Neurath 2b; Oerkhaus Ost;110 kV Hülsberg Nord|Süd,RWE,4516,,,,,SRID=4326;POINT(6.95688970980089 51.0682516455514),Amprion,-12.487019066153444
112167,7.1631800892875,50.7974821474456,joint,220000;380000;380000;220000,50;50;50,220 kV Gremberghoven Ost|West;380 kV Siegtal Nord|Süd;380 kV Siegtal Nord|Süd; 220 kV Gremberghoven Ost|West,RWE,2381,,,,,SRID=4326;POINT(7.1631800892875 50.7974821474456),Amprion,-12.113659027091096
112349,8.58343011804125,49.8152343529631,joint,380000;380000;220000,50;50;50,380 kV Ried Ost|West;380 kV Ried Ost|West;220 kV Biblis 3c,RWE,4591,,,,,SRID=4326;POINT(8.58343011804125 49.8152343529631),Amprion,-5.317987030210556
112350,8.58323275817333,49.8183467567896,joint,380000;220000;380000;220000,50;50;50,380 kV Ried Ost|West; 220 kV Kranichstein Ost; Marxheim Ost; Pfungstadt Ost;380 kV Ried Ost|West;220 kV Kranichstein Ost; Marxheim Ost; Pfungstadt Ost,RWE,4591,,,,,SRID=4326;POINT(8.58323275817333 49.8183467567896),Amprion,-5.33937079961634
112379,6.5866100785677,51.4380977503722,joint,380000;220000;380000;220000;220000,50;50,220kV Ürdingen West,RWE,4577,,,,,SRID=4326;POINT(6.5866100785677 51.4380977503722),Amprion,35.06888307265683
112457,11.8233939144063,48.2294601586267,joint,380000;220000;380000;220000,,Irsching - Ottenhofen;Neufinsing - Zolling;Irsching - Ottenhofen;Neufinsing - Zolling,TenneT TSO GmbH,421,,,,,SRID=4326;POINT(11.8233939144063 48.2294601586267),50Hertz,-17.377972504655745
112475,10.1846438743188,52.3052654646128,joint,380000;220000;380000,50;50;50,Leitung 3026;Leitung 2024;3026,TenneT,2024,,,,,SRID=4326;POINT(10.1846438743188 52.3052654646128),TenneT,1.1204848933400733
112568,6.72391541378869,51.3626524415938,joint,380000;220000;220000;380000,50,Meerbusch West+ANK,RWE,4578,,,,,SRID=4326;POINT(6.72391541378869 51.3626524415938),Amprion,-13.888873351286026
112696,10.1946171502661,50.0264112427931,joint,110000;220000;220000;110000;110000;110000,,Schweinfurt - Schwebheim;Bergrheinfeld - Schweinfurt;Schweinfurt - Zeuzleben;Schweinfurt - Zeuzleben;Schweinfurt - Schwebheim,E.ON Netz GmbH,117,,,,,SRID=4326;POINT(10.1946171502661 50.0264112427931),TenneT,-3.6629446488133723
112712,6.52272548882226,51.3224954692993,joint,220000;220000;220000;0,50;50;50,220kV Fichtenhain Ost+Utfort West;220kV Utfort West,RWE,4539,,,,,SRID=4326;POINT(6.52272548882226 51.3224954692993),Amprion,37.07521400801534
112733,6.70571994787732,51.0039985476298,joint,220000;0;220000;0,50;50;50,220 kV Niederaußem 5e;220 kV Niederaußem 5e,RWE,4560,,,,,SRID=4326;POINT(6.70571994787732 51.0039985476298),Amprion,-8.695830448433501
112759,7.63897718126629,51.8886903462844,joint,220000;380000;380000;220000,,380kV Uentrop Nord+ANK,RWE,4307,,,,,SRID=4326;POINT(7.63897718126629 51.8886903462844),Amprion,-24.279207941494548
112786,7.13937473425833,51.5608313916517,joint,220000;220000;220000,,220kV Hochlarmark Ost+West;220kV Hochlarmark Ost+West;Hochlarmark West,RWE,4340,,,,,SRID=4326;POINT(7.13937473425833 51.5608313916517),Amprion,-21.13813790605092
112810,7.01942314352749,51.5587941675961,joint,220000;110000;220000;110000;220000,,Gladbeck West + Hugo Ost,RWE,2344,,,,,SRID=4326;POINT(7.01942314352749 51.5587941675961),Amprion,-19.694972647630614
112811,7.01990473035131,51.5615741476086,joint,220000;110000;220000;110000;220000;110000,,Gladbeck West+Hugo Ost,RWE,2392,,,,,SRID=4326;POINT(7.01990473035131 51.5615741476086),Amprion,-19.726927880377364
112830,6.99201976629084,51.5210694404674,joint,380000;220000;110000;380000;380000;220000;110000;110000,,,RWE,4147,,,,,SRID=4326;POINT(6.99201976629084 51.5210694404674),Amprion,-18.985307998280128
112831,6.99148068728884,51.5188433443926,joint,110000;380000;220000;110000;380000;380000;220000;110000,,Büscherhof West+Kusenhorst,RWE,4566,,,,,SRID=4326;POINT(6.99148068728884 51.5188433443926),Amprion,-18.95510737024673
112846,7.00089062972152,51.5136403672592,joint,380000;110000,,,RWE,4164,,,,,SRID=4326;POINT(7.00089062972152 51.5136403672592),Amprion,-19.01528481994225
112879,7.1201015595006,51.4485596594196,joint,220000;110000;220000,50;50;50,220kV Herdecke Nord+Süd;110kV Leithe Ost+West,RWE,2314,,,,,SRID=4326;POINT(7.1201015595006 51.4485596594196),Amprion,-19.832881012470995
113031,9.38432176212508,48.692987752384,joint,380000;220000;380000;220000,,"AL1-BZW 380 kV, EDS-WDL 380 kV;2x 220 kV",Neckarwerke;EVS,,,,,,SRID=4326;POINT(9.38432176212508 48.692987752384),TransnetBW,-6.73971927122321
113071,6.87976467141975,51.1891573436675,joint,220000;220000;110000;220000;110000,50;50,220 kV Eller Ost+West,RWE,2417,,,,,SRID=4326;POINT(6.87976467141975 51.1891573436675),Amprion,-13.152403551245182
113121,9.39407782543673,48.7181751767291,joint,110000;380000;110000;380000,16.7;50;16.7,Amstetten - Plochingen;RWE-Donauleitung; Amstetten - Plochingen;Anlage 315,DB_Energie,,,,,,SRID=4326;POINT(9.39407782543673 48.7181751767291),TransnetBW,-6.840319113470228
113153,9.51644489613504,52.3634766837904,joint,110000;220000;110000;220000,50;50;50,,EON_Netz,1105,,,,,SRID=4326;POINT(9.51644489613504 52.3634766837904),TenneT,-3.1480516743420743
113303,9.4201526841997,48.6744465468642,joint,380000;220000;380000;220000,,380 kV; 220 kV,,,,,,,SRID=4326;POINT(9.4201526841997 48.6744465468642),TransnetBW,-7.005631566646015
113388,12.176078513664,49.6488443529047,joint,110000;380000;380000;110000,50,Vohenstrauß - Weiden;Forst - Vohenstrauß;Etzenricht - Hradec;Etzenricht - Přeštice;Etzenricht - Hradec;Etzenricht - Přeštice;Vohenstrauß - Weiden;Forst - Vohenstrauß,E.ON Netz GmbH,158;159,,,,,SRID=4326;POINT(12.176078513664 49.6488443529047),50Hertz,-10.242976405787635
113443,7.2589125609693,51.5834201530232,joint,380000;0;110000;110000,50;50;50,380kV Recklinghausen + ANK;110kV Hillerheide Ost+West;110kV Hillerheide Ost+West,RWE,4302,,,,,SRID=4326;POINT(7.2589125609693 51.5834201530232),Amprion,-22.624544745744643
113453,7.20909154615439,51.5596054827105,joint,220000;110000;110000,50,RWE 2613 Pöppinghausen - Wanne,RWE,2613,,,,,SRID=4326;POINT(7.20909154615439 51.5596054827105),Amprion,-21.928585860537773
113486,9.44332841004623,53.6205294461743,joint,110000;110000;220000;110000;220000;110000,,,EON_Netz,,,,,,SRID=4326;POINT(9.44332841004623 53.6205294461743),TenneT,62.06736721591189
113566,11.2710244276092,50.1647774676218,joint,380000;0;110000;380000;110000;0,,Etzenricht - Mechlenreut - Redwitz;Mechlenreuth - Redwitz;Redwitz - Neuses;Redwitz - Kronach;Etzenricht - Mechlenreuth - Redwitz;RED-NEUS;KRON-RED,TenneT TSO GmbH,437,,,,,SRID=4326;POINT(11.2710244276092 50.1647774676218),50Hertz,-3.872509286992594
113829,9.51489997350941,54.3777029469901,joint,110000;220000;220000;110000,50;50;50,,EON_Netz,102,,,,,SRID=4326;POINT(9.51489997350941 54.3777029469901),TenneT,56.04271389388627
113940,8.45067151579931,48.9525751678648,joint,110000;220000;110000;220000;110000,50;50;50;50,Oberwald - Söllingen (110kV),EnBW,5160,,,,,SRID=4326;POINT(8.45067151579931 48.9525751678648),TransnetBW,-1.7335647080574095
114568,9.20772744014326,49.0310832624229,joint,380000;220000;220000;380000,50;50;50,,,,,,,,SRID=4326;POINT(9.20772744014326 49.0310832624229),TransnetBW,-5.441050689596269
114741,8.38013894379374,51.3417162880506,joint,380000;380000;110000;110000,50;50;50,380kV Sauerland Nord+Süd,RWE,1528,,,,,SRID=4326;POINT(8.38013894379374 51.3417162880506),Amprion,-20.850519537803258
114786,7.06262644930735,51.6844079656584,joint,220000;220000;220000,,220kV Polsum Süd+Scholven D;220kV Polsum Süd+Scholven D,RWE,2646,,,,,SRID=4326;POINT(7.06262644930735 51.6844079656584),Amprion,-21.13717604067764
114798,8.64750101837662,50.6075326537653,joint,380000;110000;380000;110000,50,,TenneT,Leitung 3005,,,,,SRID=4326;POINT(8.64750101837662 50.6075326537653),Amprion,-12.267387732925192
115161,7.37178973917464,51.5306055701446,joint,110000;380000;110000;380000;110000,50;50;50,110kV Dorstfeld-Knepper Ost+West,RWE,1552,,,,,SRID=4326;POINT(7.37178973917464 51.5306055701446),Amprion,-23.432313099530663
115240,6.99145095305294,49.3772300821724,joint,220000;110000;380000;220000;110000;380000,50,"220 kV Osburg;380kV Bliestal Süd, 380kV Bürstadt Ltg.;380kV Bliestal Süd, 380kV Bürstadt Ltg.",Amprion,,,,,,SRID=4326;POINT(6.99145095305294 49.3772300821724),Amprion,-0.9547537614950148
115374,7.31021121459506,52.4643669907568,joint,380000;380000;220000;220000;0,50;50;50;50,220-kV Amelsbüren,Amprion,4307,,,,,SRID=4326;POINT(7.31021121459506 52.4643669907568),Amprion,-16.6587312348381
115543,7.31149508679912,51.4494470616901,joint,110000;110000;220000,50;50;50,110kV Laer-Witten Ost+West,RWE,,,,,,SRID=4326;POINT(7.31149508679912 51.4494470616901),Amprion,-22.214961256566795
115610,9.7078201876333,49.2309035377435,joint,380000;220000;380000;220000,,Goldshöfe - Kupferzell,EnBW,341,,,,,SRID=4326;POINT(9.7078201876333 49.2309035377435),TransnetBW,-8.316512153027887
115706,6.7250827745004,51.3432242535811,joint,380000;380000;220000;110000;380000;220000;110000,,380 KV,RWE,4142,,,,,SRID=4326;POINT(6.7250827745004 51.3432242535811),Amprion,-13.624141620956355
115716,7.1671749871875,51.3803324617719,joint,220000;110000;380000;110000,50;50,220kV Laer West+Pöppinghausen Ost;110kV Prov.Hattingen - Steinenhaus,RWE,2652,,,,,SRID=4326;POINT(7.1671749871875 51.3803324617719),Amprion,-19.698059575262217
115791,7.00393025914839,51.1767073408002,joint,380000;220000;380000;380000;220000,50;50;50,380 kV Oerkhaus Ost;St. Peter Nord;220 kV Itterbach Ost|West;380 kV Oerkhaus West; St. Peter Nord;RWE 4516 Eiberg - Opladen,RWE,4516,,,,,SRID=4326;POINT(7.00393025914839 51.1767073408002),Amprion,-14.678089052262642
115831,7.40115809126378,51.1018347626972,joint,380000;110000;110000,50,RWE 4562 Ronsdorf - Bomig,RWE,4562,,,,,SRID=4326;POINT(7.40115809126378 51.1018347626972),Amprion,-19.506677890244017
115974,10.3273463775983,47.6710127786261,joint,110000;220000;110000;220000,,,,,,,,,SRID=4326;POINT(10.3273463775983 47.6710127786261),TransnetBW,43.3412421062031
116266,7.23200828770451,51.2300214641094,joint,380000;110000;380000;380000,50;50;50;50,380kV Dauersberg Ost;380kV Leichlingen Ost+Dauersberg Ost;380kV Leichlingen Ost,RWE,,,,,,SRID=4326;POINT(7.23200828770451 51.2300214641094),Amprion,-18.777980587639522
116409,6.5838501845203,51.0547770817799,joint,220000;220000;220000,,,,,,,,,SRID=4326;POINT(6.5838501845203 51.0547770817799),Amprion,40.379138347346185
116456,10.1107412725248,48.9125997435405,joint,220000;110000;110000;220000,,,,,,,,,SRID=4326;POINT(10.1107412725248 48.9125997435405),TransnetBW,-11.576306080960782
116861,6.77392004424767,51.5307843423249,joint,220000;110000;110000;220000,,110kV Wehofen West;220kV Sterkrade Nord,RWE,2356,,,,,SRID=4326;POINT(6.77392004424767 51.5307843423249),Amprion,-16.605092959196046
117467,7.81826617960589,49.8919222828629,joint,220000;220000;110000;220000;110000;220000,50;50;50;50,220 kV Windesheim;220 kV Windesheim; 110 kV Kreuznach Ost|West;220 kV Windesheim;110 kV Kreuznach Ost|West;220 kV Windesheim,RWE,2362,,,,,SRID=4326;POINT(7.81826617960589 49.8919222828629),Amprion,-6.791849510745013
117882,7.22217128618576,49.3626572540495,joint,380000;220000;220000;380000,50,"380 kV Bliestal Süd;Bürstadt Ltg.;220 kV Osburg Ltg.;Barbara Ltg.;Barbara Ltg. | Otterbach Süd;380kV Bliestal Süd, 380kV Bürstadt Ltg.",Amprion,,,,,,SRID=4326;POINT(7.22217128618576 49.3626572540495),Amprion,-1.2917745229417044
117963,9.68624543928613,50.4827326711601,joint,110000;380000;110000,,,,,,,,,SRID=4326;POINT(9.68624543928613 50.4827326711601),TenneT,-3.849240469167233
118043,9.07351608242384,49.3119353454336,joint,220000;220000;110000;220000;110000,50;50,Großgartach - Obrigheim 1x 220 kV;Anlage 5230,,Anlage 323,,,,,SRID=4326;POINT(9.07351608242384 49.3119353454336),TenneT,-4.519232244882689
118227,7.13444747492493,51.5237387676828,joint,380000;110000;380000;110000;380000,50;50;50,380kV Westfalen West,RWE,4129,,,,,SRID=4326;POINT(7.13444747492493 51.5237387676828),Amprion,-20.761302267242534
118359,8.41998183175876,49.641670956609,joint,110000;220000;110000,50;50,110 kV Rosengarten Ost;220 kV Windesheim; 110 kV Rosengarten Ost|West,RWE,0240,,,,,SRID=4326;POINT(8.41998183175876 49.641670956609),Amprion,-4.324980365978444
118476,6.88956924375675,49.6468745560593,joint,110000;380000;220000;110000;380000;220000,50;50,110kV Mandern Ost;380 kV Uchtelfangen Ost|West;220 kV Osburg;110kV Mandern Ost;380 kV Uchtelfangen Ost|West; 220 kV Osburg,Westnetz,,,,,,SRID=4326;POINT(6.88956924375675 49.6468745560593),Amprion,-2.076055272534594
118492,8.06932814369537,49.5808056402293,joint,220000;380000;220000;380000;220000,50;50;50,,RWE,,,,,,SRID=4326;POINT(8.06932814369537 49.5808056402293),Amprion,-3.9103601537760397
118493,8.06756564910793,49.5812345509583,joint,220000;380000;220000;380000;220000,50;50;50,,RWE,,,,,,SRID=4326;POINT(8.06756564910793 49.5812345509583),Amprion,-3.9132027401006564
118514,8.04373603956609,50.7637925547977,joint,110000;220000;220000,50;50;50,,,,,,,,SRID=4326;POINT(8.04373603956609 50.7637925547977),Amprion,-18.598601309922394
118623,10.2025741575583,51.007342054809,joint,380000;110000;380000;110000,50;16.7;50;16.7,449 Mecklar - Vieselbach;450 Mecklar - Eisenach;Weimar - Bebra;380 kV 449 Mecklar - Vieselbach; 450 Mecklar - Eisenach; 110 Kv Bahnstrom Weimar - Bebra 1|2,50Hertz,449;450,,,,,SRID=4326;POINT(10.2025741575583 51.007342054809),TenneT,-0.022614422666064726
121708,6.83558938850248,50.9129500759663,joint,110000;110000,50,110 kV Gleuel Ost|West,RWE,2351,,,,,SRID=4326;POINT(6.83558938850248 50.9129500759663),Amprion,-8.925354368043426
124240,10.2009086810215,54.3400919563574,joint,110000;220000;110000,50,,EON_Netz,133,,,,,SRID=4326;POINT(10.2009086810215 54.3400919563574),50Hertz,56.77527632697769
131062,12.3248811167119,51.1951680937034,joint,110000;220000,50;50,,MITNETZ,,,,,,SRID=4326;POINT(12.3248811167119 51.1951680937034),50Hertz,3.4120622701736387
133951,11.3706509375195,48.29144647242,merge,380000;220000;110000,,Umspannwerk Oberbachern,TenneT TSO GmbH;E.ON Netz GmbH,OBA,,,,,SRID=4326;POINT(11.3706509375195 48.29144647242),50Hertz,-18.053863508000497
134309,10.0906198132517,52.314337320797,merge,220000;110000;110000,,Mehrum (220 kV);Gemeinschaftskraftwerk Mehrum,Kraftwerk Mehrum GmbH,,,,,,SRID=4326;POINT(10.0906198132517 52.314337320797),TenneT,0.8292576719443865
134324,6.71804677656335,51.5287926233631,merge,220000;110000;380000,50;50,Station Walsum;Walsum Block 10;Kraftwerk Duisburg-Walsum,Amprion,,,,,,SRID=4326;POINT(6.71804677656335 51.5287926233631),Amprion,-16.02584702239603
134325,8.516753086144,53.2019252531898,merge,110000;380000,50;50,Umspannwerk Farge;Kraftwerk Farge;Umspannwerk Farge,Avacon AG,FARG,,,,,SRID=4326;POINT(8.516753086144 53.2019252531898),Amprion,3.885232663121675
134329,11.1934192732072,50.1623792035131,merge,380000;110000;110000,50,Umspannwerk Redwitz,,RED,,,,,SRID=4326;POINT(11.1934192732072 50.1623792035131),50Hertz,-3.8444839751645414
134337,9.1136671111921,52.545902653156,merge,220000,50,"Gasstation Landesbergen, Bezugsstation;Umspannwerk Kraftwerk Robert Frank;Kraftwerk Robert Frank",EON_Avacon,,,,,,SRID=4326;POINT(9.1136671111921 52.545902653156),TenneT,-4.537984654871213
134433,11.1223691907243,50.9988751071947,merge,380000;220000;110000;110000,50;50,Umspannwerk Vieselbach;Vieselbach (TEN),50Hertz Transmission GmbH,,,,,,SRID=4326;POINT(11.1223691907243 50.9988751071947),50Hertz,1.6850114979392004
134442,7.31439371687621,51.4460531775593,merge,380000;380000;110000,50;50,Witten;Station Witten,RWE,,,,,,SRID=4326;POINT(7.31439371687621 51.4460531775593),Amprion,-22.218802503284795
134456,10.222431007221,48.736724350476,merge,380000;110000,50,Umspannwerk Rotensohl,EnBW,,,,,,SRID=4326;POINT(10.222431007221 48.736724350476),TransnetBW,-12.879919218344256
134534,12.7609118382856,48.8070913485694,merge,110000,,Gänsdorf UW,,,,,,,SRID=4326;POINT(12.7609118382856 48.8070913485694),50Hertz,-14.689215034183318
134584,7.1145062613018,50.1496422821803,merge,,,RWE,,,,,,,SRID=4326;POINT(7.1145062613018 50.1496422821803),Amprion,-5.91642848452123
134591,9.94999240014152,53.4890392657295,merge,,,Kraftwerk Moorburg,Vattenfall,,,,,,SRID=4326;POINT(9.94999240014152 53.4890392657295),50Hertz,10.426181690537376
135069,6.6822465046727,51.5774856572847,merge,220000;380000,,Kraftwerk Voerde;Station Möllen;Station Zensenbusch,evonik,,,,,,SRID=4326;POINT(6.6822465046727 51.5774856572847),Amprion,-16.25207840759195
141639,9.66072069785998,48.4811814330485,joint,380000,,RWE-Donauleitung 380 kV,EVS,,,,,,SRID=4326;POINT(9.66072069785998 48.4811814330485),TransnetBW,-8.611423743770738
141943,7.95405275173122,47.5881604265258,joint,380000;220000,50,Koppelleitung Laufenburg (CH) - Sierentz (F),,,,,,,SRID=4326;POINT(7.95405275173122 47.5881604265258),TransnetBW,51.050986192337106
142541,8.53846258340467,49.4469244293567,joint,110000;220000;220000;220000;220000,50;16.7;50;50;50;50,"Blumenau 2x 110 kV, Bahn 2x 110 kV;GKMBB-WNHEI 2x 220 kV, ALHIM-GKMBB 2x 220 kV",SMA;DB_Energie,5220,,,,,SRID=4326;POINT(8.53846258340467 49.4469244293567),Amprion,-3.367322638026268
143390,8.51830366803439,50.0495244875587,joint,380000;380000;380000;110000,50;50,380kV Trebur Nord;380kV Trebur Nord,RWE,4503,,,,,SRID=4326;POINT(8.51830366803439 50.0495244875587),Amprion,-7.394974732242362
143419,7.66606206315056,50.929600313734,joint,380000;110000;380000;110000;110000;380000;110000,50;50;50,,RWE,4563,,,,,SRID=4326;POINT(7.66606206315056 50.929600313734),Amprion,-20.04918761977204
143802,12.2506558312704,49.1852986566762,joint,380000;220000,,Pleinting - Plattling - Schwandorf,TenneT TSO GmbH,465;226,,,,,SRID=4326;POINT(12.2506558312704 49.1852986566762),50Hertz,-15.987660540254673
144090,6.7061153405407,51.4861288236559,joint,220000;220000;220000,,,,,,,,,SRID=4326;POINT(6.7061153405407 51.4861288236559),Amprion,-15.385985202377487
112266,10.4166524814006,53.4140699674987,joint,380000;380000;110000;110000;110000;380000;110000;110000,50;50;50;50;50;50;50;50,Krümmel - Görries,50Hertz Transmission,,,,,,SRID=4326;POINT(10.4166524814006 53.4140699674987),50Hertz,9.57062539599599
112348,8.52894010953713,49.856341440482,joint,380000;220000;380000;380000;220000,,"1 x 380 kV, 2 x 220 kV;380kV Trebur Nord, 220kV Kranichstein Ost; 380kV Ried Ost, 220kV Pfungstadt",RWE,Anlage 4591,,,,,SRID=4326;POINT(8.52894010953713 49.856341440482),Amprion,-5.714149576890984
112511,7.45026404711253,51.6182173498848,joint,220000;220000;110000;110000,50;50,110kV Lünen Nord+Süd,RWE,2634,,,,,SRID=4326;POINT(7.45026404711253 51.6182173498848),Amprion,-24.432067863167592
112531,6.63551175752084,51.6248958433637,joint,110000;380000;220000;380000;110000,,110kV Emmelsum Nord+Süd,RWE,4575,,,,,SRID=4326;POINT(6.63551175752084 51.6248958433637),Amprion,-16.341514309601603
112532,6.63478223567861,51.6218745639361,joint,110000;380000;220000;110000;380000;220000,,110kV Sternbusch Tr13+14,RWE,0274,,,,,SRID=4326;POINT(6.63478223567861 51.6218745639361),Amprion,-16.305220692630982
112544,6.76513083767632,51.6690419818275,joint,380000;220000;110000;110000,50;16.7,Drevenack Nord+Süd,RWE,4569,,,,,SRID=4326;POINT(6.76513083767632 51.6690419818275),Amprion,-17.93074438139114
112549,6.67761175246875,51.6539158399316,joint,220000;110000;220000;110000,,Pfalzdorf TR211+TR212,RWE,2444,,,,,SRID=4326;POINT(6.67761175246875 51.6539158399316),Amprion,-16.983747105380573
112597,13.1429138740581,53.9059170678674,joint,220000;380000;380000;380000,50;50;50;50,"315, 316, 509, 513;513;509",50Hertz Transmission,315;316;509;513,,,,,SRID=4326;POINT(13.1429138740581 53.9059170678674),50Hertz,52.532703945266455
112599,6.65436245460045,51.3824777472438,joint,220000;220000;220000,50;50;50,220 KV;220 KV;220 KV,RWE,4578,,,,,SRID=4326;POINT(6.65436245460045 51.3824777472438),Amprion,-13.527670908951801
112651,11.4062291423698,48.2238678734573,joint,220000;110000;220000;110000,50;50,Oberbrunn - Oberbachern;Karlsfeld/West - Oberbachern;Oberbrunn - Oberbachern;Karlsfeld/West - Oberbachern,TenneT TSO GmbH,269;270,,,,,SRID=4326;POINT(11.4062291423698 48.2238678734573),50Hertz,-17.366851926163964
112658,10.1904835524863,49.9793784647879,joint,380000;380000;380000;220000,,Grafenrheinfeld - Eltmann;Grafenrheinfeld - Oberhaid,TenneT TSO GmbH,422;423,,,,,SRID=4326;POINT(10.1904835524863 49.9793784647879),TenneT,-4.012736916860476
112681,11.3241694784699,50.3134515782242,joint,380000;110000;20000;380000;110000;20000,,Redwitz - Remptendorf;Redwitz - Remptendorf;Windheim - Redwitz;Redwitz - Remptendorf;Windheim - Redwitz,TenneT TSO GmbH;E.ON Netz GmbH,413;414;168,,,,,SRID=4326;POINT(11.3241694784699 50.3134515782242),50Hertz,-2.316386864330452
112685,10.6606692282113,49.9752225594048,joint,380000;380000;380000;110000;110000,,Grafenrheinfeld - Eltmann;Grafenrheinfeld - Oberhaid;Grafenrheinfeld - Eltmann;Grafenrheinfeld - Oberhaid;Eltmann - Haßfurt;Eltmann - Knetzgau;Eltmann - Haßfurt;Eltmann - Knetzgau,TenneT TSO GmbH;E.ON Netz GmbH,422,,,,,SRID=4326;POINT(10.6606692282113 49.9752225594048),TenneT,-5.133209031187993
112772,7.13163197516145,51.5499087419718,joint,380000;220000;220000;380000,,220kV Herne 1A,RWE,4550,,,,,SRID=4326;POINT(7.13163197516145 51.5499087419718),Amprion,-20.95656575242852
112871,9.76851234452204,53.6968499480005,joint,220000;220000;220000,50;50;50,,TenneT,316,,,,,SRID=4326;POINT(9.76851234452204 53.6968499480005),TenneT,61.96533989939397
112952,9.14901085822735,49.1406397687914,joint,220000;380000;220000;380000,,,,,,,,,SRID=4326;POINT(9.14901085822735 49.1406397687914),TransnetBW,-5.0019011050134505
112967,9.86772129635338,49.4592074924487,joint,110000;380000;110000;380000;110000,,Grafenrheinfeld - Kupferzell;Grafenrheinfeld - Kupferzell,Energieversorgung Schwaben AG,348,,,,,SRID=4326;POINT(9.86772129635338 49.4592074924487),TenneT,-8.058181738534467
112986,8.64051661704259,51.8937826846339,joint,380000;110000;380000;110000;110000,,,,3021,,,,,SRID=4326;POINT(8.64051661704259 51.8937826846339),Amprion,-15.420675145886905
112987,8.64028485169929,51.8949248929594,joint,220000;110000,,,Tennet,2812,,,,,SRID=4326;POINT(8.64028485169929 51.8949248929594),Amprion,-15.414724537279437
113029,6.1336619951666,50.9791984844974,joint,110000;380000;110000,50;50,,RWE,4529,,,,,SRID=4326;POINT(6.1336619951666 50.9791984844974),Amprion,41.789597282621
113069,8.03254096500081,51.3235148855919,joint,110000;380000,50,,RWE,4308,,,,,SRID=4326;POINT(8.03254096500081 51.3235148855919),Amprion,-24.055283712407785
113141,6.32189399165419,51.7172592493844,joint,110000;110000;220000;110000;220000;110000,50;50;50;50,110kV Bocholt West+Xanten West,RWE,1058,,,,,SRID=4326;POINT(6.32189399165419 51.7172592493844),Amprion,33.8539070800157
113160,6.64272352245328,51.2159502725208,joint,110000;380000;220000;110000,50;50,110kV Kaarst Ost+West,RWE,0814,,,,,SRID=4326;POINT(6.64272352245328 51.2159502725208),Amprion,-11.049683062596113
113176,11.1213406670991,49.6957224624698,joint,110000;380000;380000;110000,,Forchheim - Ludersheim;Kriegenbrunn - Redwitz;Raitersaich - Würgau;Kriegenbrunn - Redwitz;Raitersaich - Würgau;Forchheim - Ludersheim,TenneT TSO GmbH,153,,,,,SRID=4326;POINT(11.1213406670991 49.6957224624698),50Hertz,-9.94211736090312
113224,7.03985748062147,50.9482208706478,joint,220000;110000;220000;110000,50;16.7;50;16.7,220 kV Merheim Ost|West;110 kV Bahnstrom Köln - Gerresheim 1|2;220 kV Merheim Ost|West; 110 kV Bahnstrom Köln - Gerresheim 1|2,RWE,2380,,,,,SRID=4326;POINT(7.03985748062147 50.9482208706478),Amprion,-12.102743181366375
113267,11.4078514099414,48.2228901916259,joint,380000;110000;110000;380000,50;16.7;16.7;50,Oberbachern - Menzing;Karlsfeld - Augsburg;Karlsfeld - Augsburg;Oberbachern - Menzing,Stadtwerke München,439;440,,,,,SRID=4326;POINT(11.4078514099414 48.2228901916259),50Hertz,-17.358017097515415
113278,10.2836219591221,53.288664966286,joint,380000;380000;110000;110000,50;50;50,,TenneT,,,,,,SRID=4326;POINT(10.2836219591221 53.288664966286),50Hertz,8.16828357640976
113374,6.96998669748571,51.0604116548121,joint,220000;110000;220000;110000,50;16.7;50;16.7,220 kV Dünnwald Ost|West; 110 kV Bahnstrom Köln - Gerresheim 1|2;220 kV Dünnwald Ost|West;110 kV Bahnstrom Köln - Gerresheim 1|2,RWE,2380,,,,,SRID=4326;POINT(6.96998669748571 51.0604116548121),Amprion,-12.565158909133075
113485,9.51946943386514,53.6184496458588,joint,220000;110000;110000;220000,,,EON_Netz,,,,,,SRID=4326;POINT(9.51946943386514 53.6184496458588),TenneT,61.899242118942425
113586,12.2155412346008,49.8715941785271,joint,380000;220000;110000;110000,,Etzenricht - Mechlenreuth - Redwitz;Mechlenreuth - Schwandorf;Latsch - Tirschenreuth - Wiesau;Windischeschenbach - Tirschenreuth - Mitterteich;Latsch - Tirschenreuth - Wiesau;Windischeschenbach - Tirschenreuth - Mitterteich,TenneT TSO GmbH;E.ON Netz GmbH,437;248;117;118,,,,,SRID=4326;POINT(12.2155412346008 49.8715941785271),50Hertz,-6.967612861292439
113589,12.081172042886,49.6667810397098,joint,380000;220000;110000;380000;220000;110000;110000,,Etzenricht - Mechlenreuth - Redwitz;Mechlenreuth - Schwandorf;Etzenricht - Windischeschenbach;Latsch - Wiesau;Etzenricht - Mechlenreuth - Redwitz;Mechlenreuth - Schwandorf;Etzenricht - Latsch;Etzenricht - Windischeschenbach;Etzenricht - Latsch;Latsch - Wiesau,TenneT TSO GmbH;E.ON Netz GmbH,437;248;112;117,,,,,SRID=4326;POINT(12.081172042886 49.6667810397098),50Hertz,-10.26623282120323
113625,12.0122409873689,53.068684968509,joint,380000;380000;380000,50;50;50,513;516;513;516,50Hertz,513,,,,,SRID=4326;POINT(12.0122409873689 53.068684968509),50Hertz,3.8288286249497663
113664,9.27178324878186,48.5514818894357,joint,220000;110000;380000;110000;380000,,"MEZ-NET 110 kV, (MEZ-OFE 110 kV);BZW-WDL/MEZ 380 kV, MEZ-NET 110 kV, (MEZ-OFE 110 kV);BZW-WDL/MEZ 380 kV",EnBW,,,,,,SRID=4326;POINT(9.27178324878186 48.5514818894357),TransnetBW,-5.637138064876689
113730,13.3984708281663,53.7933318754816,joint,220000;220000;220000,50;50;50,316,50Hertz Transmission,316,,,,,SRID=4326;POINT(13.3984708281663 53.7933318754816),50Hertz,52.29281956185875
113742,9.21822308642833,48.5324240526464,joint,380000;220000;380000,,Brauweiler (DE) - Bludenz-West (AT);RWE Herbertingen West 380 kV,RWE,4508,,,,,SRID=4326;POINT(9.21822308642833 48.5324240526464),TransnetBW,-5.1993707231000545
113747,9.80615418037791,47.6549015670601,joint,380000;220000;110000;380000;220000;110000,,,,,,,,,SRID=4326;POINT(9.80615418037791 47.6549015670601),TransnetBW,44.8333151427488
113796,9.22086485201586,48.5337150627567,joint,110000;110000;380000;110000;380000,,"GLEMS-MEZNG-OFERD 1x 110 kV;NETEN-RTWST 1x 110 kV;RWE Herbertingen West 380 kV, NETEN-RTWST 110 kV;RWE Herbertingen West 380 kV",EnBW,531,,,,,SRID=4326;POINT(9.22086485201586 48.5337150627567),TransnetBW,-5.221525439632726
113854,6.89268289436303,50.84797574162,joint,380000;380000;110000;110000,50;50;16.7;16.7,380 kV Sechtem Nord|Süd;380 kV Sechtem Nord|Süd; 110 kV Bahnstrom Köln - Sindorf 1|2;110 kV Bahnstrom Köln - Sindorf 1|2,RWE,4101,,,,,SRID=4326;POINT(6.89268289436303 50.84797574162),Amprion,-8.877965569178269
113945,9.45081739507535,53.6524280775149,joint,220000;220000;110000;110000,,,EON_Netz,,,,,,SRID=4326;POINT(9.45081739507535 53.6524280775149),TenneT,62.393303139476146
114036,11.0850314819672,50.8866098823385,joint,380000;380000;110000;110000,50;16.7;16.7,"467, 468;380 kV 467; 468; 110 kV Bahnstrom Weimar - Eischleben;Weimar - Eischleben",50Hertz,312,,,,,SRID=4326;POINT(11.0850314819672 50.8866098823385),TenneT,1.315848412206666
114066,11.5161813161785,51.5799075493535,joint,380000;380000;380000,50;50;50,535;538 Bad Lauchstädt-Klostermansfeld-Wolmirstedt;538;535,50Hertz,535,,,,,SRID=4326;POINT(11.5161813161785 51.5799075493535),50Hertz,2.772881254624558
114136,8.42696102286414,49.7075076778531,joint,380000;380000;380000,50;50;50,,RWE,,,,,,SRID=4326;POINT(8.42696102286414 49.7075076778531),Amprion,-4.765108868443486
114159,6.53479983438763,51.7485511555178,joint,220000;110000;110000;220000,50;16.7;50;16.7;50,,RWE;DB_Energie,2444,,,,,SRID=4326;POINT(6.53479983438763 51.7485511555178),Amprion,32.23891275411076
114231,6.74266037915935,51.505397647206,joint,220000;110000;220000;110000;220000,50;50,,RWE,2347,,,,,SRID=4326;POINT(6.74266037915935 51.505397647206),Amprion,-15.982373635624818
114268,11.03276237834,48.393713742993,joint,380000;380000;380000,,,Lechwerke,L11;A12,,,,,SRID=4326;POINT(11.03276237834 48.393713742993),TenneT,-17.799392843127407
114548,9.05721094136484,51.1653018593389,joint,110000;380000;110000;380000,,,Eon_Netz,,,,,,SRID=4326;POINT(9.05721094136484 51.1653018593389),TenneT,-11.068260106365544
114599,8.5742251711564,49.1304066413382,joint,110000;380000;380000,50;50;50,2x 380 kV,Transnet BW,,,,,,SRID=4326;POINT(8.5742251711564 49.1304066413382),TransnetBW,-2.518531788688959
114674,7.95967115628901,51.670771248863,joint,380000;110000;110000;380000,,,RWE,4199,,,,,SRID=4326;POINT(7.95967115628901 51.670771248863),Amprion,-24.56385412525284
114748,8.02982966981028,51.4113683835071,joint,380000;380000;110000,50;50,,RWE,4315,,,,,SRID=4326;POINT(8.02982966981028 51.4113683835071),Amprion,-24.36367102315883
114821,9.20574189387077,48.9239206761284,joint,220000;380000;380000,,Anlage 332;Anlage 332,EnBW,,,,,,SRID=4326;POINT(9.20574189387077 48.9239206761284),TransnetBW,-5.4859598188616285
114942,6.79245121058072,51.3260616712243,joint,380000;220000;110000;220000;110000;380000;110000,,380 KV;380 KV;380 KV,RWE,4142,,,,,SRID=4326;POINT(6.79245121058072 51.3260616712243),Amprion,-14.085171179034756
114985,6.8236895855968,51.4977620628086,joint,220000;110000;110000;220000;110000,,110kV Buschhausen Ost+West,RWE,2316,,,,,SRID=4326;POINT(6.8236895855968 51.4977620628086),Amprion,-16.74038167007543
115018,10.2010091126703,54.3400655622017,joint,110000;220000;110000;220000;110000,50;50,211;133,EON_Netz,133,,,,,SRID=4326;POINT(10.2010091126703 54.3400655622017),50Hertz,56.77543569593886
115012,7.31235261856934,50.7559430465697,joint,380000;110000;380000;110000,50;16.7;50;16.7,380 kV Siegtal Nord|Süd; 110 kV Bahnstrom Orscheid - Köln 1|2;380 kV Siegtal Nord|Süd;110 kV Bahnstrom Orscheid - Köln 1|2,RWE,4104,,,,,SRID=4326;POINT(7.31235261856934 50.7559430465697),Amprion,-13.786556757993687
115087,8.25081729582883,47.634223075578,joint,380000;220000;380000;0;220000,50;50;50,,RWE,4554,,,,,SRID=4326;POINT(8.25081729582883 47.634223075578),TransnetBW,50.51063550030949
115236,6.98713769221624,51.0542066582955,joint,220000;110000;220000;110000,50;50;50,220 kV Dünnwald Ost|West;110 kV Springborn Ost; Manfort Ost;220 kV Dünnwald Ost|West; 110 kV Springborn Ost,RWE,2380,,,,,SRID=4326;POINT(6.98713769221624 51.0542066582955),Amprion,-12.726809744538716
115307,6.77375915598029,51.1425182774372,joint,220000;110000;220000;110000,50,,,,,,,,SRID=4326;POINT(6.77375915598029 51.1425182774372),Amprion,-11.22910737868207
115460,6.98791195015962,51.4664128837356,joint,110000;380000;110000,,,RWE,4125,,,,,SRID=4326;POINT(6.98791195015962 51.4664128837356),Amprion,-18.32464284819769
115468,7.31174589642645,52.4672474606947,joint,220000;220000;220000,50;50;50,220-kV Amelsbüren;220-kV Grafschaft-West;220-kV Grafschaft-West,Amprion,2643,,,,,SRID=4326;POINT(7.31174589642645 52.4672474606947),Amprion,-16.608556920107603
115472,7.31396545383045,52.4757945582336,joint,220000;110000;220000;110000,50;50;50,"110kV Rühle Ost,110kV Hanekenfähr-Holthausen,220kV Benteler;110kV Rühle Ost,110kV Hanekenfähr-Holthausen",Amprion,,,,,,SRID=4326;POINT(7.31396545383045 52.4757945582336),Amprion,-16.457316736672162
115540,7.30816593035618,51.4518635792888,joint,380000;220000;110000;110000;380000;0,50;50;50,380kV Kemnade Süd+ANK,RWE,2669,,,,,SRID=4326;POINT(7.30816593035618 51.4518635792888),Amprion,-22.197718284177068
115564,6.52435727853586,51.320573960401,joint,220000;110000;220000;110000,50;50;50,110kV Krefeld West+St.Tönis Ost,RWE,2388,,,,,SRID=4326;POINT(6.52435727853586 51.320573960401),Amprion,37.09236692648352
115795,7.00055043772342,51.2487118670899,joint,220000;220000;110000;220000,50;50;50;50,220kV Itterbach Ost+West;220kV Itterbach West;110 kV Mettmann Ost+West;220kV Itterbach Ost,RWE,0018,,,,,SRID=4326;POINT(7.00055043772342 51.2487118670899),Amprion,-15.643143414391307
115909,6.47145944404131,49.9241037644016,joint,220000;110000,50;50,,Amprion,,,,,,SRID=4326;POINT(6.47145944404131 49.9241037644016),Amprion,46.787141717084154
116172,10.2857002115319,47.8017756846063,joint,220000;110000;110000;220000,,,Lechwerke,,,,,,SRID=4326;POINT(10.2857002115319 47.8017756846063),TransnetBW,42.04621904403895
116173,10.209393089217,47.9380867506026,joint,220000;110000;220000;220000;110000,,,Lechwerke,,,,,,SRID=4326;POINT(10.209393089217 47.9380867506026),TransnetBW,41.01176378980303
116194,12.9981968089224,48.2953359501084,joint,220000;220000;220000;220000,,Pirach - St. Peter;Pirach - Pleinting;Altheim - St. Peter;Altheim - Simbach;Pirach - St. Peter;Pirach - Pleinting;St. Peter - Simbach;Altheim - St. Peter,TenneT TSO GmbH,234,,,,,SRID=4326;POINT(12.9981968089224 48.2953359501084),50Hertz,-11.021067200105623
116234,7.49135119157758,50.3507650750805,joint,380000;220000;110000;220000;110000;380000;220000,50;50;50;50,220 kV Kondelwald,,,,,,,SRID=4326;POINT(7.49135119157758 50.3507650750805),Amprion,-10.932136426319023
117335,7.70213449495771,51.6837507613005,joint,220000;220000;110000;110000,50;50;50,,RWE,1509,,,,,SRID=4326;POINT(7.70213449495771 51.6837507613005),Amprion,-25.29786250451701
117747,11.471330230673,50.5977206630367,joint,220000;220000;220000,50;50,386;386,50Hertz,386,,,,,SRID=4326;POINT(11.471330230673 50.5977206630367),50Hertz,0.010422841359996937
118372,8.04474906971199,49.8049826454018,joint,110000;220000;110000,50;50,220 kV Windesheim; 110 kV Rosengarten Ost|West,RWE,2327,,,,,SRID=4326;POINT(8.04474906971199 49.8049826454018),Amprion,-5.920196236407248
118528,8.04358108017958,50.7851108739646,joint,220000;110000;110000,,,RWE,2458,,,,,SRID=4326;POINT(8.04358108017958 50.7851108739646),Amprion,-18.883758584286205
118532,7.94205213929546,50.8371650883706,joint,220000;110000;220000;220000;110000,50;50,,Amprion,2319,,,,,SRID=4326;POINT(7.94205213929546 50.8371650883706),Amprion,-19.747108930820012
119199,8.3548909842498,49.4263675669048,joint,220000;110000;220000;110000,50;50;50,,,,,,,,SRID=4326;POINT(8.3548909842498 49.4263675669048),Amprion,-3.0729551255669705
121840,6.51644976841587,49.8799258905646,joint,380000;220000;110000,50;50,380 kV Gilzem Ost; Uchtelfangen West; 220 kV Niederstedem Ost|West;220kV Wengerohr | 110kV Idesheim Nord,RWE,4530,,,,,SRID=4326;POINT(6.51644976841587 49.8799258905646),Amprion,46.82616627375985
122818,7.24024503037613,50.7728319928662,joint,380000;110000;110000,50;50,380 kV Siegtal Nord|Süd; 110 kV Ittenbach Nord|Süd;110 kV Ittenbach Süd,RWE,4104,,,,,SRID=4326;POINT(7.24024503037613 50.7728319928662),Amprion,-12.960144570917166
126335,11.009090333299,50.7548854912791,joint,110000;380000;380000;110000,50,"467, 468;467, 468;Ar - Law 2, Sti - Law3",Thüringer_Energienetze,Ar - Law 2;Sti - Law 3,,,,,SRID=4326;POINT(11.009090333299 50.7548854912791),TenneT,0.7578301503826044
126468,11.134668521812,50.9813412538528,joint,110000;380000,50;50,"WS-ErH-Vib 3,WN-ErH-Vib 4;449,454",Thüringer_Energienetze,449;454,,,,,SRID=4326;POINT(11.134668521812 50.9813412538528),50Hertz,1.6445944628485538
129920,9.13849086759809,49.1455467874349,joint,220000;220000,,Hoheneck West,RWE,Anlage 323,,,,,SRID=4326;POINT(9.13849086759809 49.1455467874349),TransnetBW,-4.940351251058351
133819,6.78777220612393,51.5053299121676,merge,220000;110000;220000;110000,50,Station Kopernikus;Umspannwerk Kopernikus;Station Hamborn,Amprion,,,,,,SRID=4326;POINT(6.78777220612393 51.5053299121676),Amprion,-16.444696123794277
134368,9.49340910579627,52.5985236328654,merge,110000,50,Büren,EON_Netz,BUEN,,,,,SRID=4326;POINT(9.49340910579627 52.5985236328654),TenneT,-1.8478278674584594
134373,13.4564293065004,52.5214534920595,merge,380000;110000,50,Umspannwerk Friedrichshain,Vattenfall_Europe_Transmission,4622,,,,,SRID=4326;POINT(13.4564293065004 52.5214534920595),50Hertz,7.165365980221422
134401,7.71587466201739,51.6746596100824,merge,380000;220000;110000,50,Station Gersteinwerk,Amprion,,,,,,SRID=4326;POINT(7.71587466201739 51.6746596100824),Amprion,-25.31859539417175
134484,8.08222963208456,52.8583105237352,merge,220000;110000,50;50,Cloppenburg 220 kV;Cloppenburg 110 kV,TenneT,CLPO,,,,,SRID=4326;POINT(8.08222963208456 52.8583105237352),Amprion,-6.242912241529277
134432,13.4795013131177,52.5338834746152,merge,110000,50,Umspannwerk Fennpfuhl;Gleichrichterwerk 405 Berliner Straße,entrance,405,,,,,SRID=4326;POINT(13.4795013131177 52.5338834746152),50Hertz,7.159715181796313
134505,13.5064057011256,52.4312238008384,merge,,,,,,,,,,SRID=4326;POINT(13.5064057011256 52.4312238008384),50Hertz,8.452542032523587
134513,11.9496689739581,51.3994421990478,merge,110000,16.7,Kraftwerk Schkopau;Schaltwerk Schkopau,E.ON,,,,,,SRID=4326;POINT(11.9496689739581 51.3994421990478),50Hertz,3.000539951444866
134588,6.7232866567092,51.3763195129603,merge,,,,,,,,,,SRID=4326;POINT(6.7232866567092 51.3763195129603),Amprion,-14.075366150239354
134617,7.12549623603904,51.4486792678061,merge,380000;220000;110000,50;50,Station Eiberg;Station Eiberg,RWE,,,,,,SRID=4326;POINT(7.12549623603904 51.4486792678061),Amprion,-19.90440690975627
134635,6.81400836349592,49.2867084784203,merge,35000,,Schwalbach Mühle,Energis,,,,,,SRID=4326;POINT(6.81400836349592 49.2867084784203),TransnetBW,-0.24666607807171204
134644,11.6464021163032,50.5348701790715,merge,380000;380000;380000;220000;110000;380000,50,Umspannwerk Remptendorf,50Hertz Transmission GmbH,413,,,,,SRID=4326;POINT(11.6464021163032 50.5348701790715),50Hertz,-0.3798784282816001
134912,7.68295192017405,54.4444834567265,merge,320000;155000;320000;155000,50;0;50;0,NSO 0 Platform;HelWin 1;Nordsee Ost;HelWin 2,RWE Innogy,,,,,,SRID=4326;POINT(7.68295192017405 54.4444834567265),TenneT,54.93609729189158
141544,10.9896077111135,50.6686883965613,joint,20000;380000,,"467, 468",Thüringer_Energienetze,,,,,,SRID=4326;POINT(10.9896077111135 50.6686883965613),TenneT,0.3378263122422567
142112,8.44182449030338,48.9939191373355,joint,110000;220000;110000,50;50;50,Oberwald-Elfmorgenbruch/Umspannwerk Ost;BRUCH-OWALD-BLANK,Transnet BW GmbH,,,,,,SRID=4326;POINT(8.44182449030338 48.9939191373355),TransnetBW,-1.7947716639578069
142423,10.3507277916278,47.9728806504631,joint,220000;110000,,,LEW,,,,,,SRID=4326;POINT(10.3507277916278 47.9728806504631),TransnetBW,39.67517209075787
142884,11.4592920444611,51.4296344126796,joint,20000;220000,50;50,357;358 Bad Lauchstädt - Wolkramshausen,Mitteldeutsche Netzgesellschaft Strom mbH,357;358,,,,,SRID=4326;POINT(11.4592920444611 51.4296344126796),50Hertz,2.636669969429981
143035,10.2656091203386,48.5323364795166,joint,380000;110000;380000,50;50,Dellmensingen - Niederstotzingen (-Rotensohl),LEW,513,,,,,SRID=4326;POINT(10.2656091203386 48.5323364795166),TransnetBW,-12.92058778247282
143119,7.66954100627858,50.3857528822554,joint,380000,,,RWE,,,,,,SRID=4326;POINT(7.66954100627858 50.3857528822554),Amprion,-12.57921071109261
143139,9.23106124924509,48.8588912355959,joint,220000;110000,50;16.7;50,"Anlage 373 ; NWH-SEE 220 kV, NWH-MUL 220 kV, Bahnstrom Neckarwestheim - Stuttgart-Zazenhausen",EnBW;DB_Energie,,,,,,SRID=4326;POINT(9.23106124924509 48.8588912355959),TransnetBW,-5.6682529377126585
112064,8.52590542084431,49.8557200669619,joint,380000;220000;380000;380000;220000,50;50,"1 x 380 kV, 1 x 220 kV",RWE,4134,,,,,SRID=4326;POINT(8.52590542084431 49.8557200669619),Amprion,-5.71558729060839
112140,6.93024585813696,51.0327014477473,joint,220000;220000;220000,50;50;50,220 kV Frixheim Süd;220 kV Frixheim Süd; Niederaußem 4d|5e; Stommeln Nord;220 kV Niederaußem 4d|5e; Stommeln Nord,RWE,4560,,,,,SRID=4326;POINT(6.93024585813696 51.0327014477473),Amprion,-11.63474305870777
112151,6.94841913566081,51.0725606389159,joint,220000;110000,50;50,220 kV Eller Ost; Itterbach Ost;110 kV Hülsberg Nord+Süd,RWE,2354,,,,,SRID=4326;POINT(6.94841913566081 51.0725606389159),Amprion,-12.427491900206615
112195,12.2925276629336,51.169303789666,joint,380000;110000;380000;110000,50;50;50,"589,590 Pulgar-Vieselbach;589,590 Pulgar-Vieselbach",50Hertz Transmission,589;590,,,,,SRID=4326;POINT(12.2925276629336 51.169303789666),50Hertz,3.256019703760245
112208,9.98045887636357,53.7450907669697,joint,220000;220000;220000,50;50,,TenneT,203,,,,,SRID=4326;POINT(9.98045887636357 53.7450907669697),50Hertz,61.502484794915496
112515,7.41658261384975,51.4607823586596,joint,380000;220000;380000;220000;380000,50;50;50,,RWE,4317,,,,,SRID=4326;POINT(7.41658261384975 51.4607823586596),Amprion,-23.403759631352965
112536,6.65963403818225,51.5995478716066,joint,110000;380000;220000;380000;220000;110000;25000;110000;25000,,Sternbusch Tr13+14;Sternbusch Tr13+14,RWE,4574,,,,,SRID=4326;POINT(6.65963403818225 51.5995478716066),Amprion,-16.288841604994488
112570,6.70351269739271,51.3705244743615,joint,380000;220000;220000;380000;220000,50;50;50,220 KV,RWE,4578,,,,,SRID=4326;POINT(6.70351269739271 51.3705244743615),Amprion,-13.803075008465878
112595,12.6186989357382,53.5890859469779,joint,380000;380000;380000,50;50;50,512;513;512;513,50Hertz,512,,,,,SRID=4326;POINT(12.6186989357382 53.5890859469779),50Hertz,53.38949119968173
112628,10.8637362727954,48.5391765820159,joint,110000;380000;110000,,Meitingen Nord; Süd,Amprion,M11,,,,,SRID=4326;POINT(10.8637362727954 48.5391765820159),TenneT,-17.716934202797127
112653,9.9846530205936,49.6042378376978,joint,380000;380000;380000,,GRFLD-HOEPF;Grafenrheinfeld - Kupferzell;Grafenrheinfeld - Kupferzell,Energieversorgung Schwaben AG,7610,,,,,SRID=4326;POINT(9.9846530205936 49.6042378376978),TenneT,-7.638400515330838
112673,11.3023823683896,50.2911414705003,joint,380000;110000;110000;20000;380000;110000,,Redwitz - Remptendorf;Redwitz - Remptendorf;Windheim - Redwitz;Friesen - Redwitz;Redwitz - Remptendorf;Redwitz - Remptendorf;Friesen - Redwitz;Windheim - Redwitz,TenneT TSO GmbH;E.ON Netz GmbH,413;414;168,,,,,SRID=4326;POINT(11.3023823683896 50.2911414705003),50Hertz,-2.5308618534631577
112690,11.7373124929794,48.8510072431187,joint,220000;110000;110000;220000,50;50;50,Ingolstadt - Sittling;Riedenburg - Sittling;Dietfurt - Sittling;Riedenburg - Sittling;Dietfurt - Sittling;Ingolstadt - Sittling,TenneT TSO GmbH;E.ON Netz GmbH,227;228;148;149,,,,,SRID=4326;POINT(11.7373124929794 48.8510072431187),50Hertz,-20.267969062905173
112694,10.1913950730051,50.0247526615761,joint,110000;220000;110000;220000;110000,,Grafenrheinfeld - Schwebheim;Bergrheinfeld - Schweinfurt;Schweinfurt - Zeuzleben;Bergrheinfeld - Schweinfurt;Grafenrheinfeld - Schwebheim;Schweinfurt - Zeuzleben,E.ON Netz GmbH,125,,,,,SRID=4326;POINT(10.1913950730051 50.0247526615761),TenneT,-3.669765105104501
112720,6.69706593775622,51.003909289926,joint,220000;380000;380000;220000,50;50;50,220 kV Niederaußem 5e;380 kV Niederaußem 6f|7g|8h;380 kV Niederaußem 6f|7g|8h; 220 kV Niederaußem 5e,RWE,4560,,,,,SRID=4326;POINT(6.69706593775622 51.003909289926),Amprion,-8.619031762515935
112726,6.66352365353096,50.9763307843942,joint,380000;110000;380000;110000,50;50;50,380 kV Paffendorf Süd; Selfkant weiß;110 kV Auenheim Nord; Glesch Nord;380 kV Paffendorf Süd; Selfkant weiß; 110 kV Auenheim Nord; Glesch Nord,RWE,4179,,,,,SRID=4326;POINT(6.66352365353096 50.9763307843942),Amprion,-8.007293966721193
115149,7.98311763436217,50.8478856735907,joint,220000;220000;110000;110000,50,220kV Eiserfeld Ltg,Amprion,2442,,,,,SRID=4326;POINT(7.98311763436217 50.8478856735907),Amprion,-19.843810838792226
112756,7.83447906368521,51.752343780904,joint,380000;380000;380000,50;50;50,380kV Gersteinwerk Ost+Gütersloh Süd;380kV Gersteinwerk Ost+Gütersloh Süd;380kV Gersteinwerk Ost+Gütersloh Süd,RWE,4373,,,,,SRID=4326;POINT(7.83447906368521 51.752343780904),Amprion,-24.78074816532012
112798,7.04127008140575,51.5275610822341,joint,110000;0;220000;110000;220000;110000;110000;0,,Gladbeck West+Gelsenkirchen Nord;Gladbeck West+Nordstern West,RWE,2420,,,,,SRID=4326;POINT(7.04127008140575 51.5275610822341),Amprion,-19.655843122988383
112814,6.88362033045072,51.4586218829388,joint,220000;110000;110000;220000;110000,,110kV Thyssen Ost+West,RWE,2412,,,,,SRID=4326;POINT(6.88362033045072 51.4586218829388),Amprion,-16.943385982756773
112834,6.94963329859883,51.6340178557099,joint,110000;380000;220000;110000;110000;380000;220000,16.7;50;16.7;16.7,Sw Kirchhellen - Mehrhoog;Sw Kirchhellen - Mehrhoog,DB_Energie,4569,,,,,SRID=4326;POINT(6.94963329859883 51.6340178557099),Amprion,-19.559367902892497
112863,6.97464293509789,50.7941754927456,joint,220000;220000;110000;110000;110000;220000,50;50;50;50;50;50,220 kV Troisdorf Ost|West;220 kV Troisdorf West;110 kV Alfter West; Bonn Ost;110 kV Alfter West; Bonn Ost;110 kV Alfter West; Bonn Ost;220 kV Troisdorf Ost,RWE,2370,,,,,SRID=4326;POINT(6.97464293509789 50.7941754927456),Amprion,-9.363844167898872
112961,8.37573621075474,51.9317885843967,joint,380000;220000;110000;380000;220000;110000,50,110kV Avenwedde + Gütersloh-Verl,RWE,4375,,,,,SRID=4326;POINT(8.37573621075474 51.9317885843967),Amprion,-18.508159868502915
113024,6.40344763455451,50.8960047937852,joint,110000;380000;110000,50,110kV Berg Ost+Lindern Ost;380 kV Kirchberg Süd; Selfkant weiss; 110 kV Berg Ost; Lindern Ost,RWE,4529,,,,,SRID=4326;POINT(6.40344763455451 50.8960047937852),Amprion,42.80169511852619
113078,12.947868245972,52.5618885544643,joint,220000;380000;220000;220000;380000;220000,50;50;50;50,(521;) 526;525; 526;(521;) 526;525; 526,50Hertz Transmission,521;526,,,,,SRID=4326;POINT(12.947868245972 52.5618885544643),50Hertz,4.543761847050064
113100,10.0863772552205,48.2655086522828,joint,220000;220000;110000;110000,,,LEW,(?);V6,,,,,SRID=4326;POINT(10.0863772552205 48.2655086522828),TransnetBW,-9.844827442743766
113265,9.8524162497002,51.8987652474175,joint,220000;220000;220000,50;50;50,Leitung 2001;Leitung 2001,TenneT,2001,,,,,SRID=4326;POINT(9.8524162497002 51.8987652474175),TenneT,-2.550526872121754
113282,7.10735096218934,50.817819045726,joint,110000;380000;110000;380000,50;50;50,110 kV Stockem Ost|West;380 kV Siegtal Nord|Süd; 110 kV Stockem Ost|West;380 kV Siegtal Nord|Süd,RWE,4103,,,,,SRID=4326;POINT(7.10735096218934 50.817819045726),Amprion,-11.519801127555422
113349,11.0249220622033,49.6931596917717,joint,110000;380000;380000;110000,,Eggolsheim - Erlangen;Kriegenbrunn - Redwitz;Raitersaich - Würgau;Erlangen - Forchheim;Kriegenbrunn - Redwitz;Raitersaich - Würgau;Erlangen - Forchheim;Eggolsheim - Erlangen,TenneT TSO GmbH;E.ON Netz GmbH,132,,,,,SRID=4326;POINT(11.0249220622033 49.6931596917717),TenneT,-9.728903235426616
113364,9.17688064075952,49.0351948794487,joint,380000;220000;110000;380000;220000;110000,50;16.7;50;16.7,,EnBW;DB_Energie,,,,,,SRID=4326;POINT(9.17688064075952 49.0351948794487),TransnetBW,-5.2456226642450225
113407,9.03429321166791,48.8979330498171,joint,380000;110000;110000;380000,,Philippsburg - Pulverdingen;Philippsburg - Pulverdingen,EnBW,Anlage 337,,,,,SRID=4326;POINT(9.03429321166791 48.8979330498171),TransnetBW,-4.38980175697526
113474,9.45967747872262,53.8646574512707,joint,220000;220000;220000,50;50;50,202 UW-HH-Nord UW-Itzehoe-West;202A;202 UW-HH-Nord UW-Itzehoe-West,TenneT,,,,,,SRID=4326;POINT(9.45967747872262 53.8646574512707),TenneT,63.08403176269621
113826,11.3701638498375,53.5949592749993,joint,380000;380000;380000,50;50;50,"420 Krümmel - Wessin;420, 423;423",50Hertz,420,,,,,SRID=4326;POINT(11.3701638498375 53.5949592749993),50Hertz,56.819087539323135
113869,8.36280936398473,50.6107392822919,joint,110000;380000;380000;110000,50;50;50,380kV Westerwald West 1+Ost 2,E.ON,4564,,,,,SRID=4326;POINT(8.36280936398473 50.6107392822919),Amprion,-14.805889658759323
113977,12.5639280240447,51.0780562430251,joint,220000;220000;220000,50;50;50,"207 Röhrsdorf - Weida, 208 Eula - Weida;207;208",50Hertz Transmission,207;208,,,,,SRID=4326;POINT(12.5639280240447 51.0780562430251),50Hertz,3.9274904073359327
113996,12.5667175624965,51.0781506631211,joint,220000;220000;220000,50;50;50,"203 Röhrsdorf - Eula, 207 Röhrsdorf - Weida;207;203",50Hertz Transmission,203;207,,,,,SRID=4326;POINT(12.5667175624965 51.0781506631211),50Hertz,3.940451605392596
113997,12.5653764676089,51.0791246518849,joint,220000;220000;220000,50;50;50,"203 Eula - Röhrsdorf, 208 Eula - Weida;203;208",50Hertz Transmission,203;208,,,,,SRID=4326;POINT(12.5653764676089 51.0791246518849),50Hertz,3.9382710657695696
114226,6.72322784327022,51.491341849543,joint,220000;220000;110000;380000,50,,Amprion;Westnetz,2347,,,,,SRID=4326;POINT(6.72322784327022 51.491341849543),Amprion,-15.616014985057138
114247,7.43692101087138,50.4053556545743,joint,220000;110000,50;50,110kV Plaidt Nord,RWE,4197,,,,,SRID=4326;POINT(7.43692101087138 50.4053556545743),Amprion,-11.099557721771845
114311,7.26764023294369,52.6577591625558,joint,380000;110000;380000;110000,50;50;50,,Amprion,4121,,,,,SRID=4326;POINT(7.26764023294369 52.6577591625558),Amprion,-12.956893960467829
114405,8.345264098676,49.4142565599315,joint,220000;220000;220000,50;50;50,220 kV Eisbach Süd; Roxheim Süd;220 kV Bienwald West;220 kV Bienwald West; Eisbach Süd; Roxheim Süd,RWE,,,,,,SRID=4326;POINT(8.345264098676 49.4142565599315),Amprion,-3.0030101903815325
114425,13.9669479164914,53.1733649615782,joint,220000;220000;220000,50;50;50,"304, 306;304;306",50Hertz Transmission,304;306,,,,,SRID=4326;POINT(13.9669479164914 53.1733649615782),50Hertz,52.500620306643725
114476,7.97075699571575,50.9534003501739,joint,220000;110000;220000;110000;110000,50;50;50,,RWE,2413,,,,,SRID=4326;POINT(7.97075699571575 50.9534003501739),Amprion,-21.169885161054516
114528,8.6058429945485,49.1616907641985,joint,380000;380000;380000,50;50,Philippsburg - Pulverdingen 2x 380 kV;Philippsburg - Pulverdingen 2x 380 kV,EnBW,Anlage 337,,,,,SRID=4326;POINT(8.6058429945485 49.1616907641985),TransnetBW,-2.683585820939939
114570,9.20917498539209,49.0306373436926,joint,220000;220000;220000,50;50,2x 220 kV;2x 220 kV,EVS,322,,,,,SRID=4326;POINT(9.20917498539209 49.0306373436926),TransnetBW,-5.450549601406395
114816,9.20584178653036,48.9217453894164,joint,220000;220000;220000,,Anlage 322,EnBW,,,,,,SRID=4326;POINT(9.20584178653036 48.9217453894164),TransnetBW,-5.487208436889215
114707,9.32714794687812,51.6299524418668,joint,380000;110000;380000;110000,50;50;50,Leitung 3012;Leitung 3012,TenneT,3012,,,,,SRID=4326;POINT(9.32714794687812 51.6299524418668),TenneT,-7.745456846015356
114787,7.06315816212402,51.6843808422435,joint,220000;220000;220000,,220kV Hochlarmark Ost/West;220kV Hochlarmark Ost,RWE,2648,,,,,SRID=4326;POINT(7.06315816212402 51.6843808422435),Amprion,-21.142627319588872
114825,9.20755756872303,48.923193367787,joint,0;380000;380000;0,,Anlage 332,EnBW,,,,,,SRID=4326;POINT(9.20755756872303 48.923193367787),TransnetBW,-5.498370490086868
114845,9.04710139098889,48.8918369730262,joint,220000;220000;110000;220000;110000,50,Anlage 313;Anlage 9333;Anlage 9333,,,,,,,SRID=4326;POINT(9.04710139098889 48.8918369730262),TransnetBW,-4.465304293878386
115100,8.03960908931931,47.5609838760918,joint,380000;220000;380000;220000;380000,50,,,7640,,,,,SRID=4326;POINT(8.03960908931931 47.5609838760918),TransnetBW,50.9815221411739
115431,8.00375121778617,51.4444033461971,joint,380000;110000;110000,50;50,,RWE,4315,,,,,SRID=4326;POINT(8.00375121778617 51.4444033461971),Amprion,-24.58134462965102
115466,6.99249641238059,51.5116731501039,joint,110000;380000;110000;110000;380000,,Altendorf West+Vogelheim Ost;Altendorf West+Vogelheim Ost;Büscherhof West+Kusenhorst,RWE,4162,,,,,SRID=4326;POINT(6.99249641238059 51.5116731501039),Amprion,-18.89083701676612
115489,7.74205688382538,50.8745257475273,joint,380000;110000;110000;380000;110000,50;50;50,110kV Morsbach Ost+West,RWE,4563,,,,,SRID=4326;POINT(7.74205688382538 50.8745257475273),Amprion,-19.788954743703215
115498,7.86768241355378,52.3851074894541,joint,380000;220000;110000;110000;380000;220000;110000,,,Amprion,4132,,,,,SRID=4326;POINT(7.86768241355378 52.3851074894541),Amprion,-16.729524867510854
115541,7.29766633148386,51.4541930917866,joint,380000;220000;220000;380000,50;50;50,220kV Laer West+Pöppinghausen Ost;380kV Kemnade Süd+ANK,RWE,4339,,,,,SRID=4326;POINT(7.29766633148386 51.4541930917866),Amprion,-22.097326788791364
115555,7.17439214201165,51.4688632542149,joint,380000;220000;220000;380000,,380kV Weitmar West 220kV Welper Ost;220kV Welper Ost;380kV Weitmar West,RWE,4360,,,,,SRID=4326;POINT(7.17439214201165 51.4688632542149),Amprion,-20.737900129373866
115578,6.92631671691575,51.5016749661395,joint,220000;380000;380000;220000,,220kV Buer Süd+Scholven E;380kV Essen West,RWE,4566,,,,,SRID=4326;POINT(6.92631671691575 51.5016749661395),Amprion,-17.9732646428378
115645,11.0316811660641,48.3952091779948,joint,380000;380000;380000,,,Lechwerke,12A,,,,,SRID=4326;POINT(11.0316811660641 48.3952091779948),TenneT,-17.805709513235826
115776,8.48127343443659,48.0098721736989,joint,380000;380000;110000;110000,,,,,,,,,SRID=4326;POINT(8.48127343443659 48.0098721736989),TransnetBW,49.01706358167077
115960,7.68098554805522,50.7552326702946,joint,110000;380000;380000;110000,50;50;50,380 kV Siegtal Nord|Süd,RWE,4104,,,,,SRID=4326;POINT(7.68098554805522 50.7552326702946),Amprion,-17.79079272144541
116009,7.96409976080819,47.5968970925726,joint,380000;380000;380000;380000,50,,,,,,,,SRID=4326;POINT(7.96409976080819 47.5968970925726),TransnetBW,51.025004083251915
116025,10.4102799226065,48.5111657478565,joint,380000;380000;380000,,Günzburg Nord; Süd;Meitingen Nord; Süd,Amprion,,,,,,SRID=4326;POINT(10.4102799226065 48.5111657478565),TransnetBW,-14.117944445458553
116060,6.79429922478321,49.3355444802269,joint,220000;110000;220000;220000;110000,,Saarwellingen - Fraulautern (neu 9/2011);Saarwellingen - Fraulautern (neu 9/2011);Saarwellingen - Ensdorf,,4205,,,,,SRID=4326;POINT(6.79429922478321 49.3355444802269),Amprion,-0.42954487359760485
117164,6.70028442175617,51.0031159685008,joint,220000;220000,50;50,220 kV Niederaußem 1a|3c;220 kV Niederaußem 1a|2b,RWE,2352,,,,,SRID=4326;POINT(6.70028442175617 51.0031159685008),Amprion,-8.637038361186132
117469,6.90904633608397,49.9718392918385,joint,220000;110000;220000;110000;110000,50;50;50,220 kV Wengerohr; 110 kV Salmtal Süd;220 kV Wengerohr; 110 kV Pünderich;110 kV Salmtal Süd; Pünderich,Amprion,2409,,,,,SRID=4326;POINT(6.90904633608397 49.9718392918385),Amprion,-3.6514193764331218
118019,8.67700816017715,49.3496842800141,joint,220000;110000,50;50,Hoheneck West;LEIMN-WIESL-BAIER,RWE,4506,,,,,SRID=4326;POINT(8.67700816017715 49.3496842800141),Amprion,-3.2990413030396155
118233,9.81094282966296,50.8576705933844,joint,380000;110000;380000;110000,,,TenneT,3010,,,,,SRID=4326;POINT(9.81094282966296 50.8576705933844),TenneT,-3.3062488626649493
118475,7.00996792600449,49.3852219929488,joint,380000;220000;380000;220000;110000,50,"380kV Bliestal Süd, 380kV Bürstadt Ltg.",Amprion,,,,,,SRID=4326;POINT(7.00996792600449 49.3852219929488),Amprion,-1.0288895898992045
118506,7.66135735909721,50.3862554935824,joint,110000;380000;110000;380000,,,RWE,2324,,,,,SRID=4326;POINT(7.66135735909721 50.3862554935824),Amprion,-12.541716956826548
118621,9.99580156242716,50.9772227530099,joint,380000;110000;380000;110000,50;16.7;50;16.7,449 Mecklar - Vieselbach;450 Mecklar - Eisenach;Bebra - Weimar;380 kV 449 Mecklar - Vieselbach; 450 Mecklar - Eisenach; 110 kV Bahnstrom Weimar - Bebra 1|2,TenneT,3026,,,,,SRID=4326;POINT(9.99580156242716 50.9772227530099),TenneT,-2.307672740141509
118641,11.4292058913809,50.9138883450935,joint,380000;0,50;0,"415, 416",50Hertz,415;416,,,,,SRID=4326;POINT(11.4292058913809 50.9138883450935),50Hertz,1.5790701576649813
118660,10.3880041290116,51.0062370565876,joint,380000;380000;380000,50;50,450;450;454;454,50Hertz,450,,,,,SRID=4326;POINT(10.3880041290116 51.0062370565876),TenneT,0.5834528368820759
118757,7.24167685510749,51.2272408394216,joint,110000;380000;380000;110000,50;50;50,RWE 4562 Ronsdorf - Bomig;RWE 4562 Ronsdorf - Bomig,RWE,0250,,,,,SRID=4326;POINT(7.24167685510749 51.2272408394216),Amprion,-18.882126413151585
118843,8.58603011196808,49.8157771846991,joint,220000;220000;220000,50;50;50,220 kV Biblis 3c;220 kV Kranichstein Ost; Marxheim Ost; Pfungstadt Ost;220 kV Biblis 3c; Kranichstein Ost; Marxheim Ost; Pfungstadt Ost,RWE,4591,,,,,SRID=4326;POINT(8.58603011196808 49.8157771846991),Amprion,-5.317341339961326
120907,8.50205416190413,50.058965176349,joint,110000;380000;380000;110000,50;50,380kV Trebur Nord,Süwag,2329,,,,,SRID=4326;POINT(8.50205416190413 50.058965176349),Amprion,-7.546921046627045
133697,9.09055903916706,49.9699836223947,merge,380000;220000;110000,50,Umspannwerk Aschaffenburg,TenneT TSO GmbH;E.ON Netz GmbH,AS,,,,,SRID=4326;POINT(9.09055903916706 49.9699836223947),TenneT,-5.096843544862532
134312,6.87291862288804,51.4457783048362,merge,220000;110000,50,Styrum,,,,,,,SRID=4326;POINT(6.87291862288804 51.4457783048362),Amprion,-16.653371430059494
134292,6.68085430023769,51.6463728718929,merge,380000;220000;110000;110000;110000;110000,50;50;50,Station Niederrhein,RWE,,,,,,SRID=4326;POINT(6.68085430023769 51.6463728718929),Amprion,-16.942622239519284
134306,9.17450010394454,49.0409586672067,merge,110000;12500;110000;380000;110000;110000;12500;380000,16.7;16.7;50;16.7;16.7,Umrichterwerk Neckarwestheim;Gemeinschaftskraftwerk Neckarwestheim 2;Gemeinschaftskraftwerk Neckarwestheim,DB Energie GmbH,GKN,,,,,SRID=4326;POINT(9.17450010394454 49.0409586672067),TransnetBW,-5.2271258578872075
134331,6.33002076559644,51.2428787187495,merge,380000;220000;110000,50,Station Dülken,RWE,,,,,,SRID=4326;POINT(6.33002076559644 51.2428787187495),Amprion,38.875051154985684
134423,6.66768113914568,50.9932912142426,merge,220000;110000,50;50,KW Niederaußem;Station Auenheim;Kraftwerk Niederaußem,RWE,,,,,,SRID=4326;POINT(6.66768113914568 50.9932912142426),Amprion,-8.245107494650846
134458,8.31885598858892,52.0660524310109,merge,220000;110000,50;50,Station Voßheide;Station Hesseln,RWE,,,,,,SRID=4326;POINT(8.31885598858892 52.0660524310109),Amprion,-17.703741250639254
134581,9.23640264622725,48.9269661471284,merge,220000;110000,50,Marbach,,,,,,,SRID=4326;POINT(9.23640264622725 48.9269661471284),TransnetBW,-5.692909884577654
134611,13.2560629158367,50.9301716590568,merge,110000;380000,50;50,Freiberg/Nord (110 kV);Freiberg/Nord (380 kV),enviaM,,,,,,SRID=4326;POINT(13.2560629158367 50.9301716590568),50Hertz,7.837260113690114
134629,7.33690104662821,51.631107816135,merge,380000;110000;110000;110000,50;16.7;16.7;16.7,Kraftwerk Datteln 4;Schaltanlage Datteln 4;Kraftwerk Datteln;Kraftwerk Datteln;Kraftwerk Datteln,eon,,,,,,SRID=4326;POINT(7.33690104662821 51.631107816135),Amprion,-23.59638949029859
134739,13.854849157432,50.9824492876083,merge,,,Solarpark Heidenau,Stadtwerke Dinslaken Solar GmbH,,,,,,SRID=4326;POINT(13.854849157432 50.9824492876083),50Hertz,62.79472776847161
135068,8.65581369184179,50.6048234466578,merge,380000;110000;380000;110000;110000,50;50;50,Umspannwerk Gießen Nord;Umspannwerk Gießen Nord;Gießen/Süd,EON_Netz,,,,,,SRID=4326;POINT(8.65581369184179 50.6048234466578),Amprion,-12.160716645519093
141177,7.41978508220404,51.4575607808948,joint,110000;110000;110000;110000;220000;110000,50;50;50;50;50;50,,RWE,1557,,,,,SRID=4326;POINT(7.41978508220404 51.4575607808948),Amprion,-23.411297257496965
142222,6.6256976122304,49.4631022702751,joint,20000;220000;110000;20000,50,220 kV Saar Nord | 110kV Merzig Ltg.,Amprion,,,,,,SRID=4326;POINT(6.6256976122304 49.4631022702751),Amprion,-0.7035403505510978
143812,10.2844971361331,49.8978166562877,joint,380000;220000,,Grafenrheinfeld - Raitersaich;Bergrheinfeld - Raitersaich,TenneT TSO GmbH,433;434;278,,,,,SRID=4326;POINT(10.2844971361331 49.8978166562877),TenneT,-4.928159539320969
2529,13.2127413583972,52.5735584649325,sub_station,,,,Vattenfall,4100,,,,,SRID=4326;POINT(13.2127413583972 52.5735584649325),50Hertz,5.532651209082005
2915,13.4221323629185,52.5168872616727,substation,,,U-Station 4,Vattenfall Europe AG,,,,,,SRID=4326;POINT(13.4221323629185 52.5168872616727),50Hertz,7.026718326630506
8211,8.18346107683638,48.8054455535076,substation,,,,Stadtwerke Baden-Baden,Privatstation Buchholz II,,,,,SRID=4326;POINT(8.18346107683638 48.8054455535076),TransnetBW,-0.5715414268562728
8628,6.48463224953611,53.6909434513185,substation,155000,,Riffgat,,,,,,,SRID=4326;POINT(6.48463224953611 53.6909434513185),Amprion,57.147940085374174
8902,12.7593590293877,48.1985915903112,sub_station,,,,,,,,,,SRID=4326;POINT(12.7593590293877 48.1985915903112),50Hertz,36.660382388174774
16371,6.74970889894626,49.3651765862635,substation,220000,50,UA Obergraben,Amprion,,,,,,SRID=4326;POINT(6.74970889894626 49.3651765862635),Amprion,-0.48913591520744504
16761,8.73514198246706,50.1591909514675,substation,220000;110000,,Umspannwerk Frankfurt Nord,TenneT;Mainova,,,,,,SRID=4326;POINT(8.73514198246706 50.1591909514675),Amprion,-7.398379541231892
16793,7.41683165937165,51.4569414435079,substation,380000;220000;110000,50,Station Kruckel,RWE;DSW 21; AVU,,,,,,SRID=4326;POINT(7.41683165937165 51.4569414435079),Amprion,-23.37897366887307
16806,6.22182697102296,51.6946440313514,substation,220000;110000,,Station Pfalzdorf,RWE,,,,,,SRID=4326;POINT(6.22182697102296 51.6946440313514),Amprion,34.54022670621776
16811,8.9590597654776,52.2785291264413,substation,220000;110000,50,Umspannwerk Meißen,EON_WestfalenWeser,,,,,,SRID=4326;POINT(8.9590597654776 52.2785291264413),TenneT,-8.276264534249716
16814,8.98890991477608,48.8040900304867,substation,110000,,Netze BW Umspannwerk Leonberg,Netze BW,,,,,,SRID=4326;POINT(8.98890991477608 48.8040900304867),TransnetBW,-4.055258140943916
16821,6.61743907747453,51.4757023682985,substation,380000;220000;110000,50,Station Utfort,Amprion,,,,,,SRID=4326;POINT(6.61743907747453 51.4757023682985),Amprion,-14.47485004426661
16830,11.6393123199254,48.1788296516804,substation,380000;110000,50,Föhring,,,,,,,SRID=4326;POINT(11.6393123199254 48.1788296516804),50Hertz,31.84312134744627
16837,10.1576904324052,53.5551238482492,substation,380000;110000,50,Umspannwerk Hamburg/Ost,50Hertz Transmission;Stromnetz Hamburg GmbH,,,,,,SRID=4326;POINT(10.1576904324052 53.5551238482492),50Hertz,60.850381448513055
16851,8.1226935314256,53.5604852248008,substation,380000;220000,50,Umspannwerk Maade,TenneT,MAAD,,,,,SRID=4326;POINT(8.1226935314256 53.5604852248008),Amprion,60.471716410975084
16859,13.2810384688502,52.5265496388475,substation,380000,50,380 kV-Kabel Terminal Berlin,,,,,,,SRID=4326;POINT(13.2810384688502 52.5265496388475),50Hertz,6.197191574493816
16863,9.91718969909551,52.2781719558073,substation,380000;110000,50,Algermissen,TenneT,,,,,,SRID=4326;POINT(9.91718969909551 52.2781719558073),TenneT,-1.3121955681381898
16927,8.48007586271376,50.5909354190532,substation,380000;110000,,Umspannwerk Aßlar,E.ON Mitte AG,,,,,,SRID=4326;POINT(8.48007586271376 50.5909354190532),Amprion,-13.614397397485506
16956,6.82809305750979,51.162560954334,substation,220000;110000,50,Station Reisholz,,,,,,,SRID=4326;POINT(6.82809305750979 51.162560954334),Amprion,-12.13121234589789
16965,10.1602433058051,49.9891799219394,substation,380000;220000;110000,50,Umspannwerk Bergrheinfeld,TenneT TSO GmbH,BRF,,,,,SRID=4326;POINT(10.1602433058051 49.9891799219394),TenneT,-3.877764053561732
16975,11.7922769698549,48.8380989680246,substation,220000;110000,,Umspannwerk Sittling,TenneT TSO GmbH;E.ON Netz GmbH,SIT,,,,,SRID=4326;POINT(11.7922769698549 48.8380989680246),50Hertz,-20.225306387701256
16993,6.70247484431852,51.0089106741313,substation,380000;220000,50,Umspannwerk Rommerskirchen,RWE,,,,,,SRID=4326;POINT(6.70247484431852 51.0089106741313),Amprion,-8.728913121466167
17002,9.40954423099057,52.0343295221752,plant,,,Kernkraftwerk Grohnde,Gemeinschaftskernkraftwerk Grohnde GmbH & Co. oHG,KWG,,,,,SRID=4326;POINT(9.40954423099057 52.0343295221752),TenneT,-5.539879189006559
17069,10.2358928231592,52.293471462146,substation,380000;110000,50,Klein Ilsede,,U4,,,,,SRID=4326;POINT(10.2358928231592 52.293471462146),TenneT,1.2535654358760393
17074,12.2621828656311,51.741067578294,substation,380000;110000,50,Umspannwerk Marke,50Hertz,,,,,,SRID=4326;POINT(12.2621828656311 51.741067578294),50Hertz,3.775641907458848
17101,6.21618618417619,50.9123734963262,substation,380000;110000,50,Siersdorf,,,,,,,SRID=4326;POINT(6.21618618417619 50.9123734963262),Amprion,42.57410836567942
17117,9.5628233480065,48.7014898223863,substation,380000;110000,50,EnBW Umspannwerk Bünzwangen,EnBW,BZW,,,,,SRID=4326;POINT(9.5628233480065 48.7014898223863),TransnetBW,-8.218276021542872
17122,8.28491776006355,50.7591551312954,substation,380000;110000,50,Dillenburg,e.on;Mitte AG,,,,,,SRID=4326;POINT(8.28491776006355 50.7591551312954),Amprion,-17.244176685498772
17127,11.6388595619847,52.2687327303489,substation,380000;220000,,Umspannwerk Wolmirstedt,50Hertz Transmission GmbH,,,,,,SRID=4326;POINT(11.6388595619847 52.2687327303489),50Hertz,2.873288891780655
17133,10.8675276212215,48.5394888829655,substation,380000,,Station Meitingen,Net,,,,,,SRID=4326;POINT(10.8675276212215 48.5394888829655),TenneT,-17.74254648505626
17145,8.38848172706277,49.9823438035022,substation,380000;110000,,Umspannstation Bischofsheim,RWE; Kraftwerke Mainz-Wiesbaden,,,,,,SRID=4326;POINT(8.38848172706277 49.9823438035022),Amprion,-7.175162019016472
17165,10.6643543700609,49.9799579297602,substation,380000;110000,,Umspannwerk Eltmann,Bayernwerk AG,ELT,,,,,SRID=4326;POINT(10.6643543700609 49.9799579297602),TenneT,-5.08984198130619
17194,6.92677863132666,51.4992058438157,substation,380000;220000,50,Station Büscherhof,RWE,,,,,,SRID=4326;POINT(6.92677863132666 51.4992058438157),Amprion,-17.95034792403944
17247,6.94758203197816,51.498785049034,station,110000,,Station Borbeck,RWE,,,,,,SRID=4326;POINT(6.94758203197816 51.498785049034),Amprion,-18.197407287169014
17365,8.78574560030169,48.5837418738739,substation,380000;110000,50,Netze BW Umspannwerk Oberjettingen,Netze BW,OBJTT,,,,,SRID=4326;POINT(8.78574560030169 48.5837418738739),TransnetBW,-2.5685678615603234
17385,6.95920498598319,51.1649318657119,station,,,Station Kalstert,RWE,,,,,,SRID=4326;POINT(6.95920498598319 51.1649318657119),Amprion,-13.873576648917314
17386,10.1563058067259,54.2755447856027,substation,220000;110000,50,Kiel-Süd,EON_Netz;TenneT,,,,,,SRID=4326;POINT(10.1563058067259 54.2755447856027),50Hertz,57.806917373957575
17435,12.1501592655784,49.0128096687949,substation,220000,,Umspannwerk Regensburg,"TenneT TSO GmbH, E.ON Netz GmbH",RE,,,,,SRID=4326;POINT(12.1501592655784 49.0128096687949),50Hertz,-18.039517866795556
17489,13.9570102014853,53.2521695134951,substation,380000;220000,,Bertikow,50Hertz Transmission GmbH,,,,,,SRID=4326;POINT(13.9570102014853 53.2521695134951),50Hertz,52.29416680842387
17540,9.20228237891015,53.8955293484024,substation,380000;220000;110000,50,Umspannwerk Kernkraftwerk Brunsbüttel,50Hertz Transmission,,,,,,SRID=4326;POINT(9.20228237891015 53.8955293484024),TenneT,63.47662884608926
17578,7.26402302448204,51.5735977986741,substation,220000;110000,50,Station Pöppinghausen,Amprion,,,,,,SRID=4326;POINT(7.26402302448204 51.5735977986741),Amprion,-22.617945722238613
17583,9.34480326287008,53.9218591874263,substation,380000,50,Umspannwerk Wilster,TenneT,,,,,,SRID=4326;POINT(9.34480326287008 53.9218591874263),TenneT,63.054675390564874
17600,7.11705826498691,49.3217400877132,substation,220000;110000,50,Umspannwerk Heinitz,,,,,,,SRID=4326;POINT(7.11705826498691 49.3217400877132),Amprion,-0.8889602705124577
17613,10.9522690979259,49.5810516693374,substation,110000,50,Umspannwerk Kastenweiher,E.ON Netz GmbH,,,,,,SRID=4326;POINT(10.9522690979259 49.5810516693374),TenneT,-11.078162156219234
17623,8.25193893146281,47.6397360990099,substation,220000;110000,50,Umspannwerk Gurtweil,EnBW,,,,,,SRID=4326;POINT(8.25193893146281 47.6397360990099),TransnetBW,50.49710252162899
17677,9.06884179725554,53.5665781533444,substation,380000;110000,50,Alfstedt,EON_Netz,,,,,,SRID=4326;POINT(9.06884179725554 53.5665781533444),TenneT,61.726535991001455
17695,8.24884883566387,48.8462728267061,substation,220000;110000,50,220-kV-Umspannwerk Kuppenheim,,,,,,,SRID=4326;POINT(8.24884883566387 48.8462728267061),TransnetBW,-0.8554738016228232
17748,7.03495438287882,52.2028584150601,substation,380000;220000;110000,,Station Gronau,RWE,,,,,,SRID=4326;POINT(7.03495438287882 52.2028584150601),Amprion,-19.625532333401082
17786,11.3705935827954,53.6009899381067,substation,380000;110000,50,Görries,50Hertz;EON_edis,Gös,,,,,SRID=4326;POINT(11.3705935827954 53.6009899381067),50Hertz,56.84606613527044
17805,12.1538688338239,49.8069275924173,substation,110000,50,Umspannwerk Windischeschenbach,E.ON Netz GmbH,,,,,,SRID=4326;POINT(12.1538688338239 49.8069275924173),50Hertz,-8.034209428273277
17992,10.2349076528962,47.5587644329148,substation,220000;110000,50,Umspannwerk Rauhenzell,Allgäuer Überlandwerk GmbH,,,,,,SRID=4326;POINT(10.2349076528962 47.5587644329148),TransnetBW,45.05005246016974
18041,8.25887692141771,47.6342498336695,substation,380000;220000;110000,50,Tiengen,Amprion,,,,,,SRID=4326;POINT(8.25887692141771 47.6342498336695),TransnetBW,50.495546546067445
18071,8.67933147722094,49.9738296903815,station,,,,,,,,,,SRID=4326;POINT(8.67933147722094 49.9738296903815),Amprion,-6.2023815385653425
18089,9.34910136301771,48.608850702881,substation,110000,50,EnBW Umspannwerk Nürtingen,EnBW,,,,,,SRID=4326;POINT(9.34910136301771 48.608850702881),TransnetBW,-6.343549510213803
18143,12.2135797746946,54.1119882391833,substation,220000;110000,50,Bentwisch,E.ON edis AG,Bw,,,,,SRID=4326;POINT(12.2135797746946 54.1119882391833),50Hertz,53.753944570957415
18179,11.5164843053938,51.5843685617016,substation,380000;110000,50,Umspannwerk Klostermansfeld,50Hertz,,,,,,SRID=4326;POINT(11.5164843053938 51.5843685617016),50Hertz,2.7752047802830315
18243,9.49151373923216,53.6580866516413,substation,220000,50,Abbenfleth,TenneT,,,,,,SRID=4326;POINT(9.49151373923216 53.6580866516413),TenneT,62.36561635357482
18277,8.10489500188887,52.2642974245414,substation,220000;110000,50,Station Lüstringen,Amprion,,,,,,SRID=4326;POINT(8.10489500188887 52.2642974245414),Amprion,-17.066904723055046
18588,11.6441817388985,51.9085129755301,substation,220000;110000,50,Umspannwerk Förderstedt,50Hertz,MD 38,,,,,SRID=4326;POINT(11.6441817388985 51.9085129755301),50Hertz,2.9139665787696227
18640,6.72821305185359,51.4878547710568,substation,220000,50,,,,,,,,SRID=4326;POINT(6.72821305185359 51.4878547710568),Amprion,-15.620601050581119
18751,7.58911881577934,47.8069332087105,substation,,50,,,,,,,,SRID=4326;POINT(7.58911881577934 47.8069332087105),TransnetBW,51.18045769042331
18885,8.21137573949085,51.8879595623429,substation,,,,,,,,,,SRID=4326;POINT(8.21137573949085 51.8879595623429),Amprion,-20.832037030369136
18911,6.81448636352345,49.3282526656115,station,,,UA Hülzweiler,VSE,,,,,,SRID=4326;POINT(6.81448636352345 49.3282526656115),Amprion,-0.4285488601749954
18928,11.3060342063064,48.03553867966,sub_station,,,,Isar-Amperwerke,8012,,,,,SRID=4326;POINT(11.3060342063064 48.03553867966),50Hertz,34.13187181210769
19002,11.1293900411786,50.983597117412,substation,110000;10000,50,Erfurt/Hochstedt,SWE_Netz,ErH,,,,,SRID=4326;POINT(11.1293900411786 50.983597117412),50Hertz,1.6475052356796187
19005,13.3998299483313,53.7944487355872,substation,220000,50,Umspannwerk Windpark Iven,50Hertz Transmission,,,,,,SRID=4326;POINT(13.3998299483313 53.7944487355872),50Hertz,52.290782551706876
19111,9.37759352739353,48.8126058551581,substation,380000;110000,,EnBW Umspannwerk Endersbach,Netze BW,,,,,,SRID=4326;POINT(9.37759352739353 48.8126058551581),TransnetBW,-6.7495972816060394
19245,8.98953400736475,50.0602318787498,substation,380000;110000,50,Karlstein,Amprion,,,,,,SRID=4326;POINT(8.98953400736475 50.0602318787498),TenneT,-5.696525175442806
19306,8.87292810358388,48.3100689122305,substation,380000,50,EnBW Umspannwerk Engstlatt,EnBW,ENGST,,,,,SRID=4326;POINT(8.87292810358388 48.3100689122305),TransnetBW,-2.3836532882623107
19443,6.99666886670711,49.3756396415642,substation,380000;220000;110000,50,Umspannwerk Uchtelfangen,Amprion,,,,,,SRID=4326;POINT(6.99666886670711 49.3756396415642),Amprion,-0.9561772935250534
19829,8.61862705626411,50.0922508639458,substation,380000,50,Umspannwerk Frankfurt Südwest,,,,,,,SRID=4326;POINT(8.61862705626411 50.0922508639458),Amprion,-7.3778748015010684
19958,7.27894548135284,51.4722703560338,substation,220000;110000,50,Station Laer,Amprion,,,,,,SRID=4326;POINT(7.27894548135284 51.4722703560338),Amprion,-22.0360239014966
19980,11.5991212408693,49.3943182933279,substation,110000,50,Umspannwerk Lauterhofen,E.ON Netz GmbH,,,,,,SRID=4326;POINT(11.5991212408693 49.3943182933279),50Hertz,-15.058943512659692
20228,10.8638245882447,48.5469498193815,substation,380000;110000,,Umspannwerk Meitingen,Elektrizitätswerke Augsburg,122 U,,,,,SRID=4326;POINT(10.8638245882447 48.5469498193815),TenneT,-17.750086946505757
20400,7.543058921425,51.4532264010534,substation,110000,,Station Holzen Mast 30,RWE,,,,,,SRID=4326;POINT(7.543058921425 51.4532264010534),Amprion,-24.383534742452262
20417,7.1800050322344,51.4749493397565,substation,110000,50,Station Bochum,RWE,,,,,,SRID=4326;POINT(7.1800050322344 51.4749493397565),Amprion,-20.8671990118014
20476,7.29713403778859,51.5909819123183,station,110000,,Station Habinghorst,,,,,,,SRID=4326;POINT(7.29713403778859 51.5909819123183),Amprion,-23.05218248664452
20644,7.34579757518748,52.5865082450878,substation,110000,,,,,,,,,SRID=4326;POINT(7.34579757518748 52.5865082450878),Amprion,-14.382087217226237
20715,12.2208353638142,48.5857329874726,substation,220000;110000,50,Umspannwerk Altheim,"TenneT TSO GmbH, E.ON Netz GmbH",AHM,,,,,SRID=4326;POINT(12.2208353638142 48.5857329874726),50Hertz,-18.577771333308448
20818,10.3191424047296,47.6827353827916,substation,220000;110000,50,Umspannwerk Kempten-Au,,,,,,,SRID=4326;POINT(10.3191424047296 47.6827353827916),TransnetBW,43.24597590551963
21040,6.5423956321992,51.2994795565908,substation,220000;110000,50,Station Edelstahl Krefeld,,,,,,,SRID=4326;POINT(6.5423956321992 51.2994795565908),Amprion,37.27907317472018
21065,6.59299416432777,50.5733974275347,station,,,Station Wallenthal,RWE,,,,,,SRID=4326;POINT(6.59299416432777 50.5733974275347),Amprion,44.63406167737713
21183,6.17793029018481,49.953066215836,substation,220000,,Vianden,SEO,,,,,,SRID=4326;POINT(6.17793029018481 49.953066215836),Amprion,46.95027049370832
21552,6.09615121098497,51.0541500275668,substation,,,,,,,,,,SRID=4326;POINT(6.09615121098497 51.0541500275668),Amprion,40.98557490886735
21679,6.78780467943068,51.5334788887412,substation,110000,50,Station Wehofen,RWE;EVO,,,,,,SRID=4326;POINT(6.78780467943068 51.5334788887412),Amprion,-16.78076842120544
24050,10.5557181313071,49.9778251322747,substation,110000,,Umspannwerk Knetzgau,Unterfränkische Überlandzentrale eG,KNEZ,,,,,SRID=4326;POINT(10.5557181313071 49.9778251322747),TenneT,-4.858573527837843
24191,7.25794421400606,52.9812483634914,substation,380000;320000,50;0,Dörpen West,TenneT Offshore GmbH,,,,,,SRID=4326;POINT(7.25794421400606 52.9812483634914),Amprion,-5.621439181941819
24290,8.91867012227771,48.6610977783956,station,,,,,,,,,,SRID=4326;POINT(8.91867012227771 48.6610977783956),TransnetBW,-3.456453943822776
24325,9.44693626102865,49.5902534699018,substation,380000;110000,50,Umspannwerk Höpfingen,EnBW,,,,,,SRID=4326;POINT(9.44693626102865 49.5902534699018),TenneT,-5.471021274373847
24419,7.9107966643883,48.5012807613263,substation,220000;110000,50,Umspannwerk Weier,EnBW,,,,,,SRID=4326;POINT(7.9107966643883 48.5012807613263),TransnetBW,0.7800050020772265
24462,8.58865797571245,49.8154725692226,substation,220000;110000,50,Umspannanlage Pfungstadt,RWE,,,,,,SRID=4326;POINT(8.58865797571245 49.8154725692226),Amprion,-5.310946655337547
24642,9.77418774638005,50.5288140188163,substation,380000;110000,50,UW Dipperz,Tennet,,,,,,SRID=4326;POINT(9.77418774638005 50.5288140188163),TenneT,-3.484632704398569
24814,6.47479750040959,49.9224757052015,substation,380000;220000;110000,50,Station Niederstedem,Amprion; Westnetz,,,,,,SRID=4326;POINT(6.47479750040959 49.9224757052015),Amprion,46.78582355377442
24836,8.06824029974541,49.5778177197496,substation,220000;110000,50,Umspannwerk Kerzenheim,Pfalzwerke,,,,,,SRID=4326;POINT(8.06824029974541 49.5778177197496),Amprion,-3.8868151818867585
24963,10.3884700548325,52.1513635829488,substation,220000,,,,,,,,,SRID=4326;POINT(10.3884700548325 52.1513635829488),TenneT,1.4877731856433538
24978,8.79127921302957,51.4266664167297,substation,110000,50,,RWE,,,,,,SRID=4326;POINT(8.79127921302957 51.4266664167297),Amprion,-15.175709426565522
24981,9.48789396427305,53.6365575607186,substation,220000,50,Götzdorf,,,,,,,SRID=4326;POINT(9.48789396427305 53.6365575607186),TenneT,62.15970997508239
25039,8.31351971390848,49.009009190997,substation,380000;220000;110000,50,Karlsruhe-Daxlanden,EnBW,,,,,,SRID=4326;POINT(8.31351971390848 49.009009190997),TransnetBW,-1.4505654147094855
25064,7.64047215701788,50.385161896931,substation,110000,,Station Urbar,,,,,,,SRID=4326;POINT(7.64047215701788 50.385161896931),Amprion,-12.408517225595652
25114,8.19487619178385,49.5643213244308,station,110000,,,,,,,,,SRID=4326;POINT(8.19487619178385 49.5643213244308),Amprion,-3.8153496583638056
25226,10.3857738373501,51.0017885993453,substation,380000;110000,50,Eisenach,50Hertz,,,,,,SRID=4326;POINT(10.3857738373501 51.0017885993453),TenneT,0.5708829203672963
25227,12.0449843601936,50.7812559414046,substation,380000;220000;110000,,Umspannwerk Weida,50Hertz,,,,,,SRID=4326;POINT(12.0449843601936 50.7812559414046),50Hertz,1.4104336842329488
25252,9.51424549244765,51.2590220756641,substation,380000;110000,,Umspannwerk Bergshausen,TenneT,,,,,,SRID=4326;POINT(9.51424549244765 51.2590220756641),TenneT,-5.952162560133877
25355,11.7714326395937,50.2096882325532,substation,110000,50,Umspannwerk Münchberg,E.ON Netz GmbH,MUEN,,,,,SRID=4326;POINT(11.7714326395937 50.2096882325532),50Hertz,-3.359262227861434
25404,7.21580005085776,51.2210060089823,substation,,50,Station Ronsdorf,RWE,,,,,,SRID=4326;POINT(7.21580005085776 51.2210060089823),Amprion,-18.426730518985597
25566,8.95370122498589,49.5674316343695,substation,220000;110000,50,Beerfelden,,,,,,,SRID=4326;POINT(8.95370122498589 49.5674316343695),TenneT,-4.275071228970907
26221,12.8812945886849,50.5186248152248,substation,380000,,Markersbach,,,,,,,SRID=4326;POINT(12.8812945886849 50.5186248152248),50Hertz,1.7387984316771448
28887,7.01075512363856,51.7056687956813,sub_station,,,,,,,,,,SRID=4326;POINT(7.01075512363856 51.7056687956813),Amprion,-20.712351237867484
29012,8.31561235121278,49.0063693307387,substation,110000,50,,EnBW AG,,,,,,SRID=4326;POINT(8.31561235121278 49.0063693307387),TransnetBW,-1.4492107421438813
29252,7.75656086481559,48.2267890398257,substation,,,,,,,,,,SRID=4326;POINT(7.75656086481559 48.2267890398257),TransnetBW,1.567055454985253
29743,10.0490607066358,49.0123893958514,sub_station,,,,,,,,,,SRID=4326;POINT(10.0490607066358 49.0123893958514),TransnetBW,-10.671263399329613
29813,7.9369390231021,47.6491061757899,substation,380000,,Kabelanfang PSP Wehr,,,,,,,SRID=4326;POINT(7.9369390231021 47.6491061757899),TransnetBW,50.981675693206995
30208,8.09736662615603,50.8220270192031,substation,110000,50,,,,,,,,SRID=4326;POINT(8.09736662615603 50.8220270192031),Amprion,-19.16878674757706
31001,8.4881978399368,49.5996644703187,station,,,,,,,,,,SRID=4326;POINT(8.4881978399368 49.5996644703187),Amprion,-4.061875195767486
32255,8.81992974878263,53.1074503184638,substation,220000;110000,50,Umspannwerk Blockland,swb Netze GmbH & Co. KG,,,,,,SRID=4326;POINT(8.81992974878263 53.1074503184638),TenneT,2.5776766497807753
35200,8.30844364945986,49.2571328170907,substation,380000,,Weingarten,,,,,,,SRID=4326;POINT(8.30844364945986 49.2571328170907),TransnetBW,-2.252264933936468
36435,12.087765028073,53.2509322994519,substation,380000,50,Umspannwerk Putlitz,50Hertz,,,,,,SRID=4326;POINT(12.087765028073 53.2509322994519),50Hertz,4.4517685254951385
38498,9.19699766531584,54.851103446848,substation,380000;110000;20000,50,Umspannwerk Jardelund,TenneT,,,,,,SRID=4326;POINT(9.19699766531584 54.851103446848),TenneT,50.69850424848441
43854,8.67876968717946,49.3497595964844,substation,,,Umspannwerk Leimen,NetzeBW,,,,,,SRID=4326;POINT(8.67876968717946 49.3497595964844),Amprion,-3.303265070425775
46272,7.44924655271619,50.4025219054932,substation,380000;220000;110000,50,Station Weißenthurm,Amprion,,,,,,SRID=4326;POINT(7.44924655271619 50.4025219054932),Amprion,-11.180113620732598
112015,8.6733134792451,49.9422308722911,joint,380000;220000;110000;110000;380000;220000;110000,,"2 x 380 kV, 2 x 220 kV, 1 x 110 kV;1 x 110 kV;2 x 380 kV, 2 x 220 kV, 2 x 110 kV",,,,,,,SRID=4326;POINT(8.6733134792451 49.9422308722911),Amprion,-5.994986127714943
112016,8.67812153214029,49.9424484759701,joint,110000;380000;220000;110000,,"2 x 380 kV, 2 x 220 kV, 1 x 110 kV",,,,,,,SRID=4326;POINT(8.67812153214029 49.9424484759701),Amprion,-5.983083024224905
112063,8.53116541615895,49.8530190929433,joint,380000;220000;380000;220000;380000;220000,50;50,"1 x 380 kV, 2 x 220 kV;380 kV Ried Ost|West; 220 kV Kranichstein Ost; Marxheim Ost; Pfungstadt Ost;1 x 380 kV, 1 x 220 kV",RWE,4591,,,,,SRID=4326;POINT(8.53116541615895 49.8530190929433),Amprion,-5.684422926902942
112084,8.64712965483816,50.2001594934033,joint,380000;110000;110000,50;50,380 kV 3011; 220 kV 1046,TenneT,3011;1046,,,,,SRID=4326;POINT(8.64712965483816 50.2001594934033),Amprion,-8.213578429513902
112141,6.96076971317606,51.049985238354,joint,220000;220000;220000,50;50;50,220 kV Niederaußem 4d; Stommeln Nord;220 kV Kasselberg Süd; Niederaußem 5e;220 kV Kasselberg Süd; Niederaußem 4d|5e; Stommeln Nord,RWE,4560,,,,,SRID=4326;POINT(6.96076971317606 51.049985238354),Amprion,-12.292260369308035
112146,6.96488148189453,51.0657096497628,joint,220000;0,50,220 kV Niederaußem 4d; Wiesdorf Ltg.,RWE,2429,,,,,SRID=4326;POINT(6.96488148189453 51.0657096497628),Amprion,-12.565090779290184
112333,12.3263474367502,51.1955478560627,joint,110000;110000;110000,50;50;50,,MITNETZ,,,,,,SRID=4326;POINT(12.3263474367502 51.1955478560627),50Hertz,3.4173379911360975
112335,12.3155299240988,51.1901519645185,joint,380000;380000;110000;110000,50;50,"589,590 Pulgar-Vieselbach;589,590 Pulgar-Vieselbach",50Hertz Transmission,589;590,,,,,SRID=4326;POINT(12.3155299240988 51.1901519645185),50Hertz,3.372390275000937
112371,8.47440662257326,50.0566146492183,joint,380000;110000;110000;380000,50;50,Rüsselsheim Ost+West;380kV Trebur Nord,RWE,4503,,,,,SRID=4326;POINT(8.47440662257326 50.0566146492183),Amprion,-7.628772595344886
112397,8.13113295389502,53.5569709576146,joint,220000;110000;110000;220000;110000,50;50;50,300;300,TenneT;EON_Netz,300,,,,,SRID=4326;POINT(8.13113295389502 53.5569709576146),Amprion,60.42395630153996
112442,8.8124858729526,50.2031170664485,joint,380000;380000;380000,50,,TenneT,,,,,,SRID=4326;POINT(8.8124858729526 50.2031170664485),TenneT,-7.337235154989838
112528,6.5878823625046,51.5592379437335,joint,110000;220000;110000;220000;110000,50;50;50,110kV Wallach Ost+West;220 kV Wesel Ost; 110 kV Götterswick Süd; Wallach Ost|West;220 kV Wesel Ost; 110 kV Götterswick Süd,RWE,0957,,,,,SRID=4326;POINT(6.5878823625046 51.5592379437335),Amprion,33.55882414079741
112687,10.5618045107968,49.9785486873148,joint,380000;110000;380000;110000,,Grafenrheinfeld - Eltmann;Grafenrheinfeld - Oberhaid;Haßfurt - Heidenfeld - Schwebheim;Eltmann - Knetzgau;Grafenrheinfeld - Eltmann;Grafenrheinfeld - Oberhaid;Eltmann - Knetzgau;Haßfurt - Heidenfeld - Schwebheim,TenneT TSO GmbH;E.ON Netz GmbH,422;423;121;150,,,,,SRID=4326;POINT(10.5618045107968 49.9785486873148),TenneT,-4.865472232647679
112780,7.07051329817581,51.5083032799067,joint,110000;220000;110000;220000;110000,,110kV Gelsenkirchen Nord+Süd,RWE,2343,,,,,SRID=4326;POINT(7.07051329817581 51.5083032799067),Amprion,-19.824627028088972
112816,6.89898933715214,51.4958839780616,joint,110000;220000;110000;220000;220000,,110kV Lirich West+Thyssen West;220kV Osterfeld West;220kV Emscher Nord+Süd,RWE,2316,,,,,SRID=4326;POINT(6.89898933715214 51.4958839780616),Amprion,-17.579935666325756
112817,6.90274681032255,51.496898361478,joint,220000;220000;220000;220000,,220kV Osterfeld West;220kV Emscher Nord+Süd,RWE,4184,,,,,SRID=4326;POINT(6.90274681032255 51.496898361478),Amprion,-17.63637939762948
112970,8.05980258808562,53.6163549825499,joint,220000;220000;110000;110000,50;50;50,211;211;109;109,TenneT,211,,,,,SRID=4326;POINT(8.05980258808562 53.6163549825499),Amprion,61.3184589580961
113007,9.12036295499608,50.1775820390891,joint,110000;380000;110000,,,TenneT TSO GmbH,,,,,,SRID=4326;POINT(9.12036295499608 50.1775820390891),TenneT,-5.704070401402541
113028,6.20793856561332,50.9441646933566,joint,380000;110000;380000;110000;380000,50;50;50;50,,RWE,4529,,,,,SRID=4326;POINT(6.20793856561332 50.9441646933566),Amprion,42.26234961566193
113111,10.646394549189,48.0256512480816,joint,220000;220000;110000;110000,,,Lechwerke,,,,,,SRID=4326;POINT(10.646394549189 48.0256512480816),TransnetBW,37.13702784901992
113172,9.98435558840302,54.3199945536924,joint,110000;220000;110000;220000,50;50;50,150;207,EON_Netz,150,,,,,SRID=4326;POINT(9.98435558840302 54.3199945536924),50Hertz,56.16654567314181
113196,8.30677991257821,52.3505209566951,joint,380000;220000;110000;220000;110000;380000,50;50;50,,Amprion;RWE,2431,,,,,SRID=4326;POINT(8.30677991257821 52.3505209566951),Amprion,-13.949053969875536
113328,9.25120257612809,53.8976641888984,joint,380000;380000;380000,50;50,309 AKW Brunsbüttel - UW Wilster;309 AKW Brunsbüttel - UW Wilster,TenneT,309,,,,,SRID=4326;POINT(9.25120257612809 53.8976641888984),TenneT,63.381554563300455
113454,7.19469406743275,51.5574297494537,joint,110000;220000;110000;220000;110000,50;50,RWE 2613 Pöppinghausen - Wanne;RWE 2613 Pöppinghausen - Wanne,RWE,1588,,,,,SRID=4326;POINT(7.19469406743275 51.5574297494537),Amprion,-21.75005402891796
113482,9.52509082141858,53.6183462739183,joint,220000;220000;220000,50;50,,EON_Netz,,,,,,SRID=4326;POINT(9.52509082141858 53.6183462739183),TenneT,61.88675733263763
113507,8.66202147646066,50.5194554466403,joint,110000;380000;110000;380000;110000,,,,Leitung 3023,,,,,SRID=4326;POINT(8.66202147646066 50.5194554466403),Amprion,-11.246379730237985
113585,12.2188913217899,49.8865017748905,joint,110000;380000;220000;110000;380000;220000;110000,,Latsch - Wiesau;Arzberg - Waldsassen - Wiesau;Etzenricht - Mechlenreuth - Redwitz;Mechlenreuth - Schwandorf;Windischeschenbach - Mitterteich;Arzberg - Waldsassen - Wiesau;Etzenricht - Mechlenreuth - Redwitz;Mechlenreuth - Schwandorf;Latsch - Tirschenreuth - Wiesau;Windischeschenbach - Tirschenreuth - Mitterteich,E.ON Netz GmbH,117;133,,,,,SRID=4326;POINT(12.2188913217899 49.8865017748905),50Hertz,-6.755864479003019
113715,10.0763382225943,48.2648958880007,joint,380000;380000;220000;220000,,Donau Ost;Donau West;Donau Ost;Donau West;Iller Ltg.;Iller Ltg.,RWE,4528,,,,,SRID=4326;POINT(10.0763382225943 48.2648958880007),TransnetBW,-9.755205462104357
113771,12.4689163605469,49.6017204894691,joint,20000;20000;20000,50;50;50,VOH WAIDH;VOH ESLA;VOH ESLA;VOH WAIDH;VOH ESLA,EON_Netz,,,,,,SRID=4326;POINT(12.4689163605469 49.6017204894691),50Hertz,-9.718868619948212
113904,12.2188089462783,54.1129809662942,joint,220000;220000;220000,50;50;50,220 kV Lüdershagen - Bentwisch - Güstrow;318;317,50Hertz Transmission,317;318,,,,,SRID=4326;POINT(12.2188089462783 54.1129809662942),50Hertz,53.738523534478354
113920,8.42815434488756,48.9619192742064,joint,220000;220000;110000;220000;110000,50,"2x 220 kV, 2x 110 kV",,,,,,,SRID=4326;POINT(8.42815434488756 48.9619192742064),TransnetBW,-1.6790282670201382
114006,9.34237268414491,53.6414155434795,joint,220000;110000;110000,50;50,1228,transpower,1228,,,,,SRID=4326;POINT(9.34237268414491 53.6414155434795),TenneT,62.46934948288515
114040,8.04257999762696,53.3305925878364,joint,380000;110000,50;50,304;1043,TenneT,304,,,,,SRID=4326;POINT(8.04257999762696 53.3305925878364),Amprion,5.868799989185796
114180,6.82132234516009,51.4985981776625,joint,220000;110000;110000,,110kV Buschhausen Ost+West,RWE,2316,,,,,SRID=4326;POINT(6.82132234516009 51.4985981776625),Amprion,-16.724483483351744
114198,8.70139463536361,51.7046792583323,joint,380000;110000;380000;110000;110000,50;50,,Tennet,3016,,,,,SRID=4326;POINT(8.70139463536361 51.7046792583323),Amprion,-15.788074795005818
114210,9.1471841340971,49.1480845518259,joint,220000;220000;220000,,Großgartach - Obrigheim 1x 220 kV,RWE,Anlage 232,,,,,SRID=4326;POINT(9.1471841340971 49.1480845518259),TransnetBW,-4.985678154922823
114229,6.70701289306575,51.4858780781236,joint,220000;220000,,,,,,,,,SRID=4326;POINT(6.70701289306575 51.4858780781236),Amprion,-15.391297948310516
114757,7.74029915030895,51.5170028551141,joint,380000;220000;110000;380000;110000;380000,,,RWE,4316,,,,,SRID=4326;POINT(7.74029915030895 51.5170028551141),Amprion,-25.360954240345357
114808,9.06058034233251,48.9085484414843,joint,220000;110000;220000;220000;110000,50,"Anlage 313 ; HOHCK-PULVE, NWHEI-PULVE;Anlage 313;Anlage 313 ; HOHCK-PULVE, NWHEI-PULVE",,,,,,,SRID=4326;POINT(9.06058034233251 48.9085484414843),TransnetBW,-4.5531654720050145
114822,9.2067129726929,48.9218333400564,joint,220000;220000;220000;220000,,Anlage 326;Anlage 2473;Anlage 326,EnBW,,,,,,SRID=4326;POINT(9.2067129726929 48.9218333400564),TransnetBW,-5.4930490587634075
115301,6.92909269080674,50.8441529722133,joint,220000;220000;220000;220000,50;50;50;50,220 kV Godorf Ost;220 kV Godorf Ost;220 kV Godorf Ost; Olefin West;220 kV Godorf Ost; Olefin West,RWE,2389,,,,,SRID=4326;POINT(6.92909269080674 50.8441529722133),Amprion,-9.299631096474553
115483,7.1666517185345,51.3801636402511,joint,380000;220000;220000,50;50,380kV Kemnade Süd;220kV Herdecke Nord+Süd;220kV Herdecke Nord+Süd,RWE,4339,,,,,SRID=4326;POINT(7.1666517185345 51.3801636402511),Amprion,-19.689026771191724
115542,7.31442054035339,51.4494158788985,joint,220000;110000;380000;220000;110000;380000,50;50;50;50,380kV Schwerterheide Nord+Witten West,RWE,4317,,,,,SRID=4326;POINT(7.31442054035339 51.4494158788985),Amprion,-22.247966706170764
116012,7.95241411626625,47.5957385406719,joint,380000;380000;220000;220000;220000,50;50;50;50,,,,,,,,SRID=4326;POINT(7.95241411626625 47.5957385406719),TransnetBW,51.04172188126629
115789,6.9713996575961,51.1715365655757,joint,380000;220000;380000;220000;110000;110000,50;50;50,380 kV Oerkhaus Ost;St. Peter Nord;220 kV Itterbach Ost|West;380 kV Oerkhaus Ost; St. Peter Nord; 220 kV Itterbach Ost|West,RWE,4516,,,,,SRID=4326;POINT(6.9713996575961 51.1715365655757),Amprion,-14.139058320916778
115907,6.47091425649538,49.9237176650895,joint,110000;220000,50;50,,Westnetz,,,,,,SRID=4326;POINT(6.47091425649538 49.9237176650895),Amprion,46.78906478338985
115951,7.72442115816755,50.7587573945618,joint,380000;110000;110000,50;50,,RWE,4104,,,,,SRID=4326;POINT(7.72442115816755 50.7587573945618),Amprion,-18.109099639828884
116014,7.96135343132158,47.5977439550664,joint,380000;380000,,,,,,,,,SRID=4326;POINT(7.96135343132158 47.5977439550664),TransnetBW,51.02726301154863
116102,6.77211182541227,51.1448101714257,joint,220000;220000;110000;110000,,,,,,,,,SRID=4326;POINT(6.77211182541227 51.1448101714257),Amprion,-11.243894271207878
116501,10.2795047106804,48.2358427808903,joint,220000;110000;110000;220000;110000,,,LEW,(?);V6,,,,,SRID=4326;POINT(10.2795047106804 48.2358427808903),TransnetBW,-11.224789081330128
116504,8.21162047621615,52.1786183942008,joint,110000;220000;110000,50,110 kV Hesseln Ost;220kV Halle West; 110kV Hesseln Ost,RWE,0226,,,,,SRID=4326;POINT(8.21162047621615 52.1786183942008),Amprion,-17.35977695434954
117226,6.92682758881783,51.5015298551017,joint,380000;220000,,380kV Büscherhof West;220kV Buer Süd+Scholven E,RWE,4566,,,,,SRID=4326;POINT(6.92682758881783 51.5015298551017),Amprion,-17.977731990345067
117292,8.03262325068083,50.9206291557378,joint,220000;110000,,,RWE,2459,,,,,SRID=4326;POINT(8.03262325068083 50.9206291557378),Amprion,-20.628016170097307
117450,9.48937632100478,52.3618290642049,joint,220000;110000;220000;110000,50;50;50,Leitung 1105,TenneT;EON_Netz,2016;1105,,,,,SRID=4326;POINT(9.48937632100478 52.3618290642049),TenneT,-3.3297800355277882
118011,9.20235874867925,49.1778762830105,joint,220000;110000;110000;220000,50,,EVS AG,Anlage 320,,,,,SRID=4326;POINT(9.20235874867925 49.1778762830105),TransnetBW,-5.258513769076371
118039,9.09672028486487,49.2944087595122,joint,220000;110000;110000;220000;110000,50,"1x 220 kV, 1x 110 kV",RWE,2332,,,,,SRID=4326;POINT(9.09672028486487 49.2944087595122),TransnetBW,-4.626339784486484
118081,8.9450128895143,49.4060036463788,joint,220000;110000;110000;220000,50;50,220 kV,RWE,,,,,,SRID=4326;POINT(8.9450128895143 49.4060036463788),TenneT,-4.082209974876156
118086,9.09625594569451,49.2923272848766,joint,380000;380000;380000,,Großgartach - Obrigheim 1x 220 kV,,Anlage 323,,,,,SRID=4326;POINT(9.09625594569451 49.2923272848766),TransnetBW,-4.625584946749285
118108,8.68944928787304,49.3360233669282,joint,220000;220000;220000,50;50;50,Hoheneck West;Elsenz;Elsenz,RWE,4506,,,,,SRID=4326;POINT(8.68944928787304 49.3360233669282),Amprion,-3.2960392736712834
118286,10.9977148770247,50.5302718701134,joint,380000;110000;380000;110000,50;50;50,,50Hertz;TEN,,,,,,SRID=4326;POINT(10.9977148770247 50.5302718701134),TenneT,-0.4729289103682657
118339,7.89633166425797,49.8611534700947,joint,110000;220000;110000;220000;110000,50;50;50,110 kV Kreuznach Ost;220 kV Windesheim;220 kV Windesheim; 110 kV Kreuznach Ost|West,RWE,1228,,,,,SRID=4326;POINT(7.89633166425797 49.8611534700947),Amprion,-6.512757590997431
118466,6.79342579283246,49.8192669865322,joint,110000;380000;220000,50,110kV Detzem Ost;380 kV Gilzem Ost; Uchtelfangen West; 220 kV Osburg,Westnetz,4553,,,,,SRID=4326;POINT(6.79342579283246 49.8192669865322),Amprion,-2.5388986578498063
118511,7.95874777800847,50.7246860711528,joint,110000;220000;220000;110000,50;50;50,,,,,,,,SRID=4326;POINT(7.95874777800847 50.7246860711528),Amprion,-18.207623288458755
118521,7.88952746496994,50.7722117463337,joint,220000;110000;110000;220000;110000,50;50;50,110kV Betzdorf Nord+Süd,RWE,2471,,,,,SRID=4326;POINT(7.88952746496994 50.7722117463337),Amprion,-18.852129958505603
118804,9.58262531025211,51.3345117894972,joint,220000;380000;220000;380000,50;50;50,,TenneT,2010,,,,,SRID=4326;POINT(9.58262531025211 51.3345117894972),TenneT,-5.329411571217804
121825,7.81856972034039,49.9218400424908,joint,380000;380000,50,,RWE,4512,,,,,SRID=4326;POINT(7.81856972034039 49.9218400424908),Amprion,-7.12884925074794
131069,12.3251989406594,51.1949428581304,joint,220000;110000,50;50,,MITNETZ,,,,,,SRID=4326;POINT(12.3251989406594 51.1949428581304),50Hertz,3.4124436454432896
133872,8.64163377912628,48.8900324453403,merge,220000;110000,50,220 kV-Umspannwerk Birkenfeld,EnBW,,,,,,SRID=4326;POINT(8.64163377912628 48.8900324453403),TransnetBW,-2.3533623752150934
134311,12.2950564157296,48.6054224466652,merge,110000;380000,,Kernkraftwerk Isar;Isar,E.ON,KKI,,,,,SRID=4326;POINT(12.2950564157296 48.6054224466652),50Hertz,-18.195618900366284
134318,9.19488883025304,48.9134592121868,merge,220000;110000;380000;220000;110000,50;50,Umspannwerk Hoheneck EnBW;Umspannstation Hoheneck Amprion,EnBW,,,,,,SRID=4326;POINT(9.19488883025304 48.9134592121868),TransnetBW,-5.415440215970465
134327,13.2470743488531,52.5334412645957,merge,110000;380000;110000,50;50,Umspannwerk Reuter 110/30KV;Heizkraftwerk Reuter West;Umspannwerk Reuter,Vattenfall Europe AG,,,,,,SRID=4326;POINT(13.2470743488531 52.5334412645957),50Hertz,5.9739600102413295
134330,6.62486154217348,51.2599257380206,merge,220000;110000;380000,50;50,Station Osterath;Station Osterath,RWE,,,,,,SRID=4326;POINT(6.62486154217348 51.2599257380206),Amprion,-11.540450956086616
134531,6.77124083687689,49.2919480083878,merge,380000;220000;110000;380000;220000;110000,50,Umspannanlage Ensdorf;Kraftwerk Ensdorf,VSE AG Kraftwerk Ensdorf,,,,,,SRID=4326;POINT(6.77124083687689 49.2919480083878),TransnetBW,-0.20807405014229552
134546,9.2072916949477,49.1755857808212,merge,,,Umspannwerk Heilbronn;Heizkraftwerk Heilbronn,ENBW,,,,,,SRID=4326;POINT(9.2072916949477 49.1755857808212),TransnetBW,-5.2886738770187005
134580,6.74112695383418,49.3573267708616,merge,220000,50,UA Dillinger Hütte Mitte,,,,,,,SRID=4326;POINT(6.74112695383418 49.3573267708616),Amprion,-0.4422095694828698
134633,7.59136525042599,51.9284404818717,merge,220000;110000,50,Station Münster,RWE,,,,,,SRID=4326;POINT(7.59136525042599 51.9284404818717),Amprion,-23.97082677968197
140523,11.763170489226,48.4455309470333,joint,220000;20000;110000;20000;110000;110000,50;50,,E.ON Netz GmbH,Leitung Haidberg,,,,,SRID=4326;POINT(11.763170489226 48.4455309470333),50Hertz,-19.530797945137245
141706,7.87476816564261,47.5995750444589,joint,20000;380000;380000,50;50,,,,,,,,SRID=4326;POINT(7.87476816564261 47.5995750444589),TransnetBW,51.13067801994551
141726,7.30069632401081,50.7587362242491,joint,220000;110000;0;110000;0;11000;0;11000,50;50;50;50;50;50,220 kV Leuscheid Nord+Süd;110 kV Hennef Nord; Ittenbach Nord;110 kV Hennef Nord; Ittenbach Nord;11 kV Geisbach Nord|Süd,RWE,2371,,,,,SRID=4326;POINT(7.30069632401081 50.7587362242491),Amprion,-13.657392204322665
112017,8.68344926042734,49.9426911688183,joint,380000;110000;110000;380000;220000;110000,,"2 x 380 kV, 2 x 220 kV, 2 x 110 kV;1 x 110 kV;2 x 380 kV, 2 x 220 kV, 1 x 110 kV",,,,,,,SRID=4326;POINT(8.68344926042734 49.9426911688183),Amprion,-5.969907247865054
112036,13.2115235123665,52.680937765612,joint,220000;220000;220000,50;50;50,"294;293, 294;293",50Hertz Transmission,294,,,,,SRID=4326;POINT(13.2115235123665 52.680937765612),50Hertz,4.880062777471467
112079,8.78274588783042,50.2087121833965,joint,380000;110000;110000,50,380 kV 3011; 220 kV 1046,TenneT,3011;1046,,,,,SRID=4326;POINT(8.78274588783042 50.2087121833965),Amprion,-7.542116676748462
112203,6.82448243866657,51.1654887657659,joint,220000;110000;220000;110000,,220kV Eller West+Itterbach West;110kV Hassels Nord+Süd,RWE,2355,,,,,SRID=4326;POINT(6.82448243866657 51.1654887657659),Amprion,-12.130344108417415
112332,12.3245816183962,51.1938942400315,joint,110000;220000;220000;220000;220000;110000,50;50;50;50;50;50,,Stadtwerke Leipzig,,,,,,SRID=4326;POINT(12.3245816183962 51.1938942400315),50Hertz,3.4080251487729107
112559,6.92701587570138,51.5640134850371,joint,380000;110000;380000;380000,,380kV Essen West,RWE,4139,,,,,SRID=4326;POINT(6.92701587570138 51.5640134850371),Amprion,-18.658384085576756
112731,6.69729437933298,50.9753744867717,joint,110000;380000;110000;380000,50;50;50,110 kV Glesch Süd; Grefrath Ost;380 kV Paffendorf Süd; Selfkant Weiß,RWE,1238,,,,,SRID=4326;POINT(6.69729437933298 50.9753744867717),Amprion,-8.270071863271866
112741,7.5190655655656,51.5354806746451,joint,220000;0,50;50,,RWE,,,,,,SRID=4326;POINT(7.5190655655656 51.5354806746451),Amprion,-24.619838412574612
112771,7.13676189442294,51.5250954773704,joint,380000;220000;220000;380000,50,380kV Herne 1A;380kV Westfalen West,RWE,4550,,,,,SRID=4326;POINT(7.13676189442294 51.5250954773704),Amprion,-20.801632910780256
112839,7.01590579003252,51.627639270091,joint,380000;220000;380000;220000,,380kV Lippe Nord+Süd;220kV Schermbeck Nord,Amprion,4569,,,,,SRID=4326;POINT(7.01590579003252 51.627639270091),Amprion,-20.247836357603024
112865,9.78572271789284,53.7061889645288,joint,220000;110000;220000;110000,50;50;50,138,TenneT,316;138,,,,,SRID=4326;POINT(9.78572271789284 53.7061889645288),TenneT,61.96980486478304
112942,8.40932601585853,49.0923502415204,joint,110000;220000;220000;110000,50;50,,TransnetBW GmbH,1300/075,,,,,SRID=4326;POINT(8.40932601585853 49.0923502415204),TransnetBW,-1.9391081925177645
112951,8.39752538696023,49.0902432462769,joint,110000;220000;110000;220000,,DAXLA-LEOPO;ESSOX-HOCHS,,1060,,,,,SRID=4326;POINT(8.39752538696023 49.0902432462769),TransnetBW,-1.901054254248697
113108,10.4593976463855,48.0387581868483,joint,110000;220000;110000,,,LEW,,,,,,SRID=4326;POINT(10.4593976463855 48.0387581868483),TransnetBW,38.19243899235257
113197,8.30623265890713,52.3503990864484,joint,220000;380000;220000;380000;380000,50;50;50;50,380-kV-Niedersachsen Süd,Amprion,4584,,,,,SRID=4326;POINT(8.30623265890713 52.3503990864484),Amprion,-13.955943632160578
113357,10.1943466675341,47.9678562788865,joint,110000;220000;110000;220000;110000,50,Vöhringen West;K11,,,,,,,SRID=4326;POINT(10.1943466675341 47.9678562788865),TransnetBW,40.80087712822586
113368,7.13233742215407,50.8075675462844,joint,220000;110000,50;16.7,220 kV Troisdorf Ost|West;110 kV Bahnstrom Orscheid - Köln 1|2,RWE,2370,,,,,SRID=4326;POINT(7.13233742215407 50.8075675462844),Amprion,-11.772105482289753
113394,12.1083314376915,49.1404008755141,joint,220000;110000;220000;110000;110000,50,Regensburg - Schwandorf;Ponholz - Regensburg;Schwandorf - Wutzlhofen;Regensburg - Schwandorf;Schwandorf - Wutzlhofen;Ponholz - Regensburg,TenneT TSO GmbH;E.ON Netz GmbH,275;112;113,,,,,SRID=4326;POINT(12.1083314376915 49.1404008755141),50Hertz,-17.12325810098158
113431,7.36677022286157,51.6279987836043,joint,220000;380000;220000;220000,50;50;50,220kV Cappenberg Nord;380kV Datteln Ost+West;220kV Elmenhorst Süd+ANK;2601 Gersteinwerk - Pöppinghausen,RWE,2601,,,,,SRID=4326;POINT(7.36677022286157 51.6279987836043),Amprion,-23.83661431576834
113432,7.34371334412713,51.6131049439167,joint,220000;220000;220000,50;50,220kV Cappenberg Nord+Elmenhorst Süd;2601 Gersteinwerk - Pöppinghausen;2601 Gersteinwerk - Pöppinghausen,RWE,2645,,,,,SRID=4326;POINT(7.34371334412713 51.6131049439167),Amprion,-23.58696810291048
113456,7.14981755960469,51.5520004900869,joint,220000;110000;220000;110000,50;50,220kV Herne 1A+2B;110kV GkW Herne,RWE,,,,,,SRID=4326;POINT(7.14981755960469 51.5520004900869),Amprion,-21.188621398684358
113729,13.1357494503411,53.90793134802,joint,380000;380000;380000,,512;509;509;512,50Hertz Transmission GmbH,512,,,,,SRID=4326;POINT(13.1357494503411 53.90793134802),50Hertz,52.54053595455202
113734,10.2350870622995,48.5299357479294,joint,380000;380000;380000,50;50;50,Dellmensingen - Niederstotzingen (-Rotensohl);Dellmensingen - Niederstotzingen,EnBW,0329,,,,,SRID=4326;POINT(10.2350870622995 48.5299357479294),TransnetBW,-12.635388150420658
113866,6.84796475951956,51.4952903704151,joint,220000;110000;110000,,110kV Lirich West+Thyssen West,RWE,2316,,,,,SRID=4326;POINT(6.84796475951956 51.4952903704151),Amprion,-16.981753572499166
113884,7.34245166031058,51.5682737606608,joint,380000;220000;110000;220000;110000;380000;110000;380000,50;50;50;50,RWE 4313 Mengede - Pöppinghausen;380kV Recklinghausen,RWE,4313,,,,,SRID=4326;POINT(7.34245166031058 51.5682737606608),Amprion,-23.36686278032131
113919,8.42509001179038,48.9614116911868,joint,220000;220000;110000;110000;220000,50;50,2x 110 kV,EnBW,,,,,,SRID=4326;POINT(8.42509001179038 48.9614116911868),TransnetBW,-1.6679032345592333
113937,9.64148993452684,54.3520619491161,joint,110000;220000;110000;220000;110000,50;50;50,,EON_Netz,102A,,,,,SRID=4326;POINT(9.64148993452684 54.3520619491161),TenneT,56.28435897900355
113990,8.11383194051205,52.2616579687788,joint,220000;110000;220000;110000;110000,50;50;50,,RWE,2476,,,,,SRID=4326;POINT(8.11383194051205 52.2616579687788),Amprion,-17.03214129111435
114111,8.40591322626264,53.2353967921498,joint,220000;220000,50;50,210;201,TenneT,,,,,,SRID=4326;POINT(8.40591322626264 53.2353967921498),Amprion,4.409841823100299
114199,8.70692942532366,51.7010168630964,joint,380000;380000;110000;110000,50;50,,TenneT,3016,,,,,SRID=4326;POINT(8.70692942532366 51.7010168630964),Amprion,-15.726617296540791
114228,6.7089802933695,51.4850579524795,joint,220000;220000;220000,,,,,,,,,SRID=4326;POINT(6.7089802933695 51.4850579524795),Amprion,-15.399543733200307
114233,6.74045007440278,51.511040277144,joint,220000;220000;220000,,,RWE,,,,,,SRID=4326;POINT(6.74045007440278 51.511040277144),Amprion,-16.029656402867055
114397,7.00144542924099,51.250121793599,joint,220000;380000;380000;220000,50;50;50,220kV Itterbach Ost+West;380kV Oerkhaus Ost+West;RWE 4516 Eiberg - Opladen,RWE,4516,,,,,SRID=4326;POINT(7.00144542924099 51.250121793599),Amprion,-15.675562635451733
114493,8.25637634030155,47.6309723602763,joint,380000;380000;110000;380000;110000,50;50;50,Herbertingen - Tiengen;Herbertingen - Tiengen,,5200,,,,,SRID=4326;POINT(8.25637634030155 47.6309723602763),TransnetBW,50.50705219688886
114621,7.48140163115373,51.9564503708777,joint,380000;220000;110000;380000;220000;380000;110000,50;50,,RWE,4307,,,,,SRID=4326;POINT(7.48140163115373 51.9564503708777),Amprion,-23.623932552759634
114676,7.97137261117995,51.6697691522584,joint,110000;220000;110000;220000,,,RWE,1529,,,,,SRID=4326;POINT(7.97137261117995 51.6697691522584),Amprion,-24.496137958326315
114720,9.23187002273009,51.810119094224,joint,380000;380000;380000,50;50,Leitung 3012;Leitung 3012,TenneT,3012,,,,,SRID=4326;POINT(9.23187002273009 51.810119094224),TenneT,-8.304544888457244
114771,7.61228922232192,51.8968202494364,joint,220000;380000;220000;380000;220000,,,RWE,4307,,,,,SRID=4326;POINT(7.61228922232192 51.8968202494364),Amprion,-24.223055320629637
115379,7.41693017203317,52.4732004474675,joint,380000;110000;380000;110000,50;50;50,,Amprion,4310,,,,,SRID=4326;POINT(7.41693017203317 52.4732004474675),Amprion,-16.503791490828448
115380,7.41294883869396,52.4701047584297,joint,380000;380000;380000;110000;110000,50;50;50,"110kV Rühle Ost,110kV Hanekenfähr-Holthausen",Amprion,4310,,,,,SRID=4326;POINT(7.41294883869396 52.4701047584297),Amprion,-16.56243109739185
115461,6.99470707646328,51.4701590931572,joint,110000;380000;110000;380000;110000,,110kV Altendorf Ost+Vogelheim Ost,RWE,0036,,,,,SRID=4326;POINT(6.99470707646328 51.4701590931572),Amprion,-18.454341279847526
115464,6.99159234787866,51.5136120794708,joint,380000;110000;380000,,Büscherhof West+Kusenhorst,RWE,,,,,,SRID=4326;POINT(6.99159234787866 51.5136120794708),Amprion,-18.900576262997483
115717,7.16882294657622,51.3793047770536,joint,110000;380000;110000;380000,50;50,110kV Prov.Hattingen - Steinenhaus;380kV Kemnade Süd,RWE,2652,,,,,SRID=4326;POINT(7.16882294657622 51.3793047770536),Amprion,-19.708590810094407
115796,6.91531073771778,51.1248871733149,joint,380000;110000;110000,50;50,110 kV Hülsberg Nord+Süd,RWE,4516,,,,,SRID=4326;POINT(6.91531073771778 51.1248871733149),Amprion,-12.702841160289047
116109,10.1945325289664,47.9690426543353,joint,220000;220000,,,,,,,,,SRID=4326;POINT(10.1945325289664 47.9690426543353),TransnetBW,40.78722083968598
116197,13.0008188115737,48.2716667436463,joint,220000;110000;110000;220000,,Pfarrkirchen - Simbach;St. Peter - Simbach;Altheim - Simbach,E.ON Netz GmbH,230;234;142,,,,,SRID=4326;POINT(13.0008188115737 48.2716667436463),50Hertz,-10.824510772076744
116236,7.31203147085527,50.2333453736307,joint,220000;110000;220000;110000;110000;110000,50;50;50;50,220 kV Kondelwald;220 kV Kondelwald,Amprion,,,,,,SRID=4326;POINT(7.31203147085527 50.2333453736307),Amprion,-8.19509086086849
118032,12.0441118661766,50.7959402823627,joint,380000;380000;380000,50;50;50,"574;574 Remptendorf - Röhrsdorf, 573 Remptendorf - Weida;573",50Hertz Transmission,574,,,,,SRID=4326;POINT(12.0441118661766 50.7959402823627),50Hertz,1.4813506203013773
118088,9.13915615989751,49.3186293752102,joint,380000;110000;380000;110000,,,,,,,,,SRID=4326;POINT(9.13915615989751 49.3186293752102),TenneT,-4.792469014981197
118322,7.81719898104836,49.8899005875659,joint,220000;220000;110000;110000,50;50;50,220 kV Windesheim;220 kV Windesheim; 110 kV Kreuznach Ost|West;110 kV Kreuznach Ost|West,RWE,2362,,,,,SRID=4326;POINT(7.81719898104836 49.8899005875659),Amprion,-6.768198933595606
118478,7.69929321354557,49.6517868596591,joint,220000;110000;110000,50;50,,,,,,,,SRID=4326;POINT(7.69929321354557 49.6517868596591),Amprion,-4.235333521273091
118551,8.67009921732699,49.3092022842852,joint,380000;220000;380000;220000;380000,50,HUEFF-WIESL-NEURO;WIESL-NEURO;HUEFF-WIESL-NEURO;WIESL-NEURO;HUEFF-WIESL-NEURO,EnBW,7580,,,,,SRID=4326;POINT(8.67009921732699 49.3092022842852),Amprion,-3.1866523815333903
118622,9.98346293250519,50.9836621788255,joint,110000;380000;380000;110000,16.7;50;50;16.7,Weimar - Bebra;3026 Mecklar - Vieselbach/Eisenach;380 kV 449 Mecklar - Vieselbach; 450 Mecklar - Eisenach; 110 kV Bahnstrom Weimar - Bebra 1|2,DB_Energie,316,,,,,SRID=4326;POINT(9.98346293250519 50.9836621788255),TenneT,-2.3683192177166816
118650,9.79181176838319,50.9511679510695,joint,110000;380000;380000;110000,50;50,3026 Mecklar - Vieselbach/Eisenach;3026 Mecklar - Vieselbach/Eisenach,TenneT,3026,,,,,SRID=4326;POINT(9.79181176838319 50.9511679510695),TenneT,-3.463940979630996
118969,8.94761656653379,49.5707807877213,joint,220000;110000;220000,,,,,,,,,SRID=4326;POINT(8.94761656653379 49.5707807877213),TenneT,-4.270591387093477
121775,6.65058396085239,51.5533987522171,joint,110000;220000;110000;110000;220000;110000,50;50,Götterswick Süd + Wesel Ost;Götterswick Süd + Wesel Ost,RWE,2339,,,,,SRID=4326;POINT(6.65058396085239 51.5533987522171),Amprion,-15.701084083217001
125990,10.9880897880815,50.6660733618584,joint,380000;110000;110000;380000,,"467, 468;Law - Atf 1, Law - Atf 2;Law - Atf 1, Law - Atf 2;467, 468",50Hertz;Thüringer_Energienetze,,,,,,SRID=4326;POINT(10.9880897880815 50.6660733618584),TenneT,0.3238117224337902
127059,11.1879073567884,50.1653563612768,joint,110000;380000;110000;380000;110000,,Coburg - Redwitz;Altenfeld - Redwitz;Altenfeld - Redwitz;Ebersdorf - Redwitz;Coburg - Redwitz;Altenfeld - Redwitz;Ebersdorf - Redwitz,TenneT TSO GmbH,158,,,,,SRID=4326;POINT(11.1879073567884 50.1653563612768),50Hertz,-3.8065371046236844
134567,7.84003614369985,47.5860754020651,merge,380000;110000,,Schwörstadt,,,,,,,SRID=4326;POINT(7.84003614369985 47.5860754020651),TransnetBW,51.18824661815774
134019,10.2854514717084,49.8989376126005,merge,110000,,Umspannwerk Brünnstadt,Unterfränkische Überlandzentrale eG,,,,,,SRID=4326;POINT(10.2854514717084 49.8989376126005),TenneT,-4.920732797646826
134254,6.97272311704149,50.7957293597724,merge,380000;220000;110000,,Station Sechtem,RWE,,,,,,SRID=4326;POINT(6.97272311704149 50.7957293597724),Amprion,-9.354470267928814
134281,8.05324040764567,53.3334140108585,merge,220000;110000;380000;220000;110000,50;50,Conneforde 110/220 kV;Conneforde,TenneT;EON_Netz,CONN,,,,,SRID=4326;POINT(8.05324040764567 53.3334140108585),Amprion,5.978183943797864
134289,6.57570814260083,51.0547386703184,merge,220000;110000,,Umspannanlage Frimmersdorf I;RWE Kraftwerk Frimmersdorf,RWE,,,,,,SRID=4326;POINT(6.57570814260083 51.0547386703184),Amprion,40.42770098776633
134367,7.23542955555306,49.3627899883735,merge,380000;380000;220000;110000,50;50,Kraftwerk Bexbach;Mittelbexbach;Schaltanlage St. Barbara,Amprion,,,,,,SRID=4326;POINT(7.23542955555306 49.3627899883735),Amprion,-1.3157864473471825
134404,10.4014608787905,48.5140683561493,merge,380000;110000,50,Kernkraftwerk Gundremmingen;Gundremmingen,LEW,KRB,,,,,SRID=4326;POINT(10.4014608787905 48.5140683561493),TransnetBW,-14.053839875884547
134440,9.05027317411042,51.1666862060406,merge,380000;110000;380000,50;50;50;50,UW Waldeck,Avacon,,,,,,SRID=4326;POINT(9.05027317411042 51.1666862060406),TenneT,-11.16260732202985
134441,9.20403323443474,49.0424158448298,merge,220000;110000,50;16.7,Drehstromschaltwerk Neckarwestheim;Schaltwerk Neckarwestheim,EnBW,,,,,,SRID=4326;POINT(9.20403323443474 49.0424158448298),TransnetBW,-5.408753377611719
134489,7.32071015624695,52.4713640683905,merge,220000;380000,50,Benteler Stahlwerk;Kernkraftwerk Emsland,KKW Lippe-Ems,KKE,,,,,SRID=4326;POINT(7.32071015624695 52.4713640683905),Amprion,-16.540037574003122
134506,13.5203291714081,52.081109631139,merge,110000;110000,50;50,Umspannwerk Baruth;Umspannwerk Baruth Nord,EON_edis,,,,,,SRID=4326;POINT(13.5203291714081 52.081109631139),50Hertz,13.041675419724411
141537,8.72890818747401,49.3308645444075,joint,220000,50,Elsenz,Badenwerk,,,,,,SRID=4326;POINT(8.72890818747401 49.3308645444075),Amprion,-3.3840224887256216
141710,7.41473961780005,51.643750166611,joint,220000;110000,50,,RWE,2601,,,,,SRID=4326;POINT(7.41473961780005 51.643750166611),Amprion,-24.24577166031872
142074,7.00912196109902,50.6247584629973,joint,220000;110000,50;50,220 kV Berggeist West; Nette Ost;110 kV Meckenheim Ost|West,RWE,0092,,,,,SRID=4326;POINT(7.00912196109902 50.6247584629973),Amprion,-8.197713925720933
142906,8.57021629562079,49.498848263176,joint,220000;220000;110000;220000;220000,50;50;50;50;50,220 kV Rheinau Ost|West;220 kV Rheinau Ost|West;Bergstraße West/Ost;Bergstraße-West;Rheinau Ost/West 2x 220 kV;220 kV Rheinau Ost|West,RWE,2327,,,,,SRID=4326;POINT(8.57021629562079 49.498848263176),Amprion,-3.612548191263544
143034,10.2342309607837,48.5287292425972,joint,380000;110000;380000,50;50,Dellmensingen - Niederstotzingen (-Rotensohl),LEW,513,,,,,SRID=4326;POINT(10.2342309607837 48.5287292425972),TransnetBW,-12.623226501487094
143382,7.02898084039609,50.9748723143237,joint,220000;220000;110000;110000,50;50;50,220 kV Merheim Ost|West;220 kV Merheim Ost|West; 110 kV Springborn Ost|West;110 kV Springborn Ost|West,RWE,2380,,,,,SRID=4326;POINT(7.02898084039609 50.9748723143237),Amprion,-12.28424778763457
143528,8.07311026458779,49.5799158659973,joint,380000;220000;20000;380000;220000;20000;380000;220000;380000;220000,50;50;50;50,,RWE,,,,,,SRID=4326;POINT(8.07311026458779 49.5799158659973),Amprion,-3.9045030085862145
143746,9.83820391042449,49.7322090440915,joint,220000,,Raitersaich - Trennfeld,TenneT TSO GmbH,211,,,,,SRID=4326;POINT(9.83820391042449 49.7322090440915),TenneT,-6.153507615809948
143785,10.2663749651706,47.8636699323923,joint,20000;220000;110000,50,,Lechwerke,,,,,,SRID=4326;POINT(10.2663749651706 47.8636699323923),TransnetBW,41.457810281130314
143791,12.8269677328656,48.2817671208086,joint,220000,,Pirach - St. Peter;Pirach - Pleinting,,256;257,,,,,SRID=4326;POINT(12.8269677328656 48.2817671208086),50Hertz,-12.349905088039998
112043,13.2106470261438,52.6792569691444,joint,220000;220000;220000,50;50;50,"295;293, 295;293",50Hertz Transmission,295,,,,,SRID=4326;POINT(13.2106470261438 52.6792569691444),50Hertz,4.886326793423569
112080,8.7577714652905,50.2174866549455,joint,110000;380000;110000,50,380 kV 3011; 220 kV 1046,TenneT,3011;1046,,,,,SRID=4326;POINT(8.7577714652905 50.2174866549455),Amprion,-7.75121471731576
112114,9.5392428804046,53.562404675713,joint,220000;220000;220000,50;50;50,3101;Abbenfleth-Sottrum,EON_Netz,2142,,,,,SRID=4326;POINT(9.5392428804046 53.562404675713),TenneT,61.15519745460002
112153,6.96442684452924,51.0656833427919,joint,0;220000;0;220000,50;50,220 kV Stommeln Nord;220 kV Stommeln Nord,RWE,2429,,,,,SRID=4326;POINT(6.96442684452924 51.0656833427919),Amprion,-12.558281750570977
112158,6.83684873669928,50.8735055663137,joint,110000;380000,50;50,380 kV Brauweiler West,RWE,4189,,,,,SRID=4326;POINT(6.83684873669928 50.8735055663137),Amprion,-8.492092935726273
112398,8.5199562380437,53.2060787679953,joint,220000;220000,50;50,3103 Dollern-(Niedervieland/Unterweser)-Alfstedt;2143;2144,transpower,,,,,,SRID=4326;POINT(8.5199562380437 53.2060787679953),Amprion,4.001721829342303
112423,8.49611989113724,53.1993159860928,joint,220000;380000;380000;220000,50;50;50,201,TenneT,301,,,,,SRID=4326;POINT(8.49611989113724 53.1993159860928),Amprion,3.752846055203877
112426,8.87260984542413,53.1849107672415,joint,220000;220000;220000,50;50;50,Leitung 2144;Leitung 2144;Leitung 2144,TenneT,2144,,,,,SRID=4326;POINT(8.87260984542413 53.1849107672415),TenneT,4.493076822642951
112790,7.12913367052478,51.5789219776164,joint,380000;110000;110000,,110kV Herten Ost+West,RWE,4534,,,,,SRID=4326;POINT(7.12913367052478 51.5789219776164),Amprion,-21.162602549345042
112459,11.8224260695192,48.2292075683419,joint,380000;380000;380000,,Oberbachern - Ottenhofen;Oberbachern - Ottenhofen;Oberbachern - Ottenhofen,TenneT TSO GmbH,461,,,,,SRID=4326;POINT(11.8224260695192 48.2292075683419),50Hertz,-17.376896347574508
112514,7.41989227685103,51.4603225664995,joint,380000;380000;380000,50;50;50,380kV Witten West,RWE,4327,,,,,SRID=4326;POINT(7.41989227685103 51.4603225664995),Amprion,-23.431711129686825
112522,6.91099666839732,51.1176622918012,joint,380000;110000;380000;110000;380000,50;50;50,380 kV Neurath 2b; St.Peter Nord,RWE,4516,,,,,SRID=4326;POINT(6.91099666839732 51.1176622918012),Amprion,-12.543223553669336
112527,6.6471259859977,51.553729362063,joint,220000;110000;110000;220000,,Götterswick Süd + Wesel Ost;Götterswick Süd + Wesel Ost;Götterswick Süd + Wesel Ost,,,,,,,SRID=4326;POINT(6.6471259859977 51.553729362063),Amprion,-15.675154850286557
112537,6.76048987142397,51.5753264552749,joint,110000;220000;110000,,110kV Hamborn Ost+Lohberg Ltg,RWE,0200,,,,,SRID=4326;POINT(6.76048987142397 51.5753264552749),Amprion,-16.973181400709553
112546,6.67883903080991,51.6558062429181,joint,380000;220000;110000;110000;380000;220000;110000,16.7;50;16.7,,RWE,4569,,,,,SRID=4326;POINT(6.67883903080991 51.6558062429181),Amprion,-17.01194879470593
112558,6.94278553101952,51.6000778494107,joint,380000;110000;380000;110000,50,380kV Kusenhorst+Lippe Süd;110kV Zweckel Ost+West,RWE,4579,,,,,SRID=4326;POINT(6.94278553101952 51.6000778494107),Amprion,-19.187650273426172
112567,6.72535181992799,51.3600975917548,joint,380000;220000;380000;220000;110000;220000;110000,50,Meerbusch West+ANK;220kV Rheinhausen West,RWE,4578,,,,,SRID=4326;POINT(6.72535181992799 51.3600975917548),Amprion,-13.866852175319007
112617,8.63411755794769,52.0032843567084,joint,220000;380000;220000;380000;220000,50;50;50,,E.ON Westfalen Weser,"A 01, 04, 05",,,,,SRID=4326;POINT(8.63411755794769 52.0032843567084),Amprion,-14.558313099587558
112630,7.51204056038073,51.4009298440604,joint,110000;220000;220000;110000,16.7;50;16.7,Finnentrop - Hagen;220kV Nordleitung+Südleitung,DB_Energie,475,,,,,SRID=4326;POINT(7.51204056038073 51.4009298440604),Amprion,-23.816182137171626
112728,6.68638353172359,50.9659612546528,joint,380000;110000;380000;110000;110000,50;50;50,380 kV Selfkant Weiß; 380 kV Paffendorf Süd; 110 kV Glesch Süd; Grefrath West;380 kV Selfkant Weiß; 380 kV Paffendorf Süd; 110 kV Glesch Süd; Grefrath Ost;110 kV Grefrath Ost|West,RWE,4177,,,,,SRID=4326;POINT(6.68638353172359 50.9659612546528),Amprion,-8.065588165483842
112791,6.80415392311305,51.3047482476709,joint,110000;380000,,110kV Rath Nord+Schwarzbach Süd;380 KV,RWE,0283,,,,,SRID=4326;POINT(6.80415392311305 51.3047482476709),Amprion,-13.910237618204139
112827,7.0192884860664,51.5566518508266,joint,220000;220000,,110kV Hugo Ost+West;220kV Buer Süd+Scholven E,RWE,2356,,,,,SRID=4326;POINT(7.0192884860664 51.5566518508266),Amprion,-19.673030939952852
112919,6.7813455183862,50.8344116819775,joint,380000;110000;380000;110000,50;16.7;50;16.7,380 kV Sechtem Nord|Süd; 110 kV Bahnstrom Köln - Sindorf 1|2;380 kV Sechtem Nord|Süd;110 kV Bahnstrom Köln - Sindorf 1|2,RWE,4101,,,,,SRID=4326;POINT(6.7813455183862 50.8344116819775),Amprion,-7.48248397105095
113027,6.2140153990158,50.9438998573728,joint,380000;110000;380000;380000;110000,50;50;50,,RWE,4529,,,,,SRID=4326;POINT(6.2140153990158 50.9438998573728),Amprion,42.27452067847332
113061,8.34842895325349,53.2535979688195,joint,220000;220000,50;50,201,TenneT,,,,,,SRID=4326;POINT(8.34842895325349 53.2535979688195),Amprion,4.715427975898612
113073,6.93575136301875,51.142091074346,joint,220000;380000;110000;220000;110000;380000;220000,50;50;50;50;50,220 kV Eller Ost; Itterbach Ost;380 kV St.Peter Nord; Oerkhaus Ost;110 kV Benrath Nord|Süd;380 kV Oerkhaus Ost; St. Peter Nord; 220 kV Itterbach Ost|West,RWE,2354,,,,,SRID=4326;POINT(6.93575136301875 51.142091074346),Amprion,-13.223950559412224
113085,8.66425468825698,51.8577993552681,joint,380000;110000;110000,,,,3021,,,,,SRID=4326;POINT(8.66425468825698 51.8577993552681),Amprion,-15.373727638735556
113114,10.7833729874781,48.0254629597391,joint,380000;220000;110000;380000;220000;110000,50,Leupolz - Oberottmarshausen,Lechwerke,K12;O11;W6,,,,,SRID=4326;POINT(10.7833729874781 48.0254629597391),TenneT,36.3445506526816
113159,9.39382512934731,48.6495802731868,joint,380000;110000;380000;110000,,"BZW-WDL/MEZ 380 kV, TRS-WDL 220 kV;WEN-MEZ 110 kV, WEN-NUR 110 kV;BZW-WDL/MEZ 380 kV, TRS-WDL 220 kV, MEZ-WEN 110 kV, NUR-WEN 110 kV",,,,,,,SRID=4326;POINT(9.39382512934731 48.6495802731868),TransnetBW,-6.76199030113464
113300,9.40674047768168,48.6701078832782,joint,380000;380000;380000,,"EDS-WDL 1x 380 kV;AL1-BZW 1x 380 kV;EDS-WDL 380 kV, AL1-BZW 380 kV",Netze BW,,,,,,SRID=4326;POINT(9.40674047768168 48.6701078832782),TransnetBW,-6.892516097819538
113317,8.92238468683344,50.8120128691904,joint,110000;110000;380000;380000;110000,50;50;50;50,,E.ON Netz,1187,,,,,SRID=4326;POINT(8.92238468683344 50.8120128691904),TenneT,-11.054066156988744
113522,7.04220244283914,51.6973817881516,joint,380000;380000;220000;220000,,Hamaland+Münsterland;Grafschaft West,RWE,4306,,,,,SRID=4326;POINT(7.04220244283914 51.6973817881516),Amprion,-20.994679443185134
113714,10.0648625143343,48.2723967367588,joint,380000;220000;380000;220000,,Donau Ost;Donau West;Iller Ltg.;Donau Ost;Donau West;Iller Ltg.,RWE,4528,,,,,SRID=4326;POINT(10.0648625143343 48.2723967367588),TransnetBW,-9.710944461370088
113846,9.3557307222513,53.8783432677236,joint,380000;380000;380000,50;50;50,"308 AKW Brokdorf - UW Wilster;307;307 UW Wilster - UW Dollern, 308 AKW Brokdorf - UW Wilster",TenneT,308,,,,,SRID=4326;POINT(9.3557307222513 53.8783432677236),TenneT,63.26801624213976
113960,8.32162699809955,49.0416915451491,joint,220000;110000;110000;110000;220000,,,,5100,,,,,SRID=4326;POINT(8.32162699809955 49.0416915451491),TransnetBW,-1.5622660503735766
114046,8.77654805135917,49.9712240847055,joint,220000;110000;110000;220000,50,220 kV;110 kV;1 x 220 kV,RWE,,,,,,SRID=4326;POINT(8.77654805135917 49.9712240847055),Amprion,-5.8899142199081975
114471,7.39113918089999,51.5129049908639,joint,380000;110000;380000;110000;110000,50;50;50,110kV Dorstfeld Tr411,RWE,4327,,,,,SRID=4326;POINT(7.39113918089999 51.5129049908639),Amprion,-23.50714631275908
114510,8.53104908432966,50.5956419526922,joint,380000;110000;380000;110000;110000,,,TenneT;EON_Netz,Leitung 3005,,,,,SRID=4326;POINT(8.53104908432966 50.5956419526922),Amprion,-13.222004829373871
114560,6.5867615345246,51.0520914788793,joint,220000;220000,50;50,"Frimmersdorf 1a, Frimmersdorf 2b, Frimmersdorf 3c, Frimmersdorf 4d;Frimmersdorf 4d",RWE,4535,,,,,SRID=4326;POINT(6.5867615345246 51.0520914788793),Amprion,40.39581884438087
114693,7.6044660640071,51.6884434925169,joint,380000;220000;380000;220000;380000,50;50;50,380kV Bergkamen A,RWE,4301,,,,,SRID=4326;POINT(7.6044660640071 51.6884434925169),Amprion,-25.168434968852388
114742,8.28422752770733,51.2234753931746,joint,380000;110000;380000;110000,50;50,380kV Sauerland Nord+Süd;110kV Arpe - Olsberg + Nehden - Schmallenberg,RWE,4331,,,,,SRID=4326;POINT(8.28422752770733 51.2234753931746),Amprion,-21.510950048457694
114777,7.01587039641033,52.1955271681998,joint,110000;380000;220000;110000;380000;220000,50;50,380kV Gronau - Hengelo schwarz+weiß;220kV Grafschaft West,RWE,1659,,,,,SRID=4326;POINT(7.01587039641033 52.1955271681998),Amprion,-19.599169982181614
114812,9.18475877596972,48.9216782753004,joint,110000;380000;220000;380000;220000;110000,,Anlage 203; HOHCK-PULVE;Anlage 332;Anlage 332,EnBW,,,,,,SRID=4326;POINT(9.18475877596972 48.9216782753004),TransnetBW,-5.3463243847363255
114824,9.20969753539286,48.9233794752068,joint,380000;380000;380000,,Anlage 315,EnBW,,,,,,SRID=4326;POINT(9.20969753539286 48.9233794752068),TransnetBW,-5.512733455381099
115164,7.71725862091268,51.4100089603608,joint,110000;220000;110000;220000,50;50,220kV Bixterheide Nord+Bigge Ost;220kV Bixterheide Nord+Bigge Ost,RWE,,,,,,SRID=4326;POINT(7.71725862091268 51.4100089603608),Amprion,-24.96604444910252
115170,6.5835532913189,51.4379646444447,joint,220000;220000;220000,50;50,220kV Ürdingen West;220kV Utfort West+Uerdingen West;220kV Utfort West,RWE,2339,,,,,SRID=4326;POINT(6.5835532913189 51.4379646444447),Amprion,35.09336688153569
115319,14.9471663779883,51.0590101475625,joint,380000;110000,50;50,Mikułowa – Hagenwerder,50Hertz,567;568,,,,,SRID=4326;POINT(14.9471663779883 51.0590101475625),50Hertz,60.63768831853575
115496,7.89782277779808,52.2815141603306,joint,380000;220000;110000;380000;220000;110000;110000,,,Amprion,4132,,,,,SRID=4326;POINT(7.89782277779808 52.2815141603306),Amprion,-18.30648195405044
115497,7.90389053821619,52.3031386610821,joint,380000;220000;110000;110000;380000;220000;110000,50,110kV Halen Ost+West,Amprion,4132,,,,,SRID=4326;POINT(7.90389053821619 52.3031386610821),Amprion,-17.914125312541785
115548,7.17376044670386,51.4680844572818,joint,380000;220000;110000;110000;380000;220000,,110kV Bochum-Linden+Bochum-Eppendorf;380kV Weitmar West 220kV Welper Ost,RWE,4360,,,,,SRID=4326;POINT(7.17376044670386 51.4680844572818),Amprion,-20.722317444207555
115719,7.16653071546573,51.3776830527177,joint,0;220000;110000;110000;0,,110kV Hattingen-Schwelm + ANK,RWE,2614,,,,,SRID=4326;POINT(7.16653071546573 51.3776830527177),Amprion,-19.658820797369717
115901,8.81066579635544,50.3168299852352,joint,380000;110000;110000;380000,50,,,Leitung 3023,,,,,SRID=4326;POINT(8.81066579635544 50.3168299852352),TenneT,-8.235729193422394
115917,7.45945111752322,50.7588585451834,joint,110000;380000;110000;380000,16.7;50;16.7;50,110 kV Bahnstrom Orscheid - Köln 1|2;380 kV Siegtal Nord|Süd; 110 kV Bahnstrom Orscheid - Köln 1|2;380 kV Siegtal Nord|Süd,DB_Energie,Abzweig - Uw Herchen,,,,,SRID=4326;POINT(7.45945111752322 50.7588585451834),Amprion,-15.7420899881167
116018,7.94721143346675,47.5943204382307,joint,220000;380000;220000;380000,50;50;50,Koppelleitung Laufenburg (CH) - Sierentz (F);Koppelleitung Laufenburg (CH) - Sierentz (F),,,,,,,SRID=4326;POINT(7.94721143346675 47.5943204382307),TransnetBW,51.05042839957055
116094,7.00421358778901,49.3767428818487,joint,220000;220000;220000,50;50;50,,,,,,,,SRID=4326;POINT(7.00421358778901 49.3767428818487),Amprion,-0.975360418168469
116105,8.80407449778974,50.7370944769007,joint,380000;110000;110000,50,,TenneT;EON_Netz,3002,,,,,SRID=4326;POINT(8.80407449778974 50.7370944769007),TenneT,-11.82982739218903
116465,6.60879226770999,51.0346787720857,joint,380000;220000;380000;220000;380000,50;50;50,380 kV Neurath 2b|3c; 220 kV Neurath 1a;380 kV Neurath 2b; 220 kV Neurath 1a;380 kV Neurath 2b|3c,RWE,4585,,,,,SRID=4326;POINT(6.60879226770999 51.0346787720857),Amprion,-8.33549361779773
117549,6.79703414566571,49.33339865235,joint,380000;220000;220000;380000;220000,50;50;50,Ensdorf - Uchtelfangen Nord |Süd ; Uchtelfangen Taubental Nord|Süd;Ensdorf - Uchtelfangen Nord |Süd ; Uchtelfangen Taubental Nord|Süd,Amprion,4545,,,,,SRID=4326;POINT(6.79703414566571 49.33339865235),Amprion,-0.4243599025752687
118031,12.0515167688951,50.7879382900366,joint,380000;380000;220000;220000,50;50;50,"573 Remptendorf - Weida, 575 Weida - Röhrsdorf;207 Röhrsdorf - Weida, 208 Eula - Weida, 573 Remptendorf, 575 Röhrsdorf;207 Röhrsdorf - Weida, 208 Eula - Weida",50Hertz Transmission,573;575,,,,,SRID=4326;POINT(12.0515167688951 50.7879382900366),50Hertz,1.4507923065732822
118107,8.75302988772633,49.3096260809249,joint,220000;220000;220000,50;50;50,Elsenz;Hoheneck West;Elsenz,Badenwerk,4506,,,,,SRID=4326;POINT(8.75302988772633 49.3096260809249),Amprion,-3.409498998306221
118123,10.8282633293615,49.481109938566,joint,110000;380000,,Zirndorf - Marktsteft;Raitersaich - Würgau;Raitersaich - Kriegenbrunn,TenneT TSO GmbH,122,,,,,SRID=4326;POINT(10.8282633293615 49.481109938566),TenneT,-11.921706995025842
118217,9.24764048653197,53.8981141560376,joint,380000;380000,50,,TenneT,,,,,,SRID=4326;POINT(9.24764048653197 53.8981141560376),TenneT,63.385552483583304
118486,7.72327212308763,49.4893231435121,joint,220000;110000;380000;220000,50;50,Kaiserslautern - Morbach,RWE,,,,,,SRID=4326;POINT(7.72327212308763 49.4893231435121),Amprion,-2.9366325133105864
118527,7.91365486602846,50.7846747489105,joint,220000;110000;110000;220000,50;50,,RWE,2471,,,,,SRID=4326;POINT(7.91365486602846 50.7846747489105),Amprion,-19.042095054992693
118624,10.1587836230772,51.0144156468082,joint,380000;110000;380000;110000,50;16.7;50;16.7,449 Mecklar - Vieselbach;450 Mecklar - Eisenach;Bebra - Weimar;380 kV 449 Mecklar - Vieselbach; 450 Mecklar - Eisenach; 110 Kv Bahnstrom Weimar - Bebra 1|2,TenneT,3026,,,,,SRID=4326;POINT(10.1587836230772 51.0144156468082),TenneT,-0.18853108649388162
118662,10.3876428266044,51.008426169893,joint,380000;380000;380000,50;50;50,449 Mecklar - Vieselbach;450 Mecklar - Eisenach;449;450,50Hertz,449;450,,,,,SRID=4326;POINT(10.3876428266044 51.008426169893),TenneT,0.5855317489813281
121776,6.65066741434228,51.5537022721424,joint,220000;220000;110000;220000;110000;220000,50;50,Götterswick Süd + Wesel Ost;Götterswick Süd + Wesel Ost,RWE,2339,,,,,SRID=4326;POINT(6.65066741434228 51.5537022721424),Amprion,-15.705298891995682
126379,11.1417799449272,50.9664119797327,joint,380000;110000,50;50,"449,454;WS-ErH-Vib 3,WN-ErH-Vib 4",50Hertz,449;454,,,,,SRID=4326;POINT(11.1417799449272 50.9664119797327),50Hertz,1.6059734987118723
131064,12.3252382868689,51.1950010670793,joint,110000;220000,50;50,,MITNETZ,,,,,,SRID=4326;POINT(12.3252382868689 51.1950010670793),50Hertz,3.4127038915049965
131066,12.3250266437879,51.1951287437039,joint,220000;110000,50;50,,MITNETZ,,,,,,SRID=4326;POINT(12.3250266437879 51.1951287437039),50Hertz,3.412394622767172
131070,12.3249848721272,51.195069183841,joint,110000;220000,50;50,,MITNETZ,,,,,,SRID=4326;POINT(12.3249848721272 51.195069183841),50Hertz,3.4121239928443092
131072,12.325158246977,51.1950931654208,joint,110000;220000,50;50,,MITNETZ,,,,,,SRID=4326;POINT(12.325158246977 51.1950931654208),50Hertz,3.412695292186976
133891,8.21174758755098,51.1779651087715,merge,380000;110000;10000,50,Station Arpe;Station Heimke,Amprion,,,,,,SRID=4326;POINT(8.21174758755098 51.1779651087715),Amprion,-21.94573560710755
134305,11.1068578733209,49.979041126528,merge,380000;380000;380000,,Kriegenbrunn - Redwitz;Raitersaich - Würgau;Kriegenbrunn - Redwitz;Umspannwerk Würgau;Raitersaich - Würgau,TenneT TSO GmbH,432;431,,,,,SRID=4326;POINT(11.1068578733209 49.979041126528),50Hertz,-5.974538932084339
134700,8.30574860018016,49.0134629072692,merge,380000;380000;380000;380000,50;50;50;50,Rheinhafen-Dampfkraftwerk,EnBW AG,,,,,,SRID=4326;POINT(8.30574860018016 49.0134629072692),TransnetBW,-1.4415270991233182
134710,10.7348307076817,51.4402351843076,merge,110000;220000;110000;15000;110000,50;50;50;16.7;50;16.7,Wolkramshausen (110 kV);Wolkramshausen (220 kV);Umformwerk Wolkramshausen;Schaltwerk Wolkramshausen Süd,Thüringer_Energienetze,Wk,,,,,SRID=4326;POINT(10.7348307076817 51.4402351843076),TenneT,1.8666446455100196
134728,8.43851130984995,49.2523505812136,merge,380000;380000;380000;110000,50;50;50;50,Philippsburg 380 kV;Philippsburg 110 kV;Kernkraftwerk Philippsburg,EnBW,,,,,,SRID=4326;POINT(8.43851130984995 49.2523505812136),TransnetBW,-2.4881677927173484
134922,8.89482977152712,52.5640363202111,merge,380000;110000,,Umspannwerk Ohlensehlen,TenneT TSO GmbH,,,,,,SRID=4326;POINT(8.89482977152712 52.5640363202111),TenneT,-5.937792212862696
135166,10.8250715239739,49.357164830329,merge,110000,,Umspannanlage Müncherlbach-Solarpark,,,,,,,SRID=4326;POINT(10.8250715239739 49.357164830329),TenneT,-13.463606290856701
142256,6.98511826589643,51.0539594108093,joint,110000;110000;220000,50;50;50,110 kV Manfort Ost;220 kV Dünnwald Ost|West,RWE,,,,,,SRID=4326;POINT(6.98511826589643 51.0539594108093),Amprion,-12.694244466593158
112139,6.93393955092221,51.0355224507366,joint,220000;220000;220000,50;50;50,220 kV Niederaußem 4d|5e; Stommeln Nord;220 kV Kasselberg Süd; Niederaußem 4d|5e; Stommeln Nord;220 kV Kasselberg Süd,RWE,4560,,,,,SRID=4326;POINT(6.93393955092221 51.0355224507366),Amprion,-11.723162421901886
112207,9.97965389603747,53.7481725630403,joint,220000;110000;110000;220000,50;50;50,,TenneT;Schleswig-Holstein Netz AG,209;118,,,,,SRID=4326;POINT(9.97965389603747 53.7481725630403),50Hertz,61.51476150136047
112213,9.50637011056058,53.5427945657796,joint,220000;220000;220000,50;50,3101;3101,EON_Netz,,,,,,SRID=4326;POINT(9.50637011056058 53.5427945657796),TenneT,60.93063943751714
112345,6.58395304162033,51.4395795845707,joint,380000;220000;110000;110000;380000;220000;110000,50;50;50;50,110kV Neukirchen West+Repelen Ltg;110 kV Neukirchen Ost+West,RWE,4540,,,,,SRID=4326;POINT(6.58395304162033 51.4395795845707),Amprion,35.069009381881116
112396,8.12445775268178,53.5575656730513,joint,220000;110000;110000;220000,50;50;50,300;300,TenneT;EON_Netz,300,,,,,SRID=4326;POINT(8.12445775268178 53.5575656730513),Amprion,60.418911941676576
112443,8.81095882680112,50.2056397942199,joint,380000;380000;380000,50;50;50,,,Leitung 3023,,,,,SRID=4326;POINT(8.81095882680112 50.2056397942199),TenneT,-7.364419967026597
112458,11.8270192453984,48.2267738769654,joint,380000;220000;380000;220000,50,Oberbachern - Ottenhofen;Neufinsing - Ottenhofen;Oberbachern - Ottenhofen;Neufinsing - Ottenhofen,TenneT TSO GmbH,462,,,,,SRID=4326;POINT(11.8270192453984 48.2267738769654),50Hertz,-17.339519192983794
112545,6.67875324170028,51.6541448437123,joint,220000;380000;110000;380000;220000;110000,,Schermbeck Nord,RWE,4569,,,,,SRID=4326;POINT(6.67875324170028 51.6541448437123),Amprion,-16.99598183905498
112560,6.93224281301356,51.5635094445823,joint,380000;380000;380000,,380kV Kusenhorst;380kV Essen West+Kusenhorst;380kV Essen West,RWE,4139,,,,,SRID=4326;POINT(6.93224281301356 51.5635094445823),Amprion,-18.713693036480002
112619,8.68071874128973,51.9968418471506,joint,220000;220000;220000,50;50,,TenneT,,,,,,SRID=4326;POINT(8.68071874128973 51.9968418471506),Amprion,-14.022340022524697
112648,10.8383251791959,49.3722481872167,joint,220000;380000;220000;380000,,Ingolstadt - Raitersaich;Irsching - Raitersaich;Ingolstadt - Raitersaich;Irsching - Raitersaich,TenneT TSO GmbH,265;266,,,,,SRID=4326;POINT(10.8383251791959 49.3722481872167),TenneT,-13.347529602236532
112677,11.1933452185293,50.1661928674853,joint,110000;380000;110000;380000,,Friesen - Redwitz;Windheim - Redwitz;Redwitz - Remptendorf;Redwitz - Remptendorf;Friesen - Redwitz;Windheim - Redwitz;Redwitz - Remptendorf,TenneT TSO GmbH;E.ON Netz GmbH,167;168,,,,,SRID=4326;POINT(11.1933452185293 50.1661928674853),50Hertz,-3.8014171148709597
112684,10.6657833371238,49.976461760289,joint,380000;380000;380000,,Eltmann - Redwitz;Grafenrheinfeld - Oberhaid;Eltmann - Redwitz;Grafenrheinfeld - Oberhaid,TenneT TSO GmbH,428,,,,,SRID=4326;POINT(10.6657833371238 49.976461760289),TenneT,-5.131489758315896
112711,6.51791842407388,51.3215548511515,joint,110000;220000;220000;110000,50;50;50,110kV Gladbach Ost+Viersen Nord;220kV Fichtenhain Ost+Utfort West,RWE,4539,,,,,SRID=4326;POINT(6.51791842407388 51.3215548511515),Amprion,37.11605871937233
112740,10.1592768879997,53.5511301890786,joint,110000;380000;110000;380000,50;50;50,KKW Krümmel - Hamburg/OST;KKW Krümmel - UW HH-OST,Vattenfall Europe AG,,,,,,SRID=4326;POINT(10.1592768879997 53.5511301890786),50Hertz,60.80124576857871
112785,7.13979191187627,51.5587337944947,joint,110000;110000;220000;110000,,110kV Herten Ost+West;110kV Herten West;Hochlarmark West;110kV Herten Ost,RWE,4358,,,,,SRID=4326;POINT(7.13979191187627 51.5587337944947),Amprion,-21.125995604253525
112809,7.02187231031811,51.5555851787104,joint,220000;110000;220000;110000,,110kV Hugo Ost+West;Gladbeck West + Hugo Ost,RWE,2344,,,,,SRID=4326;POINT(7.02187231031811 51.5555851787104),Amprion,-19.693792637313365
112837,6.93046253178349,51.5668470868676,joint,380000;110000;380000;110000;380000,,380kV Kusenhorst,RWE,4579,,,,,SRID=4326;POINT(6.93046253178349 51.5668470868676),Amprion,-18.726850544297676
113008,9.11649687550782,50.1670149736167,joint,380000;110000;110000;380000;110000,,,TenneT TSO GmbH;E.ON Netz GmbH,,,,,,SRID=4326;POINT(9.11649687550782 50.1670149736167),TenneT,-5.67882008146765
113051,8.55478751487015,51.9521360450208,joint,380000;220000;110000;110000;380000;220000,50,,Stadtwerke Bielefeld,4375,,,,,SRID=4326;POINT(8.55478751487015 51.9521360450208),Amprion,-16.051989280476214
113247,11.3687506202325,48.2896452521655,joint,110000;220000,,Oberbrunn - Oberbachern,E.ON Netz GmbH,1709;1710,,,,,SRID=4326;POINT(11.3687506202325 48.2896452521655),50Hertz,-18.031079355207126
113607,8.00951813241563,51.36458918172,joint,110000;380000,50,,RWE,4308,,,,,SRID=4326;POINT(8.00951813241563 51.36458918172),Amprion,-24.34418745163457
113649,9.23672901010189,53.8966012605722,joint,110000;220000;220000;110000,50;50;50,,EON_Netz,155,,,,,SRID=4326;POINT(9.23672901010189 53.8966012605722),TenneT,63.41274766740882
113728,13.1344120385462,53.9046147697348,joint,380000;380000;220000;380000,50;50;50,"512;513;512;315,316;315, 316, 513",50Hertz,512;513,,,,,SRID=4326;POINT(13.1344120385462 53.9046147697348),50Hertz,52.545853148129005
113739,9.24103059283989,48.5426059762324,joint,380000;110000;380000;380000;110000,,"BZW-WDL/MEZ 380 kV, MEZ-NET 110 kV, (MEZ-OFE 110 kV);380 kV;BZW-WDL/MEZ 380 kV, MEZ-NET 110 kV",EnBW,,,,,,SRID=4326;POINT(9.24103059283989 48.5426059762324),TransnetBW,-5.389186307304131
113857,8.40448697108604,52.4977939460453,joint,380000;110000;380000;110000,50;50;50,Dümmersee Süd;Leitung 3017;Dümmersee Süd;Leitung 3017,Amprion,4126,,,,,SRID=4326;POINT(8.40448697108604 52.4977939460453),Amprion,-10.844949881467956
113994,8.26372464915717,49.0301894772969,joint,380000;220000;220000;380000;220000,50;50;50,,,,,,,,SRID=4326;POINT(8.26372464915717 49.0301894772969),TransnetBW,-1.3791054814438706
114020,11.1251982125922,50.9943100603284,joint,380000;380000;380000,50;50,"467, 468",50Hertz,,,,,,SRID=4326;POINT(11.1251982125922 50.9943100603284),50Hertz,1.6744890628386173
114064,11.5134632836233,51.5802763726576,joint,380000;380000;380000,50;50;50,535;536;535;536,50Hertz,535;536,,,,,SRID=4326;POINT(11.5134632836233 51.5802763726576),50Hertz,2.7713495603617364
114101,7.43254917987816,50.4065513383138,joint,220000;110000;20000;20000;220000;110000,,20kV-Leitung,RWE,2449,,,,,SRID=4326;POINT(7.43254917987816 50.4065513383138),Amprion,-11.072532467556844
114146,8.11231253004049,52.2436233536815,joint,110000;110000;220000;110000;220000;110000,50;50;50,220kV Halle West; 110kV Hesseln Ost,RWE,2476,,,,,SRID=4326;POINT(8.11231253004049 52.2436233536815),Amprion,-17.32059143812556
114211,6.66199993114603,51.0376159615181,joint,380000;380000;380000,50;50;50,380 kV Neurath 3c;380 kV Neurath 3c|5e;380 kV Neurath 5e,RWE,4517,,,,,SRID=4326;POINT(6.66199993114603 51.0376159615181),Amprion,-8.75659445640514
114225,6.72324985199468,51.4899181884813,joint,220000;220000,,,,,,,,,SRID=4326;POINT(6.72324985199468 51.4899181884813),Amprion,-15.598275020478457
114234,6.7391756345092,51.5133817513703,joint,220000;110000;220000,,110kV Aldenrade Nord+Schacht 2/5,RWE,2347,,,,,SRID=4326;POINT(6.7391756345092 51.5133817513703),Amprion,-16.04560862727832
114248,7.42834901693573,50.4062189843163,joint,110000;220000;110000;220000,50;50,,RWE,4197,,,,,SRID=4326;POINT(7.42834901693573 50.4062189843163),Amprion,-11.029296551527015
114390,8.12513292644933,51.8530880781187,joint,110000;380000;110000;380000;110000,50;50;50,,Amprion,4373,,,,,SRID=4326;POINT(8.12513292644933 51.8530880781187),Amprion,-22.034075882400796
114427,13.9659389287643,53.1758219835894,joint,220000;220000;220000,50;50;50,"303, 306;303;306",50Hertz Transmission,303;306,,,,,SRID=4326;POINT(13.9659389287643 53.1758219835894),50Hertz,52.4930660784143
114490,8.25507405263416,47.6340379623389,joint,380000;380000;380000;0,50;50;50,,RWE,4554,,,,,SRID=4326;POINT(8.25507405263416 47.6340379623389),TransnetBW,50.503096750436484
114620,7.48561419084708,51.9542594611651,joint,380000;220000;380000;380000;220000,,,RWE,4307,,,,,SRID=4326;POINT(7.48561419084708 51.9542594611651),Amprion,-23.649551551965835
114659,6.93504546686848,51.1393359703222,joint,110000;380000;380000;110000,50;50;50,110 kV Hülsberg Nord|Süd;380 kV St.Peter Nord; Oerkhaus Ost,RWE,4516,,,,,SRID=4326;POINT(6.93504546686848 51.1393359703222),Amprion,-13.175243232495113
114672,7.99724166591133,51.656814276994,joint,380000;110000;380000;110000,50;50,380kV Arpe West+Sauerland Nord;110kV Lippborg-Meschede+Lippborg-Niedereimer,RWE,4315,,,,,SRID=4326;POINT(7.99724166591133 51.656814276994),Amprion,-24.379363794341025
114696,7.67064701711334,51.7877870536891,joint,110000;220000;110000;220000;110000,,,Westnetz,1673,,,,,SRID=4326;POINT(7.67064701711334 51.7877870536891),Amprion,-24.909353275187414
114749,7.98536207509955,51.4690709759195,joint,380000;110000;380000;110000;110000,50;50,,RWE,4315,,,,,SRID=4326;POINT(7.98536207509955 51.4690709759195),Amprion,-24.716163686895463
114759,7.85885889133857,51.5590544803004,joint,110000;380000;220000;110000,,Lippborg-Unna Nord+Süd,RWE,1656,,,,,SRID=4326;POINT(7.85885889133857 51.5590544803004),Amprion,-25.265672583847177
114773,7.64322486508725,51.8879707428606,joint,220000;220000;110000;110000,,,RWE,2617,,,,,SRID=4326;POINT(7.64322486508725 51.8879707428606),Amprion,-24.28260914568895
114774,7.60972902376217,51.9016197874555,joint,220000;0;220000;110000;0;110000,,,RWE,,,,,,SRID=4326;POINT(7.60972902376217 51.9016197874555),Amprion,-24.186342809631903
114801,8.6577627433617,50.6096344399067,joint,380000;380000;110000;110000,50;50;50,,TenneT,3002,,,,,SRID=4326;POINT(8.6577627433617 50.6096344399067),Amprion,-12.190022785307068
114811,9.19507287273587,48.9215583904941,joint,380000;380000;380000;220000,,Anlage 332;Anlage 332,EnBW,,,,,,SRID=4326;POINT(9.19507287273587 48.9215583904941),TransnetBW,-5.415040017577317
115099,8.03912983811524,47.5611522747714,joint,380000;380000;380000,,,RWE,4554,,,,,SRID=4326;POINT(8.03912983811524 47.5611522747714),TransnetBW,50.98189661309357
115416,6.5837126524503,51.7111325585095,joint,220000;110000;220000;110000,50;16.7;50;50;16.7,,RWE;DB_Energie,2444,,,,,SRID=4326;POINT(6.5837126524503 51.7111325585095),Amprion,32.130440307241244
115566,6.52183184477761,51.3235495786934,joint,0;220000;0,0;50,220kV Utfort West,Amprion,4571,,,,,SRID=4326;POINT(6.52183184477761 51.3235495786934),Amprion,37.0657913963385
115581,6.98540358439177,51.5204730865673,joint,380000;220000;110000;380000;220000;110000;380000;220000;110000,,,RWE,4566,,,,,SRID=4326;POINT(6.98540358439177 51.5204730865673),Amprion,-18.898181543029306
115794,7.00106175878314,51.2474869530732,joint,380000;220000;220000;380000;220000,50;50;50;50,RWE 4516 Eiberg - Opladen;220kV Itterbach Ost;380kV Oerkhaus Ost+West;220kV Itterbach West,RWE,4516,,,,,SRID=4326;POINT(7.00106175878314 51.2474869530732),Amprion,-15.633249364519298
115890,7.42912596982497,50.4068427544573,joint,220000;110000;110000;220000;110000,,,RWE,,,,,,SRID=4326;POINT(7.42912596982497 50.4068427544573),Amprion,-11.043745326570026
116096,7.00173486642554,49.3748776729487,joint,110000;220000;110000;220000,50;50;50;50,,RWE,,,,,,SRID=4326;POINT(7.00173486642554 49.3748776729487),Amprion,-0.9614698261443504
116227,7.06245864401228,50.0424147423636,joint,220000;110000;110000,50;50,220 kV Kondelwald;110kV Pünderich | 110kV Cochem Nord,Amprion,1024,,,,,SRID=4326;POINT(7.06245864401228 50.0424147423636),Amprion,-4.889859855834953
116454,10.0549626307456,48.9869001748518,joint,220000;110000;110000;220000;110000,,,,,,,,,SRID=4326;POINT(10.0549626307456 48.9869001748518),TransnetBW,-10.825785022854761
116505,10.6306120479623,48.0284496580635,joint,110000;220000;110000;220000,,,LEW,,,,,,SRID=4326;POINT(10.6306120479623 48.0284496580635),TransnetBW,37.19949418150775
116827,8.28731988824138,50.7578392437795,joint,380000;380000;110000;110000,50,,,,,,,,SRID=4326;POINT(8.28731988824138 50.7578392437795),Amprion,-17.209871982555676
116908,6.79652911281298,49.3338440757709,joint,220000;220000;220000,50;50;50,Saarwellingen - Fraulautern,,2340,,,,,SRID=4326;POINT(6.79652911281298 49.3338440757709),Amprion,-0.4255332770737681
116968,6.68624968274625,51.6352534663495,joint,110000;220000;110000;220000;110000,,110kV Lohberg Ltg,RWE,2317,,,,,SRID=4326;POINT(6.68624968274625 51.6352534663495),Amprion,-16.885248585372906
117879,6.92265724994284,49.4332388789311,joint,110000;380000;220000;110000,50;50,Uchtelfangen - Lebach/Schmelz/St.Wendel;380 kV Uchtelfangen Ost|West; 220 kV Osburg; 1110kV Hermeskeil Ost,Amprion,4553,,,,,SRID=4326;POINT(6.92265724994284 49.4332388789311),Amprion,-1.103874347302357
117928,6.62041781495943,51.0544382842797,joint,220000;380000;220000,50;50,220 kV Neurath 1a;380 kV Neurath 2b; 220 kV Neurath 1a,RWE,,,,,,SRID=4326;POINT(6.62041781495943 51.0544382842797),Amprion,-8.665711994977734
117962,9.57371123785626,50.3882417740258,joint,380000;110000;110000;380000,50,,,,,,,,SRID=4326;POINT(9.57371123785626 50.3882417740258),TenneT,-4.282130617979524
118049,9.19002245437702,48.9163242616185,joint,380000;380000;0,50,Kugelberg Ost/West,RWE,4524,,,,,SRID=4326;POINT(9.19002245437702 48.9163242616185),TransnetBW,-5.382356020651125
118102,8.71891205289853,49.3051572910686,joint,380000;380000;110000;20000;110000,,HUEFF-WIESL-NEURO;HUEFF-WIESL-NEURO;LEIMN-WIESL-BAIER;LEIMN-WIESL-BAIER,,,,,,,SRID=4326;POINT(8.71891205289853 49.3051572910686),Amprion,-3.306388679840664
118215,7.0747165153902,51.5203494437465,joint,220000;110000;110000;220000;0,,110kV Nordstern Ost;220kV Herne 2B+ANK,RWE,4526,,,,,SRID=4326;POINT(7.0747165153902 51.5203494437465),Amprion,-19.996535591636356
118313,8.94431373072866,49.5725975405267,joint,220000;110000;220000;110000,50;50,220 kV;220 kV;110 kV,RWE,,,,,,SRID=4326;POINT(8.94431373072866 49.5725975405267),TenneT,-4.268395288904644
118373,7.99642455832889,49.8255586471438,joint,220000;110000;220000;110000;110000,50;50;50,220 kV Windesheim; 110 kV Rosengarten Ost|West;220 kV Windesheim,RWE,2327,,,,,SRID=4326;POINT(7.99642455832889 49.8255586471438),Amprion,-6.145355540987573
118375,7.89836796534401,49.8599817793479,joint,380000;110000,50;50,380 kV Soonwald Ost|West,RWE,4523,,,,,SRID=4326;POINT(7.89836796534401 49.8599817793479),Amprion,-6.500917362923497
118502,8.12387169179043,50.3098499933696,joint,380000;380000;380000,,380kV Hessen Ost+Nassau Ltg;380kV Nassau Ltg;380kV Hessen Ost,Amprion,4113,,,,,SRID=4326;POINT(8.12387169179043 50.3098499933696),Amprion,-11.977423300619568
118545,8.55015876570567,49.4324301577776,joint,110000;220000;220000;110000,50;50;50,Rheinau - Hockenheim; Rheinau - Scheffelstraße,EnBW,1300,,,,,SRID=4326;POINT(8.55015876570567 49.4324301577776),Amprion,-3.3260078369553163
118630,9.57189277822662,53.5750118474676,joint,380000;110000;380000;110000,50;16.7;50;16.7,3105;Nenndorf - Neumünster;380 kV 307 UW Wilster - UW Dollern; 110 kV Bahnstrom Nenndorf - Neumünster 1|2,TenneT,3105,,,,,SRID=4326;POINT(9.57189277822662 53.5750118474676),TenneT,61.263577072037975
118649,9.7865917480987,50.9508473546319,joint,380000;110000;380000;110000,50;50,3026 Mecklar - Vieselbach/Eisenach;3026 Mecklar - Vieselbach/Eisenach,TenneT,3026,,,,,SRID=4326;POINT(9.7865917480987 50.9508473546319),TenneT,-3.4972003444514677
118661,10.3907435414706,51.0069739699321,joint,380000;380000;380000,50;50,"449;454;449,454",50Hertz,449,,,,,SRID=4326;POINT(10.3907435414706 51.0069739699321),TenneT,0.5921515110546824
118758,7.24300106166781,51.2274309825729,joint,380000;110000;380000;110000,50;50;50,RWE 4562 Ronsdorf - Bomig;RWE 4562 Ronsdorf - Bomig,RWE,4562,,,,,SRID=4326;POINT(7.24300106166781 51.2274309825729),Amprion,-18.90359105967835
120520,6.58224615274898,51.0563821577132,joint,220000;220000,50,,RWE,,,,,,SRID=4326;POINT(6.58224615274898 51.0563821577132),Amprion,40.368245421415935
125991,10.9900050860988,50.6693729588479,joint,110000;380000;380000;110000,50,"Ar - Law 2, Sti - Law3;467, 468;467, 468;Ar - Law 2, Sti - Law3",Thüringer_Energienetze,,,,,,SRID=4326;POINT(10.9900050860988 50.6693729588479),TenneT,0.34148666122749916
131067,12.325074254498,51.1949756780787,joint,110000;220000,50;50,,MITNETZ,,,,,,SRID=4326;POINT(12.325074254498 51.1949756780787),50Hertz,3.4121566167639
133770,7.79253395882042,49.8104357776455,merge,220000;110000,50,Niederhausen,,,,,,,SRID=4326;POINT(7.79253395882042 49.8104357776455),Amprion,-5.886090279376447
134129,7.01011672640826,52.1773829954939,merge,110000,,,,,,,,,SRID=4326;POINT(7.01011672640826 52.1773829954939),Amprion,-19.743440422531982
134319,9.37193814992516,48.7185740475079,merge,380000;110000,50,EnBW Umspannwerk Altbach 2;EnBW Umspannwerk Altbach 1;Heizkraftwerk Altbach/Deizisau,EnBW,,,,,,SRID=4326;POINT(9.37193814992516 48.7185740475079),TransnetBW,-6.665847421967504
134323,8.14199774997251,53.5639678630319,merge,110000;220000;110000,,Uniper Kraftwerk Wilhelmshaven;Wilhelmshaven Gasturbine;Umspannwerk Kraftwerk Wilhelmshaven,EON_Netz,WHGT,,,,,SRID=4326;POINT(8.14199774997251 53.5639678630319),Amprion,60.587441264405186
134359,11.5825524147546,48.7661661002974,merge,380000;220000;110000,50,Kraftwerk Irsching;Irsching,EON_Kraftwerke,3887,,,,,SRID=4326;POINT(11.5825524147546 48.7661661002974),50Hertz,-20.581679686883938
134369,7.03248957037782,49.3365267290147,merge,220000,,Solarkraftwerk Göttelborn;KW Weiher;Kraftwerk Weiher,,,,,,,SRID=4326;POINT(7.03248957037782 49.3365267290147),Amprion,-0.8222382365195156
134424,9.91802181769691,52.3799541650546,merge,220000;110000,50,TenneT TSO GmbH - Betriebszentrum Lehrte;Station Ahlten,TenneT_TSO,,,,,,SRID=4326;POINT(9.91802181769691 52.3799541650546),TenneT,-1.0092053223610886
134434,6.84191592142534,50.8596851759214,merge,380000;220000,,Statkraft Kraftwerk Knapsack I;Kraftwerkschaltanlage Knapsack 1,Statkraft,,,,,,SRID=4326;POINT(6.84191592142534 50.8596851759214),Amprion,-8.398735570941756
134485,8.06615996783315,50.4059652083518,merge,110000;20000;380000;110000,50;16.7,Umrichterwerk Limburg;Station Limburg,DB_Energie,,,,,,SRID=4326;POINT(8.06615996783315 50.4059652083518),Amprion,-13.474069815237394
134476,6.80133711744184,51.1238419585396,merge,220000;110000;380000;220000,50;50,Station Sankt Peter 220 kV;Station Sankt Peter 380 kV,RWE,,,,,,SRID=4326;POINT(6.80133711744184 51.1238419585396),Amprion,-11.270156059261843
134503,13.523235507977,52.4249061680196,merge,,,,,,,,,,SRID=4326;POINT(13.523235507977 52.4249061680196),50Hertz,8.637391555151622
134684,8.94961850031646,50.0888975021776,merge,220000;110000,50,Kraftwerkseinspeisung Staudinger;Kraftwerk Staudinger,,,,,,,SRID=4326;POINT(8.94961850031646 50.0888975021776),TenneT,-5.978782456250144
135159,6.62457270588092,51.036785995792,merge,380000;220000;110000,50,Biogas Blockheizkraftwerk;RWE Kraftwerk Neurath BoA Bl. F/G;RWE Kraftwerk Neurath;KW Neurath,RWE,,,,,,SRID=4326;POINT(6.62457270588092 51.036785995792),Amprion,-8.46855458287898
141718,10.3125633262114,47.6578405929951,joint,220000;110000,,,,,,,,,SRID=4326;POINT(10.3125633262114 47.6578405929951),TransnetBW,43.568951449866034
142133,9.20190048685942,49.0453784331244,joint,220000;220000;110000,50;50;50,Anlage 350;Anlage 350;Anlage 1007,EnBW,,,,,,SRID=4326;POINT(9.20190048685942 49.0453784331244),TransnetBW,-5.393030948342252
142295,10.1635636296826,49.9865403562222,joint,220000;380000;110000;220000;380000,50,Bergrheinfeld - Grafenrheinfeld;Schweinfurt - Zeuzleben,,487,,,,,SRID=4326;POINT(10.1635636296826 49.9865403562222),TenneT,-3.9039465752474225
142385,9.32795942210044,50.0156618461355,joint,20000;380000,50,Hain - Heigenbrücken;Großkrotzenburg - Grafenrheinfeld;Aschaffenburg - Grafenrheinfeld,Bayernwerk AG,417;418,,,,,SRID=4326;POINT(9.32795942210044 50.0156618461355),TenneT,-4.768571084767698
142425,8.9280760304342,49.6630981960663,joint,220000;110000,50,220 kV;110 kV,RWE,,,,,,SRID=4326;POINT(8.9280760304342 49.6630981960663),TenneT,-4.4236393636544005
143127,10.4042116700945,48.5113316228394,joint,380000;110000;110000,,,LEW,,,,,,SRID=4326;POINT(10.4042116700945 48.5113316228394),TransnetBW,-14.066152761928796
143885,10.041925639882,49.0557329104377,joint,220000;110000,,,,,,,,,SRID=4326;POINT(10.041925639882 49.0557329104377),TransnetBW,-10.416038455097308
