line_id,bus0,bus1,voltage,cables,wires,frequency,name,operator,ref,length_m,r_ohmkm,x_ohmkm,c_nfkm,i_th_max_a,from_relation,wkt_srid_4326,type,parallel_circuits,voltage_kv,length_km,x_ohm,capacity_mw,susceptance,flow_mw,abs_flow_mw,utilization_pct,severity,bottleneck_score
34552,17476,22609,380000,6,2,50,3003 Sottrum - Landsbergen,TenneT,3003,78846.7914799951,,,,,'',"SRID=4326;LINESTRING(9.12526385645653 52.5382634068284,9.25079586209321 53.1143538822759)",line,1,380.0,78.84679147999509,25.23097327359843,1645.4482671904334,5723.124448437329,-1915.637204320871,1915.637204320871,116.42038479834916,overload,509.9340558030967
119500,113809,134337,220000,6,2,50,Leitung 2010,TenneT,2010,42453.3658507631,,,,,'',"SRID=4326;LINESTRING(9.13794792584036 52.8470269944345,9.1136671111921 52.545902653156)",line,1,220.0,42.4533658507631,13.585077072244191,495.3665309646989,3562.732823863512,658.5620047565841,658.5620047565841,132.94438836513058,overload,501.4247959595706
101141,113809,22609,220000,6,2,50,Leitung 2010,TenneT,2010,33590.0820392371,,,,,'',"SRID=4326;LINESTRING(9.13794792584036 52.8470269944345,9.25079586209321 53.1143538822759)",line,1,220.0,33.5900820392371,10.748826252555872,495.3665309646989,4502.817225135756,-660.3445257456169,660.3445257456169,133.30422716682787,overload,472.3724596434237
167017,18618,114040,380000,6,2,50,304,TenneT,304,55877.9189023708,,,,,'',"SRID=4326;LINESTRING(7.31712785521868 53.1282300130834,8.04257999762696 53.3305925878364)",line,1,380.0,55.8779189023708,17.880934048758657,1645.4482671904334,8075.640769449884,-1674.0651767295653,1674.0651767295653,101.73915583429401,overload,411.1184870595087
159183,131,134281,220000,6,2,50,204,TenneT,204,31318.0442418778,,,,,'',"SRID=4326;LINESTRING(8.10553905313517 53.5565256492864,8.05324040764567 53.3334140108585)",line,1,220.0,31.3180442418778,10.021774157400896,495.3665309646989,4829.484205075355,546.7356115553972,546.7356115553972,110.36991346400814,overload,383.6045098949169
85318,114312,115378,380000,6,4,50,,Amprion,4121,26083.4044017173,,,,,'',"SRID=4326;LINESTRING(7.27007691315187 52.6541665746089,7.41762169513889 52.4732338809463)",line,1,380.0,26.0834044017173,8.346689408549535,1645.4482671904334,17300.272351345757,1640.259918956801,1640.259918956801,99.68468481585923,tight,328.8519157282105
137040,113482,112114,220000,9,,50,,EON_Netz,,7344.14829484921,,,,,'',"SRID=4326;LINESTRING(9.52509082141858 53.6183462739183,9.5392428804046 53.562404675713)",line,1,220.0,7.3441482948492105,2.3501274543517474,495.3665309646989,20594.627712798036,759.5322052228863,759.5322052228863,153.32731578448374,overload,325.29317523271254
131137,46272,114652,380000,6,4,50,,RWE,4511,34917.33974073,,,,,'',"SRID=4326;LINESTRING(7.44924655271619 50.4025219054932,7.07416845323536 50.5936908899782)",line,1,380.0,34.91733974073,11.1735487170336,1645.4482671904334,12923.378566369727,1478.6339885871284,1478.6339885871284,89.86207698354828,tight,321.81588351210814
134369,112475,134424,220000,6,1,50,,TenneT,2024,20065.832234156,,,,,'',"SRID=4326;LINESTRING(10.1846438743188 52.3052654646128,9.91802181769691 52.3799541650546)",line,1,220.0,20.065832234156,6.421066314929921,495.3665309646989,7537.6888551147495,508.28694458349287,508.28694458349287,102.60825324505315,overload,312.71428952498405
149577,113964,113965,380000,6,,50,Emsland Ost/West,TenneT,305,19514.7392844067,,,,,'',"SRID=4326;LINESTRING(7.1915919152621 52.8724919422328,7.27574474360549 52.7477279670077)",line,1,380.0,19.5147392844067,6.244716571010144,1645.4482671904334,23123.54745935921,1701.292551200877,1701.292551200877,103.39386446380333,overload,312.3677136905781
168774,20429,134414,220000,6,1,50,,TenneT,207,14958.3874656212,,,,,'',"SRID=4326;LINESTRING(9.95087604388534 54.3227891414081,9.72598060145038 54.2894372291962)",line,1,220.0,14.958387465621199,4.786683988998783,495.3665309646989,10111.384021012778,510.5127917340455,510.5127917340455,103.05758661971976,overload,285.4679227926032
1592,16874,17055,380000,6,4,50,,TenneT,,14723.0996013923,,,,,'',"SRID=4326;LINESTRING(8.57123178873015 52.1053816593505,8.65934958571703 51.9996166017244)",line,1,380.0,14.723099601392299,4.711391872445536,1645.4482671904334,30649.116844752392,1657.6801167122157,1657.6801167122157,100.74337490674611,overload,277.56118953055187
174397,143705,18751,380000,9,4,50,Kühmoos - Daxlanden,EnBW;Amprion,7510,28818.365296698,,,,,'',"SRID=4326;LINESTRING(7.76961579799179 47.6280905583269,7.58911881577934 47.8069332087105)",line,1,380.0,28.818365296698,9.22187689494336,1645.4482671904334,15658.417656733087,1341.1214961831495,1341.1214961831495,81.50493229866684,tight,276.7193916059856
3048,17684,27947,380000,6,,50,305,TenneT,305,12725.9453089134,,,,,'',"SRID=4326;LINESTRING(7.25465688214231 53.0266716315927,7.31133817564833 53.1257707770975)",line,1,380.0,12.725945308913401,4.072302498852288,1645.4482671904334,35459.05542152057,-1727.9973572389893,1727.9973572389893,105.01681466956762,overload,275.06926775883824
115158,113964,24191,380000,6,2,50,305 Emsland Ost/West,TenneT,305,12800.6448440979,,,,,'',"SRID=4326;LINESTRING(7.1915919152621 52.8724919422328,7.25794421400606 52.9812483634914)",line,1,380.0,12.800644844097901,4.096206350111329,1645.4482671904334,35252.13030248718,-1717.9044177397432,1717.9044177397432,104.40342926569348,overload,274.02928013984155
152041,112109,112111,380000,6,2,50,307,TenneT,,30851.625516001,,,,,'',"SRID=4326;LINESTRING(9.63540708241195 53.6356379436703,9.45870783720494 53.8645210451315)",line,1,380.0,30.851625516001,9.87252016512032,1645.4482671904334,14626.457843070928,-1301.3703208045147,1301.3703208045147,79.08910579282907,watch,273.7343879961511
168950,113186,134922,380000,3,4,50,Landesbergen - Wehrendorf,TenneT TSO GmbH,3006,7873.38538007574,,,,,'',"SRID=4326;LINESTRING(9.00122496841808 52.5395369865789,8.89482977152712 52.5640363202111)",line,1,380.0,7.87338538007574,2.5194833216242367,1645.4482671904334,57313.338318473,1986.38093036183,1986.38093036183,120.71974366921494,overload,263.53800779268204
87980,118435,16863,380000,6,4,50,Leitung 3027,TenneT,3027,52189.7876453318,,,,,'',"SRID=4326;LINESTRING(9.4136812208929 52.0274828920508,9.91718969909551 52.2781719558073)",line,1,380.0,52.189787645331805,16.70073204650618,1645.4482671904334,8646.327574018453,-999.6174777837093,999.6174777837093,60.75046525106098,watch,241.4142336398439
155414,114080,114348,220000,6,2,50,220kV Bohmte Ost+West,RWE,2312,12231.6048756619,,,,,'',"SRID=4326;LINESTRING(8.27759194219813 52.282402866531,8.11013995452585 52.2621248731303)",line,1,220.0,12.2316048756619,3.914113560211808,495.3665309646989,12365.507350630083,446.41611163095837,446.41611163095837,90.11834343381814,tight,232.74037962245734
136275,113128,134309,220000,6,,50,Leitung 2027,TenneT,,29116.9474012792,,,,,'',"SRID=4326;LINESTRING(10.3552149923206 52.1758109606876,10.0906198132517 52.314337320797)",line,1,220.0,29.1169474012792,9.317423168409345,495.3665309646989,5194.569262894472,337.77414259575306,337.77414259575306,68.1867105429906,watch,232.18175323169243
131396,118311,118081,220000,3,,50,220 kV,RWE,,20967.2597766553,,,,,'',"SRID=4326;LINESTRING(8.94466551099393 49.570313568508,8.9450128895143 49.4060036463788)",line,1,220.0,20.9672597766553,6.709523128529696,495.3665309646989,7213.627417751554,-362.83192529374895,362.83192529374895,73.24514326536229,watch,226.2947633123509
156769,118661,126379,380000,6,3,50,"449,454",50Hertz,449;454,68099.0778840758,,,,,'',"SRID=4326;LINESTRING(10.3907435414706 51.0069739699321,11.1417799449272 50.9664119797327)",line,1,380.0,68.0990778840758,21.791704922904255,1645.4482671904334,6626.374600375018,-878.8931390758706,878.8931390758706,53.41359899309148,normal,226.23550911182323
167900,134414,15704,220000,6,1,50,204,TenneT,204,59796.9247455291,,,,,'',"SRID=4326;LINESTRING(9.72598060145038 54.2894372291962,9.99206277421466 53.7897737674627)",line,1,220.0,59.7969247455291,19.135015918569312,495.3665309646989,2529.3942898176997,262.8951431110838,262.8951431110838,53.07083274259771,normal,217.9905262834509
179938,17113,17164,110000;110000,3;6,1;2;1,,Bamberg Nord - Eltmann;Bamberg-Nord - Oberhaid;Bamberg-Nord - Eltmann,,165,5046.10331358284,,,,,'',"SRID=4326;LINESTRING(10.9036229949309 49.9172942892849,10.836054138576 49.928062483854)",line,2,110.0,5.04610331358284,0.8073765301732544,495.3665309646989,14986.811664445422,596.790813464868,596.790813464868,120.474593288055,overload,216.78366789542238
34614,134368,134337,220000;110000,6,2,50,Leitung 2008,TenneT;EON_Netz,2008,28158.3094774539,,,,,'',"SRID=4326;LINESTRING(9.49340910579627 52.5985236328654,9.1136671111921 52.545902653156)",line,2,220.0,28.158309477453898,4.5053295163926235,990.7330619293978,10742.83242188985,633.9474054920582,633.9474054920582,63.987710701556765,watch,215.81390700429495
173444,143034,143035,110000,6,1,50,,LEW,513,2297.09675055143,,,,,'',"SRID=4326;LINESTRING(10.2342309607837 48.5287292425972,10.2656091203386 48.5323364795166)",line,1,110.0,2.29709675055143,0.7350709601764577,247.68326548234944,16460.99581609826,432.9483170429158,432.9483170429158,174.79917999295307,overload,208.54281725508164
180580,134922,113856,380000;380000,3;3,4;4,50;50,Landesbergen - Wehrendorf,TenneT TSO GmbH,3006,29244.5985833931,,,,,'',"SRID=4326;LINESTRING(8.89482977152712 52.5640363202111,8.54555957111404 52.5634805404927)",line,2,380.0,29.244598583393103,4.679135773342897,3290.896534380867,30860.399653852503,1980.4431381489685,1980.4431381489685,60.17944099605548,watch,205.17082790607824
169118,21065,17137,380000,6,4,50,,Amprion,4527,37084.6651572815,,,,,'',"SRID=4326;LINESTRING(6.59299416432777 50.5733974275347,6.45659082917129 50.8712553044483)",line,1,380.0,37.0846651572815,11.86709285033008,1645.4482671904334,12168.102316312757,910.3538128003288,910.3538128003288,55.325580934533896,normal,201.3746974477601
130523,113474,134014,220000,6,1,50,202 UW-HH-Nord UW-Itzehoe-West,TenneT,,39450.3570874877,,,,,'',"SRID=4326;LINESTRING(9.45967747872262 53.8646574512707,9.98835987036985 53.7661313909231)",line,1,220.0,39.450357087487696,12.624114267996063,495.3665309646989,3833.9323434912917,263.9322027656428,263.9322027656428,53.2801847253688,normal,197.1407046107559
126289,113201,134368,220000;110000,6,2,50,Leitung 2008,TenneT;EON_Netz,2008,20008.0569506639,,,,,'',"SRID=4326;LINESTRING(9.77459034573439 52.5706143615772,9.49340910579627 52.5985236328654)",line,2,220.0,20.0080569506639,3.201289112106224,990.7330619293978,15118.909384649796,635.7952333595179,635.7952333595179,64.17422187580395,watch,195.40447506139182
169307,115125,24814,380000,6,4,50,,Amprion,4527,58013.4859403568,,,,,'',"SRID=4326;LINESTRING(6.53303653131644 50.3922427776709,6.47479750040959 49.9224757052015)",line,1,380.0,58.013485940356794,18.564315500914173,1645.4482671904334,7778.36381809441,-774.6061459086995,774.6061459086995,47.07569124803434,normal,191.96365287039868
8561,17684,24191,380000,6,2,50,305 Emsland Ost/West,TenneT,305,4904.89899868714,,,,,'',"SRID=4326;LINESTRING(7.25465688214231 53.0266716315927,7.25794421400606 52.9812483634914)",line,1,380.0,4.90489899868714,1.569567679579885,1645.4482671904334,91999.85567914505,1723.5258569216955,1723.5258569216955,104.74506499463382,overload,186.00443715714192
177838,134376,143035,,3,1,50,,,,7485.09715581069,,,,,'',"SRID=4326;LINESTRING(10.2315271378528 48.5297331193394,10.2656091203386 48.5323364795166)",line,1,220.0,7.48509715581069,2.395231089859421,495.3665309646989,20206.81854243995,-420.02772926044145,420.02772926044145,84.79130159287521,tight,181.3102024859492
174398,116008,143705,380000,9,4,50,Kühmoos - Daxlanden,EnBW;Amprion,7510,8448.47340463261,,,,,'',"SRID=4326;LINESTRING(7.87221153955325 47.6032426547514,7.76961579799179 47.6280905583269)",line,1,380.0,8.44847340463261,2.7035114894824352,1645.4482671904334,53412.01639488655,1289.9119453414203,1289.9119453414203,78.39273777618766,watch,176.0585797349813
142911,113486,114006,110000,6,,,,EON_Netz,,7220.20198596969,,,,,'',"SRID=4326;LINESTRING(9.44332841004623 53.6205294461743,9.34237268414491 53.6414155434795)",line,1,110.0,7.22020198596969,2.310464635510301,247.68326548234944,5237.041854712281,206.0052276804693,206.0052276804693,83.17284871034202,tight,175.21148903644806
106477,112726,134423,110000,6,1,50,110 kV Auenheim Nord; Glesch Nord,RWE,0008,1268.69971974226,,,,,'',"SRID=4326;LINESTRING(6.66352365353096 50.9763307843942,6.66768113914568 50.9932912142426)",line,1,110.0,1.26869971974226,0.40598391031752323,247.68326548234944,29804.136795806746,529.273701007174,529.273701007174,213.68972989614088,overload,175.0560919348034
116637,112114,112591,220000,6,1,50,Abbenfleth-Sottrum,transpower,2142,3703.94157632142,,,,,'',"SRID=4326;LINESTRING(9.5392428804046 53.562404675713,9.49973183010553 53.5460228584065)",line,1,220.0,3.7039415763214203,1.1852613044228546,495.3665309646989,40834.87735522393,551.315046742994,551.315046742994,111.29436735851704,overload,172.3282863982953
14294,17120,134424,220000;110000,6,2,50,,TenneT;EON_Netz,2008,13370.4964415298,,,,,'',"SRID=4326;LINESTRING(9.88747438029722 52.494488974268,9.91802181769691 52.3799541650546)",line,2,220.0,13.3704964415298,2.139279430644768,990.7330619293978,22624.440410485546,-637.3117519413034,637.3117519413034,64.32729222745168,watch,171.44363557828953
181720,141639,113305,380000,6,4;3,,RWE-Donauleitung 380 kV,EVS,,30614.7307348318,,,,,'',"SRID=4326;LINESTRING(9.66072069785998 48.4811814330485,9.42294653456484 48.6754577485859)",line,1,380.0,30.6147307348318,9.796713835146177,1645.4482671904334,14739.636415831412,805.9810651915406,805.9810651915406,48.98246157369234,normal,169.16696443337077
102680,112469,16882,380000,6,4,50,Leitung 3023,TenneT,,31877.597990322,,,,,'',"SRID=4326;LINESTRING(10.7026694203311 52.3633673563834,10.3662388275843 52.284697844369)",line,1,380.0,31.877597990322,10.20083135690304,1645.4482671904334,14155.708975845639,796.5484078402765,796.5484078402765,48.4092039672791,normal,169.08325680174417
167219,16849,16863,380000,6,4,50,Leitung 3026,TenneT,,14548.7203593648,,,,,'',"SRID=4326;LINESTRING(10.1083806791709 52.3223017612256,9.91718969909551 52.2781719558073)",line,1,380.0,14.548720359364799,4.655590514996736,1645.4482671904334,31016.473535388075,1000.9296733518465,1000.9296733518465,60.83021224732345,watch,166.9167850211539
169119,21065,115125,380000,6,4,50,,Amprion,4527,22663.543987076,,,,,'',"SRID=4326;LINESTRING(6.59299416432777 50.5733974275347,6.53303653131644 50.3922427776709)",line,1,380.0,22.663543987075997,7.252334075864319,1645.4482671904334,19910.83125645873,-865.7197511229516,865.7197511229516,52.6130033003802,normal,166.46415603063417
89022,118630,112112,380000,6,2,50,3105,TenneT,,5781.99764282994,,,,,'',"SRID=4326;LINESTRING(9.57189277822662 53.5750118474676,9.50637118853892 53.5423429695029)",line,1,380.0,5.78199764282994,1.8502392457055807,1645.4482671904334,78043.96125266151,1424.4600240752557,1424.4600240752557,86.56972403681155,tight,165.7179724663806
120229,113201,17120,220000;110000,6,2,50,,TenneT;EON_Netz,2008,12143.8868712472,,,,,'',"SRID=4326;LINESTRING(9.77459034573439 52.5706143615772,9.88747438029722 52.494488974268)",line,2,220.0,12.143886871247199,1.9430218993995518,990.7330619293978,24909.652338430646,-636.5908728192808,636.5908728192808,64.25453003249486,watch,165.5168918860735
181785,113226,134424,220000,6,1,50,,TenneT,2001,47602.8790235843,,,,,'',"SRID=4326;LINESTRING(9.79093195839392 52.0013309455489,9.91802181769691 52.3799541650546)",line,1,220.0,47.6028790235843,15.232921287546976,495.3665309646989,3177.328831835254,-206.14352834558179,206.14352834558179,41.61434321049682,normal,161.6169076415725
82451,112151,113073,220000,6,2,50,220 kV Eller Ost; Itterbach Ost,RWE,2354,9559.6568050606,,,,,'',"SRID=4326;LINESTRING(6.94841913566081 51.0725606389159,6.93575136301875 51.142091074346)",line,1,220.0,9.5596568050606,3.059090177619392,495.3665309646989,15821.697691064885,337.6540082896837,337.6540082896837,68.16245894370805,watch,160.66169527469472
84215,17701,114556,380000,6,4,50,,TenneT,3009,29856.6264682595,,,,,'',"SRID=4326;LINESTRING(9.74619344386414 50.9168529888981,9.36343700974765 51.0042301420235)",line,1,380.0,29.8566264682595,9.55412046984304,1645.4482671904334,15113.897763356576,749.1021476456278,749.1021476456278,45.52571858881369,normal,156.12369240844214
77625,134507,113474,220000,6,1,50,202 UW-HH-Nord UW-Itzehoe-West,TenneT,,12071.8722624061,,,,,'',"SRID=4326;LINESTRING(9.44943465796165 53.9670755935934,9.45967747872262 53.8646574512707)",line,1,220.0,12.0718722624061,3.862999123969952,495.3665309646989,12529.125284983233,300.2280538065241,300.2280538065241,60.60725443478117,watch,155.78869088755687
102126,16882,113187,220000,6,2,50,Leitung 2024,TenneT,2024,12335.7711032286,,,,,'',"SRID=4326;LINESTRING(10.3662388275843 52.284697844369,10.1927379645233 52.302459989368)",line,1,220.0,12.3357711032286,3.947446753033152,495.3665309646989,12261.090023015573,296.46292459072487,296.46292459072487,59.847185075943614,normal,155.031139471375
139511,113857,113856,380000;110000,6,4,50,Dümmersee Süd;Leitung 3017,Amprion,4126,12224.9821828373,,,,,'',"SRID=4326;LINESTRING(8.40448697108604 52.4977939460453,8.54555957111404 52.5634805404927)",line,2,380.0,12.2249821828373,1.955997149253968,3290.896534380867,73824.23847349432,-1971.7498264920175,1971.7498264920175,59.91527858419812,normal,154.70769801638923
85813,113157,17386,220000,6,1,50,207,TenneT,207,13089.4070779299,,,,,'',"SRID=4326;LINESTRING(9.99682977410136 54.3134085592386,10.1563058067259 54.2755447856027)",line,1,220.0,13.0894070779299,4.1886102649375685,495.3665309646989,11555.145248330095,-284.97330244651664,284.97330244651664,57.52776674103253,normal,152.18529131039972
131629,115901,112443,380000,6,4,50,,,Leitung 3023,12862.2486888985,,,,,'',"SRID=4326;LINESTRING(8.81066579635544 50.3168299852352,8.81095882680112 50.2056397942199)",line,1,380.0,12.8622486888985,4.11591958044752,1645.4482671904334,35083.2899374335,-930.687681767987,930.687681767987,56.561345642128,normal,148.7093492115336
118399,118623,118662,380000,6,3,50,449 Mecklar - Vieselbach;450 Mecklar - Eisenach,50Hertz,449;450,14920.8660973447,,,,,'',"SRID=4326;LINESTRING(10.2025741575583 51.007342054809,10.3876428266044 51.008426169893)",line,1,380.0,14.9208660973447,4.774677151150304,1645.4482671904334,30242.882487920986,-881.2251580931503,881.2251580931503,53.55532444650009,normal,148.22135376899297
71842,16940,113186,380000;380000,6;6,4;4,50;50,Leitung 3017;Leitung 3017,TenneT,3017,16865.579329533,,,,,'',"SRID=4326;LINESTRING(8.93969252741257 52.4030332405173,9.00122496841808 52.5395369865789)",line,2,380.0,16.865579329533002,2.6984926927252806,3290.896534380867,53511.354834971426,-1686.2668636562325,1686.2668636562325,51.240348824077465,normal,147.71956771301225
135040,134392,113551,220000,6,2,50,,TenneT,Leitung 2029,8081.5332039127,,,,,'',"SRID=4326;LINESTRING(10.4216240903664 52.2368911277158,10.3590559189809 52.176287968058)",line,1,220.0,8.0815332039127,2.5860906252520643,495.3665309646989,18715.508082893455,328.8998546977467,328.8998546977467,66.39525162453597,watch,146.48406134848545
85690,115381,115383,380000,6,4,50,,Amprion,4583,7872.92364835589,,,,,'',"SRID=4326;LINESTRING(7.41792981728134 52.469583955151,7.31314789709038 52.4762526935278)",line,1,380.0,7.87292364835589,2.5193355674738847,1645.4482671904334,57316.6996347329,1102.1697651791364,1102.1697651791364,66.98294848619379,watch,146.2240681137551
125101,113176,134305,380000,6,4,,Kriegenbrunn - Redwitz;Raitersaich - Würgau,TenneT TSO GmbH,432;431,31569.3158646127,,,,,'',"SRID=4326;LINESTRING(11.1213406670991 49.6957224624698,11.1068578733209 49.979041126528)",line,1,380.0,31.5693158646127,10.102181076676064,1645.4482671904334,14293.94295192263,-684.2434642161544,684.2434642161544,41.58401560594093,normal,144.85253797342077
181883,142385,112666,380000,6,3,,Großkrotzenburg - Grafenrheinfeld;Aschaffenburg - Grafenrheinfeld,TenneT TSO GmbH,417;418,63458.5237102274,,,,,'',"SRID=4326;LINESTRING(9.32795942210044 50.0156618461355,10.1626630874632 49.9862934714093)",line,1,380.0,63.4585237102274,20.306727587272768,1645.4482671904334,7110.943867218794,-551.1385038137857,551.1385038137857,33.49473300396387,normal,139.53979369801112
182028,19334,113265,220000,6,1,50,Leitung 2001,TenneT,2001,30527.7067368971,,,,,'',"SRID=4326;LINESTRING(9.85135381041867 51.649161433026,9.8524162497002 51.8987652474175)",line,1,220.0,30.527706736897102,9.768866155807073,495.3665309646989,4954.51562423432,-196.07947195839364,196.07947195839364,39.58270486634204,normal,136.59463963036907
182076,114652,16896,380000;380000,3;6,4;4,50;50,380 kV Liessem Ost;Mittelrhein;380 kV Liessem Ost;Mittelrhein,Amprion,4511,20527.8376404252,,,,,'',"SRID=4326;LINESTRING(7.07416845323536 50.5936908899782,7.03046445748719 50.7515727987454)",line,2,380.0,20.5278376404252,3.284454022468032,3290.896534380867,43964.68911185845,1459.8255605922789,1459.8255605922789,44.359509493570975,normal,136.15472169024156
14389,134358,26335,220000,6,2,50,Leitung 2013,TenneT,2013,32268.2424228922,,,,,'',"SRID=4326;LINESTRING(9.88285321214746 51.5155135427867,9.56708381164851 51.3252377548176)",line,1,220.0,32.2682424228922,10.325837575325505,495.3665309646989,4687.271095146417,190.27870308883357,190.27870308883357,38.411699457829,normal,134.61776717850495
136407,134336,113742,380000;220000,6,2,,Brauweiler (DE) - Bludenz-West (AT),RWE,4508,60415.8145389172,,,,,'',"SRID=4326;LINESTRING(9.4250726502889 48.0642166429476,9.21822308642833 48.5324240526464)",line,2,380.0,60.415814538917196,9.666530326226752,3290.896534380867,14938.14172477389,1074.658186155164,1074.658186155164,32.655483845448366,normal,134.4644202091149
111430,114777,134129,110000,6,1,,,RWE,1659,1930.73979506156,,,,,'',"SRID=4326;LINESTRING(7.01587039641033 52.1955271681998,7.01011672640826 52.1773829954939)",line,1,110.0,1.9307397950615601,0.6178367344196992,247.68326548234944,19584.46192320513,306.4798776152309,306.4798776152309,123.7386292603896,overload,133.0505650731701
119310,115468,134475,220000,6,2,50,220-kV Grafschaft-West,RWE AG,2643,833.147003081382,,,,,'',"SRID=4326;LINESTRING(7.31174589642645 52.4672474606947,7.30534456314174 52.4800010323376)",line,1,220.0,0.833147003081382,0.26660704098604227,495.3665309646989,100000.0,-1068.115850257767,1068.115850257767,215.621319465744,overload,130.67388602311647
72429,113863,142906,220000;220000,6;6,2;2,50;50,220 kV Rheinau Ost|West;220 kV Rheinau Ost|West,RWE,4504,37292.8043545554,,,,,'',"SRID=4326;LINESTRING(8.58892089055237 49.8114475771879,8.57021629562079 49.498848263176)",line,2,220.0,37.2928043545554,5.9668486967288645,990.7330619293978,8111.484379775503,-347.9190387700124,347.9190387700124,35.117334036724216,normal,128.0118833993355
44491,25432,25252,380000,6,4,50,,TenneT,3018,29286.2056859555,,,,,'',"SRID=4326;LINESTRING(9.25935137191224 51.0600752450764,9.51424549244765 51.2590220756641)",line,1,380.0,29.2862056859555,9.37158581950576,1645.4482671904334,15408.278041849631,-614.6532240460704,614.6532240460704,37.35475835381791,normal,127.4055885895026
170893,141242,113528,220000;220000;0,3;6,1;1,,220kV Amelsbüren,RWE,2304,27420.8373695746,,,,,'',"SRID=4326;LINESTRING(7.7283506816998 52.2811580026931,7.37078677015992 52.1978770689279)",line,3,220.0,27.420837369574603,2.924889319421291,1486.0995928940965,16547.634701464965,565.551216879994,565.551216879994,38.056077774613634,normal,127.3783574665294
169597,18885,113016,380000;110000,12,,50,,Amprion,4373,10302.0542354669,,,,,'',"SRID=4326;LINESTRING(8.21137573949085 51.8879595623429,8.34491968459607 51.9175356811635)",line,2,380.0,10.3020542354669,1.648328677674704,3290.896534380867,87603.88747449627,-1651.9748010970584,1651.9748010970584,50.198320847782384,normal,121.73014997917046
128053,114071,134433,380000,6,4,50,"471,472",50Hertz,,72746.9320129223,,,,,'',"SRID=4326;LINESTRING(11.8632453363665 51.3711997867524,11.1223691907243 50.9988751071947)",line,1,380.0,72.7469320129223,23.279018244135138,1645.4482671904334,6203.010732051804,462.6399184090957,462.6399184090957,28.116345413827148,normal,120.9182627169137
88378,114510,114798,380000;110000,12,4;1,,,TenneT;EON_Netz,Leitung 3005,8970.48511727927,,,,,'',"SRID=4326;LINESTRING(8.53104908432966 50.5956419526922,8.64750101837662 50.6075326537653)",line,2,380.0,8.970485117279269,1.435277618764683,3290.896534380867,100000.0,-1722.384756337203,1722.384756337203,52.33785803786275,normal,120.35766872853763
161655,118335,30589,380000;380000,6;6,4;4,50;50,380 kV Soonwald Ost|West,RWE,4523,45254.2142998399,,,,,'',"SRID=4326;LINESTRING(7.50083955693457 50.3450396428239,7.74018298323809 50.009460229729)",line,2,380.0,45.2542142998399,7.240674287974384,3290.896534380867,19942.894025743648,-1031.0100820792097,1031.0100820792097,31.329155180297363,normal,120.12076115761066
121109,114040,134281,110000,6,1,50,1043,EON_Netz,1043,528.045420354199,,,,,'',"SRID=4326;LINESTRING(8.04257999762696 53.3305925878364,8.05324040764567 53.3334140108585)",line,1,110.0,0.528045420354199,0.16897453451334368,247.68326548234944,71608.42333342531,-696.1016832886672,696.1016832886672,281.0451008601844,overload,119.1601480892865
79747,112442,115563,380000,6,4,,,,,5576.97792822159,,,,,'',"SRID=4326;LINESTRING(8.8124858729526 50.2031170664485,8.84506022245922 50.1636071718281)",line,1,380.0,5.5769779282215906,1.784632937030909,1645.4482671904334,80912.99729132986,-1039.057855731186,1039.057855731186,63.14740344315743,watch,118.94289307310089
132194,118622,118634,380000,6,3,50,3026 Mecklar - Vieselbach/Eisenach,TenneT,3026,7796.60016373888,,,,,'',"SRID=4326;LINESTRING(9.98346293250519 50.9836621788255,9.87966251159366 50.9900611866805)",line,1,380.0,7.79660016373888,2.4949120523964416,1645.4482671904334,57877.791668567734,876.3380206261353,876.3380206261353,53.25831495890558,normal,115.80303207919425
167218,16849,112475,380000,6,4,50,Leitung 3026,TenneT,,5626.39642612321,,,,,'',"SRID=4326;LINESTRING(10.1083806791709 52.3223017612256,10.1846438743188 52.3052654646128)",line,1,380.0,5.62639642612321,1.8004468563594274,1645.4482671904334,80202.31171498299,-1000.0217482035748,1000.0217482035748,60.77503426534885,watch,114.9293050321241
99186,117133,115381,380000,6,4,50,380kV Bramgau + Niedersachsen Süd,Amprion,4583,19416.835283178,,,,,'',"SRID=4326;LINESTRING(7.69656224525032 52.4707953591363,7.41792981728134 52.469583955151)",line,1,380.0,19.416835283178,6.21338729061696,1645.4482671904334,23240.141527643573,624.3591739021269,624.3591739021269,37.94462496035846,normal,114.45464209606253
124234,112504,17043,220000,6,2,50,Oberbrunn - Oberbachern,TenneT TSO GmbH,269;270,18390.3643970626,,,,,'',"SRID=4326;LINESTRING(11.3985577095064 48.1957898559286,11.2939430809764 48.0520072369313)",line,1,220.0,18.3903643970626,5.884916607060033,495.3665309646989,8224.415608869522,-190.98972177603025,190.98972177603025,38.55523331463035,normal,114.30764051166993
132397,113061,134281,220000,6,1,50,201,TenneT,,21670.1591802067,,,,,'',"SRID=4326;LINESTRING(8.34842895325349 53.2535979688195,8.05324040764567 53.3334140108585)",line,1,220.0,21.670159180206703,6.934450937666145,495.3665309646989,6979.644161458222,177.32053752774667,177.32053752774667,35.79582520087192,normal,111.72054184836438
147846,113604,113858,380000;220000;110000,12,4;2,50,,Amprion;RWE,2431,15552.2365170403,,,,,'',"SRID=4326;LINESTRING(8.29938794559978 52.3848939857067,8.40206798768896 52.4960159800192)",line,3,380.0,15.552236517040301,1.6589052284842989,4936.3448015713,87045.35830050686,-1940.936858176589,1940.936858176589,39.31931289643229,normal,110.35048638003897
181789,116052,116053,220000,9,2,50,220 kV Heisdorf - Quint Nord; Niederstedem West,RWE,,3238.86902439622,,,,,'',"SRID=4326;LINESTRING(6.57711973691709 49.7705765735541,6.56763801909321 49.7990491424165)",line,1,220.0,3.23886902439622,1.0364380878067905,495.3665309646989,46698.399614413414,373.21359215990736,373.21359215990736,75.34089786669571,watch,108.81459465372797
178989,17814,18277,110000;110000,9;6,1;1,50;50,110kV Wehrendorf Ost+West;110kV Wehrendorf Ost+West,RWE,0082,17542.7529377495,,,,,'',"SRID=4326;LINESTRING(8.30806397038004 52.3456216256355,8.10489500188887 52.2642974245414)",line,2,110.0,17.5427529377495,2.80684047003992,495.3665309646989,4310.89694236449,183.77555673491216,183.77555673491216,37.09890459838283,normal,108.33173355808432
155212,112951,113960,220000,6,,,,,5100,8384.94044545873,,,,,'',"SRID=4326;LINESTRING(8.39752538696023 49.0902432462769,8.32162699809955 49.0416915451491)",line,1,220.0,8.38494044545873,2.6831809425467936,495.3665309646989,18038.291504135457,-239.22656394468638,239.22656394468638,48.29283954222864,normal,108.13280243753962
14793,134358,19334,220000,6,2,50,Leitung 2014,TenneT,2014,14937.4699358357,,,,,'',"SRID=4326;LINESTRING(9.88285321214746 51.5155135427867,9.85135381041867 51.649161433026)",line,1,220.0,14.937469935835699,4.7799903794674234,495.3665309646989,10125.54339186612,-193.13317559635664,193.13317559635664,38.987933888113204,normal,107.94483740754902
181876,113226,113265,220000,6,1,50,Leitung 2001,TenneT,2001,12827.0262967877,,,,,'',"SRID=4326;LINESTRING(9.79093195839392 52.0013309455489,9.8524162497002 51.8987652474175)",line,1,220.0,12.8270262967877,4.104648414972064,495.3665309646989,11791.509310141344,200.7508841773122,200.7508841773122,40.5257262307086,normal,106.44588988546091
72977,21347,19966,110000;110000,4;6,1;1,50;50,110 kV Bekond;110 kV Bekond,Westnetz,2326,16652.536070923,,,,,'',"SRID=4326;LINESTRING(6.79230526049645 49.8531218474701,6.92009758457639 49.9705403656679)",line,2,110.0,16.652536070923002,2.6644057713476803,495.3665309646989,4541.3503191293985,182.4824683102751,182.4824683102751,36.83786790256108,normal,105.75707830411157
169501,6003,112422,220000,6,1,50,Leitung 2144,TenneT,2144,16026.6473261445,,,,,'',"SRID=4326;LINESTRING(8.76445061909099 53.2266841855798,8.53990162212854 53.2301155493101)",line,1,220.0,16.026647326144502,5.128527144366241,495.3665309646989,9437.407395448434,184.5508184435218,184.5508184435218,37.255407240396174,normal,105.61086868063842
169596,114390,18885,380000;110000,12,,50,,Amprion,4373,7263.30862114209,,,,,'',"SRID=4326;LINESTRING(8.12513292644933 51.8530880781187,8.21137573949085 51.8879595623429)",line,2,380.0,7.263308621142089,1.1621293793827343,3290.896534380867,100000.0,-1631.1427640666843,1631.1427640666843,49.5653007326637,normal,104.67324453025688
180726,113186,17476,380000;380000;380000;380000;380000,3;3;3;9;6,4;4;4,50;50;50,Leitung 3017;Leitung 3017;Leitung 3017,TenneT,3017,8630.60853445162,,,,,'',"SRID=4326;LINESTRING(9.00122496841808 52.5395369865789,9.12526385645653 52.5382634068284)",line,5,380.0,8.63060853445162,0.5523589462049037,8000.0,100000.0,-3678.0578316904234,3678.0578316904234,45.97572289613029,normal,104.13254876650251
148892,112423,112576,380000,6,2,50,,TenneT,301,6235.0137781254,,,,,'',"SRID=4326;LINESTRING(8.49611989113724 53.1993159860928,8.42338968062059 53.2315016435464)",line,1,380.0,6.2350137781254,1.995204409000128,1645.4482671904334,72373.53694119204,860.7689661216668,860.7689661216668,52.31212571583371,normal,103.52215340117445
168975,19954,113742,380000;220000,6,2,,Brauweiler (DE) - Bludenz-West (AT),RWE,4508,35069.7580544063,,,,,'',"SRID=4326;LINESTRING(8.95181560351669 48.7424807524249,9.21822308642833 48.5324240526464)",line,2,380.0,35.0697580544063,5.611161288705008,3290.896534380867,25734.423334198233,-947.0722451738474,947.0722451738474,28.778548194376,normal,103.18418339290227
1287,16896,134254,220000,6,2,50,220 kV Berggeist West; Nette Ost,RWE,4115,6102.56114642577,,,,,'',"SRID=4326;LINESTRING(7.03046445748719 50.7515727987454,6.97272311704149 50.7957293597724)",line,1,220.0,6.10256114642577,1.9528195668562465,495.3665309646989,24784.675871471787,260.1178306911734,260.1178306911734,52.51017467502465,normal,102.94385779918767
98278,113869,118509,380000;110000,12,4;1,50,,EON,,7531.38616141898,,,,,'',"SRID=4326;LINESTRING(8.36280936398473 50.6107392822919,8.46452542394252 50.6005066546635)",line,2,380.0,7.53138616141898,1.205021785827037,3290.896534380867,100000.0,-1575.8747436934284,1575.8747436934284,47.88587934108071,normal,102.65544254941956
165178,114424,18160,220000;220000;220000,6;6;6,2;2;2,50;50;50,"303, 304;303, 304;303, 304",50Hertz Transmission,303;304,58994.6029818748,,,,,'',"SRID=4326;LINESTRING(13.9643618464515 53.1733359931531,13.6703967390889 52.6913456063125)",line,3,220.0,58.9946029818748,6.292757651399978,1486.0995928940965,7691.381534331333,371.6416501157779,371.6416501157779,25.00785626298614,normal,102.38853073778775
172517,133697,142385,380000,6,3,,Großkrotzenburg - Grafenrheinfeld;Aschaffenburg - Grafenrheinfeld,TenneT TSO GmbH,417;418,20714.8853635878,,,,,'',"SRID=4326;LINESTRING(9.09055903916706 49.9699836223947,9.32795942210044 50.0156618461355)",line,1,380.0,20.7148853635878,6.628763316348096,1645.4482671904334,21783.85214688168,-546.3699327290183,546.3699327290183,33.204929235601725,normal,102.20470534028202
179495,17291,134347,380000;380000,3;6,4;4,50;50,3021 UW Lüneburg - UW Stadorf;3021 UW Lüneburg - UW Stadorf,TenneT,,25230.1869802208,,,,,'',"SRID=4326;LINESTRING(10.3789634211254 53.2198904503378,10.383048885796 52.9939634151273)",line,2,380.0,25.230186980220797,4.036829916835328,3290.896534380867,35770.64255241211,1022.29001672423,1022.29001672423,31.06417980766322,normal,101.48390830720832
86149,112715,115171,220000,6,1,50,220kV Utfort West+Uerdingen West,RWE,2339,4338.34662725555,,,,,'',"SRID=4326;LINESTRING(6.58449041382329 51.4393552658584,6.61389829178493 51.4736192398131)",line,1,220.0,4.338346627255549,1.3882709207217758,495.3665309646989,34863.51206926985,299.5971002384192,299.5971002384192,60.47988338149743,watch,101.29872342638704
181630,16956,134476,220000,6,2,50,220 kV Eller West; Frixheim Süd,RWE,2397,5433.60029179223,,,,,'',"SRID=4326;LINESTRING(6.82809305750979 51.162560954334,6.80133711744184 51.1238419585396)",line,1,220.0,5.43360029179223,1.7387520933735134,495.3665309646989,27836.055631193918,-266.1329079096071,266.1329079096071,53.72444266497537,normal,100.00989290436797
81315,118468,116078,220000,6,,50,220 kV Wengerohr; 110kV Idesheim Nord,Amprion,,12274.417072073,,,,,'',"SRID=4326;LINESTRING(6.51202358934796 49.8835778810427,6.67156797706872 49.8964393514753)",line,1,220.0,12.274417072073,3.92781346306336,495.3665309646989,12322.377438528387,190.39461526678335,190.39461526678335,38.43509873305335,normal,99.38696399174707
82103,16893,114720,380000,6,4,50,Leitung 3012,TenneT,3012,28765.2128469055,,,,,'',"SRID=4326;LINESTRING(9.3897502251176 52.0263153405098,9.23187002273009 51.810119094224)",line,1,380.0,28.7652128469055,9.204868111009759,1645.4482671904334,15687.351329595482,480.04716017164424,480.04716017164424,29.17424812092781,normal,98.99815354823286
100210,116236,116234,220000;110000,6,,50,220 kV Kondelwald,,,19089.2079726639,,,,,'',"SRID=4326;LINESTRING(7.31203147085527 50.2333453736307,7.49135119157758 50.3507650750805)",line,2,220.0,19.0892079726639,3.054273275626224,990.7330619293978,15846.650129915584,325.5018046178091,325.5018046178091,32.85464239821697,normal,98.56993151494794
181675,112643,133851,220000;220000,3;6,1;1,,Ludersheim - Raitersaich;Ludersheim - Raitersaich,TenneT TSO GmbH,237,37998.1799031832,,,,,'',"SRID=4326;LINESTRING(10.8419887784191 49.3861637661992,11.3269828608243 49.3934752979724)",line,2,220.0,37.9981799031832,6.079708784509312,990.7330619293978,7960.907621647922,263.71533977188557,263.71533977188557,26.618203217960097,normal,97.51618612031903
75919,112208,134014,220000;220000,3;6,2;2,50;50,,TenneT,203,2346.9275517948,,,,,'',"SRID=4326;LINESTRING(9.98045887636357 53.7450907669697,9.98835987036985 53.7661313909231)",line,2,220.0,2.3469275517948,0.375508408287168,990.7330619293978,100000.0,-799.2502629203688,799.2502629203688,80.67261441380316,tight,97.4559690862801
167434,112643,134655,220000,6,1,,Raitersaich - Trennfeld,TenneT TSO GmbH,211,39156.7057785259,,,,,'',"SRID=4326;LINESTRING(10.8419887784191 49.3861637661992,10.336396317904 49.4981127521291)",line,1,220.0,39.156705778525904,12.530145849128289,495.3665309646989,3862.684487696298,130.73118946505917,130.73118946505917,26.390799800395765,normal,97.45566693723941
104348,113355,118123,380000,6,4,,Raitersaich - Würgau;Raitersaich - Kriegenbrunn,TenneT TSO GmbH,431;438,12463.4235789869,,,,,'',"SRID=4326;LINESTRING(10.9354551599652 49.5636823602756,10.8282633293615 49.481109938566)",line,1,380.0,12.4634235789869,3.988295545275808,1645.4482671904334,36205.94270428224,611.4267453797996,611.4267453797996,37.158673266817274,normal,96.61168261403687
162463,117623,25404,220000;220000;220000;220000;220000,6;6;6;6;9,1;2;2;2,50;50;50;50;50,220 kV Bigge Ost+West;220 kV Bigge Ost+West;220 kV Bigge Ost+West+ANK;220 kV Bigge Ost+West+ANK;220 kV Bigge Ost+West+ANK,RWE,2468,30671.8286109528,,,,,'',"SRID=4326;LINESTRING(7.6025920884929 51.3453577551505,7.21580005085776 51.2210060089823)",line,5,220.0,30.6718286109528,1.9629970311009792,2476.832654823494,24656.175854149948,-692.1792956096436,692.1792956096436,27.946147038301632,normal,96.56588774550761
166956,18928,114188,220000,6,2,,OBR-KR-SSI,TenneT TSO GmbH,250;251,47395.9381149333,,,,,'',"SRID=4326;LINESTRING(11.3060342063064 48.03553867966,11.3045348216418 47.6546272744112)",line,1,220.0,47.3959381149333,15.166700196778656,495.3665309646989,3191.2017361746202,-122.9335021679899,122.9335021679899,24.81667502416518,normal,96.27420335016197
173863,114830,143330,220000;220000,6;6,4;2,,Anlage 302 ; Hohck-Wdlng;2x 220 kV,EVS,,22018.3879102262,,,,,'',"SRID=4326;LINESTRING(9.26921945696098 48.9171229816527,9.38634993192534 48.7479400350264)",line,2,220.0,22.0183879102262,3.522942065636192,990.7330619293978,13738.51715363354,-303.5847174978022,303.5847174978022,30.642433281330877,normal,96.1036603677915
133116,25252,118804,380000,6,4,50,,TenneT,,11648.8456589002,,,,,'',"SRID=4326;LINESTRING(9.51424549244765 51.2590220756641,9.58262531025211 51.3345117894972)",line,1,380.0,11.6488456589002,3.727630610848064,1645.4482671904334,38737.74391158031,-620.6053866061998,620.6053866061998,37.71649337027591,normal,95.70808965979204
168037,16893,18791,380000,6,4,50,Leitung 3011,TenneT,3011,21766.8217148189,,,,,'',"SRID=4326;LINESTRING(9.3897502251176 52.0263153405098,9.43564231453684 52.1897604772575)",line,1,380.0,21.7668217148189,6.9653829487420476,1645.4482671904334,20731.092757230057,502.74282908948487,502.74282908948487,30.553548179786116,normal,95.48913514599857
168038,18791,117449,380000,6,4,50,Leitung 3011,TenneT,3011,22004.4796960617,,,,,'',"SRID=4326;LINESTRING(9.43564231453684 52.1897604772575,9.32068654470251 52.3511426488524)",line,1,380.0,22.004479696061697,7.041433502739743,1645.4482671904334,20507.187910503675,498.14644174858245,498.14644174858245,30.274208656778768,normal,94.93050205028226
113207,116008,116011,380000,9,4,50,Kühmoos - Daxlanden,EnBW;Amprion,7510,6347.76731508089,,,,,'',"SRID=4326;LINESTRING(7.87221153955325 47.6032426547514,7.95193055314881 47.596434280668)",line,1,380.0,6.3477673150808895,2.0312855408258845,1645.4482671904334,71087.98694116117,-773.8636533389449,773.8636533389449,47.030567218032324,normal,93.79759867253578
180837,16882,134347,380000;380000;380000,3;6;3,4;4;4,50;50;50,Stadorf 2;Leitung 3007;Stadorf 1,TenneT,2,85430.855226759,,,,,'',"SRID=4326;LINESTRING(10.3662388275843 52.284697844369,10.383048885796 52.9939634151273)",line,3,380.0,85.430855226759,9.11262455752096,4936.3448015713,15846.148284559991,-1030.1778450593802,1030.1778450593802,20.869244075727078,normal,93.06315364531055
181853,134336,142269,380000;220000,6,,,Herbertingen - Tiengen,,5200,21380.2957166884,,,,,'',"SRID=4326;LINESTRING(9.4250726502889 48.0642166429476,9.27060565842581 47.9354480250047)",line,2,380.0,21.3802957166884,3.4208473146701444,3290.896534380867,42211.76413830203,-981.8212674260524,981.8212674260524,29.834461739185837,normal,92.73090462379321
168343,134299,18119,220000,6,2,50,220 kV Godorf Ost; Olefin West,RWE,4501,12176.4476016219,,,,,'',"SRID=4326;LINESTRING(6.80447610684917 50.9661875964499,6.91098381197121 50.8830875439979)",line,1,220.0,12.1764476016219,3.8964632325190083,495.3665309646989,12421.521033758116,-178.09019736722055,178.09019736722055,35.951196989509924,normal,92.6976794846425
97090,114390,114391,380000;110000,12,4,50,,RWE,4373,5615.69108951339,,,,,'',"SRID=4326;LINESTRING(8.12513292644933 51.8530880781187,8.05047654830048 51.83295434074)",line,2,380.0,5.61569108951339,0.8985105743221423,3290.896534380867,100000.0,1609.108688184302,1609.108688184302,48.89575443571434,normal,92.38580281135751
182190,24254,118079,220000;110000,6,,50,,RWE,,10441.178280646,,,,,'',"SRID=4326;LINESTRING(9.09181851974764 49.2947261816589,9.02828545871078 49.373940772108)",line,2,220.0,10.441178280646,1.67058852490336,990.7330619293978,28971.825963427968,375.4520018819062,375.4520018819062,37.89638362837455,normal,92.36178534662277
71814,134309,134424,220000;220000,3;3,1,50,Leitung 2026;Leitung 2026,TenneT,,14104.3358882984,,,,,'',"SRID=4326;LINESTRING(10.0906198132517 52.314337320797,9.91802181769691 52.3799541650546)",line,2,220.0,14.1043358882984,2.256693742127744,990.7330619293978,21447.305452429548,336.1775410257525,336.1775410257525,33.93220171446236,normal,92.12531170125717
166971,18188,114397,380000;220000,12,4;2,50,RWE 4516 Eiberg - Opladen,RWE,4516,19620.0745009496,,,,,'',"SRID=4326;LINESTRING(7.09807983481093 51.3766847954595,7.00144542924099 51.250121793599)",line,2,380.0,19.6200745009496,3.139211920151936,3290.896534380867,45998.80596561035,-996.728700900061,996.728700900061,30.287451777561905,normal,91.65785802872415
71909,17137,17376,380000;380000,6;6,4;4,50;50,"380 kV Oberzier Süd, Selfkant weiss;380 kV Oberzier Süd, Selfkant weiss",RWE,4117,20021.2723283631,,,,,'',"SRID=4326;LINESTRING(6.45659082917129 50.8712553044483,6.59601478983902 50.9525301186299)",line,2,380.0,20.0212723283631,3.2034035725380963,3290.896534380867,45077.05530389669,987.629533150987,987.629533150987,30.01095667496562,normal,91.399415726964
178060,118032,134644,0;380000;380000,3;6;6,4;4,50;50,"574 Remptendorf - Röhrsdorf, 573 Remptendorf - Weida;574 Remptendorf - Röhrsdorf, 573 Remptendorf - Weida",50Hertz Transmission GmbH,573;574,43217.7090509295,,,,,'',"SRID=4326;LINESTRING(12.0441118661766 50.7959402823627,11.6464021163032 50.5348701790715)",line,3,380.0,43.2177090509295,4.6098889654324795,4936.3448015713,31323.964868306328,1179.9427040031912,1179.9427040031912,23.903166238055345,normal,90.57209352278785
179929,22609,16922,380000;380000;380000;380000;380000;380000;380000,6;3;3;3;3;3;3,2;2;2;2;2;2;2,50;50;50;50;50;50;50,3100 Dollern - Sottrum;3100 Dollern - Sottrum - Landsbergen;3100 Dollern - Sottrum - Landsbergen;3003 Dollern - Landsbergen;3100 Dollern - Sottrum - Landsbergen;3100 Dollern - Sottrum - Landsbergen;3003 Dollern - Landsbergen,TenneT,3100,52383.4370629795,,,,,'',"SRID=4326;LINESTRING(9.25079586209321 53.1143538822759,9.50180203270264 53.5429366535212)",line,7,380.0,52.3834370629795,2.3946714085933487,8000.0,60300.548744105916,-1819.879447390013,1819.879447390013,22.748493092375163,normal,90.48214334286973
82412,114720,114707,380000,6,4,50,Leitung 3012,TenneT,3012,23161.5451230656,,,,,'',"SRID=4326;LINESTRING(9.23187002273009 51.810119094224,9.32714794687812 51.6299524418668)",line,1,380.0,23.1615451230656,7.411694439380993,1645.4482671904334,19482.724386578993,463.40342227224295,463.40342227224295,28.16274637813403,normal,89.6916536277235
178338,113016,17319,110000;110000;110000,,,50,110kV Enniger-Gütersloh Süd;110kV Enniger-Gütersloh Nord;110kV Enniger-Gütersloh Nord+Süd,RWE,1542,1603.88412654266,,,,,'',"SRID=4326;LINESTRING(8.34491968459607 51.9175356811635,8.36422513588836 51.9270354299951)",line,3,110.0,1.60388412654266,0.17108097349788373,743.0497964470483,70726.74273828397,-692.2408988101056,692.2408988101056,93.1621140494366,tight,89.15653676462775
174511,113378,143785,220000;110000,9,2;1,,,Lechwerke,,6619.98838695962,,,,,'',"SRID=4326;LINESTRING(10.2797527355304 47.8049303857551,10.2663749651706 47.8636699323923)",line,2,220.0,6.61998838695962,1.0591981419135392,990.7330619293978,45694.944208041125,430.69348471270445,430.69348471270445,43.47220268131082,normal,88.28225569134983
109642,116995,134680,220000,4,1,50,220 kV Saar Nord,Amprion,2326,3722.35515904626,,,,,'',"SRID=4326;LINESTRING(6.57880542554774 49.7699209693569,6.62071471420099 49.7484795105145)",line,1,220.0,3.72235515904626,1.1911536508948033,495.3665309646989,40632.877180573276,280.9291899344334,280.9291899344334,56.71137882233169,normal,88.03350716103563
127060,116223,134680,220000,6,2,50,220 kV Heisdorf - Trier Süd; Niederstedem West,Amprion,2386,3696.21984516747,,,,,'',"SRID=4326;LINESTRING(6.57858893156427 49.7689413757301,6.62071471420099 49.7484795105145)",line,1,220.0,3.69621984516747,1.1827903504535904,495.3665309646989,40920.1850365443,-279.134680844264,279.134680844264,56.34911997398464,normal,87.15844629976996
72461,17672,113522,220000;220000,6;3,2;2,,Grafschaft West,RWE,2971,1583.17145512894,,,,,'',"SRID=4326;LINESTRING(7.0608429248286 51.6967174563455,7.04220244283914 51.6973817881516)",line,2,220.0,1.58317145512894,0.2533074328206304,990.7330619293978,100000.0,-908.6822653140425,908.6822653140425,91.7181731620457,tight,87.04218718752121
100075,116504,114417,220000;110000,6,1,50,220kV Halle West; 110kV Hesseln Ost,RWE,2310,14786.5953363372,,,,,'',"SRID=4326;LINESTRING(8.21162047621615 52.1786183942008,8.33426503650572 52.0724959428742)",line,2,220.0,14.786595336337198,2.365855253813952,990.7330619293978,20457.71816427706,310.08655985413054,310.08655985413054,31.29869909158519,normal,86.35815562775608
159182,131,16851,220000,6,2,50,204,TenneT,204,1409.45657651177,,,,,'',"SRID=4326;LINESTRING(8.10553905313517 53.5565256492864,8.1226935314256 53.5604852248008)",line,1,220.0,1.40945657651177,0.4510261044837664,495.3665309646989,100000.0,-486.3852002205197,486.3852002205197,98.18693226474373,tight,86.34570950940022
159493,134285,134684,380000,6,4,,,,3024,7872.79463495609,,,,,'',"SRID=4326;LINESTRING(8.87265547824942 50.130380977449,8.94961850031646 50.0888975021776)",line,1,380.0,7.87279463495609,2.519294283185949,1645.4482671904334,57317.63889742525,-649.3046158680536,649.3046158680536,39.4606520797355,normal,86.142201490444
169502,6003,112426,220000,6,1,50,Leitung 2144,TenneT,2144,9752.05027459674,,,,,'',"SRID=4326;LINESTRING(8.76445061909099 53.2266841855798,8.87260984542413 53.1849107672415)",line,1,220.0,9.75205027459674,3.120656087870957,495.3665309646989,15509.559091793584,-179.33998750332393,179.33998750332393,36.20349302849937,normal,85.98678811738154
170815,141184,112421,380000;380000,6;6,2;2,50;50,3103 Dollern-(Niedervieland/Unterweser)-Alfstedt;3103 Dollern-(Niedervieland/Unterweser)-Alfstedt,TenneT,3103,31714.7370918198,,,,,'',"SRID=4326;LINESTRING(8.75287369853368 53.4703921999954,8.53894006544842 53.2281066896563)",line,2,380.0,31.7147370918198,5.074357934691168,3290.896534380867,28456.802192214367,807.3724600788474,807.3724600788474,24.53351090330595,normal,85.56860866144316
171952,141988,113717,220000,6,2;1,,Iller Ltg.,RWE,4521,5771.55120951711,,,,,'',"SRID=4326;LINESTRING(9.97927885669415 48.3081158234726,10.05467606817 48.3111891480546)",line,1,220.0,5.77155120951711,1.8468963870454753,495.3665309646989,26206.126309785384,-220.7506261605559,220.7506261605559,44.56308861453685,normal,85.23716497904391
107467,114776,113529,380000;220000,9,4;2,50,,RWE,4307,19537.0845768118,,,,,'',"SRID=4326;LINESTRING(7.41536952889007 52.0379013615886,7.37185639416872 52.1977066547834)",line,2,380.0,19.5370845768118,3.125933532289888,3290.896534380867,46194.20039114538,-926.9319528885941,926.9319528885941,28.166548027405018,normal,85.12584997774253
172573,118313,142425,220000;110000,6,,50,220 kV;110 kV,RWE,,10785.9764373085,,,,,'',"SRID=4326;LINESTRING(8.94431373072866 49.5725975405267,8.9280760304342 49.6630981960663)",line,2,220.0,10.7859764373085,1.72575622996936,990.7330619293978,28045.675953236638,341.473652440283,341.473652440283,34.466766635937425,normal,85.02642462751363
133768,118803,112349,380000,9,4;2,50,380 kV Ried Ost|West,RWE,4591,20368.4669737055,,,,,'',"SRID=4326;LINESTRING(8.43110809537328 49.7059067789088,8.58343011804125 49.8152343529631)",line,1,380.0,20.3684669737055,6.51790943158576,1645.4482671904334,22154.342817382247,456.2458071014478,456.2458071014478,27.72775153122726,normal,84.90005519236254
162774,118019,24925,220000;220000,3;4,2;2,50;50,Hoheneck West;Hoheneck West,RWE,4506,14444.7774671307,,,,,'',"SRID=4326;LINESTRING(8.67700816017715 49.3496842800141,8.54671154709665 49.4408180776278)",line,2,220.0,14.4447774671307,2.311164394740912,990.7330619293978,20941.824869808006,306.0721751599227,306.0721751599227,30.893505720285958,normal,84.56389476882727
182062,134272,18962,220000,6,3,50,"301, 302",50Hertz Transmission,301;302,7432.68835334995,,,,,'',"SRID=4326;LINESTRING(13.5242965535927 52.5352216190048,13.5141319295928 52.4846533413973)",line,1,220.0,7.432688353349951,2.378460273071984,495.3665309646989,20349.2993126546,194.35945441863018,194.35945441863018,39.23548368116956,normal,83.654587783617
167307,134299,18119,380000;220000,6,4,50,380 kV Ville Ost; 220 kV Godorf West,RWE,4511,12169.4183411519,,,,,'',"SRID=4326;LINESTRING(6.80447610684917 50.9661875964499,6.91098381197121 50.8830875439979)",line,2,380.0,12.1694183411519,1.947106934584304,3290.896534380867,74161.30949727657,-1063.2677116987202,1063.2677116987202,32.309363135257556,normal,83.2902215852316
71949,17677,114006,110000;220000,3;3,1;1,50;50,1228;1228,transpower,1228,20337.7368818766,,,,,'',"SRID=4326;LINESTRING(9.06884179725554 53.5665781533444,9.34237268414491 53.6414155434795)",line,2,220.0,20.3377368818766,3.2540379011002565,990.7330619293978,14873.827985726588,-268.4745771633544,268.4745771633544,27.09857856570518,normal,82.93458157440924
150133,115345,115560,380000;110000,12,4;2;1,50,,TenneT,3002,16745.9410980919,,,,,'',"SRID=4326;LINESTRING(9.25550936909475 51.0547858904819,9.20874199742514 50.9100977711971)",line,2,380.0,16.745941098091897,2.679350575694704,3290.896534380867,53893.65666064803,947.7042389357179,947.7042389357179,28.79775249798348,normal,82.82685222592714
182166,24934,18967,220000,6,4;2,50,ALHIM-GKMBB;DAXLA-NEURO,EnBW,5100,5602.61891751704,,,,,'',"SRID=4326;LINESTRING(8.54432615076693 49.4356024755454,8.5386920066933 49.386005322072)",line,1,220.0,5.602618917517041,1.7928380536054531,495.3665309646989,26996.303376462864,-216.3259545035894,216.3259545035894,43.669876945926596,normal,82.42542437994052
124823,112407,113121,380000,6,4,,Anlage 315,RWE;EnBW,,21515.4001413304,,,,,'',"SRID=4326;LINESTRING(9.30257246615588 48.8831811806587,9.39407782543673 48.7181751767291)",line,1,380.0,21.5154001413304,6.8849280452257275,1645.4482671904334,20973.349184111295,-435.36579684091663,435.36579684091663,26.458795789690438,normal,82.3979693016676
112466,35200,113993,380000;220000,12,,50,,,,24617.6445194164,,,,,'',"SRID=4326;LINESTRING(8.30844364945986 49.2571328170907,8.27359749345576 49.0479650394363)",line,2,380.0,24.6176445194164,3.938823123106624,3290.896534380867,36660.6967327106,-829.4078377548242,829.4078377548242,25.203096757670167,normal,81.74073375475551
96936,17145,112292,380000,9,,50,380kV Trebur Süd,,4114,11717.4657090829,,,,,'',"SRID=4326;LINESTRING(8.38848172706277 49.9823438035022,8.43971907619226 50.0585753714553)",line,1,380.0,11.7174657090829,3.749589026906528,1645.4482671904334,38510.887183583516,528.5058723569686,528.5058723569686,32.11926396564145,normal,81.67852708157216
97947,113316,113317,380000,6,4,50,,TenneT,3002,3370.39475662923,,,,,'',"SRID=4326;LINESTRING(8.96100227275092 50.8246927589863,8.92238468683344 50.8120128691904)",line,1,380.0,3.37039475662923,1.0785263221213537,1645.4482671904334,100000.0,910.1362259875012,910.1362259875012,55.312357376117255,normal,81.57761492831064
181953,114932,25039,380000;380000;380000;380000;380000;380000;380000,3;3;3;9;3;3;3,4;4;4;4;4;4;4,50;50;50;50;50;50;50,Kühmoos - Daxlanden;Kühmoos - Daxlanden;Kühmoos - Daxlanden;Kühmoos - Daxlanden;Kühmoos - Daxlanden;Kühmoos - Daxlanden;Kühmoos - Daxlanden,EnBW;Amprion,7510,120168.044520156,,,,,'',"SRID=4326;LINESTRING(7.75222329755882 48.1040773731792,8.31351971390848 49.009009190997)",line,7,380.0,120.168044520156,5.493396320921418,8000.0,26286.106365575222,1349.7315433018332,1349.7315433018332,16.871644291272915,normal,80.93628722571027
147456,114801,116105,380000;110000,12,4;2;1,50,,TenneT;EON_Netz,3002,18928.8896702321,,,,,'',"SRID=4326;LINESTRING(8.6577627433617 50.6096344399067,8.80407449778974 50.7370944769007)",line,2,380.0,18.9288896702321,3.028622347237136,3290.896534380867,47678.44367645542,-887.252332438329,887.252332438329,26.96080910381013,normal,80.67133553188374
168609,18967,25248,220000,6,4;2,50,ALHIM-GKMBB;DAXLA-NEURO,EnBW,5100,10663.6327867578,,,,,'',"SRID=4326;LINESTRING(8.5386920066933 49.386005322072,8.5120524890324 49.2939490258652)",line,1,220.0,10.6636327867578,3.412362491762496,495.3665309646989,14183.721722659438,-162.0582329251002,162.0582329251002,32.714812728567026,normal,80.3631422410928
180736,16874,16940,380000;380000;380000;380000;380000,3;3;6;3;3,4;4;4,50;50;50;50;50,Leitung 3018;Leitung 3018;Leitung 3018;Leitung 3018;Leitung 3018,TenneT,3018,45238.0476474302,,,,,'',"SRID=4326;LINESTRING(8.57123178873015 52.1053816593505,8.93969252741257 52.4030332405173)",line,5,380.0,45.2380476474302,2.895235049435533,8000.0,49875.052468763395,-1671.984783903536,1671.984783903536,20.8998097987942,normal,80.12575353353175
73442,112681,134644,380000;380000,6;6,3;3,,Redwitz - Remptendorf,TenneT TSO GmbH,413;414,35837.619260459,,,,,'',"SRID=4326;LINESTRING(11.3241694784699 50.3134515782242,11.6464021163032 50.5348701790715)",line,2,380.0,35.837619260459,5.73401908167344,3290.896534380867,25183.03443766317,-727.6282318457652,727.6282318457652,22.110334501374947,normal,79.74135442189163
88544,113330,134539,220000,6,1,50,202A,TenneT,,2686.54536868307,,,,,'',"SRID=4326;LINESTRING(9.36184258994986 53.8732792706824,9.34503642823891 53.8521671608779)",line,1,220.0,2.68654536868307,0.8596945179785824,495.3665309646989,56299.06785238543,-301.6249035389665,301.6249035389665,60.88923750088016,watch,79.44156740655002
100076,114146,116504,220000;110000,6,1,50,220kV Halle West; 110kV Hesseln Ost,RWE,2310,10051.1889317975,,,,,'',"SRID=4326;LINESTRING(8.11231253004049 52.2436233536815,8.21162047621615 52.1786183942008)",line,2,220.0,10.0511889317975,1.6081902290876,990.7330619293978,30095.942087311112,327.44633680848756,327.44633680848756,33.05091445831069,normal,79.40607850959495
161654,30589,121824,380000;380000,6;6,4;4,50;50,380 kV Soonwald Ost|West,RWE,4512,11319.0960673123,,,,,'',"SRID=4326;LINESTRING(7.74018298323809 50.009460229729,7.81831684458792 49.9226523480746)",line,2,380.0,11.319096067312302,1.8110553707699684,3290.896534380867,79732.51526738715,-1039.0304230678869,1039.0304230678869,31.572868129181856,normal,79.28422624916519
111338,113734,134456,380000,6,3,50,,EnBW,327,26156.1095912333,,,,,'',"SRID=4326;LINESTRING(10.2350870622995 48.5299357479294,10.222431007221 48.736724350476)",line,1,380.0,26.1561095912333,8.369955069194656,1645.4482671904334,17252.18341152863,394.79003098731823,394.79003098731823,23.99285585935883,normal,79.21486213977312
161652,121825,118375,380000;380000,6;6,4;4,50;50,380 kV Soonwald Ost|West,RWE,4512,10605.7248133127,,,,,'',"SRID=4326;LINESTRING(7.81856972034039 49.9218400424908,7.89836796534401 49.8599817793479)",line,2,380.0,10.6057248133127,1.696915970130032,3290.896534380867,85095.5513070779,-1060.4255066902892,1060.4255066902892,32.22299746016757,normal,78.99462977029467
71791,16785,112884,220000;220000,6;6,2;2,50;50,220 kV Gremberghoven Ost|West;220 kV Gremberghoven Ost|West,RWE,2396,8832.72226694189,,,,,'',"SRID=4326;LINESTRING(7.09592423999226 50.8267913785919,7.08407336738959 50.8977391633812)",line,2,220.0,8.83272226694189,1.4132355627107023,990.7330619293978,34247.65217991317,342.3906461498293,342.3906461498293,34.5593237277297,normal,78.99279333245427
72350,24925,142906,220000;220000,6;6,1;2,50;50,Rheinau Ost/West 2x 220 kV;220 kV Rheinau Ost|West,RWE,2327,6825.92294750591,,,,,'',"SRID=4326;LINESTRING(8.54671154709665 49.4408180776278,8.57021629562079 49.498848263176)",line,2,220.0,6.82592294750591,1.0921476716009457,990.7330619293978,44316.35140424914,379.1911920795946,379.1911920795946,38.27380014361697,normal,78.74611159221693
150135,115561,113315,380000;110000,12,4;2;1,50,,TenneT,3002,14823.7997907576,,,,,'',"SRID=4326;LINESTRING(9.20537969314821 50.9073329791782,9.02450337170158 50.8451405571297)",line,2,380.0,14.8237997907576,2.371807966521216,3290.896534380867,60881.82603239786,930.9291037210296,930.9291037210296,28.288008875252288,normal,78.1177642957781
169321,114404,8211,220000,6,4;2,50,,,5110,12908.2329700633,,,,,'',"SRID=4326;LINESTRING(8.10010765926433 48.707061046957,8.18346107683638 48.8054455535076)",line,1,220.0,12.9082329700633,4.130634550420257,495.3665309646989,11717.328030163239,146.71047021236896,146.71047021236896,29.616548765750977,normal,77.96500086893364
181588,134129,28887,380000;380000;220000;380000;220000;220000,6;6;3;9;3,4;4;1;4;1;1,,380kV Hamaland + Münsterland,RWE,4306,56203.5352939765,,,,,'',"SRID=4326;LINESTRING(7.01011672640826 52.1773829954939,7.01075512363856 51.7056687956813)",line,6,380.0,56.2035352939765,2.9975218823454135,8000.0,48173.12622485815,1537.034344951712,1537.034344951712,19.212929311896403,normal,77.74734144098043
170814,141184,17677,380000;380000,6;6,2;2,50;50,3103 Dollern-(Niedervieland/Unterweser)-Alfstedt;3103 Dollern-(Niedervieland/Unterweser)-Alfstedt,TenneT,3103,23692.6041055307,,,,,'',"SRID=4326;LINESTRING(8.75287369853368 53.4703921999954,9.06884179725554 53.5665781533444)",line,2,380.0,23.692604105530698,3.7908166568849118,3290.896534380867,38092.055899812396,-796.402248292035,796.402248292035,24.200160654454187,normal,77.59790636997323
150598,113882,114510,380000;110000,6;6,4;1,,,TenneT;EON_Netz,Leitung 3005,3444.01752768833,,,,,'',"SRID=4326;LINESTRING(8.48275044442674 50.5919034758504,8.53104908432966 50.5956419526922)",line,2,380.0,3.44401752768833,0.5510428044301329,3290.896534380867,100000.0,-1709.1627515078312,1709.1627515078312,51.936082877469886,normal,77.46572227888603
180758,115375,17748,380000;380000;220000;380000;220000,3;3;3;6;3,4;4;1;4;1,50,,RWE,4305,44702.3991206916,,,,,'',"SRID=4326;LINESTRING(7.30989132452239 52.4647345577937,7.03495438287882 52.2028584150601)",line,5,380.0,44.7023991206916,2.860953543724263,8000.0,50472.68254905896,1615.63023692421,1615.63023692421,20.195377961552627,normal,77.18977990467295
72432,114418,17319,220000;220000,3;6,2;2;1,50;50,220kV Halle West;220kV Halle West+Spexard,RWE,2310,18447.0759614524,,,,,'',"SRID=4326;LINESTRING(8.33466775124759 52.07052004268,8.36422513588836 51.9270354299951)",line,2,220.0,18.4470759614524,2.951532153832384,990.7330619293978,16398.262826700215,257.4558876661623,257.4558876661623,25.98640315533442,normal,77.11976347600728
167963,36435,113621,380000,6,3,50,513;514,50Hertz,513;514,59023.1035289837,,,,,'',"SRID=4326;LINESTRING(12.087765028073 53.2509322994519,12.6114578857275 53.5855257872311)",line,1,380.0,59.023103528983704,18.887393129274784,1645.4482671904334,7645.311293710785,-307.5588855316199,307.5588855316199,18.691495300351797,normal,76.53661808251121
123575,114473,134285,220000;110000,12,,,,,,5129.27002329207,,,,,'',"SRID=4326;LINESTRING(8.90770226250367 50.0928415860908,8.87265547824942 50.130380977449)",line,2,220.0,5.12927002329207,0.8206832037267312,990.7330619293978,58975.25352074355,417.95683179294775,417.95683179294775,42.186624011416356,normal,76.48754118097582
147765,112358,134324,380000,6,4,50,380kV Lohheide West+Zensenbusch Süd,RWE,4537,6260.99633035855,,,,,'',"SRID=4326;LINESTRING(6.63378636335463 51.4965098471317,6.71804677656335 51.5287926233631)",line,1,380.0,6.26099633035855,2.003518825714736,1645.4482671904334,72073.19349669036,626.7737364701578,626.7737364701578,38.091366891792966,normal,75.5167845115215
174454,143745,23490,220000,6,1,,Raitersaich - Trennfeld,TenneT TSO GmbH,211,34767.1522565264,,,,,'',"SRID=4326;LINESTRING(9.84412944371985 49.7176754427313,10.1851124954458 49.5263632715649)",line,1,220.0,34.7671522565264,11.125488722088448,495.3665309646989,4350.370685640718,-104.57373429335031,104.57373429335031,21.11037540015042,normal,75.51244479778155
171455,134320,141639,380000,6,4;3,,RWE-Donauleitung 380 kV,EVS,,3572.99242000383,,,,,'',"SRID=4326;LINESTRING(9.70424505670117 48.464942166562,9.66072069785998 48.4811814330485)",line,1,380.0,3.57299242000383,1.1433575744012257,1645.4482671904334,100000.0,814.5924889353117,814.5924889353117,49.505809764910474,normal,75.2571372799159
139038,20887,118757,110000,6,1,50,,,0250,840.096706280539,,,,,'',"SRID=4326;LINESTRING(7.25209602951627 51.221794712333,7.24167685510749 51.2272408394216)",line,1,110.0,0.840096706280539,0.2688309460097725,247.68326548234944,45009.69914215212,305.18920535708236,305.18920535708236,123.21753137530034,overload,75.14028432018348
99188,134684,113011,220000;110000,12,1,,Aschaffenburg - Großkrotzenburg,E.ON Netz GmbH,213;214;1173,10729.8882486056,,,,,'',"SRID=4326;LINESTRING(8.94961850031646 50.0888975021776,9.0962755289677 50.1193490685039)",line,2,220.0,10.7298882486056,1.7167821197768962,990.7330619293978,28192.27870703232,-302.23224917358306,302.23224917358306,30.505921401775215,normal,75.10985345820073
154455,118561,118557,380000;220000,12,4;1,50,Kaiserslautern Süd; Eisbach Süd; Weingarten Ltg.; Roxheim Süd,RWE,4557,13016.9440580597,,,,,'',"SRID=4326;LINESTRING(8.28777371712292 49.5265275889011,8.33803068434522 49.4166034606011)",line,2,380.0,13.0169440580597,2.082711049289552,3290.896534380867,69332.70942661838,-935.5525166936959,935.5525166936959,28.428499860744065,normal,75.05882684834859
73916,113869,24862,380000;380000;380000;380000;380000;380000,6;6;6;6;6;6,4;4;4;4;4;4,50;50;50;50,Westerwald West + Ost;380kV Westerwald Ost+West;380kV Westerwald Ost+West;Dauersberg - Hünfelden;380kV Westerwald West 1+Ost 2,RWE,4124,45008.1098608215,,,,,'',"SRID=4326;LINESTRING(8.36280936398473 50.6107392822919,7.86403944877968 50.7684190499606)",line,6,380.0,45.008109860821506,2.4004325259104804,8000.0,60155.82543618022,1561.0688540346723,1561.0688540346723,19.513360675433404,normal,74.71310039465149
180144,118504,118502,380000,6,4,,380kV Nassau Ltg,Amprion,,16756.9947018176,,,,,'',"SRID=4326;LINESTRING(7.90643501625846 50.3527009690134,8.12387169179043 50.3098499933696)",line,1,380.0,16.7569947018176,5.362238304581632,1645.4482671904334,26929.053092739457,-426.3734186264051,426.3734186264051,25.912295580974316,normal,74.54396088089528
101307,115791,115794,380000;220000,6;6,4;2,50,RWE 4516 Eiberg - Opladen,RWE,4516,9119.72074196606,,,,,'',"SRID=4326;LINESTRING(7.00393025914839 51.1767073408002,7.00106175878314 51.2474869530732)",line,2,380.0,9.119720741966061,1.4591553187145698,3290.896534380867,98961.3635697178,1059.2924023510443,1059.2924023510443,32.188565981468464,normal,74.49998753911869
165179,18160,23874,220000;220000;220000,6;6;6,2;2;2,50;50;50,"303, 304;303, 304;303, 304",50Hertz Transmission,303;304,17646.693411683,,,,,'',"SRID=4326;LINESTRING(13.6703967390889 52.6913456063125,13.7095318569489 52.5398286734852)",line,3,220.0,17.646693411683003,1.8823139639128537,1486.0995928940965,25713.032431310592,377.99141683474204,377.99141683474204,25.43513359684224,normal,74.41477763790509
173590,112044,143137,220000,6,2,50,294; 295,50Hertz Transmission,294;295,20522.3239159459,,,,,'',"SRID=4326;LINESTRING(13.2086783681986 52.6796245910322,12.9574803082665 52.5968671732783)",line,1,220.0,20.5223239159459,6.567143653102688,495.3665309646989,7370.023035377507,119.28997020341455,119.28997020341455,24.081152590406937,normal,73.9072418969077
147141,114428,114427,220000,6,2,50,"303, 306",50Hertz Transmission,303;306,8656.95045408155,,,,,'',"SRID=4326;LINESTRING(13.9604951381425 53.2534505490662,13.9659389287643 53.1758219835894)",line,1,220.0,8.656950454081551,2.7702241453060963,495.3665309646989,17471.510412617547,161.38214177333143,161.38214177333143,32.57832971861232,normal,73.87715866066442
78495,113357,113356,220000;110000,6,2;1,,Vöhringen West;K11,,,5343.28307599857,,,,,'',"SRID=4326;LINESTRING(10.1943466675341 47.9678562788865,10.1469944926145 47.9911960724943)",line,2,220.0,5.34328307599857,0.8549252921597712,990.7330619293978,56613.13385375298,395.86044314337823,395.86044314337823,39.95631702978216,normal,73.8151590250191
103944,16837,112271,110000,6,2,50,,50Hertz,,692.219872392724,,,,,'',"SRID=4326;LINESTRING(10.1576904324052 53.5551238482492,10.1676086724284 53.5587348554912)",line,1,110.0,0.692219872392724,0.2215103591656717,247.68326548234944,54624.98478886121,-347.298812699059,347.298812699059,140.21892517555185,overload,73.76093179724856
83040,112077,113931,380000;110000,12,4;2,,,,Leitung 3023,13588.185178961,,,,,'',"SRID=4326;LINESTRING(8.79970275662805 50.354268644782,8.71532049856109 50.4625810927637)",line,2,380.0,13.588185178961,2.1741096286337602,3290.896534380867,66417.99387583914,905.3145386911563,905.3145386911563,27.509662769190573,normal,73.73172735633388
173563,118504,143119,380000,6,4,,,RWE,,17489.7565777123,,,,,'',"SRID=4326;LINESTRING(7.90643501625846 50.3527009690134,7.66954100627858 50.3857528822554)",line,1,380.0,17.489756577712303,5.596722104867937,1645.4482671904334,25800.816494784198,413.5480442253999,413.5480442253999,25.132849963829255,normal,73.31797416288671
168126,114769,134401,220000,6,2,50,220kV Wambel Ost+West,RWE,4330,17566.203019978,,,,,'',"SRID=4326;LINESTRING(7.61501165662197 51.5445454574479,7.71587466201739 51.6746596100824)",line,1,220.0,17.566203019977998,5.621184966392959,495.3665309646989,8610.284181959172,-123.99019561393642,123.99019561393642,25.029990494608587,normal,73.12118466705418
93586,115416,132025,220000;110000,16,2;1,50;16.7,,RWE;DB_Energie,2444,10213.4612042893,,,,,'',"SRID=4326;LINESTRING(6.5837126524503 51.7111325585095,6.67639911666671 51.6565924757544)",line,2,220.0,10.2134612042893,1.6341537926862881,990.7330619293978,29617.775399485578,296.47952831114713,296.47952831114713,29.925268440498968,normal,72.33281372567559
72065,118621,118624,380000;380000,6;6,3;3,50;50,449 Mecklar - Vieselbach;450 Mecklar - Eisenach;449 Mecklar - Vieselbach;450 Mecklar - Eisenach,TenneT,3026,15716.051615039,,,,,'',"SRID=4326;LINESTRING(9.99580156242716 50.9772227530099,10.1587836230772 51.0144156468082)",line,2,380.0,15.716051615039,2.51456825840624,3290.896534380867,57425.36497757362,-845.1074638067909,845.1074638067909,25.680159038053297,normal,72.32481493249206
139756,113377,116172,220000;110000,12,2;1,,,Lechwerke,,6802.75449022271,,,,,'',"SRID=4326;LINESTRING(10.3485664710713 47.7611506407916,10.2857002115319 47.8017756846063)",line,2,220.0,6.80275449022271,1.0884407184356335,990.7330619293978,44467.28166285723,346.6022954082455,346.6022954082455,34.98442806917705,normal,71.87469621871777
172574,114526,142425,220000;110000,6,,50,220 kV;110 kV,RWE,,7235.82489075174,,,,,'',"SRID=4326;LINESTRING(8.89929816369462 49.7233662575846,8.9280760304342 49.6630981960663)",line,2,220.0,7.23582489075174,1.1577319825202783,990.7330619293978,41805.876256987875,-337.0500130766285,337.0500130766285,34.020264996531175,normal,71.73150854888692
117179,25432,114547,380000,6,4,50,Leitung 3212;Leitung 3213,TenneT,3212;3213,18564.1727277255,,,,,'',"SRID=4326;LINESTRING(9.25935137191224 51.0600752450764,9.09572953293802 51.1638940657093)",line,1,380.0,18.564172727725502,5.940535272872161,1645.4482671904334,24307.573874598802,392.31901661758144,392.31901661758144,23.842683142354726,normal,70.9009861807478
161650,118349,33921,380000;380000,6;6,4;4,50;50,380 kV Soonwald Ost|West,RWE,4512,37465.9097688158,,,,,'',"SRID=4326;LINESTRING(8.4269422480747 49.6341821536024,8.0181674172051 49.8154662345685)",line,2,380.0,37.4659097688158,5.9945455630105275,3290.896534380867,24088.564926593153,634.8706070012785,634.8706070012785,19.291721886987855,normal,70.41039386959005
147457,113317,116105,380000;110000,12,4;2;1,50,,TenneT;EON_Netz,3002,12007.0747116552,,,,,'',"SRID=4326;LINESTRING(8.92238468683344 50.8120128691904,8.80407449778974 50.7370944769007)",line,2,380.0,12.0070747116552,1.921131953864832,3290.896534380867,75164.01968615623,899.082159830515,899.082159830515,27.320280368512524,normal,70.08999946395113
133180,113330,112111,380000;220000,12,2;1,50,307;202A,TenneT,,6485.37150743329,,,,,'',"SRID=4326;LINESTRING(9.36184258994986 53.8732792706824,9.45870783720494 53.8645210451315)",line,2,380.0,6.485371507433291,1.0376594411893265,3290.896534380867,100000.0,1138.903627985388,1138.903627985388,34.607700852547644,normal,69.66359393415328
177942,18108,113627,220000;220000;220000;220000;220000;220000,3;3;6;3;3,2;2;2;2;2,50;50;50;50;50,"331;331;331,332;331, 332;332;332",50Hertz Transmission,331,89724.0284336376,,,,,'',"SRID=4326;LINESTRING(12.1870420174299 53.8158258984951,11.8559109513978 53.0904843717537)",line,6,220.0,89.7240284336376,4.785281516460672,2972.199185788193,10114.347470156363,459.30233321244685,459.30233321244685,15.453282384593788,normal,69.66065007803626
167349,117472,31001,220000,6,2,50,220 kV Rheinau Ost|West,RWE,2327,6421.40224445443,,,,,'',"SRID=4326;LINESTRING(8.42315216605947 49.6398211735743,8.4881978399368 49.5996644703187)",line,1,220.0,6.42140224445443,2.0548487182254176,495.3665309646989,23554.045400382853,-172.09932177513235,172.09932177513235,34.74181459937926,normal,69.63538217648332
169245,25063,118527,220000,6,1,50,,Amprion,2319,4483.33513306069,,,,,'',"SRID=4326;LINESTRING(7.92896630920816 50.8178587245952,7.91365486602846 50.7846747489105)",line,1,220.0,4.48333513306069,1.4346672425794207,495.3665309646989,33736.04593702198,-202.47567644156982,202.47567644156982,40.8739112929692,normal,69.55568733013463
71796,19605,112138,110000;110000,6;6,1;1,50;50,,RWE,1290,5309.82069968133,,,,,'',"SRID=4326;LINESTRING(6.90263526056579 51.0146924999731,6.84631536282639 50.9876772481058)",line,2,110.0,5.30982069968133,0.8495713119490128,495.3665309646989,14242.477152672716,-186.65641469589318,186.65641469589318,37.68046547924628,normal,69.41145905284435
173392,112880,142998,220000,6,1,50,220kV Herdecke Nord+Süd,RWE,2314,3744.6802482854,,,,,'',"SRID=4326;LINESTRING(7.12132775986342 51.4463394826491,7.13772514455253 51.4166151554561)",line,1,220.0,3.7446802482854,1.198297679451328,495.3665309646989,40390.631501649244,219.56115501734885,219.56115501734885,44.32296921428375,normal,69.01192871080487
121133,115382,115472,110000,6,1,50,"110kV Rühle Ost,110kV Hanekenfähr-Holthausen",RWE AG,,617.728687842566,,,,,'',"SRID=4326;LINESTRING(7.32084277598261 52.4776050758406,7.31396545383045 52.4757945582336)",line,1,110.0,0.6177286878425661,0.19767318010962115,247.68326548234944,61212.148220056224,354.84052773086086,354.84052773086086,143.26382811524573,overload,68.9132137147373
132742,114696,114773,220000;110000,3;6,2;1,,,RWE,2617,11873.0275008467,,,,,'',"SRID=4326;LINESTRING(7.67064701711334 51.7877870536891,7.64322486508725 51.8879707428606)",line,2,220.0,11.8730275008467,1.899684400135472,990.7330619293978,25477.916224688932,-266.88298533966486,266.88298533966486,26.9379306692284,normal,68.83002876511996
132395,112423,114111,220000,6,1,50,201,TenneT,,7352.26929697096,,,,,'',"SRID=4326;LINESTRING(8.49611989113724 53.1993159860928,8.40591322626264 53.2353967921498)",line,1,220.0,7.3522692969709595,2.352726175030707,495.3665309646989,20571.879768102765,160.2082301053525,160.2082301053525,32.34135132088069,normal,68.64559430571992
155755,118511,118514,220000,6,,50,,,,7954.82242164966,,,,,'',"SRID=4326;LINESTRING(7.95874777800847 50.7246860711528,8.04373603956609 50.7637925547977)",line,1,220.0,7.95482242164966,2.545543174927891,495.3665309646989,19013.623684214686,154.91262854559832,154.91262854559832,31.272324402683115,normal,68.55494579523132
96663,115382,115380,380000;110000,12,4;1,50,,Amprion,4310,6931.64815234568,,,,,'',"SRID=4326;LINESTRING(7.32084277598261 52.4776050758406,7.41294883869396 52.4701047584297)",line,2,380.0,6.931648152345679,1.1090637043753087,3290.896534380867,100000.0,-1081.9289161670963,1081.9289161670963,32.87641847332174,normal,68.08248795965113
153705,118079,118083,220000;110000,6,,50,,RWE,,5130.45906665611,,,,,'',"SRID=4326;LINESTRING(9.02828545871078 49.373940772108,8.98561871665012 49.4074160818255)",line,2,220.0,5.13045906665611,0.8208734506649776,990.7330619293978,58961.58532206379,371.1174947948207,371.1174947948207,37.458878587547076,normal,67.923047129002
108334,114312,114313,110000,3,,50,,RWE,,225.143824520594,,,,,'',"SRID=4326;LINESTRING(7.27007691315187 52.6541665746089,7.26673383282202 52.6542333842137)",line,1,110.0,0.225143824520594,0.16,247.68326548234944,75625.0,-825.7851492821029,825.7851492821029,333.40369107050174,overload,67.70036834423985
83032,114547,134471,380000,6,4,50,Leitung 3212;Leitung 3213,TenneT,3212;3213,23192.3406212687,,,,,'',"SRID=4326;LINESTRING(9.09572953293802 51.1638940657093,8.99290324641256 51.3429781305913)",line,1,380.0,23.192340621268702,7.421548998805985,1645.4482671904334,19456.85463010913,348.3178369323467,348.3178369323467,21.168568096467215,normal,67.44382171329237
181981,115300,134254,220000,6,2,50,220 kV Godorf Ost; Olefin West,RWE,4501,6165.69651076798,,,,,'',"SRID=4326;LINESTRING(6.9289790539233 50.84381694694,6.97272311704149 50.7957293597724)",line,1,220.0,6.1656965107679795,1.9730228834457535,495.3665309646989,24530.886289302744,-165.5261633980289,165.5261633980289,33.41488636216013,normal,65.80411169957048
157641,114199,114764,380000,6,4,50,,TenneT,3016,39439.06296849,,,,,'',"SRID=4326;LINESTRING(8.70692942532366 51.7010168630964,8.90793277020558 51.3900980435485)",line,1,380.0,39.43906296849,12.6205001499168,1645.4482671904334,11441.701856875454,-290.65556572036166,290.65556572036166,17.66421780106461,normal,65.35400630220526
117634,113507,114803,380000;110000,12,4;2,,,,Leitung 3023,10328.7777321832,,,,,'',"SRID=4326;LINESTRING(8.66202147646066 50.5194554466403,8.65387294834994 50.595043880217)",line,2,380.0,10.3287777321832,1.652604437149312,3290.896534380867,87377.23120790189,883.8317976588656,883.8317976588656,26.856869805089314,normal,65.19092060560399
140071,125966,121305,380000;110000,12,4,50,RWE 4562 Ronsdorf - Bomig,RWE,4562,9279.04283930757,,,,,'',"SRID=4326;LINESTRING(7.50217858569708 50.97972368055,7.45426307726284 51.056071660662)",line,2,380.0,9.279042839307571,1.4846468542892115,3290.896534380867,97262.18701964169,917.2282778450286,917.2282778450286,27.871683848534957,normal,64.94400972534673
81174,112138,134299,220000,6,2,50,220 kV Bocklemünd Nord|Süd,RWE,2416,3678.73957938457,,,,,'',"SRID=4326;LINESTRING(6.84631536282639 50.9876772481058,6.80447610684917 50.9661875964499)",line,1,220.0,3.67873957938457,1.1771966654030623,495.3665309646989,41114.62546780851,-206.60303922161896,206.60303922161896,41.707105003495286,normal,64.35526222528034
181854,142269,18041,220000;380000;220000;380000,3;6;3,,,Herbertingen - Tiengen;Herbertingen - Tiengen;Herbertingen - Tiengen,,5200,90744.9994639864,,,,,'',"SRID=4326;LINESTRING(9.27060565842581 47.9354480250047,8.25887692141771 47.6342498336695)",line,4,380.0,90.7449994639864,7.259599957118913,6581.793068761734,19890.90319755132,-936.0591382429297,936.0591382429297,14.221947248472754,normal,64.26916426926648
181517,134540,18751,380000;380000;380000;380000;380000;380000,3;3;9;3;3;3,4;4;4;4;4,50;50;50;50;50;50,Kühmoos - Daxlanden;Kühmoos - Daxlanden;Kühmoos - Daxlanden;Kühmoos - Daxlanden;Kühmoos - Daxlanden,EnBW;Amprion,7510,38755.9657516015,,,,,'',"SRID=4326;LINESTRING(7.75270709244963 48.0978638783805,7.58911881577934 47.8069332087105)",line,6,380.0,38.7559657516015,2.0669848400854134,8000.0,69860.21242131268,-1392.301953873571,1392.301953873571,17.403774423419637,normal,64.09392275780392
78776,114696,134401,220000;110000,9,2;1,,,RWE,2617,12780.3302717772,,,,,'',"SRID=4326;LINESTRING(7.67064701711334 51.7877870536891,7.71587466201739 51.6746596100824)",line,2,220.0,12.780330271777201,2.0448528434843523,990.7330619293978,23669.184877640495,241.97363206446823,241.97363206446823,24.423696085526608,normal,64.0692710519231
147847,113604,113196,380000;220000;110000,12,4;2,50,,Amprion;RWE,2431,4099.97168251704,,,,,'',"SRID=4326;LINESTRING(8.29938794559978 52.3848939857067,8.30677991257821 52.3505209566951)",line,3,380.0,4.09997168251704,0.4373303128018176,4936.3448015713,100000.0,1927.441734671498,1927.441734671498,39.04592997754065,normal,63.61499522979545
161660,18968,24925,380000;380000;380000,6;6;6,4;4;4,50;50;50,Kugelberg Ost/West;380 kV Kugelberg Ost|West;Kugelberg Ost/West,RWE,4524,21552.6861584256,,,,,'',"SRID=4326;LINESTRING(8.67371480490093 49.2904577458458,8.54671154709665 49.4408180776278)",line,3,380.0,21.5526861584256,2.2989531902320643,4936.3448015713,62811.19624946507,1005.3263953070021,1005.3263953070021,20.365805787857326,normal,63.45688107202406
180509,112753,19275,380000;380000;110000;380000,3;6;3;6,4;4;4,50;50;50;50,380kV Gersteinwerk Ost;380kV Gersteinwerk Ost+Gütersloh Süd,RWE,4373,13432.1184575158,,,,,'',"SRID=4326;LINESTRING(7.83402074322725 51.7550403464858,7.99392021394725 51.8230845944641)",line,4,380.0,13.4321184575158,1.0745694766012641,6581.793068761734,100000.0,-1562.8195132212363,1562.8195132212363,23.74458596455476,normal,63.38513153716575
104503,16927,118508,110000,6,1,50,,,,243.773725449074,,,,,'',"SRID=4326;LINESTRING(8.48007586271376 50.5909354190532,8.47783082077326 50.5942537947547)",line,1,110.0,0.243773725449074,0.16,247.68326548234944,75625.0,717.951354116879,717.951354116879,289.86671857652897,overload,63.23444930967036
181708,112673,112677,380000;110000,12,3;1,,Redwitz - Remptendorf;Redwitz - Remptendorf;Friesen - Redwitz;Windheim - Redwitz,TenneT TSO GmbH;E.ON Netz GmbH,413;414;167;168,16718.1173523234,,,,,'',"SRID=4326;LINESTRING(11.3023823683896 50.2911414705003,11.1933452185293 50.1661928674853)",line,2,380.0,16.7181173523234,2.674898776371744,3290.896534380867,53983.351174082716,720.2764760131874,720.2764760131874,21.8869377535352,normal,62.91592195426417
115357,112597,113730,220000,6,2,50,,50Hertz Transmission,,21603.5340275882,,,,,'',"SRID=4326;LINESTRING(13.1429138740581 53.9059170678674,13.3984708281663 53.7933318754816)",line,1,220.0,21.6035340275882,6.913130888828224,495.3665309646989,7001.169336778434,-99.71119424226956,99.71119424226956,20.128770922025662,normal,62.76364675807794
160653,16896,134254,380000;380000,6;3,4;4,50;50,380 kV Liessem Ost;Mittelrhein;380 kV Liessem Ost;Mittelrhein,Amprion,4511,6084.90950648542,,,,,'',"SRID=4326;LINESTRING(7.03046445748719 50.7515727987454,6.97272311704149 50.7957293597724)",line,2,380.0,6.08490950648542,0.9735855210376673,3290.896534380867,100000.0,1049.510722028768,1049.510722028768,31.891331467405667,normal,62.44217780468362
90982,121708,18119,110000,6,,,,,,6170.80027099742,,,,,'',"SRID=4326;LINESTRING(6.83558938850248 50.9129500759663,6.91098381197121 50.8830875439979)",line,1,110.0,6.17080027099742,1.9746560867191745,247.68326548234944,6127.649306317308,-78.42244531890836,78.42244531890836,31.662391549217098,normal,62.375457914187315
155513,114567,123553,220000;110000,10,4;2,50;16.7,"Anlage 373 ; NWH-SEE 220 kV, NWH-MUL 220 kV, Bahnstrom Neckarwestheim - Stuttgart-Zazenhausen",EnBW;DB_Energie,,13191.5955282642,,,,,'',"SRID=4326;LINESTRING(9.20969906252884 49.0309357816209,9.24109949362219 48.9220828475054)",line,2,220.0,13.1915955282642,2.110655284522272,990.7330619293978,22931.26705953545,-231.8117822826743,231.8117822826743,23.398006101788273,normal,62.06671913526301
103579,113157,113172,220000,6,1,50,207,TenneT,207,1157.85373882837,,,,,'',"SRID=4326;LINESTRING(9.99682977410136 54.3134085592386,9.98435558840302 54.3199945536924)",line,1,220.0,1.15785373882837,0.3705131964250784,495.3665309646989,100000.0,398.15394080528756,398.15394080528756,80.37562409190319,tight,61.818024843207056
182142,20999,17905,220000,3,,,,Lechwerke,,26481.8292236322,,,,,'',"SRID=4326;LINESTRING(10.4937333737793 48.2473351445912,10.8409361207181 48.2379249509995)",line,1,220.0,26.4818292236322,8.474185351562305,495.3665309646989,5711.463461331649,-92.15167378176398,92.15167378176398,18.6027250574042,normal,61.64059511829904
161823,115566,115170,220000;0;220000;0;220000,6;6;6,1;2;1,50;50,220kV Utfort West;220kV Utfort West;220kV Utfort West,RWE,2339,16134.0988488383,,,,,'',"SRID=4326;LINESTRING(6.52183184477761 51.3235495786934,6.5835532913189 51.4379646444447)",line,5,220.0,16.1340988488383,1.032582326325651,2476.832654823494,46872.77591921114,536.738596361536,536.738596361536,21.67036175481082,normal,61.567026864396766
169320,17695,8211,220000,6,4;2,50,,,5110,6782.94369883176,,,,,'',"SRID=4326;LINESTRING(8.24884883566387 48.8462728267061,8.18346107683638 48.8054455535076)",line,1,220.0,6.78294369883176,2.1705419836261632,495.3665309646989,22298.57812708221,-146.13892878551337,146.13892878551337,29.50117128440549,normal,60.53447510458912
117636,119199,134702,220000,6,2,50,,,,10313.7794815814,,,,,'',"SRID=4326;LINESTRING(8.3548909842498 49.4263675669048,8.49637255077007 49.4437955046864)",line,1,220.0,10.313779481581399,3.3004094341060477,495.3665309646989,14664.847185273446,-123.49728858858144,123.49728858858144,24.93048699678545,normal,60.48189511557182
135437,114620,114772,380000;220000,9,4,,,RWE,4307,11528.258611888,,,,,'',"SRID=4326;LINESTRING(7.48561419084708 51.9542594611651,7.60418111839898 51.897144089017)",line,2,380.0,11.528258611888,1.8445213779020802,3290.896534380867,78285.8912506818,786.7707506640002,786.7707506640002,23.907489720336024,normal,60.437817997755914
144503,118634,118650,380000;110000,12,3;1,50,3026 Mecklar - Vieselbach/Eisenach,TenneT,3026,8741.16805022809,,,,,'',"SRID=4326;LINESTRING(9.87966251159366 50.9900611866805,9.79181176838319 50.9511679510695)",line,2,380.0,8.74116805022809,1.3985868880364944,3290.896534380867,100000.0,873.3999776701917,873.3999776701917,26.539879590426228,normal,60.4143477330465
124680,23550,115721,220000,6,1,50,220kV Herdecke Nord+Süd,RWE,2313,20779.501407231,,,,,'',"SRID=4326;LINESTRING(7.45130171454935 51.4130023613852,7.18903926255075 51.3761778473448)",line,1,220.0,20.779501407231,6.64944045031392,495.3665309646989,7278.807948075547,96.48972786456031,96.48972786456031,19.47845117364952,normal,60.01250861692866
139757,113377,113375,220000;110000,12,2;1,,,Lechwerke,,6005.07739602083,,,,,'',"SRID=4326;LINESTRING(10.3485664710713 47.7611506407916,10.3636025621284 47.7089963458156)",line,2,220.0,6.0050773960208295,0.9608123833633327,990.7330619293978,50374.03850955308,-304.43907900569076,304.43907900569076,30.72866856919184,normal,59.81750875893692
174544,143808,134739,380000,6,3,,Schmölln - Dresden Süd - Röhrsdorf,50Hertz Transmission,591;592,39193.268114012,,,,,'',"SRID=4326;LINESTRING(13.3510287346751 50.9352160720002,13.854849157432 50.9824492876083)",line,1,380.0,39.193268114012,12.541845796483841,1645.4482671904334,11513.456818332366,-265.23973970012355,265.23973970012355,16.119603696384484,normal,59.54097246416006
180471,134275,113278,380000;380000;380000,6;3;3,4;4;4,50;50;50,,TenneT,,17459.3828320792,,,,,'',"SRID=4326;LINESTRING(10.4150839352827 53.4128119834115,10.2836219591221 53.288664966286)",line,3,380.0,17.459382832079203,1.8623341687551151,4936.3448015713,77537.10500652241,1007.0285062851829,1007.0285062851829,20.400286988960598,normal,59.47852177154086
174456,112703,143746,220000,6,1,,Raitersaich - Trennfeld,TenneT TSO GmbH,211,23271.2975391242,,,,,'',"SRID=4326;LINESTRING(9.5679285128778 49.820682739465,9.83820391042449 49.7322090440915)",line,1,220.0,23.2712975391242,7.446815212519744,495.3665309646989,6499.422722163012,-92.15705475642464,92.15705475642464,18.603811318652046,normal,59.33303276385418
179580,134392,16882,220000;220000,6;3,2;2,50;50,,TenneT,Leitung 2028,6374.64184419679,,,,,'',"SRID=4326;LINESTRING(10.4216240903664 52.2368911277158,10.3662388275843 52.284697844369)",line,2,220.0,6.37464184419679,1.0199426950714865,990.7330619293978,47453.64639981828,-293.6803898539782,293.6803898539782,29.642736387746254,normal,59.22759051717061
83041,113507,113931,380000;110000,12,4;2,,,,Leitung 3023,7815.14897986211,,,,,'',"SRID=4326;LINESTRING(8.66202147646066 50.5194554466403,8.71532049856109 50.4625810927637)",line,2,380.0,7.815148979862109,1.2504238367779374,3290.896534380867,100000.0,-895.078177389097,895.078177389097,27.19861192954499,normal,59.197009590776396
156743,116078,117469,220000;110000,6,2;1,50,220 kV Wengerohr; 110 kV Salmtal Süd,Amprion,2409,21493.1036958586,,,,,'',"SRID=4326;LINESTRING(6.67156797706872 49.8964393514753,6.90904633608397 49.9718392918385)",line,2,220.0,21.4931036958586,3.438896591337376,990.7330619293978,14074.281885044235,187.97690615497473,187.97690615497473,18.973517022728615,normal,59.068519399802454
135232,16896,112863,110000,6,2,50,110 kV Alfter West; Bonn Ost,RWE,4501,6039.07812750537,,,,,'',"SRID=4326;LINESTRING(7.03046445748719 50.7515727987454,6.97464293509789 50.7941754927456)",line,1,110.0,6.03907812750537,1.9325050008017184,247.68326548234944,6261.303331675829,74.77715349513498,74.77715349513498,30.190636153601503,normal,58.91633852381964
174512,143785,28983,220000;110000,9,2;1,,,Lechwerke,,2436.1482404132,,,,,'',"SRID=4326;LINESTRING(10.2663749651706 47.8636699323923,10.2589414104044 47.885919409229)",line,2,220.0,2.4361482404131998,0.389783718466112,990.7330619293978,100000.0,472.1512949938347,472.1512949938347,47.65676175925191,normal,58.82517851607547
182114,143509,133697,220000;220000;220000,6;6;3,1;1;1,,Trennfeld - Aschaffenburg;2205;III;IIII,TenneT TSO GmbH,217;218,11766.0641341002,,,,,'',"SRID=4326;LINESTRING(9.06603383010281 50.0708583113097,9.09055903916706 49.9699836223947)",line,3,220.0,11.7660641341002,1.255046840970688,1486.0995928940965,38564.29769789795,-342.81222254520253,342.81222254520253,23.067917129133637,normal,58.749150137969934
167962,36435,113623,380000,6,3,50,513;514,50Hertz,513;514,21091.3225690909,,,,,'',"SRID=4326;LINESTRING(12.087765028073 53.2509322994519,12.0140429179974 53.0708769828253)",line,1,380.0,21.0913225690909,6.749223222109087,1645.4482671904334,21395.054697105716,312.0106540571152,312.0106540571152,18.962045801042805,normal,58.6910375992118
179568,112576,134388,380000;380000;380000,3;3;6,2;2;2,50;50;50,,TenneT,301,26962.4067019278,,,,,'',"SRID=4326;LINESTRING(8.42338968062059 53.2315016435464,8.4752492120761 53.4286850461992)",line,3,380.0,26.9624067019278,2.8759900482056318,4936.3448015713,50208.796824624995,869.7915740915024,869.7915740915024,17.620154366336745,normal,58.69028482133303
80908,20702,115907,220000,6,,50,,Amprion,,20111.1480993183,,,,,'',"SRID=4326;LINESTRING(6.2110684891669 49.9586167664622,6.47091425649538 49.9237176650895)",line,1,220.0,20.1111480993183,6.435567391781856,495.3665309646989,7520.7044000201495,94.9685018923445,94.9685018923445,19.17136018604216,normal,58.46883820007804
161651,33921,118375,380000;380000,6;6,4;4,50;50,380 kV Soonwald Ost|West,RWE,4512,9926.97767643356,,,,,'',"SRID=4326;LINESTRING(8.0181674172051 49.8154662345685,7.89836796534401 49.8599817793479)",line,2,380.0,9.92697767643356,1.5883164282293698,3290.896534380867,90913.87423410009,800.0506985387373,800.0506985387373,24.311025587720426,normal,58.13336913547747
103848,114830,123553,220000,12,,50,,,,2199.60164177363,,,,,'',"SRID=4326;LINESTRING(9.26921945696098 48.9171229816527,9.24109949362219 48.9220828475054)",line,1,220.0,2.19960164177363,0.7038725253675616,495.3665309646989,68762.45094909133,246.52580581688756,246.52580581688756,49.766342779919384,normal,57.87956625987048
109738,112732,134299,220000,12,2,50,220 kV Niederaußem 1a|2b|3c; Rommerskirchen Ost,RWE,2385,7160.32962283011,,,,,'',"SRID=4326;LINESTRING(6.69948725677304 50.9749358400899,6.80447610684917 50.9661875964499)",line,1,220.0,7.16032962283011,2.291305479305635,495.3665309646989,21123.329227435574,-135.40325914834924,135.40325914834924,27.33395388757066,normal,57.38174744506973
167708,28887,113522,380000;220000,9,4;1,,,Amprion,4306,2458.41974166738,,,,,'',"SRID=4326;LINESTRING(7.01075512363856 51.7056687956813,7.04220244283914 51.6973817881516)",line,2,380.0,2.45841974166738,0.3933471586667808,3290.896534380867,100000.0,1516.3219937138429,1516.3219937138429,46.07625848678091,normal,57.17196351063095
167461,20702,115909,220000,6,,50,,Amprion,,20144.4996290448,,,,,'',"SRID=4326;LINESTRING(6.2110684891669 49.9586167664622,6.47145944404131 49.9241037644016)",line,1,220.0,20.144499629044798,6.446239881294336,495.3665309646989,7508.253011254958,92.79034760162679,92.79034760162679,18.73165460349587,normal,57.15739260597723
180415,16942,118034,380000;380000;380000;380000;380000,3;6;3;3;3,,50;50;50;50;50,"574;574 Remptendorf - Röhrsdorf, 575 Weida - Röhrsdorf;574;573;573",50Hertz Transmission,574,59481.5129518299,,,,,'',"SRID=4326;LINESTRING(12.8133593629663 50.8578738927588,12.0465806162404 50.7980687866378)",line,5,380.0,59.4815129518299,3.806816828917113,8000.0,37931.95377910421,1110.250262805457,1110.250262805457,13.878128285068211,normal,56.932769525656035
132396,113061,114111,220000,6,1,50,201,TenneT,,4340.86116325605,,,,,'',"SRID=4326;LINESTRING(8.34842895325349 53.2535979688195,8.40591322626264 53.2353967921498)",line,1,220.0,4.34086116325605,1.389075572241936,495.3665309646989,34843.31663962927,-167.8507652837675,167.8507652837675,33.88415542666708,normal,56.76907033956101
166970,18188,115475,380000;220000,12,4;2,50,RWE 4516 Eiberg - Opladen,RWE,4516,5658.8771130355,,,,,'',"SRID=4326;LINESTRING(7.09807983481093 51.3766847954595,7.13484794387859 51.416085540635)",line,2,380.0,5.6588771130355,0.9054203380856799,3290.896534380867,100000.0,978.018761033661,978.018761033661,29.71891552396255,normal,56.34560370421484
174449,23490,143741,220000,6,1,,Raitersaich - Trennfeld,TenneT TSO GmbH,211,10872.3888448753,,,,,'',"SRID=4326;LINESTRING(10.1851124954458 49.5263632715649,10.3301466072624 49.5004778548285)",line,1,220.0,10.872388844875301,3.4791644303600964,495.3665309646989,13911.386187341126,-112.5562654452837,112.5562654452837,22.721814739095635,normal,56.21866482944835
178409,113197,115494,380000;220000;110000;380000;220000,12;6;3,4;2;1;4;2,50;50,,Amprion,4584,36478.0769043153,,,,,'',"SRID=4326;LINESTRING(8.30623265890713 52.3503990864484,7.84007898150335 52.466875974285)",line,5,380.0,36.478076904315294,2.334596921876179,8000.0,61852.21896204428,1240.1010071278843,1240.1010071278843,15.501262589098554,normal,56.17279558012852
148638,112963,131337,380000;220000;110000,12,4;1,,,,4375,5603.4069791224,,,,,'',"SRID=4326;LINESTRING(8.42102729108642 51.9284099413313,8.50026588566803 51.9228328928681)",line,3,380.0,5.6034069791224,0.5976967444397226,4936.3448015713,100000.0,-1468.7234386559612,1468.7234386559612,29.75325869028533,normal,56.16182637007333
181092,17069,16882,380000;380000;380000,3;6;3,4;4;4,50;50;50,Leitung 3026;Leitung 3026;Leitung 3026,TenneT,1,8909.27374552862,,,,,'',"SRID=4326;LINESTRING(10.2358928231592 52.293471462146,10.3662388275843 52.284697844369)",line,3,380.0,8.90927374552862,0.9503225328563863,4936.3448015713,100000.0,-1208.331491115089,1208.331491115089,24.478263567213983,normal,56.14018910622582
180714,22609,112591,220000;380000;220000;220000,3;3;6;3,1;1;1,50;50;50;50,Abbenfleth-Sottrum;Sottrum (380 kV);Abbenfleth-Sottrum;Abbenfleth-Sottrum,transpower,,52827.8694344255,,,,,'',"SRID=4326;LINESTRING(9.25079586209321 53.1143538822759,9.49973183010553 53.5460228584065)",line,4,380.0,52.8278694344255,4.22622955475404,6581.793068761734,34167.57138465562,-924.509345779272,924.509345779272,14.046466306683884,normal,55.986283935123225
123574,114473,134684,220000;110000,12,,,,,,2674.58580178158,,,,,'',"SRID=4326;LINESTRING(8.90770226250367 50.0928415860908,8.94961850031646 50.0888975021776)",line,2,220.0,2.67458580178158,0.4279337282850528,990.7330619293978,100000.0,-424.11948814514153,424.11948814514153,42.80865395964401,normal,55.712912559536115
180675,134433,112195,380000;380000;380000,3;3;6,3;3;3,50;50;50,"Pulgar-Vieselbach;Pulgar-Vieselbach;589,590 Pulgar-Vieselbach",50Hertz Transmission,589,99223.0697000027,,,,,'',"SRID=4326;LINESTRING(11.1223691907243 50.9988751071947,12.2925276629336 51.169303789666)",line,3,380.0,99.2230697000027,10.583794101333622,4936.3448015713,13643.500489281507,-595.8087918452261,595.8087918452261,12.069837416048665,normal,55.61054958299889
140069,115831,115186,380000;110000,12,4,50,RWE 4562 Ronsdorf - Bomig,RWE,4562,6981.03827873612,,,,,'',"SRID=4326;LINESTRING(7.40115809126378 51.1018347626972,7.3241024926541 51.1397460647522)",line,2,380.0,6.98103827873612,1.1169661245977793,3290.896534380867,100000.0,878.1261407378893,878.1261407378893,26.683492828287765,normal,55.42344277357814
177873,113965,114313,380000;380000;110000,3;3;3,1,50;50;50,Emsland West,RWE,4310,13049.2887566224,,,,,'',"SRID=4326;LINESTRING(7.27574474360549 52.7477279670077,7.26673383282202 52.6542333842137)",line,3,380.0,13.0492887566224,1.3919241340397226,4936.3448015713,100000.0,1035.019242284041,1035.019242284041,20.967320636811703,normal,55.40764965337822
161658,31001,118569,380000;380000;380000,6;6;6,4;4;4,50;50;50,Kugelberg Ost/West;380 kV Kugelberg Ost|West;Kugelberg Ost/West,RWE,4524,13092.8571472605,,,,,'',"SRID=4326;LINESTRING(8.4881978399368 49.5996644703187,8.57177474672438 49.4988578412847)",line,3,380.0,13.0928571472605,1.39657142904112,4936.3448015713,100000.0,-1025.8614111874288,1025.8614111874288,20.78180217194075,normal,54.98175072860641
137704,115563,134285,380000;110000,12,4;1,,,,3024,4603.69039320836,,,,,'',"SRID=4326;LINESTRING(8.84506022245922 50.1636071718281,8.87265547824942 50.130380977449)",line,2,380.0,4.6036903932083595,0.7365904629133375,3290.896534380867,100000.0,-1045.9435756197454,1045.9435756197454,31.78293710216946,normal,54.7755204364212
124243,16821,112358,220000;110000,6,1,50,,RWE,2339,2354.40381735227,,,,,'',"SRID=4326;LINESTRING(6.61743907747453 51.4757023682985,6.63378636335463 51.4965098471317)",line,2,220.0,2.35440381735227,0.3767046107763632,990.7330619293978,100000.0,446.3841607984964,446.3841607984964,45.055946748076416,normal,54.5300433675764
140070,121305,115831,380000;110000,12,4,50,RWE 4562 Ronsdorf - Bomig,RWE,4562,6376.81648632157,,,,,'',"SRID=4326;LINESTRING(7.45426307726284 51.056071660662,7.40115809126378 51.1018347626972)",line,2,380.0,6.3768164863215695,1.0202906378114511,3290.896534380867,100000.0,897.6328186281246,897.6328186281246,27.276239445704753,normal,54.507259663249044
96960,112660,24050,380000;110000,12,,,Grafenrheinfeld - Eltmann;Grafenrheinfeld - Oberhaid;Haßfurt - Heidenfeld - Schwebheim;Brünnstadt - Knetzgau,TenneT TSO GmbH;E.ON Netz GmbH,422;423;121;152,23335.5550608753,,,,,'',"SRID=4326;LINESTRING(10.2385576135681 49.973013063045,10.5557181313071 49.9778251322747)",line,2,380.0,23.3355550608753,3.7336888097400482,3290.896534380867,38674.88892574676,-555.6282731605655,555.6282731605655,16.883796477822074,normal,53.89203919640779
169122,20887,115239,380000;110000,12,4,50,RWE 4562 Ronsdorf - Bomig,RWE,4562,7193.04781393841,,,,,'',"SRID=4326;LINESTRING(7.25209602951627 51.221794712333,7.30768164858651 51.1701492393398)",line,2,380.0,7.19304781393841,1.1508876502301457,3290.896534380867,100000.0,-840.0827218816075,840.0827218816075,25.52747292736314,normal,53.69157558346057
182097,18968,118049,380000;380000;380000,6;6;6,4;4;4,50;50;50,Kugelberg Ost/West;Kugelberg Ost/West;380 kV Kugelberg Ost|West,RWE,4524,62027.3502060639,,,,,'',"SRID=4326;LINESTRING(8.67371480490093 49.2904577458458,9.19002245437702 48.9163242616185)",line,3,380.0,62.0273502060639,6.616250688646816,4936.3448015713,21825.04968377087,-634.9301056616238,634.9301056616238,12.862353242818807,normal,53.29604510840308
5925,18542,134281,220000,6,1,50,203,TenneT,203,56677.3498630311,,,,,'',"SRID=4326;LINESTRING(7.22423568177577 53.3499511230945,8.05324040764567 53.3334140108585)",line,1,220.0,56.677349863031104,18.136751956169952,495.3665309646989,2668.614541179452,65.05460489788571,65.05460489788571,13.132620157279392,normal,53.250995877247746
73160,112786,112787,220000;220000,6;6,3;2,,220kV Hochlarmark Ost+West;220kV Hochlarmark Ost+West,RWE,4340,6672.26361381533,,,,,'',"SRID=4326;LINESTRING(7.13937473425833 51.5608313916517,7.0960595882256 51.6118180780125)",line,2,220.0,6.67226361381533,1.067562178210453,990.7330619293978,45336.93773334363,-258.2252767331015,258.2252767331015,26.06406171912968,normal,53.108437043223105
154994,112508,134401,110000,6,1,50,110kV Gersteinwerk - Selm,RWE,2601,18542.8561666065,,,,,'',"SRID=4326;LINESTRING(7.45678078550964 51.6598757476734,7.71587466201739 51.6746596100824)",line,1,110.0,18.5428561666065,5.933713973314081,247.68326548234944,2039.1950226144693,-44.069722473070755,44.069722473070755,17.792773519538112,normal,52.89097304329729
84382,112843,114786,220000,6,3,,220kV Polsum Süd+Scholven D,RWE,2646,3483.9494284239,,,,,'',"SRID=4326;LINESTRING(7.0522095852727 51.6554570927607,7.06262644930735 51.6844079656584)",line,1,220.0,3.4839494284239,1.114863817095648,495.3665309646989,43413.37413397066,-173.47519726681483,173.47519726681483,35.01956358032132,normal,52.54700317709312
179173,134275,112294,110000;110000,6;6,1;1,50;50,,EON,,2692.44282991729,,,,,'',"SRID=4326;LINESTRING(10.4150839352827 53.4128119834115,10.4540731520335 53.4174580824576)",line,2,110.0,2.6924428299172902,0.43079085278676643,495.3665309646989,28087.87587230706,-198.79370669544602,198.79370669544602,40.130629396440305,normal,52.42216974784173
179751,115703,17104,220000;110000,12,2;1,50,,RWE,2364,4520.99064980553,,,,,'',"SRID=4326;LINESTRING(6.72283069808311 51.3518398549903,6.67471906922509 51.3249491794085)",line,2,220.0,4.52099064980553,0.7233585039688848,990.7330619293978,66910.11405055925,-303.94207413529523,303.94207413529523,30.678503202808724,normal,52.41598089877915
173455,134340,143042,380000,6,,,,,Anlage 317,9154.38529577929,,,,,'',"SRID=4326;LINESTRING(9.15118600564182 49.1433394745617,9.12186794673035 49.0661310997959)",line,1,380.0,9.15438529577929,2.929403294649373,1645.4482671904334,49293.31521670305,-371.82603304776626,371.82603304776626,22.597248449667212,normal,52.37829010511314
181689,113626,17127,220000;220000,6;6,2;2,50;50,"331, 332;331,332",50 Hertz Transmission,342,102613.737127263,,,,,'',"SRID=4326;LINESTRING(11.8814635296546 53.0833091498259,11.6388595619847 52.2687327303489)",line,2,220.0,102.613737127263,16.41819794036208,990.7330619293978,2947.9483787325203,111.63201214617628,111.63201214617628,11.267617528457071,normal,52.289293720725674
153706,118083,118081,220000;110000,6,,50,,RWE,,3068.99638877874,,,,,'',"SRID=4326;LINESTRING(8.98561871665012 49.4074160818255,8.9450128895143 49.4060036463788)",line,2,220.0,3.0689963887787397,0.49103942220459834,990.7330619293978,98566.42422455741,366.9141352686281,366.9141352686281,37.03461097322049,normal,51.97423903093518
71908,17137,112919,380000;380000,6;6,4;4,50;50,380 kV Sechtem Nord|Süd;380 kV Sechtem Nord|Süd,RWE,4100,26555.8222188982,,,,,'',"SRID=4326;LINESTRING(6.45659082917129 50.8712553044483,6.7813455183862 50.8344116819775)",line,2,380.0,26.5558222188982,4.248931555023712,3290.896534380867,33985.014380678615,515.6018598560984,515.6018598560984,15.667519609610006,normal,51.95684546312901
181236,134375,113356,220000;110000;380000;220000;380000;380000,3;3;9;3;3,2;2;4;2;4,,Vöhringen Ost; Füssen West; K11,RWE,4543,36627.3649740283,,,,,'',"SRID=4326;LINESTRING(10.0828338243409 48.2674353670844,10.1469944926145 47.9911960724943)",line,6,380.0,36.6273649740283,1.9534594652815096,8000.0,73920.14145488848,-1143.2111025933218,1143.2111025933218,14.290138782416523,normal,51.84078770849053
1760,16896,134254,110000,6,1,50,110 kV Meckenheim Ost; Witterschlick West,RWE,0092,6036.7339570535,,,,,'',"SRID=4326;LINESTRING(7.03046445748719 50.7515727987454,6.97272311704149 50.7957293597724)",line,1,110.0,6.0367339570534995,1.9317548662571198,247.68326548234944,6263.734706383532,65.73856734293234,65.73856734293234,26.541384301805824,normal,51.78606634093709
181967,113356,116174,380000;220000,6,4,,Vöhringen Ost; Füssen West,RWE,,10020.3212301898,,,,,'',"SRID=4326;LINESTRING(10.1469944926145 47.9911960724943,10.2101229703853 47.9369584625071)",line,2,380.0,10.0203212301898,1.603251396830368,3290.896534380867,90066.97283125974,-706.4556683745101,706.4556683745101,21.46696685824002,normal,51.51515950737648
100586,134449,113010,380000,12,4;3,,"AS GKRO;GKRO GR I;DIP GKB I, II",,412;417;3020;,10594.761359734,,,,,'',"SRID=4326;LINESTRING(8.95872395324314 50.0826216715156,9.09449425959082 50.1187688690083)",line,1,380.0,10.594761359734001,3.39032363511488,1645.4482671904334,42591.804069792604,-345.35495605771547,345.35495605771547,20.988502825883515,normal,51.433446733944876
179510,19263,112756,380000;380000;380000,3;6;3,4;4;4,50;50;50,380kV Gersteinwerk Ost;380kV Gersteinwerk Ost+Gütersloh Süd;380kV Gütersloh Süd,RWE,4373,14166.3891003658,,,,,'',"SRID=4326;LINESTRING(7.99290423854321 51.6836915356284,7.83447906368521 51.752343780904)",line,3,380.0,14.1663891003658,1.5110815040390186,4936.3448015713,95560.69584203669,-930.8171991969393,930.8171991969393,18.856405632374962,normal,51.27210816247598
178654,114798,135068,110000;110000;110000,3;6;3,1;1;1,50;50;50,,EON_Netz,,550.731024508976,,,,,'',"SRID=4326;LINESTRING(8.64750101837662 50.6075326537653,8.65581369184179 50.6048234466578)",line,3,110.0,0.550731024508976,0.05874464261429078,743.0497964470483,100000.0,-867.3260720350684,867.3260720350684,116.72516111063578,overload,51.210415380545854
107546,115314,115734,220000,6,1,,Neufinsing - Marienberg,TenneT TSO GmbH,250;251,31456.3895126893,,,,,'',"SRID=4326;LINESTRING(11.8052609712387 48.0870304931862,12.0975848919475 47.9288446912511)",line,1,220.0,31.4563895126893,10.066044644060575,495.3665309646989,4808.2441228351,-72.89365983978708,72.89365983978708,14.715095849901429,normal,51.20702271588344
73262,22305,134792,220000;220000;220000;220000;220000,3;3;3;12;6,4;2;2;4;2;2,50;50;50;50;50,220kV Ibbenbüren B;220kV Ibbenbüren B;220kV Ibbenbüren B;220kV Ibbenbüren B,RWE,4165,9962.75494519606,,,,,'',"SRID=4326;LINESTRING(7.88965787318573 52.2773874121267,7.74598409207034 52.2877355614491)",line,5,220.0,9.96275494519606,0.6376163164925479,2476.832654823494,75907.71871435581,529.4117947575627,529.4117947575627,21.37454840667425,normal,51.18143339769772
90996,112024,112037,220000,6,2,50,293;294,50Hertz,293;294,15870.774957373,,,,,'',"SRID=4326;LINESTRING(13.4799348192012 52.6283285649822,13.2892739578484 52.7012627542122)",line,1,220.0,15.870774957373,5.07864798635936,495.3665309646989,9530.095436816375,89.69305318282169,89.69305318282169,18.10640153830123,normal,51.16113734522275
162523,118366,118369,220000;110000;220000;110000,9;9,2;1;1,50;50,220 kV Windesheim; 110 kV Rosengarten Ost|West;220 kV Windesheim; 110 kV Rosengarten Ost|West,RWE,2327,11219.1068943671,,,,,'',"SRID=4326;LINESTRING(8.34097751780324 49.6752934791918,8.2139249244145 49.7269691615034)",line,4,220.0,11.2191068943671,0.897528551549368,1981.4661238587955,53925.86109539245,404.5448246586323,404.5448246586323,20.416439109784207,normal,51.10236476232467
181136,133875,16949,220000;220000;220000,3;3;6,1;1;1,,Bigge West;Bixterheide Nord;220kV Bixterheide Nord+Bigge West,RWE,2319,9213.23428187929,,,,,'',"SRID=4326;LINESTRING(7.59764642214902 51.3474174508845,7.50588445692725 51.4016290115256)",line,3,220.0,9.21323428187929,0.9827449900671242,1486.0995928940965,49249.805889821066,326.56651573556877,326.56651573556877,21.974739600028997,normal,51.062358677685275
149062,112623,17558,220000,6,2,50,,Westfalen Weser Netz GmbH,,32006.0835529652,,,,,'',"SRID=4326;LINESTRING(8.6332929943484 52.0028683749861,8.93225449594203 52.1933143275816)",line,1,220.0,32.0060835529652,10.241946736948865,495.3665309646989,4725.664099129912,-72.22286958726416,72.22286958726416,14.579682936312658,normal,50.980659148745886
157355,113069,114745,380000,12,4;1,50,,RWE,4308,21218.2166628314,,,,,'',"SRID=4326;LINESTRING(8.03254096500081 51.3235148855919,8.1907717462816 51.1882708597483)",line,1,380.0,21.218216662831402,6.7898293321060486,1645.4482671904334,21267.103035594333,270.0882112864373,270.0882112864373,16.414263314859905,normal,50.89919466545795
150136,113316,113315,380000;110000,12,4;2;1,50,,TenneT,3002,5146.31309843817,,,,,'',"SRID=4326;LINESTRING(8.96100227275092 50.8246927589863,9.02450337170158 50.8451405571297)",line,2,380.0,5.14631309843817,0.8234100957501072,3290.896534380867,100000.0,-920.8319545784271,920.8319545784271,27.981188255487588,normal,50.80970801254367
72109,18647,143034,380000;380000,6;6,2,50,Dellmensingen - Niederstotzingen (-Rotensohl),EnBW,0329,40553.7322461051,,,,,'',"SRID=4326;LINESTRING(9.88562708565078 48.3041011089674,10.2342309607837 48.5287292425972)",line,2,380.0,40.5537322461051,6.488597159376816,3290.896534380867,22254.42517899641,445.57154354440183,445.57154354440183,13.539518453084078,normal,50.46161390069554
102015,114724,118804,380000;220000,12,4;2,50,,TenneT,,42051.2714743222,,,,,'',"SRID=4326;LINESTRING(9.35017401339832 51.6345861816834,9.58262531025211 51.3345117894972)",line,2,380.0,42.0512714743222,6.728203435891552,3290.896534380867,21461.895642111424,441.12912088625876,441.12912088625876,13.404527194266551,normal,50.43308273297998
181662,134728,118158,380000;380000,3;3,3;3,50;50,Philippsburg - Neurott 1x 380 kV;Philippsburg - Neurott 1x 380 kV,EnBW,,19007.5715375596,,,,,'',"SRID=4326;LINESTRING(8.43851130984995 49.2523505812136,8.62890041227211 49.3334068478495)",line,2,380.0,19.007571537559603,3.0412114460095365,3290.896534380867,47481.07869627793,551.3862999163242,551.3862999163242,16.754896246534816,normal,50.199525241748155
180511,16942,25280,380000;380000;380000;380000;380000;380000;380000;380000,3;3;3;3;6;3;3,4;4;4;4;4;4;4,50;50;50;50;50;50;50;50,"571;571;572;572;Streumen (380 kV);571,572 Streumen - Röhrsdorf;572;571",50Hertz,571,82615.4039634816,,,,,'',"SRID=4326;LINESTRING(12.8133593629663 50.8578738927588,13.3823861862486 51.3561064566207)",line,8,380.0,82.6154039634816,3.304616158539264,8000.0,43696.45159146985,-906.6012955353641,906.6012955353641,11.332516194192051,normal,50.16029778132268
162787,29252,14765,220000;220000,6;6,4;4,50;50,,EnBW,,29558.3398887899,,,,,'',"SRID=4326;LINESTRING(7.75656086481559 48.2267890398257,7.87986545526853 48.4660378929196)",line,2,220.0,29.5583398887899,4.729334382206384,990.7330619293978,10233.998294157385,145.2990803523629,145.2990803523629,14.665815236790522,normal,50.15177380225676
146011,113624,113626,380000,6,3,50,514;516,50Hertz_Transmission,514;516,8892.80483471598,,,,,'',"SRID=4326;LINESTRING(12.0103739288824 53.070450970458,11.8814635296546 53.0833091498259)",line,1,380.0,8.89280483471598,2.8456975471091135,1645.4482671904334,50743.27036149468,-359.75273562778705,359.75273562778705,21.863509342779697,normal,50.10695924735754
179505,134329,134305,380000;380000;380000;380000;380000;380000;380000;110000;380000;380000,3;3;3;12;3;3;12;6;3,4;4;4;4;4;4;4;1;4;4,,Kriegenbrunn - Redwitz;Oberhaid - Redwitz;Kriegenbrunn - Redwitz;Eltmann - Redwitz;Kriegenbrunn - Redwitz;Oberhaid - Redwitz;Redwitz - Würgau;Redwitz - Würgau;Eltmann - Redwitz;Eltmann - Redwitz;Oberhaid - Redwitz;Bamberg-Nord - Würgau;Eltmann - Redwitz;Oberhaid - Redwitz;Redwitz - Würgau,TenneT TSO GmbH,432,21012.7490654634,,,,,'',"SRID=4326;LINESTRING(11.1934192732072 50.1623792035131,11.1068578733209 49.979041126528)",line,8,380.0,21.0127490654634,0.8405099626185359,8000.0,100000.0,1293.3925063387003,1293.3925063387003,16.167406329233753,normal,49.98350567078037
111488,114764,134471,380000,12,4,50,Leitung 3014;Leitung 3016,TenneT,3014;3016,10537.6156960489,,,,,'',"SRID=4326;LINESTRING(8.90793277020558 51.3900980435485,8.99290324641256 51.3429781305913)",line,1,380.0,10.537615696048901,3.372037022735648,1645.4482671904334,42822.78012560252,-336.0574354441337,336.0574354441337,20.42345798072062,normal,49.94786673701555
84421,113977,118031,220000,6,,50,"207 Röhrsdorf - Weida, 208 Eula - Weida",50Hertz Transmission,207;208,56226.4645540944,,,,,'',"SRID=4326;LINESTRING(12.5639280240447 51.0780562430251,12.0515167688951 50.7879382900366)",line,1,220.0,56.2264645540944,17.99246865731021,495.3665309646989,2690.0144122432825,61.04217556220814,61.04217556220814,12.32262814432212,normal,49.8698789110363
139758,113375,113376,220000;110000,12,2;1,,,Lechwerke,,5450.76537758599,,,,,'',"SRID=4326;LINESTRING(10.3636025621284 47.7089963458156,10.3341833653942 47.6717032828135)",line,2,220.0,5.45076537758599,0.8721224604137584,990.7330619293978,55496.793394172804,-261.73377159141705,261.73377159141705,26.418192916839278,normal,49.24876318923088
145880,115610,19225,380000,3,4,,Goldshöfe - Kupferzell,EnBW,341,54151.0085488596,,,,,'',"SRID=4326;LINESTRING(9.7078201876333 49.2309035377435,10.1174968226604 48.8970343515789)",line,1,380.0,54.1510085488596,17.328322735635073,1645.4482671904334,8333.178127104396,-201.05636798707354,201.05636798707354,12.218941913644775,normal,48.998873896479886
162522,118369,118370,220000;110000;220000;110000,9;9,2;1;1,50;50,220 kV Windesheim; 110 kV Rosengarten Ost|West;220 kV Windesheim; 110 kV Rosengarten Ost|West,RWE,2327,10017.7449525606,,,,,'',"SRID=4326;LINESTRING(8.2139249244145 49.7269691615034,8.10754427251238 49.7794425462754)",line,4,220.0,10.017744952560601,0.8014195962048482,1981.4661238587955,60392.833203979506,399.45793747629926,399.45793747629926,20.159715710828156,normal,48.37338200079832
135406,112690,134307,220000,6,2,50,Ingolstadt - Sittling,TenneT TSO GmbH,227;228,19721.7003456195,,,,,'',"SRID=4326;LINESTRING(11.7373124929794 48.8510072431187,11.5043412470719 48.7621630126059)",line,1,220.0,19.721700345619503,6.310944110598241,495.3665309646989,7669.217022334232,-78.61261588489957,78.61261588489957,15.869585644352245,normal,48.10359405340998
166916,16952,112064,380000;220000,9,4,50,,RWE,4134,16237.1074261083,,,,,'',"SRID=4326;LINESTRING(8.40373379697308 49.9644145833259,8.52590542084431 49.8557200669619)",line,2,380.0,16.2371074261083,2.597937188177328,3290.896534380867,55582.56013930374,-542.6369750620364,542.6369750620364,16.489031769700578,normal,46.94533647065969
76219,24593,116764,380000;380000;380000,6;6;6,4;4;4,,Altenfeld - Redwitz;Altenfeld - Redwitz;Altenfeld - Redwitz,50Hertz,459;460,34365.3951774527,,,,,'',"SRID=4326;LINESTRING(10.9909064280074 50.5735635177019,11.0103749241553 50.286345768296)",line,3,380.0,34.365395177452704,3.665642152261622,4936.3448015713,39392.82505001431,649.8712575735453,649.8712575735453,13.165029666620597,normal,46.94299132186295
154609,131037,129101,380000;110000,12,4;1,,Altenfeld - Redwitz;Altenfeld - Redwitz;Ebersdorf - Neustadt bei Coburg;Coburg - Redwitz,TenneT TSO GmbH,459;460;155;158,9943.75329179461,,,,,'',"SRID=4326;LINESTRING(11.1142251117336 50.2132704697023,11.0225122416221 50.2616978707986)",line,2,380.0,9.94375329179461,1.5910005266871377,3290.896534380867,90760.49792433258,-644.7853790972155,644.7853790972155,19.593000641648015,normal,46.88152098333632
168344,18119,115301,220000,6,2,50,220 kV Godorf Ost; Olefin West,RWE,4501,5065.709146398,,,,,'',"SRID=4326;LINESTRING(6.91098381197121 50.8830875439979,6.92909269080674 50.8441529722133)",line,1,220.0,5.0657091463979995,1.6210269268473598,495.3665309646989,29857.616303839146,-127.99415754183251,127.99415754183251,25.838273185830896,normal,46.577400880931485
181125,143515,17243,220000;220000;0;0,3;6;3,2;2;2,50;50;50,Frimmersdorf 4d;220 kV Frimmersdorf 4d,RWE,2397,7833.75460583984,,,,,'',"SRID=4326;LINESTRING(6.61697098862421 51.0544999065057,6.70974948680676 51.0909358881083)",line,4,220.0,7.83375460583984,0.6267003684671872,1981.4661238587955,77229.88917076746,422.48419655816446,422.48419655816446,21.32179760587579,normal,46.45124469415758
96512,25432,115345,110000,6,2;1,,,,,322.04128538451,,,,,'',"SRID=4326;LINESTRING(9.25935137191224 51.0600752450764,9.25550936909475 51.0547858904819)",line,1,110.0,0.32204128538451,0.16,247.68326548234944,75625.0,411.68086408956907,411.68086408956907,166.21262776386746,overload,46.402737866475995
181586,18224,25280,380000;380000;380000,3;6;3,3;3;3,50;50;50,"Streumen-Eula;585,586 Eula - Streumen;Streumen-Eula",50Hertz,585;586,83338.3308721213,,,,,'',"SRID=4326;LINESTRING(12.5181586241793 51.1570964951171,13.3823861862486 51.3561064566207)",line,3,380.0,83.33833087212129,8.889421959692937,4936.3448015713,16244.025838209613,-516.1897795883234,516.1897795883234,10.456923094675513,normal,46.37474377518098
73508,16793,23550,110000;110000;110000,6;6;6,1;1;1,50;50;50,110kV Koepchenwerk Ost+West;110kV Koepchenwerk Ost+West;110kV Koepchenwerk Ost+West,RWE,2308,5182.21917801606,,,,,'',"SRID=4326;LINESTRING(7.41683165937165 51.4569414435079,7.45130171454935 51.4130023613852)",line,3,110.0,5.1822191780160605,0.5527700456550465,743.0497964470483,21889.753424792027,-188.60716856406208,188.60716856406208,25.38284371598004,normal,46.23935013846637
174492,3474,143772,380000,6,3,,Aschaffenburg - Großkrotzenburg;Großkrotzenburg - Grafenrheinfeld,TenneT TSO GmbH,412;417,14779.6749900715,,,,,'',"SRID=4326;LINESTRING(9.08395235006862 49.973238789439,9.08281172124154 50.0887973089462)",line,1,380.0,14.7796749900715,4.72949599682288,1645.4482671904334,30531.794528846873,275.25788282667173,275.25788282667173,16.72844344700478,normal,46.149136988846536
169194,16785,113368,110000,4,1,16.7,110 kV Bahnstrom Orscheid - Köln 1|2,DB_Energie,580;Orscheid - Köln,3211.24702143124,,,,,'',"SRID=4326;LINESTRING(7.09592423999226 50.8267913785919,7.13233742215407 50.8075675462844)",line,1,110.0,3.2112470214312396,1.0275990468579967,247.68326548234944,11775.020653237421,-79.06134954333757,79.06134954333757,31.92034366527346,normal,45.89375527349361
181524,134254,18119,380000;380000;220000;220000,3;6;3,4;4;4,50;50;50,380 kV Ville Ost;380 kV Ville Ost; 220 kV Godorf West;220 kV Godorf West,RWE,4511,11353.7544553741,,,,,'',"SRID=4326;LINESTRING(6.97272311704149 50.7957293597724,6.91098381197121 50.8830875439979)",line,4,380.0,11.353754455374101,0.9083003564299281,6581.793068761734,100000.0,1201.2899447679915,1201.2899447679915,18.251712447015542,normal,45.88407541311414
168522,16926,17104,220000;110000,12,2;1,50,,RWE,2364,3198.65892482123,,,,,'',"SRID=4326;LINESTRING(6.66023164565932 51.2956191989333,6.67471906922509 51.3249491794085)",line,2,220.0,3.19865892482123,0.5117854279713968,990.7330619293978,94570.8833325849,316.8319997565588,316.8319997565588,31.979552508275642,normal,45.88314811303243
100250,112475,113187,380000,12,1,50,Leitung 2024;3026,TenneT,,642.934750695302,,,,,'',"SRID=4326;LINESTRING(10.1846438743188 52.3052654646128,10.1927379645233 52.302459989368)",line,1,380.0,0.642934750695302,0.20573912022249666,1645.4482671904334,100000.0,-1507.1882078937253,1507.1882078937253,91.59742289967075,tight,45.47666633786357
142740,118338,118373,220000;110000,,,50,220 kV Windesheim,RWE,2327,8030.4324990439,,,,,'',"SRID=4326;LINESTRING(7.89862488351527 49.8603024871273,7.99642455832889 49.8255586471438)",line,2,220.0,8.0304324990439,1.284869199847024,990.7330619293978,37669.20399816766,-204.49675589355934,204.49675589355934,20.640954032089454,normal,45.42248885256826
105347,112725,112726,380000;110000,12,4;1,50,380 kV Paffendorf Süd; Selfkant weiß; 110 kV Auenheim Nord; Glesch Nord,RWE,4179,3298.13412940854,,,,,'',"SRID=4326;LINESTRING(6.62173573331276 50.9635756824282,6.66352365353096 50.9763307843942)",line,2,380.0,3.29813412940854,0.5277014607053664,3290.896534380867,100000.0,1021.6137119827717,1021.6137119827717,31.04362903268769,normal,45.26723018589637
168170,17613,113355,380000,6,4,,Kriegenbrunn - Redwitz;Raitersaich - Würgau,TenneT TSO GmbH,432;431,2208.29892824215,,,,,'',"SRID=4326;LINESTRING(10.9522690979259 49.5810516693374,10.9354551599652 49.5636823602756)",line,1,380.0,2.20829892824215,0.706655657037488,1645.4482671904334,100000.0,634.1494286384531,634.1494286384531,38.53961508745876,normal,44.92720433609451
117177,112350,112063,380000;220000,15,4;2,50,380 kV Ried Ost|West; 220 kV Kranichstein Ost; Marxheim Ost; Pfungstadt Ost,RWE,4591,5635.39367137223,,,,,'',"SRID=4326;LINESTRING(8.58323275817333 49.8183467567896,8.53116541615895 49.8530190929433)",line,2,380.0,5.6353936713722295,0.9016629874195567,3290.896534380867,100000.0,777.5955892384778,777.5955892384778,23.628685408815834,normal,44.715349549941976
105281,115375,115468,220000,3,2,50,220-kV Grafschaft-West,Amprion,2643,305.504794901276,,,,,'',"SRID=4326;LINESTRING(7.30989132452239 52.4647345577937,7.31174589642645 52.4672474606947)",line,1,220.0,0.305504794901276,0.16,495.3665309646989,100000.0,-828.882900935446,828.882900935446,167.32719090271246,overload,44.607719344913136
80831,117133,117132,380000;110000,12,4;1,50,,Amprion,4583,8894.36957943608,,,,,'',"SRID=4326;LINESTRING(7.69656224525032 52.4707953591363,7.82686036192906 52.467143862929)",line,2,380.0,8.894369579436079,1.4230991327097726,3290.896534380867,100000.0,-640.3207909002062,640.3207909002062,19.457335841786744,normal,44.59554959272751
99540,127059,131037,380000;110000,12,4;1,,Altenfeld - Redwitz;Altenfeld - Redwitz;Ebersdorf - Redwitz;Coburg - Redwitz,TenneT TSO GmbH,459;460;156;158,8805.76890668308,,,,,'',"SRID=4326;LINESTRING(11.1879073567884 50.1653563612768,11.1142251117336 50.2132704697023)",line,2,380.0,8.805768906683081,1.408923025069293,3290.896534380867,100000.0,-641.559351308052,641.559351308052,19.494971798885555,normal,44.50645285366281
125157,112264,112740,380000;110000,12,,50,KKW Krümmel - Hamburg/OST,50Hertz Transmission,,27561.4177951094,,,,,'',"SRID=4326;LINESTRING(10.4194293536068 53.4152576748809,10.1592768879997 53.5511301890786)",line,2,380.0,27.5614177951094,4.409826847217504,3290.896534380867,32745.0498631512,-436.3346607114888,436.3346607114888,13.258838622028533,normal,44.44437988364506
162524,118366,118359,220000;110000;220000;110000,9;9,2;1;1,50;50,220 kV Windesheim; 110 kV Rosengarten Ost|West;220 kV Windesheim; 110 kV Rosengarten Ost|West,RWE,2327,7566.46004264748,,,,,'',"SRID=4326;LINESTRING(8.34097751780324 49.6752934791918,8.41998183175876 49.641670956609)",line,4,220.0,7.5664600426474795,0.6053168034117984,1981.4661238587955,79958.13056435734,-409.13725629100054,409.13725629100054,20.648208483838644,normal,44.349349231153454
78046,16785,112163,220000,6,2,50,220 kV Gremberghoven Ost|West,RWE,2381,1215.3483587439,,,,,'',"SRID=4326;LINESTRING(7.09592423999226 50.8267913785919,7.11011687494914 50.8178520768364)",line,1,220.0,1.2153483587439,0.388911474798048,495.3665309646989,100000.0,-274.7840776223476,274.7840776223476,55.47086055394595,normal,44.12205853845661
174119,113011,143509,220000;220000;220000,6;6;3,1;1;1,,2205;III;IIII;Trennfeld - Aschaffenburg,E.ON Netz GmbH,2205;III;IIII,5952.75131260496,,,,,'',"SRID=4326;LINESTRING(9.0962755289677 50.1193490685039,9.06603383010281 50.0708583113097)",line,3,220.0,5.95275131260496,0.6349601400111957,1486.0995928940965,76225.25722503873,-337.32036211587763,337.32036211587763,22.698368516403733,normal,44.015256524801806
169246,25063,118532,220000,6,1,50,,Amprion,2319,2289.92585397569,,,,,'',"SRID=4326;LINESTRING(7.92896630920816 50.8178587245952,7.94205213929546 50.8371650883706)",line,1,220.0,2.2899258539756904,0.732776273272221,495.3665309646989,66050.17351867745,182.981426005914,182.981426005914,36.93859285357204,normal,43.98887840316507
181230,24862,115489,110000;380000;380000;110000,6;6;15,2;4;2;1,50;50;50,,RWE,4563,15249.5819564915,,,,,'',"SRID=4326;LINESTRING(7.86403944877968 50.7684190499606,7.74205688382538 50.8745257475273)",line,4,380.0,15.2495819564915,1.21996655651932,6581.793068761734,100000.0,1034.6466606294346,1034.6466606294346,15.719829685014512,normal,43.82794126227234
139548,112303,112328,380000;110000,12,4;2,50,"C,D,72,73",50Hertz Transmission;Vattenfall Europe Hamburg,971;972;72;73,7249.97116880307,,,,,'',"SRID=4326;LINESTRING(9.91261864509603 53.4847192501925,10.0041837423433 53.4563821617575)",line,2,380.0,7.249971168803071,1.1599953870084914,3290.896534380867,100000.0,-679.5938563234419,679.5938563234419,20.65072083620816,normal,43.57735153723403
113934,115374,113529,380000;220000,6;3,4;2,50,,Amprion,4307,33723.241085984,,,,,'',"SRID=4326;LINESTRING(7.31021121459506 52.4643669907568,7.37185639416872 52.1977066547834)",line,2,380.0,33.723241085984,5.39571857375744,3290.896534380867,26761.959139659786,403.11941232951364,403.11941232951364,12.249531643368867,normal,43.454101672265956
182008,115901,112078,380000;110000,12,4;2,,,,Leitung 3023,3712.47657762241,,,,,'',"SRID=4326;LINESTRING(8.81066579635544 50.3168299852352,8.80560989827336 50.3471899924868)",line,2,380.0,3.71247657762241,0.5939962524195856,3290.896534380867,100000.0,922.45195257456,922.45195257456,28.03041490175885,normal,43.453129903704166
129953,112123,114330,220000;110000,12,2;1,50,,RWE,4166,6159.03448170937,,,,,'',"SRID=4326;LINESTRING(8.01957037027646 52.2525947510695,7.93234593248208 52.2627549552881)",line,2,220.0,6.15903448170937,0.9854455170734993,990.7330619293978,49114.841116467425,216.33751082902324,216.33751082902324,21.836104914851425,normal,42.9816456966584
95122,115654,115655,220000;110000,12,2;1,50,,RWE,2388,7309.42175742868,,,,,'',"SRID=4326;LINESTRING(6.61324494707879 51.2614198864283,6.53964489787253 51.2969849478234)",line,2,220.0,7.30942175742868,1.1695074811885888,990.7330619293978,41384.94261773368,200.52794495114614,200.52794495114614,20.240360663913755,normal,42.856737721626736
85573,114693,112513,380000;220000,12,4;2,50,,RWE,4301,11224.2576930541,,,,,'',"SRID=4326;LINESTRING(7.6044660640071 51.6884434925169,7.45658225783185 51.6602453704463)",line,2,380.0,11.2242576930541,1.7958812308886558,3290.896534380867,80406.20811463492,562.8907204311984,562.8907204311984,17.10447941922604,normal,42.81973543226921
171143,115087,141419,380000;220000;380000,6;12,2,50,,RWE,4554,20902.7409181659,,,,,'',"SRID=4326;LINESTRING(8.25081729582883 47.634223075578,8.04094736168949 47.5625400318202)",line,3,380.0,20.9027409181659,2.229625697937696,4936.3448015713,64764.233805505355,-683.4920763123406,683.4920763123406,13.8461169911546,normal,42.737587882379586
137004,113960,113959,220000;110000,,,,,,,3525.7694967981,,,,,'',"SRID=4326;LINESTRING(8.32162699809955 49.0416915451491,8.31094773617041 49.0121744736939)",line,2,220.0,3.5257694967981,0.564123119487696,990.7330619293978,85796.87363984316,-278.5833532614614,278.5833532614614,28.118911537981358,normal,42.45358445017826
178849,112328,16837,380000;380000;380000,3;3;6,4,50;50;50,"C;D;C,D",50Hertz Transmission,C,21750.202251178,,,,,'',"SRID=4326;LINESTRING(10.0041837423433 53.4563821617575,10.1576904324052 53.5551238482492)",line,3,380.0,21.750202251178003,2.320021573458987,4936.3448015713,62240.80053906993,-668.403256384662,668.403256384662,13.540449122838844,normal,42.30813575848979
107309,113050,113051,380000;220000;110000,12,4;1,,,,4375,2881.0824602777,,,,,'',"SRID=4326;LINESTRING(8.59072821107249 51.965478059051,8.55478751487015 51.9521360450208)",line,3,380.0,2.8810824602777,0.3073154624296213,4936.3448015713,100000.0,1534.5394626672837,1534.5394626672837,31.08655339835298,normal,42.15691336320163
127294,112961,112963,380000;220000;110000,12,4;1,,,,4375,3185.91548057194,,,,,'',"SRID=4326;LINESTRING(8.37573621075474 51.9317885843967,8.42102729108642 51.9284099413313)",line,3,380.0,3.18591548057194,0.3398309845943403,4936.3448015713,100000.0,-1450.7419401135978,1450.7419401135978,29.38899121576371,normal,42.07696616921914
81834,114159,115415,220000;110000,16,2;1,50;16.7,,RWE;DB_Energie,2444,5016.18858642312,,,,,'',"SRID=4326;LINESTRING(6.53479983438763 51.7485511555178,6.5808158551536 51.7143931765389)",line,2,220.0,5.0161885864231195,0.8025901738276991,990.7330619293978,60304.750267713294,232.22076514570986,232.22076514570986,23.439286935016863,normal,42.06072064210447
132131,134913,114675,110000,6,1,,,RWE,,829.114511360988,,,,,'',"SRID=4326;LINESTRING(7.97134985795849 51.6781283421425,7.97086802748486 51.6700574655284)",line,1,110.0,0.829114511360988,0.26531664363551616,247.68326548234944,45605.883725193686,172.1042125740208,172.1042125740208,69.48560381697867,watch,41.95762946855438
178347,118812,134273,380000;380000;380000,3;3;6,4;4;4,50;50;50,"548;547;547, 548",50Hertz,548,38422.8243258197,,,,,'',"SRID=4326;LINESTRING(14.5112016636857 52.1616045501195,14.4282090197737 51.8888221394086)",line,3,380.0,38.422824325819704,4.098434594754102,4936.3448015713,35232.96435786203,561.0912876449631,561.0912876449631,11.36653354251836,normal,41.7645650775996
71775,112213,112114,220000;220000,6;3,2;2,50;50,3101;3101,EON_Netz,,3622.43175562262,,,,,'',"SRID=4326;LINESTRING(9.50637011056058 53.5427945657796,9.5392428804046 53.562404675713)",line,2,220.0,3.62243175562262,0.5795890808996192,990.7330619293978,83507.43931351346,-269.37235593449117,269.37235593449117,27.18919619073814,normal,41.62450926402634
181888,113106,113107,220000;110000,6,,,,LEW,,11337.1457313954,,,,,'',"SRID=4326;LINESTRING(10.2005110866768 47.9585186581685,10.3169796395565 47.9577840716546)",line,2,220.0,11.337145731395399,1.813943317023264,990.7330619293978,26682.20089667734,-163.67792930072432,163.67792930072432,16.520891003876525,normal,41.51063342107228
107492,112722,134423,220000,12,2,50,220 kV Niederaußem 1a|2b|3c|4d,RWE,4548,1810.87604894105,,,,,'',"SRID=4326;LINESTRING(6.69363617000146 51.0029048886754,6.66768113914568 50.9932912142426)",line,1,220.0,1.81087604894105,0.579480335661136,495.3665309646989,83523.1103136224,-198.85122151638438,198.85122151638438,40.1422399549547,normal,41.48685229024614
140361,113990,114146,220000;110000,12,2;1,50,,RWE,2476,2277.90096910779,,,,,'',"SRID=4326;LINESTRING(8.11383194051205 52.2616579687788,8.11231253004049 52.2436233536815)",line,2,220.0,2.27790096910779,0.3644641550572464,990.7330619293978,100000.0,344.76692824660927,344.76692824660927,34.799174620779766,normal,41.31369387173316
108062,115791,115789,380000;220000,6;6,4;2,50,380 kV Oerkhaus Ost;St. Peter Nord;220 kV Itterbach Ost|West,RWE,4516,2413.35186401286,,,,,'',"SRID=4326;LINESTRING(7.00393025914839 51.1767073408002,6.9713996575961 51.1715365655757)",line,2,380.0,2.41335186401286,0.3861362982420576,3290.896534380867,100000.0,-1103.367721603077,1103.367721603077,33.52787637277266,normal,41.161998131367156
169756,114621,33725,380000;220000;110000,12,4;2;1,50,,RWE,4307,8889.1675544124,,,,,'',"SRID=4326;LINESTRING(7.48140163115373 51.9564503708777,7.41509976481025 52.0239113312042)",line,3,380.0,8.8891675544124,0.948177872470656,4936.3448015713,100000.0,-881.2608474375594,881.2608474375594,17.852497806819393,normal,40.907927068492775
137296,112407,114827,380000,6,,,Anlage 315,RWE;EnBW,,7122.28397730637,,,,,'',"SRID=4326;LINESTRING(9.30257246615588 48.8831811806587,9.23679054469885 48.9227402851052)",line,1,380.0,7.1222839773063695,2.279130872738038,1645.4482671904334,63357.48496378568,321.10854568793644,321.10854568793644,19.51495845179151,normal,40.87625429954539
105447,112360,121775,220000;110000,6,1,50,,RWE,2339,4552.25999036507,,,,,'',"SRID=4326;LINESTRING(6.6443313271488 51.5126832686941,6.65058396085239 51.5533987522171)",line,2,220.0,4.55225999036507,0.7283615984584112,990.7330619293978,66450.5104366284,235.95886016878043,235.95886016878043,23.816592908413053,normal,40.826523845585875
91678,118621,118624,110000,4,1,16.7,Bebra - Weimar,DB_Energie,316,15497.7946139838,,,,,'',"SRID=4326;LINESTRING(9.99580156242716 50.9772227530099,10.1587836230772 51.0144156468082)",line,1,110.0,15.4977946139838,4.959294276474816,247.68326548234944,2439.8632800231744,-35.90654877719901,35.90654877719901,14.496961959570825,normal,40.63827101102952
167578,114672,134776,380000;110000,12,4;1,50,,RWE,4315,19664.5366141444,,,,,'',"SRID=4326;LINESTRING(7.99724166591133 51.656814276994,7.97615294108046 51.4908110595479)",line,2,380.0,19.6645366141444,3.146325858263104,3290.896534380867,45894.8012713834,441.43236029367404,441.43236029367404,13.413741686556031,normal,40.62243050669113
148297,115564,115565,220000;110000,12,2;1,50,,RWE,2388,2590.49125351038,,,,,'',"SRID=4326;LINESTRING(6.52435727853586 51.320573960401,6.5398553731436 51.2994006519051)",line,2,220.0,2.59049125351038,0.4144786005616608,990.7330619293978,100000.0,-312.4334532409234,312.4334532409234,31.53558362456145,normal,40.31159068254405
171023,134792,141333,110000;110000,6;6,1,,110kV Bergwerk+Uffeln Süd,RWE,,376.265435291849,,,,,'',"SRID=4326;LINESTRING(7.74598409207034 52.2877355614491,7.73570120705127 52.2823769178473)",line,2,110.0,0.37626543529184897,0.08,495.3665309646989,100000.0,622.994259459031,622.994259459031,125.76430188890319,overload,40.1658009222898
71854,112718,141269,380000;380000,6;6,4;4,50;50,380 kV Opladen Nord|Süd;380 kV Opladen Nord|Süd,RWE,4515,10990.996123579,,,,,'',"SRID=4326;LINESTRING(6.85369637035836 51.0241340637737,6.9613060794248 51.068980125616)",line,2,380.0,10.990996123579,1.75855937977264,3290.896534380867,82112.66657294742,531.7275086477238,531.7275086477238,16.157527381752228,normal,40.13781931956691
120253,113112,113113,220000;110000,6,2;1,,,Lechwerke,,5402.7207984697,,,,,'',"SRID=4326;LINESTRING(10.7147221164981 48.0242416522204,10.7855002879024 48.0221402842941)",line,2,220.0,5.4027207984697,0.864435327755152,990.7330619293978,55990.307714158014,214.13560737794816,214.13560737794816,21.61385499348643,normal,40.13094222080483
181927,112619,133694,220000,6,,50,,,,10274.238874985,,,,,'',"SRID=4326;LINESTRING(8.68071874128973 51.9968418471506,8.81399701895862 51.9834812781745)",line,1,220.0,10.274238874985,3.2877564399952,495.3665309646989,14721.285132687828,81.83675165765418,81.83675165765418,16.52044426543748,normal,40.0211128794586
163784,129920,118107,220000;220000;220000,4;3;4,2;2;2,50;50,Hoheneck West;Hoheneck West;Hoheneck West,RWE,4507,36241.1431060379,,,,,'',"SRID=4326;LINESTRING(9.13849086759809 49.1455467874349,8.75302988772633 49.3096260809249)",line,3,220.0,36.2411431060379,3.8657219313107096,1486.0995928940965,12520.300440644865,163.98807498638595,163.98807498638595,11.03479711390192,normal,39.91743119559889
140068,115239,115186,380000;110000,12,4,50,RWE 4562 Ronsdorf - Bomig,RWE,4562,3611.50715908955,,,,,'',"SRID=4326;LINESTRING(7.30768164858651 51.1701492393398,7.3241024926541 51.1397460647522)",line,2,380.0,3.61150715908955,0.577841145454328,3290.896534380867,100000.0,-859.1826588499551,859.1826588499551,26.107859966846316,normal,39.90729300267596
161659,24925,118569,380000;380000;380000,6;6;6,4;4;4,50;50;50,Kugelberg Ost/West;380 kV Kugelberg Ost|West;Kugelberg Ost/West,RWE,4524,6806.90095790542,,,,,'',"SRID=4326;LINESTRING(8.54671154709665 49.4408180776278,8.57177474672438 49.4988578412847)",line,3,380.0,6.80690095790542,0.7260694355099114,4936.3448015713,100000.0,954.6237273868219,954.6237273868219,19.338675999353878,normal,39.741135449454106
177914,112271,16777,110000;380000;380000;110000;110000;380000;110000;380000,3;6;6;6;6;12;6,2;4;4;2;2;4;2;4,50;50;50;50;50;50,Hamburg/Ost - Hamburg/Nord;Hamburg/Ost - Hamburg/Nord;Hamburg/Ost - Hamburg/Nord,50Hertz,A;B,30202.8071330205,,,,,'',"SRID=4326;LINESTRING(10.1676086724284 53.5587348554912,9.98468121228376 53.7412414837162)",line,8,380.0,30.2028071330205,1.20811228532082,8000.0,100000.0,-922.2278916175525,922.2278916175525,11.527848645219407,normal,39.661656212694766
126071,134913,114676,110000,6,1,,,RWE,1529,850.946333859549,,,,,'',"SRID=4326;LINESTRING(7.97134985795849 51.6781283421425,7.97137261117995 51.6697691522584)",line,1,110.0,0.850946333859549,0.2723028268350557,247.68326548234944,44435.822208079524,159.5303014268542,159.5303014268542,64.40899473615134,watch,39.65642741605037
80080,17583,113328,380000,6,2,50,309 AKW Brunsbüttel - UW Wilster,TenneT,309,6903.38589824681,,,,,'',"SRID=4326;LINESTRING(9.34480326287008 53.9218591874263,9.25120257612809 53.8976641888984)",line,1,380.0,6.90338589824681,2.2090834874389795,1645.4482671904334,65366.47474894889,-314.78438940961104,314.78438940961104,19.130615996034834,normal,39.548555292306574
107401,118561,118566,380000;220000,12,4;1,50,,RWE,,9307.39201792603,,,,,'',"SRID=4326;LINESTRING(8.28777371712292 49.5265275889011,8.39247065668801 49.5677428507356)",line,2,380.0,9.307392017926029,1.4891827228681647,3290.896534380867,96965.93828451469,557.4063685618464,557.4063685618464,16.937827207220725,normal,39.51360175831087
178001,22609,112426,220000;220000;220000,6;3;3,1;1;1,50;50;50,Leitung 2144;Leitung 2144;Leitung 2144,TenneT,2144,29217.7823175771,,,,,'',"SRID=4326;LINESTRING(9.25079586209321 53.1143538822759,8.87260984542413 53.1849107672415)",line,3,220.0,29.2177823175771,3.116563447208224,1486.0995928940965,15529.926093228129,172.26923403090018,172.26923403090018,11.592038303127142,normal,39.51065771586661
6145,134476,17243,220000,6,2,50,220 kV Frixheim Süd; Zons Nord,RWE,2397,7241.7652970789,,,,,'',"SRID=4326;LINESTRING(6.80133711744184 51.1238419585396,6.70974948680676 51.0909358881083)",line,1,220.0,7.2417652970789,2.317364895065248,495.3665309646989,20885.791488024264,-92.7829168024506,92.7829168024506,18.730154542690038,normal,39.505914598671055
182117,29252,134540,220000;220000,6;6,4;4,50;50,,EnBW,,14182.1681029691,,,,,'',"SRID=4326;LINESTRING(7.75656086481559 48.2267890398257,7.75270709244963 48.0978638783805)",line,2,220.0,14.1821681029691,2.269146896475056,990.7330619293978,21329.601920080913,-143.73202489737693,143.73202489737693,14.507643927564784,normal,39.46255543913077
111210,114660,134449,380000,6,4,,Untermain Süd; Karlstein Süd,RWE,4186; Untermain Süd(weis); Karlstein Süd(gelb),3391.72698791748,,,,,'',"SRID=4326;LINESTRING(8.97930697380084 50.0615349603856,8.95872395324314 50.0826216715156)",line,1,380.0,3.39172698791748,1.0853526361335937,1645.4482671904334,100000.0,437.7281907339436,437.7281907339436,26.60236723706634,normal,39.364122446087904
173262,24925,142906,110000,6,2;1,50,Bergstraße West/Ost;Bergstraße-West,RWE,0171,6855.83114524142,,,,,'',"SRID=4326;LINESTRING(8.54671154709665 49.4408180776278,8.57021629562079 49.498848263176)",line,1,110.0,6.85583114524142,2.1938659664772544,247.68326548234944,5515.377960591309,47.19212384089941,47.19212384089941,19.053416365855547,normal,39.273970273430045
171310,118108,141537,220000,6,2,50,Elsenz,Badenwerk,,3105.51075369073,,,,,'',"SRID=4326;LINESTRING(8.68944928787304 49.3360233669282,8.72890818747401 49.3308645444075)",line,1,220.0,3.10551075369073,0.9937634411810337,495.3665309646989,48703.74376267982,-137.06908228561826,137.06908228561826,27.670234809502332,normal,39.07950708659209
129495,112619,17558,220000,6,1,,,TenneT,,30147.3370257449,,,,,'',"SRID=4326;LINESTRING(8.68071874128973 51.9968418471506,8.93225449594203 52.1933143275816)",line,1,220.0,30.1473370257449,9.647147848238369,495.3665309646989,5017.026872749561,56.14965092112137,56.14965092112137,11.334970655319212,normal,38.977889505032046
143617,115259,115258,380000;110000,12,4;1,50,Krümmel - Görries,50Hertz,419;420,43927.3568706633,,,,,'',"SRID=4326;LINESTRING(11.3583115678104 53.5984354769964,10.8250650574555 53.5131313829849)",line,2,380.0,43.9273568706633,7.0283770993061285,3290.896534380867,20545.283492864346,336.482796225333,336.482796225333,10.224654367282842,normal,38.90528933871484
178194,114391,19275,380000;380000;110000;110000,6;12;6,4;4;2;1,50;50;50,110kV Enniger - Gütersloh Nord+Süd,RWE,4373,4018.44296986667,,,,,'',"SRID=4326;LINESTRING(8.05047654830048 51.83295434074,7.99392021394725 51.8230845944641)",line,4,380.0,4.01844296986667,0.3214754375893336,6581.793068761734,100000.0,1586.2273655215197,1586.2273655215197,24.100231486310534,normal,38.876558672608176
100713,114268,113657,380000,6,4,,,Lechwerke,L12;A12,20587.5405924352,,,,,'',"SRID=4326;LINESTRING(11.03276237834 48.393713742993,10.9286873424462 48.2395012430818)",line,1,380.0,20.5875405924352,6.588012989579264,1645.4482671904334,21918.596734464234,-208.07818549357017,208.07818549357017,12.645683832337012,normal,38.84901172742455
169358,28857,19177,220000,6,4;2,50,,,,4293.04399506343,,,,,'',"SRID=4326;LINESTRING(8.31413226033039 49.0064314765221,8.29900235698834 48.9743373044997)",line,1,220.0,4.29304399506343,1.3737740784202976,495.3665309646989,35231.41159837223,-115.23798035992104,115.23798035992104,23.263174469115114,normal,38.76560283577396
108731,118623,118624,380000;110000,10,3;1,50;16.7,380 kV 449 Mecklar - Vieselbach; 450 Mecklar - Eisenach; 110 Kv Bahnstrom Weimar - Bebra 1|2,TenneT;DB_Energie,3026,3245.55193471919,,,,,'',"SRID=4326;LINESTRING(10.2025741575583 51.007342054809,10.1587836230772 51.0144156468082)",line,2,380.0,3.24555193471919,0.5192883095550704,3290.896534380867,100000.0,881.202543670484,881.202543670484,26.776975042038785,normal,38.71607393987304
169671,200,113955,380000,6,3,50,Daxlanden - Philippsburg,EnBW,7520,4667.51908950623,,,,,'',"SRID=4326;LINESTRING(8.40394268185539 49.089234984154,8.35827862101774 49.0642469702421)",line,1,380.0,4.6675190895062295,1.4936061086419934,1645.4482671904334,96678.76903053805,-366.9029651876074,366.9029651876074,22.29805533868811,normal,38.68158431338649
160705,18212,134389,220000;220000;220000;220000,6;6;6,2;2;2,50;50;50;50,"291; 302;291; 302;291, 302;291, 302",50Hertz,,24646.1952137694,,,,,'',"SRID=4326;LINESTRING(13.4888670135834 52.3940952853246,13.3041225501447 52.2308385418574)",line,4,220.0,24.6461952137694,1.971695617101552,1981.4661238587955,24547.39949726589,236.0626602163761,236.0626602163761,11.91353500188321,normal,38.65221608332429
107102,113368,16895,220000,6,2,50,220 kV Troisdorf Ost|West,RWE,2370,4895.69223244571,,,,,'',"SRID=4326;LINESTRING(7.13233742215407 50.8075675462844,7.19312872837309 50.7982667363764)",line,1,220.0,4.89569223244571,1.5666215143826272,495.3665309646989,30894.50741972826,107.80920273344053,107.80920273344053,21.7635217549898,normal,38.613318097170314
153508,114823,114826,220000,12,,,Anlage 326,EnBW,,1989.06712058883,,,,,'',"SRID=4326;LINESTRING(9.20986821529684 48.9227736938957,9.23701278790014 48.922185849389)",line,1,220.0,1.98906712058883,0.6365014785884257,495.3665309646989,76040.67174727867,-173.8551576527873,173.8551576527873,35.09626645833622,normal,38.42905491222389
3482,18618,27947,110000,12,1,50,067;094,EON_Netz,067;094,141.272389490539,,,,,'',"SRID=4326;LINESTRING(7.31712785521868 53.1282300130834,7.31133817564833 53.1257707770975)",line,1,110.0,0.14127238949053902,0.16,247.68326548234944,75625.0,720.124470170459,720.124470170459,290.7440955964693,overload,38.42002122508148
171312,141536,118107,220000,6,2,50,Elsenz,Badenwerk,,2755.14778905992,,,,,'',"SRID=4326;LINESTRING(8.73025068856248 49.3297788258821,8.75302988772633 49.3096260809249)",line,1,220.0,2.75514778905992,0.8816472924991744,495.3665309646989,54897.23658403377,-143.83845228614868,143.83845228614868,29.036772429100377,normal,38.41935624644951
162757,114212,117927,220000;0;220000,12;3;12,2;2;2,50;50;50,"Frimmersdorf 1a, Frimmersdorf 2b, Frimmersdorf 3c, Frimmersdorf 4d;220 kV Frimmersdorf 3c;Neurath 1a",RWE,4535,3455.49838479316,,,,,'',"SRID=4326;LINESTRING(6.66198474961773 51.0370275895329,6.62089302374472 51.0534670510413)",line,3,220.0,3.45549838479316,0.36858649437793706,1486.0995928940965,100000.0,381.9394931721676,381.9394931721676,25.700800605722634,normal,38.400566602829784
182029,143086,134644,380000;380000;380000,3;6;3,3;3;3,50,463;464,50Hertz Transmission GmbH,463,44038.9553130327,,,,,'',"SRID=4326;LINESTRING(11.0757441826476 50.5776001114399,11.6464021163032 50.5348701790715)",line,3,380.0,44.038955313032695,4.697488566723488,4936.3448015713,30739.83000680711,-496.53731773777605,496.53731773777605,10.058805405564904,normal,38.29918110496633
177859,17127,133627,380000;380000;380000;380000;380000;380000,3;6;6;3;3;3,3;3,50;50;50;50;50;50,"Helmstedt 380 kV;Leitung 3025;491, 492;Helmstedt 380 kV;Helmstedt 380 kV;Helmstedt 380 kV",TenneT,3025,48468.0361067688,,,,,'',"SRID=4326;LINESTRING(11.6388595619847 52.2687327303489,10.9993129974283 52.2001376075291)",line,6,380.0,48.4680361067688,2.584961925694336,8000.0,55861.557791112646,784.3747759910788,784.3747759910788,9.804684699888485,normal,38.25127845753172
181676,24835,31001,110000;110000,4;3,1;1,50;50,110 kV Lampertheim West;110 kV Lampertheim West,RWE,1088,6988.97641565331,,,,,'',"SRID=4326;LINESTRING(8.41755868722372 49.6388189136666,8.4881978399368 49.5996644703187)",line,2,110.0,6.98897641565331,1.1182362265045296,495.3665309646989,10820.61170368548,-91.09880169231837,91.09880169231837,18.39018100696236,normal,38.21594815580524
138801,114797,116080,380000;110000,12,4;1,50,Krümmel - Görries,50Hertz Transmission,304;167,10572.2699548736,,,,,'',"SRID=4326;LINESTRING(10.4999492152782 53.425174055261,10.5070565959746 53.5146528937225)",line,2,380.0,10.5722699548736,1.6915631927797758,3290.896534380867,85364.82740718951,-513.4372121042408,513.4372121042408,15.601742769492336,normal,38.202610121719104
111634,114693,114691,380000;220000,15,4;2,50,,RWE,4301,6762.6015559586,,,,,'',"SRID=4326;LINESTRING(7.6044660640071 51.6884434925169,7.70086966703767 51.6903694872844)",line,2,380.0,6.7626015559586,1.082016248953376,3290.896534380867,100000.0,-613.3028175347888,613.3028175347888,18.636344568340327,normal,38.19178762027312
179377,134281,134388,380000;380000;220000;380000;220000;220000;380000;220000,3;3;3;6;3;3;3,2;2;2;2;2;2;2,50;50;50;50;50;50;50,302;302;302;302;302;302;302,TenneT,,31278.181057361,,,,,'',"SRID=4326;LINESTRING(8.05324040764567 53.3334140108585,8.4752492120761 53.4286850461992)",line,8,380.0,31.278181057361,1.25112724229444,8000.0,100000.0,-879.3503510570802,879.3503510570802,10.991879388213501,normal,38.19009223749665
125935,116456,116454,220000;110000,6,1,,,,,9975.03163984157,,,,,'',"SRID=4326;LINESTRING(10.1107412725248 48.9125997435405,10.0549626307456 48.9869001748518)",line,2,220.0,9.975031639841571,1.5960050623746513,990.7330619293978,30325.71834577203,157.5959328589387,157.5959328589387,15.907002492884345,normal,38.107178517451636
168066,135166,134307,380000;220000,12,2;1,,Irsching - Raitersaich;Ingolstadt - Raitersaich,TenneT TSO GmbH,424;425;265;266,90220.7131796891,,,,,'',"SRID=4326;LINESTRING(10.8250715239739 49.357164830329,11.5043412470719 48.7621630126059)",line,2,380.0,90.2207131796891,14.435314108750257,3290.896534380867,10003.246130437094,277.3778494432377,277.3778494432377,8.42864084438383,normal,38.04083291884742
166955,18928,17043,220000,6,2,,OBR-KR-SSI,TenneT TSO GmbH,250;251,2316.80204903412,,,,,'',"SRID=4326;LINESTRING(11.3060342063064 48.03553867966,11.2939430809764 48.0520072369313)",line,1,220.0,2.31680204903412,0.7413766556909184,495.3665309646989,65283.95469222607,157.06537398009442,157.06537398009442,31.70690068104083,normal,38.01660817503657
71819,118630,112109,380000;110000;380000;110000;380000;110000,12;10;10,2;2;1;2;1,50;16.7;50;16.7;50;16.7,Elbekreuzung 2;380 kV 307 UW Wilster - UW Dollern; 110 kV Bahnstrom Nenndorf - Neumünster 1|2;380 kV 307 UW Wilster - UW Dollern; 110 kV Bahnstrom Nenndorf - Neumünster 1|2,TenneT,3105,8126.0009008495,,,,,'',"SRID=4326;LINESTRING(9.57189277822662 53.5750118474676,9.63540708241195 53.6356379436703)",line,6,380.0,8.1260009008495,0.43338671471197326,8000.0,100000.0,-1363.1964470032176,1363.1964470032176,17.03995558754022,normal,37.677515782333494
174520,8902,143791,220000,6,2,,Pirach - St. Peter;Pirach - Pleinting,,256;257,11461.5515753454,,,,,'',"SRID=4326;LINESTRING(12.7593590293877 48.1985915903112,12.8269677328656 48.2817671208086)",line,1,220.0,11.4615515753454,3.667696504110528,495.3665309646989,13196.29362619188,73.72429985202928,73.72429985202928,14.882777750134892,normal,37.54400997398478
106666,112842,112843,220000,6,3,,220kV Polsum Süd+Scholven D,Amprion,2638,3332.10105873534,,,,,'',"SRID=4326;LINESTRING(7.03125575244991 51.6285663485415,7.0522095852727 51.6554570927607)",line,1,220.0,3.33210105873534,1.0662723387953088,495.3665309646989,45391.78054143567,-126.53723001235302,126.53723001235302,25.544162171378186,normal,37.44908682962722
181220,17291,113278,380000;110000;380000;110000,6;6;12,4;1;4;1,50;50;50,,TenneT,,10287.515256287,,,,,'',"SRID=4326;LINESTRING(10.3789634211254 53.2198904503378,10.2836219591221 53.288664966286)",line,4,380.0,10.287515256287001,0.8230012205029601,6581.793068761734,100000.0,-1015.1967898615923,1015.1967898615923,15.424319471237743,normal,37.383880999464196
157353,113607,114748,380000,12,4;1,50,,RWE,4308,5845.40898251362,,,,,'',"SRID=4326;LINESTRING(8.00951813241563 51.36458918172,8.02982966981028 51.4113683835071)",line,1,380.0,5.84540898251362,1.8705308744043583,1645.4482671904334,77197.33578093543,-318.4876824504641,318.4876824504641,19.355678862774262,normal,37.23216202362723
169582,134129,113526,380000;220000,6;3,4;1,,,RWE,4306,1661.47433333962,,,,,'',"SRID=4326;LINESTRING(7.01011672640826 52.1773829954939,7.01586509635015 52.1926445887378)",line,2,380.0,1.66147433333962,0.2658358933343392,3290.896534380867,100000.0,-1250.2979077589905,1250.2979077589905,37.99262282167784,normal,37.19022736226008
73746,35200,118556,380000;220000;380000;220000,9;12,4;2,50;50,"Bienwald West 220 kV; Kaiserslautern Süd 380 kV; Weingarten Ltg. 220 kV; 6 * 380 kV, 3 * 220 kV",RWE,,17968.1417590606,,,,,'',"SRID=4326;LINESTRING(8.30844364945986 49.2571328170907,8.3378776114208 49.4095920553895)",line,4,380.0,17.9681417590606,1.4374513407248481,6581.793068761734,100000.0,827.1555728208923,827.1555728208923,12.567328753416875,normal,36.98264269683952
122007,118493,118486,380000;220000,12,4;2,50,,RWE,,30450.117193656,,,,,'',"SRID=4326;LINESTRING(8.06756564910793 49.5812345509583,7.72327212308763 49.4893231435121)",line,2,380.0,30.450117193656,4.87201875098496,3290.896534380867,29638.637981597898,351.22594864977935,351.22594864977935,10.672652421017464,normal,36.803603526058886
71818,112871,17712,220000;220000;220000;220000;220000;220000,6;3;6;6;6;6,4,50;50;50;50;50;50,Elbekreuzung 1,TenneT,2141,22816.1506217597,,,,,'',"SRID=4326;LINESTRING(9.76851234452204 53.6968499480005,9.52950909749613 53.6191122380472)",line,6,220.0,22.8161506217597,1.2168613664938508,2972.199185788193,39774.45692063935,344.64771219539307,344.64771219539307,11.595713835174761,normal,36.76263309537343
162521,118372,118370,220000;110000;220000;110000,9;9,2;1;1,50;50,220 kV Windesheim; 110 kV Rosengarten Ost|West;220 kV Windesheim; 110 kV Rosengarten Ost|West,RWE,2327,5338.66350354392,,,,,'',"SRID=4326;LINESTRING(8.04474906971199 49.8049826454018,8.10754427251238 49.7794425462754)",line,4,220.0,5.338663503543921,0.42709308028351367,1981.4661238587955,100000.0,-393.8212354824611,393.8212354824611,19.87524443342569,normal,36.70297674196413
173196,115101,142860,380000;220000,12,,,,,7640,14320.1381700715,,,,,'',"SRID=4326;LINESTRING(8.17215434168128 47.6509633658397,8.04127881776128 47.5622523706167)",line,2,380.0,14.3201381700715,2.29122210721144,3290.896534380867,63023.13492241212,442.274089006975,442.274089006975,13.43931917598808,normal,36.67816229905622
135166,16778,115234,,,,,380 kV Niehl 3,,,2709.25277682617,,,,,'',"SRID=4326;LINESTRING(6.93481717657151 51.0334821635245,6.96111412725599 51.0528141675749)",line,1,220.0,2.70925277682617,0.8669608885843744,495.3665309646989,55827.20124667956,137.86841879724508,137.86841879724508,27.831597449418712,normal,36.48250536627168
181053,17140,113050,110000;110000;380000;220000;380000;220000;110000;110000,6;6;6;3;3;6;6,1;4;4;1;1,50;50,Umspannwerk Bielefeld Ost,,4375,5552.64217428941,,,,,'',"SRID=4326;LINESTRING(8.62872595935418 51.9936052081812,8.59072821107249 51.965478059051)",line,8,380.0,5.55264217428941,0.2221056869715764,8000.0,100000.0,1550.0041453787917,1550.0041453787917,19.375051817234898,normal,36.42254676245641
122524,112685,112688,380000;110000,12,4;1,,Grafenrheinfeld - Eltmann;Grafenrheinfeld - Oberhaid;Eltmann - Haßfurt;Eltmann - Knetzgau,TenneT TSO GmbH;E.ON Netz GmbH,422;423;123;150,7052.36849528823,,,,,'',"SRID=4326;LINESTRING(10.6606692282113 49.9752225594048,10.5659796107428 49.9787867501102)",line,2,380.0,7.05236849528823,1.1283789592461169,3290.896534380867,100000.0,570.2251708228939,570.2251708228939,17.327350309120956,normal,36.14426831361739
72826,17672,112789,380000;380000,6;6,4;4,,380kV Recklinghausen+Westfalen West;Recklinghausen+Westfalen West,RWE,4356,10653.1621336783,,,,,'',"SRID=4326;LINESTRING(7.0608429248286 51.6967174563455,7.0967555130762 51.6100754598429)",line,2,380.0,10.653162133678299,1.7045059413885277,3290.896534380867,84716.63048728865,484.2078469881589,484.2078469881589,14.713554252754879,normal,36.130273812247424
171560,112508,141710,220000;110000,6,1,50,,RWE,2601,3599.13180623845,,,,,'',"SRID=4326;LINESTRING(7.45678078550964 51.6598757476734,7.41473961780005 51.643750166611)",line,2,220.0,3.5991318062384496,0.5758610889981519,990.7330619293978,84048.04721951847,234.56012560497246,234.56012560497246,23.675411129227847,normal,36.12554152545882
96692,112919,113854,380000;110000,10,4;1,50;16.7,380 kV Sechtem Nord|Süd; 110 kV Bahnstrom Köln - Sindorf 1|2,RWE,4101,9372.93273645022,,,,,'',"SRID=4326;LINESTRING(6.7813455183862 50.8344116819775,6.89268289436303 50.84797574162)",line,2,380.0,9.37293273645022,1.4996692378320353,3290.896534380867,96287.89892946578,508.1193758850342,508.1193758850342,15.440150444615217,normal,36.11759670764236
166780,7935,117449,380000;220000,12,4;2,50,Leitung 2016 - Leitung 3011,TenneT,3011;2016,10560.84884974,,,,,'',"SRID=4326;LINESTRING(9.20556798003176 52.414501161779,9.32068654470251 52.3511426488524)",line,2,380.0,10.56084884974,1.6897358159584,3290.896534380867,85457.14580719701,-483.9718366136398,483.9718366136398,14.706382639425396,normal,35.9956993730082
172141,19980,142118,220000;110000,6,2,,Ludersheim - Schwandorf;Lauterhofen - Schwandorf,TenneT TSO GmbH;E.ON Netz GmbH,223;160,5457.62060768726,,,,,'',"SRID=4326;LINESTRING(11.5991212408693 49.3943182933279,11.6742377601098 49.4015330904156)",line,2,220.0,5.45762060768726,0.8732192972299616,990.7330619293978,55427.08475813024,190.48042934717122,190.48042934717122,19.226211041773567,normal,35.861900152842104
182016,18269,113625,380000;380000;380000;380000;110000;380000,3;3;6;3;3,3;3;3;1,50;50;50;50;50;50,513;Stendal/West;516;513;516,50Hertz_Transmission,513,63691.7515868104,,,,,'',"SRID=4326;LINESTRING(11.7273510145608 52.5689508911754,12.0122409873689 53.068684968509)",line,6,380.0,63.691751586810405,3.3968934179632218,8000.0,42509.42912615206,-683.2635485559106,683.2635485559106,8.540794356948881,normal,35.61198402942524
114409,112077,112078,380000,6,4,,,,Leitung 3023,891.343657961371,,,,,'',"SRID=4326;LINESTRING(8.79970275662805 50.354268644782,8.80560989827336 50.3471899924868)",line,1,380.0,0.891343657961371,0.28522997054763877,1645.4482671904334,100000.0,-913.9334168157931,913.9334168157931,55.54312675999922,normal,35.39694076268747
8246,19225,134456,380000;220000,6,3,,Goldshöfe - Rotensohl,EnBW,327,19994.821700179,,,,,'',"SRID=4326;LINESTRING(10.1174968226604 48.8970343515789,10.222431007221 48.736724350476)",line,2,380.0,19.994821700179,3.19917147202864,3290.896534380867,45136.68656479795,-381.91011176897405,381.91011176897405,11.60504767558196,normal,35.32896604741021
102733,113378,116172,220000,6,2,,,Lechwerke,,565.707322673169,,,,,'',"SRID=4326;LINESTRING(10.2797527355304 47.8049303857551,10.2857002115319 47.8017756846063)",line,1,220.0,0.5657073226731689,0.18102634325541406,495.3665309646989,100000.0,-388.64851445228334,388.64851445228334,78.45675679691396,watch,35.175120735089905
174545,134611,143808,380000,6,3,,Schmölln - Dresden Süd - Röhrsdorf,50Hertz Transmission,591;592,7219.56483451601,,,,,'',"SRID=4326;LINESTRING(13.2560629158367 50.9301716590568,13.3510287346751 50.9352160720002)",line,1,380.0,7.21956483451601,2.3102607470451235,1645.4482671904334,62503.76724129123,-274.0151306601764,274.0151306601764,16.65291678407193,normal,35.07965676533067
181961,114071,16786,220000,6,,50,"233 Großdalzig - Eula, 358 Wolkramshausen - Eula",50Hertz Transmission,233;358,37559.9472349943,,,,,'',"SRID=4326;LINESTRING(11.8632453363665 51.3711997867524,12.2487790977599 51.1978814301826)",line,1,220.0,37.559947234994304,12.019183115198178,495.3665309646989,4026.895965899589,-47.56836396198042,47.56836396198042,9.602660048377443,normal,35.07097043919596
173851,112717,143322,220000;220000;220000,6;3;6,2;2,50;50,220 kV Niederaußem 4d; Stommeln Nord;220 kV Niederaußem 4d; Stommeln Nord,RWE,4515,9340.20107180656,,,,,'',"SRID=4326;LINESTRING(6.85419107258533 51.0238523934622,6.72530366803004 51.0035706751555)",line,3,220.0,9.34020107180656,0.996288114326033,1486.0995928940965,48580.32461096009,-222.78936591736158,222.78936591736158,14.991550161418969,normal,35.020850568479894
143798,118477,118486,220000;110000,,1,50,Kaiserslautern - Morbach,,,15244.7476077032,,,,,'',"SRID=4326;LINESTRING(7.61403824218009 49.6005980619029,7.72327212308763 49.4893231435121)",line,2,220.0,15.2447476077032,2.439159617232512,990.7330619293978,19842.89984880735,-124.09509453588137,124.09509453588137,12.525583257937619,normal,34.91844063440379
166788,19002,134433,110000,6,1,50,"WS-ErH-Vib 3,WN-ErH-Vib 4",Thüringer_Energienetze,,2277.85469339002,,,,,'',"SRID=4326;LINESTRING(11.1293900411786 50.983597117412,11.1223691907243 50.9988751071947)",line,1,110.0,2.27785469339002,0.7289135018848064,247.68326548234944,16600.0492084618,-72.79447910647995,72.79447910647995,29.39014832702433,normal,34.89166525523779
114059,113492,143330,110000,6,1,,AL1-EDS/AIC 2x 110 kV,Neckarwerke,,727.430119734374,,,,,'',"SRID=4326;LINESTRING(9.39125828325447 48.7429114558362,9.38634993192534 48.7479400350264)",line,1,110.0,0.727430119734374,0.23277763831499967,247.68326548234944,51980.938064274116,157.88827592715433,157.88827592715433,63.746040984915005,watch,34.845805905207676
96953,116007,113021,380000,6,,50,Koppelleitung Laufenburg (CH) - Sierentz (F),,,5213.01179545805,,,,,'',"SRID=4326;LINESTRING(7.87505335995456 47.6002661671729,7.93988091125374 47.597648668576)",line,1,380.0,5.21301179545805,1.668163774546576,1645.4482671904334,86562.24418927295,-311.4700710082565,311.4700710082565,18.92919256222408,normal,34.57692951558345
167886,23178,113368,220000,6,2,50,220 kV Troisdorf Ost|West,RWE,2370,1353.90873178498,,,,,'',"SRID=4326;LINESTRING(7.11679257847347 50.807021653929,7.13233742215407 50.8075675462844)",line,1,220.0,1.35390873178498,0.4332507941711936,495.3665309646989,100000.0,198.64265775905164,198.64265775905164,40.10013703836755,normal,34.32881450077164
181538,112863,23178,220000;220000;220000,3;6;3,2;2;2,50;50;50,220 kV Troisdorf West;220 kV Troisdorf Ost|West;220 kV Troisdorf Ost,RWE,2370,10284.6039315542,,,,,'',"SRID=4326;LINESTRING(6.97464293509789 50.7941754927456,7.11679257847347 50.807021653929)",line,3,220.0,10.2846039315542,1.0970244193657812,1486.0995928940965,44119.346065223704,210.177158166772,210.177158166772,14.142871660267643,normal,34.27439117680983
83615,113223,113180,220000;110000,6;6,2;1,50,220 kV Merheim Ost|West;110 kV Moitzfeld West;Springborn West,RWE,2380,2511.32405508309,,,,,'',"SRID=4326;LINESTRING(7.04002268080222 50.9504958561551,7.03222117188576 50.972375486188)",line,2,220.0,2.51132405508309,0.40181184881329446,990.7330619293978,100000.0,270.20952916363416,270.20952916363416,27.273696573466122,normal,34.25557716286915
72267,114290,116234,380000;220000;380000;220000,12;12,4;2,50;50,,RWE,4133,7086.04583149982,,,,,'',"SRID=4326;LINESTRING(7.4526020923025 50.398698973836,7.49135119157758 50.3507650750805)",line,4,380.0,7.0860458314998205,0.5668836665199857,6581.793068761734,100000.0,-1078.1980334686025,1078.1980334686025,16.381524338495336,normal,34.23967664685973
178798,17814,114080,220000;110000;220000;110000;220000;110000,6;6;12,2;2;1;2;1,50;50;50,,Amprion,2432,8050.70320663371,,,,,'',"SRID=4326;LINESTRING(8.30806397038004 52.3456216256355,8.27759194219813 52.282402866531)",line,6,220.0,8.05070320663371,0.4293708376871312,2972.199185788193,100000.0,461.64965941969393,461.64965941969393,15.532258457882248,normal,34.21511838541926
179156,113846,17583,380000;380000;380000,6;12;6,2;2;2,50;50;50,"307 UW Wilster - UW Dollern;307 UW Wilster - UW Dollern, 308 AKW Brokdorf - UW Wilster;308 AKW Brokdorf - UW Wilster",TenneT,307,4896.55654864591,,,,,'',"SRID=4326;LINESTRING(9.3557307222513 53.8783432677236,9.34480326287008 53.9218591874263)",line,3,380.0,4.89655654864591,0.5222993651888971,4936.3448015713,100000.0,-948.9846251698852,948.9846251698852,19.224439606970154,normal,34.1112409282323
123673,113349,113350,380000,9,4;1,,Kriegenbrunn - Redwitz;Raitersaich - Würgau;Erlangen - Forchheim,,432;431;131,1353.25606631692,,,,,'',"SRID=4326;LINESTRING(11.0249220622033 49.6931596917717,11.0382631221508 49.7017278802571)",line,1,380.0,1.35325606631692,0.4330419412214144,1645.4482671904334,100000.0,-654.9564940300955,654.9564940300955,39.80413769850202,normal,34.06437822775654
178163,17069,113187,380000;380000;380000,3;3;6,4;4;4,50;50;50,Leitung 3026;Leitung 3026;Leitung 3026,TenneT,2,2975.91200976982,,,,,'',"SRID=4326;LINESTRING(10.2358928231592 52.293471462146,10.1927379645233 52.302459989368)",line,3,380.0,2.97591200976982,0.3174306143754475,4936.3448015713,100000.0,1209.5850565509631,1209.5850565509631,24.503658175699908,normal,33.821276088362964
73666,30245,118108,220000;220000,3;6,2;2,50;50,Elsenz;Elsenz,Badenwerk,,5474.15938078663,,,,,'',"SRID=4326;LINESTRING(8.62319820898094 49.3566712908695,8.68944928787304 49.3360233669282)",line,2,220.0,5.47415938078663,0.8758655009258608,990.7330619293978,55259.625991476176,178.90143852144394,178.90143852144394,18.057481414120094,normal,33.72810279277347
72728,113651,134507,220000;110000;220000;110000,6;6,2;2,50;50,212 Brunsbüttel-Itzehoe/West;212 Brunsbüttel-Itzehoe/West,TenneT;EON_Netz,212;136,15372.0677133651,,,,,'',"SRID=4326;LINESTRING(9.24382839579228 53.8979164590382,9.44943465796165 53.9670755935934)",line,4,220.0,15.3720677133651,1.229765417069208,1981.4661238587955,39357.09959656165,237.76674054226055,237.76674054226055,11.999535983952276,normal,33.54562314211106
110893,112036,112941,220000,6,2,50,"293, 294",50Hertz Transmission,293;294,4280.64448461837,,,,,'',"SRID=4326;LINESTRING(13.2115235123665 52.680937765612,13.2640795378954 52.7004780624634)",line,1,220.0,4.28064448461837,1.3698062350778784,495.3665309646989,35333.46451532854,-99.65186907806323,99.65186907806323,20.116794908205996,normal,33.47531538613451
155503,114405,118557,220000,6,,50,220 kV Eisbach Süd; Roxheim Süd,RWE,,603.811943670677,,,,,'',"SRID=4326;LINESTRING(8.345264098676 49.4142565599315,8.33803068434522 49.4166034606011)",line,1,220.0,0.603811943670677,0.19321982197461665,495.3665309646989,100000.0,350.97861879157534,350.97861879157534,70.8523077059857,watch,33.46944412600238
160746,19605,112140,220000;220000,12;12,2;2,50;50,220 kV Frixheim Süd; Niederaußem 4d|5e; Stommeln Nord;220 kV Frixheim Süd; Niederaußem 4d|5e; Stommeln Nord,RWE,4560,2703.78774444845,,,,,'',"SRID=4326;LINESTRING(6.90263526056579 51.0146924999731,6.93024585813696 51.0327014477473)",line,2,220.0,2.70378774444845,0.43260603911175205,990.7330619293978,100000.0,252.936525333336,252.936525333336,25.530239683407366,normal,33.428172784780806
180584,134325,112399,110000;110000;110000,3;3;6,,50;50,1163 Farge-Surheide-Uthlede;1163 Farge-Surheide-Uthlede;1163 Farge-Surheide-Uthlede,EON_Netz,1163,500.59392565323,,,,,'',"SRID=4326;LINESTRING(8.516753086144 53.2019252531898,8.52176409755299 53.2071982443292)",line,3,110.0,0.50059392565323,0.05339668540301121,743.0497964470483,100000.0,-611.1488155326673,611.1488155326673,82.24870236892924,tight,33.381538961654684
106595,113112,113111,220000;110000,6,,,,Lechwerke,,5449.43199825062,,,,,'',"SRID=4326;LINESTRING(10.7147221164981 48.0242416522204,10.646394549189 48.0256512480816)",line,2,220.0,5.4494319982506205,0.8719091197200993,990.7330619293978,55510.37247498614,-177.38779819512175,177.38779819512175,17.90470158022877,normal,33.3742216653518
145793,118037,118043,220000,3,2,,Großgartach - Obrigheim 1x 220 kV,,Anlage 323,2960.33768711779,,,,,'',"SRID=4326;LINESTRING(9.09751241928241 49.2915052867572,9.07351608242384 49.3119353454336)",line,1,220.0,2.96033768711779,0.9473080598776928,495.3665309646989,51092.14420306836,120.00469883170032,120.00469883170032,24.22543537570005,normal,33.34217641969582
160873,113223,113392,110000;110000,6;6,1;1,50;50,110 kV Moitzfeld West; Springborn West;110 kV Moitzfeld West; Springborn West,RWE,0243,2879.45448334362,,,,,'',"SRID=4326;LINESTRING(7.04002268080222 50.9504958561551,7.05556075044011 50.927246291513)",line,2,110.0,2.8794544833436198,0.46071271733497915,495.3665309646989,26263.65529910524,-121.52930240688205,121.52930240688205,24.533208202461815,normal,33.25953657249778
150350,16786,112332,110000,6,1,50,,MITNETZ,,5403.97198880248,,,,,'',"SRID=4326;LINESTRING(12.2487790977599 51.1978814301826,12.3245816183962 51.1938942400315)",line,1,110.0,5.40397198880248,1.7292710364167938,247.68326548234944,6997.168023511395,-44.355197416083314,44.355197416083314,17.908031586108176,normal,33.25375373804699
181986,112718,117165,380000;220000,12,4;2,50,380 kV Opladen Nord|Süd; 220 kV Frixheim Süd; Niederaußem 5e,RWE,4560,10006.9670444041,,,,,'',"SRID=4326;LINESTRING(6.85369637035836 51.0241340637737,6.71618873453539 51.0057671601145)",line,2,380.0,10.0069670444041,1.601114727104656,3290.896534380867,90187.16620083989,-455.7367480203163,455.7367480203163,13.848407060480751,normal,33.21579818296655
180969,134320,18647,380000;380000;220000;380000;380000;380000;220000;380000,6;3;3;3;3;3;3;6,3;4;3;3;4;4;4;3;4;3,,RWE-Donauleitung 380 kV;220 kV;Donau-Ost;Donau-Ost;Donau-Ost;220 kV;Donau-Ost,EnBW,DELLM-LAICH,24055.8177806246,,,,,'',"SRID=4326;LINESTRING(9.70424505670117 48.464942166562,9.88562708565078 48.3041011089674)",line,8,380.0,24.055817780624597,0.9622327112249839,8000.0,100000.0,-823.5266481959047,823.5266481959047,10.294083102448809,normal,33.15833333267879
181989,24419,114404,220000;220000;220000,6;3;3,4;2;4;2,50;50;50,Daxlanden - Weier;Daxlanden - Weier;Bühl - Weier,,5110,27250.5343263992,,,,,'',"SRID=4326;LINESTRING(7.9107966643883 48.5012807613263,8.10010765926433 48.707061046957)",line,3,220.0,27.2505343263992,2.9067236614825815,1486.0995928940965,16651.04964787518,146.99384328201546,146.99384328201546,9.891251164112973,normal,33.047781635242316
180532,112942,25248,220000;220000,6;6,4;2,50;50,DAXLA-NEURO,TransnetBW GmbH,1300/075,24603.7307612373,,,,,'',"SRID=4326;LINESTRING(8.40932601585853 49.0923502415204,8.5120524890324 49.2939490258652)",line,2,220.0,24.6037307612373,3.9365969217979684,990.7330619293978,12294.883362834666,100.79037472081252,100.79037472081252,10.17331293300426,normal,32.98938918380591
105329,16893,118435,380000,6,4,50,Leitung 3027,TenneT,3027,1421.87793059529,,,,,'',"SRID=4326;LINESTRING(9.3897502251176 52.0263153405098,9.4136812208929 52.0274828920508)",line,1,380.0,1.42187793059529,0.45500093779049283,1645.4482671904334,100000.0,-609.5471752011916,609.5471752011916,37.044444809072,normal,32.7674133691886
178822,121840,24814,110000;220000;110000;220000,3;6,,50;50;50,220kV Wengerohr | 110kV Idesheim Nord,Westnetz,,5532.90461846407,,,,,'',"SRID=4326;LINESTRING(6.51644976841587 49.8799258905646,6.47479750040959 49.9224757052015)",line,4,220.0,5.5329046184640704,0.44263236947712564,1981.4661238587955,100000.0,345.51358420497615,345.51358420497615,17.43726930501883,normal,32.72716776762353
86816,114234,114235,220000,12,2,,,RWE,,1229.24910649277,,,,,'',"SRID=4326;LINESTRING(6.7391756345092 51.5133817513703,6.7318688278197 51.518809973085)",line,1,220.0,1.22924910649277,0.3933597140776864,495.3665309646989,100000.0,-202.17841785090673,202.17841785090673,40.81390348620757,normal,32.71906998862344
167948,112411,17614,380000,6,3,50,"502,503 Ragow-Schönewalde-Marke-Bad Lauchstädt",50Hertz,502;503,86556.8008309586,,,,,'',"SRID=4326;LINESTRING(12.1224651710457 51.5127767432251,13.1570839491827 51.8284536372352)",line,1,380.0,86.5568008309586,27.69817626590675,1645.4482671904334,5213.339629791428,-120.29664071771451,120.29664071771451,7.31087346326107,normal,32.696329722677305
158547,17306,112955,220000,6,,,2x 220 kV,,,1831.41907755743,,,,,'',"SRID=4326;LINESTRING(9.40081810882864 48.6669725947836,9.39054017001634 48.6830158786037)",line,1,220.0,1.83141907755743,0.5860541048183776,495.3665309646989,82586.23154768195,155.46746645451574,155.46746645451574,31.384329932777547,normal,32.664120980149995
154180,114311,114313,110000,6,,50,,RWE,,509.629011968187,,,,,'',"SRID=4326;LINESTRING(7.26764023294369 52.6577591625558,7.26673383282202 52.6542333842137)",line,1,110.0,0.509629011968187,0.16308128382981985,247.68326548234944,74196.12916848698,-196.20578648088926,196.20578648088926,79.21640814077179,watch,32.62638143102831
180998,17046,133627,380000;380000;380000;380000;380000,3;3;6;3;3,4,50;50;50;50;50,Helmstedt 380 kV;Helmstedt 380 kV;Leitung 3024;Helmstedt 380 kV;Helmstedt 380 kV,TenneT,3024,25894.3772929713,,,,,'',"SRID=4326;LINESTRING(10.7610044477178 52.367687328586,10.9993129974283 52.2001376075291)",line,5,380.0,25.894377292971303,1.6572401467501634,8000.0,87132.81553259943,-791.9000265969131,791.9000265969131,9.898750332461413,normal,32.58586689559747
77273,19225,116456,220000,3,1,,,,,1594.77507761172,,,,,'',"SRID=4326;LINESTRING(10.1174968226604 48.8970343515789,10.1107412725248 48.9125997435405)",line,1,220.0,1.59477507761172,0.5103280248357505,495.3665309646989,94840.96041086041,169.17223893990172,169.17223893990172,34.15092226970768,normal,32.562898836936235
182175,16814,134318,380000;220000,6,2,,Brauweiler (DE) - Bludenz-West (AT),RWE,4508,19708.6481830384,,,,,'',"SRID=4326;LINESTRING(8.98890991477608 48.8040900304867,9.19488883025304 48.9134592121868)",line,2,380.0,19.7086481830384,3.153383709286144,3290.896534380867,45792.08028974341,352.91676623554946,352.91676623554946,10.724031051980353,normal,32.499727314394114
80775,134476,112522,380000,6,4,50,380 kV Neurath 2b; St.Peter Nord,RWE,4581,9653.2006474448,,,,,'',"SRID=4326;LINESTRING(6.80133711744184 51.1238419585396,6.91099666839732 51.1176622918012)",line,1,380.0,9.6532006474448,3.089024207182336,1645.4482671904334,46746.15357958459,225.86677008792938,225.86677008792938,13.72676215907972,normal,32.47560270053738
181828,113714,18647,380000;380000;380000;380000;380000;380000;380000,3;6;3;6;3;3;3,4;4;4;4;4,,Donau-Ost;Donau Ost;Donau West;Donau-Ost;Donau West;Donau-Ost,RWE,4528,14898.2714122442,,,,,'',"SRID=4326;LINESTRING(10.0648625143343 48.2723967367588,9.88562708565078 48.3041011089674)",line,7,380.0,14.898271412244199,0.6810638359883062,8000.0,100000.0,937.6121072596236,937.6121072596236,11.720151340745295,normal,32.42040437721332
92837,112139,112141,220000,12,2,50,220 kV Kasselberg Süd; Niederaußem 4d|5e; Stommeln Nord,RWE,4560,2476.14846287333,,,,,'',"SRID=4326;LINESTRING(6.93393955092221 51.0355224507366,6.96076971317606 51.049985238354)",line,1,220.0,2.47614846287333,0.7923675081194657,495.3665309646989,61082.767155443114,128.44046795315157,128.44046795315157,25.92837019146628,normal,32.30480248728328
181859,118039,118078,220000;110000,6,1,,"1x 220 kV, 1x 110 kV",RWE,2332,4724.77099233611,,,,,'',"SRID=4326;LINESTRING(9.09672028486487 49.2944087595122,9.11610772532674 49.2569031462932)",line,2,220.0,4.72477099233611,0.7559633587737775,990.7330619293978,64024.267100072146,-182.8771291401609,182.8771291401609,18.458769184912214,normal,32.20690749388633
113277,17137,112996,110000,6,2,50,110 kV Berg Ost; Lindern Ost,RWE,2463,439.555782852661,,,,,'',"SRID=4326;LINESTRING(6.45659082917129 50.8712553044483,6.45064485008756 50.8732803491044)",line,1,110.0,0.439555782852661,0.16,247.68326548234944,75625.0,-218.38438370392566,218.38438370392566,88.1708270757147,tight,32.12368141548008
181311,116266,25404,110000;110000;110000;110000,12;3;3;12,1;2;2;1,50;50;50;50,110kV Linde West;110kV Linde Ost,RWE,0250,1562.13493536303,,,,,'',"SRID=4326;LINESTRING(7.23200828770451 51.2300214641094,7.21580005085776 51.2210060089823)",line,4,110.0,1.56213493536303,0.1249707948290424,990.7330619293978,96822.62176977079,337.73572178289584,337.73572178289584,34.08947725285096,normal,32.07277343870007
131992,134365,112046,380000,6,3,50,"493, 498",50Hertz Transmission,493;498,24792.1227735651,,,,,'',"SRID=4326;LINESTRING(13.2117552739978 52.5799677159934,12.9073643776209 52.5968660535415)",line,1,380.0,24.7921227735651,7.933479287540832,1645.4482671904334,18201.345811386138,162.27958163242374,162.27958163242374,9.862332646258915,normal,32.0532628484276
179675,133851,19980,110000;220000;220000;110000,3;3;6,1;2;2,,Lauterhofen - Neumarkt;Ludersheim - Schwandorf;Ludersheim - Schwandorf;Lauterhofen - Neumarkt,E.ON Netz GmbH,142,20307.9484186773,,,,,'',"SRID=4326;LINESTRING(11.3269828608243 49.3934752979724,11.5991212408693 49.3943182933279)",line,4,220.0,20.307948418677302,1.6246358734941841,1981.4661238587955,29791.290953032905,205.5393728598313,205.5393728598313,10.373095476371544,normal,31.73213065567845
115488,16993,114211,380000,6,4,50,380 kV Neurath 3c|5e,RWE,4517,4103.73261348091,,,,,'',"SRID=4326;LINESTRING(6.70247484431852 51.0089106741313,6.66199993114603 51.0376159615181)",line,1,380.0,4.10373261348091,1.313194436313891,1645.4482671904334,100000.0,318.7356597531443,318.7356597531443,19.370749364085352,normal,31.573782124252546
157354,113069,113607,380000,12,4;1,50,,RWE,4308,4845.01604501147,,,,,'',"SRID=4326;LINESTRING(8.03254096500081 51.3235148855919,8.00951813241563 51.36458918172)",line,1,380.0,4.84501604501147,1.5504051344036704,1645.4482671904334,93136.94646369983,-294.143494998845,294.143494998845,17.876192212416893,normal,31.562014410096715
96657,112595,113728,380000,6,3,50,512;513,50Hertz,512;513,49985.2719681178,,,,,'',"SRID=4326;LINESTRING(12.6186989357382 53.5890859469779,13.1344120385462 53.9046147697348)",line,1,380.0,49.9852719681178,15.995287029797696,1645.4482671904334,9027.659193048337,-131.81444961954762,131.81444961954762,8.010853470624019,normal,31.4949652678645
179054,115494,115500,220000;220000;30000,6,2;1,50,,Amprion,,1186.7413806894,,,,,'',"SRID=4326;LINESTRING(7.84007898150335 52.466875974285,7.82705709297628 52.4620928888183)",line,3,220.0,1.1867413806894,0.12658574727353603,1486.0995928940965,100000.0,597.8680721730134,597.8680721730134,40.23068676095244,normal,31.476991469227737
93979,112616,112623,220000,3,2,50,,E.ON Westfalen Weser,,330.669259138486,,,,,'',"SRID=4326;LINESTRING(8.63365016450537 51.9998936777847,8.6332929943484 52.0028683749861)",line,1,220.0,0.330669259138486,0.16,495.3665309646989,100000.0,-545.6557070602108,545.6557070602108,110.15191236226165,overload,31.468420613467824
73850,124633,131337,380000;220000;380000;220000,6;6,4;4,,,,4375,3022.63815265042,,,,,'',"SRID=4326;LINESTRING(8.52547431933947 51.9443032723095,8.50026588566803 51.9228328928681)",line,4,380.0,3.02263815265042,0.2418110522120336,6581.793068761734,100000.0,1485.748691787636,1485.748691787636,22.573615977677,normal,31.42107261863508
145907,113072,113071,220000;110000,12,2;1,50,,RWE,2355,4102.86435524231,,,,,'',"SRID=4326;LINESTRING(6.89949095640679 51.1592178612984,6.87976467141975 51.1891573436675)",line,2,220.0,4.10286435524231,0.6564582968387696,990.7330619293978,73728.97902741772,-190.72113766999814,190.72113766999814,19.25050702341348,normal,31.374515239585346
71860,112752,112759,380000;380000,6;6,4;4,,380kV Uentrop Nord+ANK;380kV Uentrop Nord,RWE,4307,22527.4570388258,,,,,'',"SRID=4326;LINESTRING(7.83143009177938 51.753842257322,7.63897718126629 51.8886903462844)",line,2,380.0,22.5274570388258,3.6043931262121283,3290.896534380867,40062.22266652433,-326.4604660784155,326.4604660784155,9.92010726158652,normal,31.32936653773211
154077,113051,124634,380000;220000,6,4,,,,4375,971.334121849327,,,,,'',"SRID=4326;LINESTRING(8.55478751487015 51.9521360450208,8.54342822827094 51.9481162604063)",line,2,380.0,0.971334121849327,0.15541345949589233,3290.896534380867,100000.0,1518.4874733868203,1518.4874733868203,46.14206060636607,normal,31.317102536481766
178540,17127,18269,380000;380000;380000;380000;380000,3;6;3;3;3,3;3;3;3;3,50;50;50;50;50,"489;489, 490;490;490;489",50Hertz_Transmission,489,36917.5519262076,,,,,'',"SRID=4326;LINESTRING(11.6388595619847 52.2687327303489,11.7273510145608 52.5689508911754)",line,5,380.0,36.9175519262076,2.3627233232772866,8000.0,61115.91593369706,-686.2133036067027,686.2133036067027,8.577666295083784,normal,31.18336913487128
168976,16814,19954,380000;220000,6,2,,Brauweiler (DE) - Bludenz-West (AT),RWE,4508,7377.81794933388,,,,,'',"SRID=4326;LINESTRING(8.98890991477608 48.8040900304867,8.95181560351669 48.7424807524249)",line,2,380.0,7.37781794933388,1.1804508718934208,3290.896534380867,100000.0,-482.6918749499226,482.6918749499226,14.667488628314894,normal,31.17703037736527
162776,43854,118108,220000;220000,3;4,2;2,50;50,Hoheneck West;Hoheneck West,RWE,4506,1685.01158072603,,,,,'',"SRID=4326;LINESTRING(8.67876968717946 49.3497595964844,8.68944928787304 49.3360233669282)",line,2,220.0,1.68501158072603,0.2696018529161648,990.7330619293978,100000.0,-312.6744815333815,312.6744815333815,31.55991190245183,normal,31.171252883573143
181519,17654,17769,380000;380000;380000,3;6;3,3;3;3,,518;517,50Hertz Transmission GmbH,518,192283.465625053,,,,,'',"SRID=4326;LINESTRING(13.4684802412319 52.632579434102,13.6829073407056 54.1391577897017)",line,3,380.0,192.283465625053,20.510236333338987,4936.3448015713,7040.386939144169,-291.24782056623883,291.24782056623883,5.900070442274028,normal,31.058902105804943
132659,26335,118804,220000,6,2,50,,TenneT,2010,1298.18480870717,,,,,'',"SRID=4326;LINESTRING(9.56708381164851 51.3252377548176,9.58262531025211 51.3345117894972)",line,1,220.0,1.2981848087071701,0.41541913878629444,495.3665309646989,100000.0,184.8056772911666,184.8056772911666,37.306855780358795,normal,31.043765824766343
156326,118521,118527,220000;110000,15,2;1,50,,RWE,2471,2994.40626421807,,,,,'',"SRID=4326;LINESTRING(7.88952746496994 50.7722117463337,7.91365486602846 50.7846747489105)",line,2,220.0,2.99440626421807,0.4791050022748912,990.7330619293978,100000.0,221.51777149655993,221.51777149655993,22.358976399270087,normal,30.964833467931236
72299,117130,114330,220000;220000,6;6,4;2,50;50,220kV Westerkappeln Nord+Süd;220kV Westerkappeln Nord+Süd,Amprion,4166,3684.63524206297,,,,,'',"SRID=4326;LINESTRING(7.88108536742437 52.2655330929783,7.93234593248208 52.2627549552881)",line,2,220.0,3.68463524206297,0.5895416387300753,990.7330619293978,82097.67863769195,-197.94764113284697,197.94764113284697,19.979916764598016,normal,30.85474682162763
112115,112204,112900,220000;110000,12,2;1,,,RWE,2355,2740.27053659592,,,,,'',"SRID=4326;LINESTRING(6.81816431777877 51.1785141875456,6.84952531283114 51.1894514645107)",line,2,220.0,2.74027053659592,0.4384432858553472,990.7330619293978,100000.0,229.6282056993726,229.6282056993726,23.177606009451665,normal,30.57492310877839
97326,116234,118335,380000,9,,50,,,,930.862799859224,,,,,'',"SRID=4326;LINESTRING(7.49135119157758 50.3507650750805,7.50083955693457 50.3450396428239)",line,1,380.0,0.9308627998592239,0.2978760959549517,1645.4482671904334,100000.0,-763.6283652771414,763.6283652771414,46.40853076353594,normal,30.53527942099354
100824,118360,134712,220000,3,4,50,,RWE,,1293.8416073399,,,,,'',"SRID=4326;LINESTRING(8.42079031551447 49.6952210526026,8.41527967252437 49.7093171652802)",line,1,220.0,1.2938416073399002,0.41402931434876805,495.3665309646989,100000.0,181.80898188995263,181.80898188995263,36.70191071162795,normal,30.470952818927497
140072,125966,116103,380000;110000,12,4,50,RWE 4562 Ronsdorf - Bomig,RWE,4562,1903.82354086926,,,,,'',"SRID=4326;LINESTRING(7.50217858569708 50.97972368055,7.52354079264803 50.9721191828271)",line,2,380.0,1.9038235408692599,0.30461176653908156,3290.896534380867,100000.0,-936.4034718039926,936.4034718039926,28.45435771137554,normal,30.333151459393168
180965,25342,25280,380000;380000;380000;380000;380000;380000;380000,3;3;3;3;3;6;3,,50;50;50;50;50;50;50,"558;557;557;557;558;557,558 Streumen-Bärwalde;558",50Hertz,558,93633.1390640511,,,,,'',"SRID=4326;LINESTRING(14.5080388276773 51.4136769977737,13.3823861862486 51.3561064566207)",line,7,380.0,93.6331390640511,4.280372071499479,8000.0,33735.385052499536,532.1842294550463,532.1842294550463,6.6523028681880785,normal,30.268029418976383
71968,113302,142719,380000;380000,6;6,,,"RWE-Donauleitung 380 kV, 220 kV;RWE-Donauleitung 380 kV, 220 kV",,,5779.69209536911,,,,,'',"SRID=4326;LINESTRING(9.42053581566838 48.6763723623796,9.40304183804189 48.7102124299298)",line,2,380.0,5.77969209536911,0.9247507352590576,3290.896534380867,100000.0,520.3844468007007,520.3844468007007,15.812847391709425,normal,30.264709688778744
168484,2735,112421,380000;110000,12,2;1,,3103 Dollern-(Niedervieland/Unterweser)-Alfstedt;1163 Farge-Surheide-Uthlede,transpower;EON_Netz,3103;1163,2397.65009766579,,,,,'',"SRID=4326;LINESTRING(8.52295499412515 53.2085344541421,8.53894006544842 53.2281066896563)",line,2,380.0,2.3976500976657897,0.38362401562652637,3290.896534380867,100000.0,-811.9972663447439,811.9972663447439,24.674044226598852,normal,30.178429817303414
99928,113627,113626,380000,12,4,50,"514;516,331,332",50Hertz_Transmission,514;516,1889.90235823064,,,,,'',"SRID=4326;LINESTRING(11.8559109513978 53.0904843717537,11.8814635296546 53.0833091498259)",line,1,380.0,1.88990235823064,0.6047687546338049,1645.4482671904334,100000.0,467.388410646219,467.388410646219,28.404928916074304,normal,30.143955797168427
90565,114969,18594,110000,12,2;1,16.7,"Mannheim - Wiesental, Wiesental - Karlsruhe",DB Energie GmbH,,2053.85565821583,,,,,'',"SRID=4326;LINESTRING(8.4818950686132 49.2386486575005,8.4969155546084 49.2219301497986)",line,1,110.0,2.05385565821583,0.6572338106290656,247.68326548234944,18410.495328015142,-66.58816602934735,66.58816602934735,26.884402504816215,normal,30.013879832237123
167506,20705,118465,380000;220000,12,4;2,50,380 kV Gilzem Ost; Uchtelfangen West; 220 kV Niederstedem Ost|West,Amprion,4530,6220.75574766634,,,,,'',"SRID=4326;LINESTRING(6.5385445265955 49.8553421239916,6.56672443244926 49.8017565524384)",line,2,380.0,6.22075574766634,0.9953209196266144,3290.896534380867,100000.0,-496.3762369696312,496.3762369696312,15.083313370197372,normal,29.819101493103
112465,113994,113993,380000;220000,12,,50,,,,2231.68763596854,,,,,'',"SRID=4326;LINESTRING(8.26372464915717 49.0301894772969,8.27359749345576 49.0479650394363)",line,2,380.0,2.2316876359685396,0.3570700217549663,3290.896534380867,100000.0,830.8642846491742,830.8642846491742,25.24735360011824,normal,29.61525910076604
167490,29723,116451,220000;110000,6,2;1,,,,,15063.6005622565,,,,,'',"SRID=4326;LINESTRING(9.86662609049239 49.2011850398997,10.0243898175236 49.1207786648829)",line,2,220.0,15.0636005622565,2.4101760899610403,990.7330619293978,20081.520267999327,-105.49918274809663,105.49918274809663,10.648598174632712,normal,29.56642785213652
177878,118812,23874,380000;380000;380000;380000,3;3;6;6,4;4;4;4,50;50;50;50,"548;547;547, 548;547, 548",50Hertz,548,86917.8210938706,,,,,'',"SRID=4326;LINESTRING(14.5112016636857 52.1616045501195,13.7095318569489 52.5398286734852)",line,4,380.0,86.9178210938706,6.9534256875096485,6581.793068761734,20766.74239280128,-433.8335396427094,433.8335396427094,6.591418707794907,normal,29.50584335983442
179445,16922,117480,380000;380000;380000;380000;380000,3;3;3;6;3,4;4;4;4;4,,E;F;E;E;F;F,50Hertz Transmission,E,25144.8060908856,,,,,'',"SRID=4326;LINESTRING(9.50180203270264 53.5429366535212,9.86236625928169 53.4921694764991)",line,5,380.0,25.1448060908856,1.6092675898166782,8000.0,89730.26046988837,-721.6589201951044,721.6589201951044,9.020736502438805,normal,29.440531655996683
150693,113716,134375,380000,6,4,,Günzburg Nord;Süd,RWE,4549,1311.98370544605,,,,,'',"SRID=4326;LINESTRING(10.0649831580769 48.2728727902087,10.0828338243409 48.2674353670844)",line,1,380.0,1.31198370544605,0.41983478574273597,1645.4482671904334,100000.0,-576.6594623711096,576.6594623711096,35.045736403232105,normal,29.372038553403836
93842,113391,134361,110000,4,1,16.7,110 kV Bahnstrom Köln - Gerresheim 1|2,DB_Energie,447;Köln - Gerresheim,2644.55975142726,,,,,'',"SRID=4326;LINESTRING(7.05489914123335 50.9279135700905,7.04774792555294 50.9044555806658)",line,1,110.0,2.64455975142726,0.8462591204567232,247.68326548234944,14298.221085605162,-55.9908897802055,55.9908897802055,22.60584285787994,normal,29.23468022429768
180612,17386,124239,110000;220000;110000;220000,3;6;3,1;2;1;2,50;50;50,133;211;133,EON_Netz,133,11798.4980145823,,,,,'',"SRID=4326;LINESTRING(10.1563058067259 54.2755447856027,10.201147453224 54.3400294796876)",line,4,220.0,11.798498014582298,0.9438798411665839,1981.4661238587955,51277.71342184854,-227.16638507255982,227.16638507255982,11.464560626964738,normal,29.22692336678794
86162,114064,130939,380000,6,3,50,535;536,50Hertz,535;536,5664.47582238679,,,,,'',"SRID=4326;LINESTRING(11.5134632836233 51.5802763726576,11.4717869341634 51.6183704554812)",line,1,380.0,5.66447582238679,1.8126322631637728,1645.4482671904334,79663.15227555527,-253.53095564975828,253.53095564975828,15.40801742024116,normal,29.225793458204535
173993,115489,143419,380000;110000;380000;110000;380000;110000,12;12,4;2;4;2;1;2,50;50;50,,RWE,4563,8983.95904405085,,,,,'',"SRID=4326;LINESTRING(7.74205688382538 50.8745257475273,7.66606206315056 50.929600313734)",line,6,380.0,8.983959044050849,0.4791444823493786,8000.0,100000.0,1014.8577058857522,1014.8577058857522,12.685721323571903,normal,29.189587365406677
156883,18378,112825,220000,12,2,,,RWE,2422,1820.90923594981,,,,,'',"SRID=4326;LINESTRING(7.03169582777078 51.6094376789953,7.02936731405964 51.6243730705648)",line,1,220.0,1.82090923594981,0.5826909555039392,495.3665309646989,83062.89902533556,-139.36473078015433,139.36473078015433,28.13365903197966,normal,29.176271534596808
169227,24822,134715,380000,3,4,50,,RWE,4512,5992.63957889705,,,,,'',"SRID=4326;LINESTRING(7.51948805075243 50.3570761007431,7.59314766923992 50.3860134235266)",line,1,380.0,5.99263957889705,1.917644665247056,1645.4482671904334,75300.70748607459,245.2147478459222,245.2147478459222,14.902610597695725,normal,28.983463038243883
168562,28983,116174,380000;220000,6,4,,Vöhringen Ost; Füssen West,RWE,,6916.02020040414,,,,,'',"SRID=4326;LINESTRING(10.2589414104044 47.885919409229,10.2101229703853 47.9369584625071)",line,2,380.0,6.91602020040414,1.1065632320646623,3290.896534380867,100000.0,460.67608321230387,460.67608321230387,13.99849792904453,normal,28.961332496701836
181634,141710,113431,220000;220000,6;6,1;1,50;50,220kV Elmenhorst Süd;220kV Elmenhorst Süd+ANK,RWE,2601,3856.67206324669,,,,,'',"SRID=4326;LINESTRING(7.41473961780005 51.643750166611,7.36677022286157 51.6279987836043)",line,2,220.0,3.8566720632466898,0.6170675301194704,990.7330619293978,78435.49958078215,181.39633424986286,181.39633424986286,18.309304616987703,normal,28.935172585044487
181269,116236,134584,110000;220000;110000;220000;110000;220000;110000,6;6;6;6,2;1;2;1,50;50;50,220 kV Kondelwald;220 kV Kondelwald; 110 kV Pünderich;220 kV Kondelwald; 110 kV Pünderich,Amprion,2409,18015.7309439002,,,,,'',"SRID=4326;LINESTRING(7.31203147085527 50.2333453736307,7.1145062613018 50.1496422821803)",line,7,220.0,18.0157309439002,0.823576271721152,3467.5657167528925,58768.084586569246,-333.69689547867137,333.69689547867137,9.623376245372294,normal,28.343408452128017
71913,17319,113016,380000;380000,6;6,4;4,50;50,380kV Gütersloh Süd,RWE,4373,1592.99001148944,,,,,'',"SRID=4326;LINESTRING(8.36422513588836 51.9270354299951,8.34491968459607 51.9175356811635)",line,2,380.0,1.59299001148944,0.2548784018383104,3290.896534380867,100000.0,978.754106309776,978.754106309776,29.741260355178987,normal,28.337819484244726
115934,112658,112660,380000,6,,,Grafenrheinfeld - Eltmann;Grafenrheinfeld - Oberhaid,TenneT TSO GmbH,422;423,3523.20682735899,,,,,'',"SRID=4326;LINESTRING(10.1904835524863 49.9793784647879,10.2385576135681 49.973013063045)",line,1,380.0,3.52320682735899,1.1274261847548768,1645.4482671904334,100000.0,-308.85172068118027,308.85172068118027,18.7700656921009,normal,28.328181393855306
177879,17583,134414,380000;380000;110000;380000;380000;110000,6;6;6;6;6;6,2;2;1;2;2;1,50;50;50;50;50;50,303;303;121;303;303 UW Wilster - UW Audorf;121,TenneT,303,50790.3454020574,,,,,'',"SRID=4326;LINESTRING(9.34480326287008 53.9218591874263,9.72598060145038 54.2894372291962)",line,6,380.0,50.7903454020574,2.7088184214430613,8000.0,53307.37522195164,-571.1455603697082,571.1455603697082,7.139319504621352,normal,28.180348718908146
169554,22692,117997,380000;220000,6,2,,Großgartach - Obrigheim 1x 220 kV,,Anlage 323,9922.30940674909,,,,,'',"SRID=4326;LINESTRING(9.13271733400975 49.2395372246099,9.14039655364182 49.1525990630937)",line,2,380.0,9.92230940674909,1.5875695050798544,3290.896534380867,90956.64759114702,-386.4928661337147,386.4928661337147,11.74430317379843,normal,28.078367312655118
173872,122865,143336,220000;110000;220000;110000;220000;110000,6;6;6,2;1;2;1,50;50;50,220 kV Kondelwald; 110 kV Pünderich;220 kV Kondelwald;220 kV Kondelwald; 110 kV Pünderich,Amprion,2409,10114.0773887282,,,,,'',"SRID=4326;LINESTRING(7.11469298283797 50.1224626607132,7.06269649097267 50.0426550136756)",line,6,220.0,10.1140773887282,0.5394174607321707,2972.199185788193,89726.42438067344,-345.35449677270793,345.35449677270793,11.61949368750412,normal,27.982210383559195
173391,115483,142998,220000,6,1,50,220kV Herdecke Nord+Süd,RWE,2314,5099.69803453712,,,,,'',"SRID=4326;LINESTRING(7.1666517185345 51.3801636402511,7.13772514455253 51.4166151554561)",line,1,220.0,5.09969803453712,1.6319033710518784,495.3665309646989,29658.618799716518,-76.15307854166151,76.15307854166151,15.373077061415032,normal,27.798201603510122
182033,113829,113937,220000;110000,12,1,50,,EON_Netz,205;102,8788.57656351762,,,,,'',"SRID=4326;LINESTRING(9.51489997350941 54.3777029469901,9.64148993452684 54.3520619491161)",line,2,220.0,8.78857656351762,1.406172250162819,990.7330619293978,34419.680799699905,120.03514567035666,120.03514567035666,12.115790850523839,normal,27.638736534376733
181145,114556,25432,380000;110000;380000;110000,6;6;12,4;1;4;1,50;50,,TenneT,3009,10534.2337183591,,,,,'',"SRID=4326;LINESTRING(9.36343700974765 51.0042301420235,9.25935137191224 51.0600752450764)",line,4,380.0,10.5342337183591,0.8427386974687281,6581.793068761734,100000.0,742.0376785602589,742.0376785602589,11.274096143831855,normal,27.568766676544918
95337,112266,112294,380000,6,4,50,Krümmel - Görries,50Hertz Transmission,,2890.73358641339,,,,,'',"SRID=4326;LINESTRING(10.4166524814006 53.4140699674987,10.4540731520335 53.4174580824576)",line,1,380.0,2.8907335864133903,0.9250347476522849,1645.4482671904334,100000.0,-333.6357543997123,333.6357543997123,20.27628343304819,normal,27.54731249242598
111821,118477,118478,220000;110000,6,,50,,,,8608.9312950327,,,,,'',"SRID=4326;LINESTRING(7.61403824218009 49.6005980619029,7.69929321354557 49.6517868596591)",line,2,220.0,8.6089312950327,1.3774290072052322,990.7330619293978,35137.92707052275,120.43293658014385,120.43293658014385,12.155942019902655,normal,27.50516502873902
131888,112358,112360,220000;110000,,,50,,,,1955.46019221173,,,,,'',"SRID=4326;LINESTRING(6.63378636335463 51.4965098471317,6.6443313271488 51.5126832686941)",line,2,220.0,1.9554601922117298,0.3128736307538768,990.7330619293978,100000.0,251.1215447631554,251.1215447631554,25.347043962993432,normal,27.467435011268343
177854,134299,16993,380000;380000;380000;380000;110000;380000;380000,6;4;3;6;3;6,4;4;4;4;4;4,50;50;50;50;50;50,380 kV Brauweiler West; Ville Ost;380 kV Ville Ost;380 kV Ville Ost;380 kV Brauweiler West;380 kV Brauweiler West;380 kV Brauweiler West; Ville Ost,RWE,4513,9291.06798265293,,,,,'',"SRID=4326;LINESTRING(6.80447610684917 50.9661875964499,6.70247484431852 51.0089106741313)",line,7,380.0,9.29106798265293,0.4247345363498482,8000.0,100000.0,941.1904244047254,941.1904244047254,11.764880305059068,normal,27.427187014138003
146721,22692,114208,220000;110000,6,1,,"1x 220 kV, 1x 110 kV",RWE,2332,10239.8035537173,,,,,'',"SRID=4326;LINESTRING(9.13271733400975 49.2395372246099,9.1379034592338 49.1485146685018)",line,2,220.0,10.2398035537173,1.638368568594768,990.7330619293978,29541.582356839754,-111.60536084735588,111.60536084735588,11.264927469969622,normal,27.25505681435902
145548,114801,135068,110000,6,1,50,,EON_Netz,,196.134194635865,,,,,'',"SRID=4326;LINESTRING(8.6577627433617 50.6096344399067,8.65581369184179 50.6048234466578)",line,1,110.0,0.19613419463586498,0.16,247.68326548234944,75625.0,376.80619027763436,376.80619027763436,152.1322764958808,overload,27.246107559725726
119324,113857,113858,380000,3,4,50,Dümmersee Süd;Leitung 3017,Amprion,4126,255.950488616045,,,,,'',"SRID=4326;LINESTRING(8.40448697108604 52.4977939460453,8.40206798768896 52.4960159800192)",line,1,380.0,0.25595048861604497,0.16,1645.4482671904334,100000.0,1960.9048766105698,1960.9048766105698,119.17146930172235,overload,27.158301631016748
180720,113349,17613,380000;380000;110000;110000,6;12;6,4;4;1;1,,Kriegenbrunn - Redwitz;Raitersaich - Würgau;Kriegenbrunn - Redwitz;Raitersaich - Würgau;Erlangen - Forchheim;Eggolsheim - Erlangen;Erlangen - Forchheim;Eggolsheim - Erlangen,TenneT TSO GmbH,432;431,14963.3984428081,,,,,'',"SRID=4326;LINESTRING(11.0249220622033 49.6931596917717,10.9522690979259 49.5810516693374)",line,4,380.0,14.963398442808101,1.197071875424648,6581.793068761734,100000.0,645.227590794667,645.227590794667,9.803219032470386,normal,27.157843023637362
4167,17306,134319,110000,12,,,AL1-WEN 4x 110 kV,Netze BW,,6867.99888307928,,,,,'',"SRID=4326;LINESTRING(9.40081810882864 48.6669725947836,9.37193814992516 48.7185740475079)",line,1,110.0,6.86799888307928,2.19775964258537,247.68326548234944,5505.606602988656,32.391922657415,32.391922657415,13.077961724355308,normal,26.977268599427088
180710,17113,134305,380000;380000;110000;110000,6;12;6,4;4;1;1,,Eltmann - Redwitz;Oberhaid - Redwitz;Eltmann - Redwitz;Oberhaid - Redwitz;Bamberg-Nord - Würgau;Bamberg-Nord - Würgau,TenneT TSO GmbH,428;435,17982.5451452795,,,,,'',"SRID=4326;LINESTRING(10.9036229949309 49.9172942892849,11.1068578733209 49.979041126528)",line,4,380.0,17.9825451452795,1.43860361162236,6581.793068761734,100000.0,-603.1745031904622,603.1745031904622,9.164288468035057,normal,26.97526529501752
99722,113072,113073,220000;110000,12,2,50,,RWE,2354,3481.74614114224,,,,,'',"SRID=4326;LINESTRING(6.89949095640679 51.1592178612984,6.93575136301875 51.142091074346)",line,2,220.0,3.48174614114224,0.5570793825827584,990.7330619293978,86881.69318994644,177.74163094214035,177.74163094214035,17.940415816546828,normal,26.910852180525836
138296,112539,116862,220000;110000,12,4;2,,,RWE,4182,4027.04584236806,,,,,'',"SRID=4326;LINESTRING(6.75701905066072 51.5655100490767,6.77057615543406 51.5310203942939)",line,2,220.0,4.02704584236806,0.6443273347788896,990.7330619293978,75117.09869737123,164.80949693945377,164.80949693945377,16.635106192832243,normal,26.862910185990888
88384,115314,112104,220000;110000,12,2;1,,,TenneT TSO GmbH;E.ON Netz GmbH,250;251;1229;1231,11270.571759029,,,,,'',"SRID=4326;LINESTRING(11.8052609712387 48.0870304931862,11.7801477589874 48.18065694418)",line,2,220.0,11.270571759029,1.8032914814446401,990.7330619293978,26839.80959152878,106.1253191674437,106.1253191674437,10.71179748062213,normal,26.856659945589982
160839,4281,115971,220000;110000;220000;110000;220000;110000,6;6;6,2;1;2;1,50;50;50,220 kV Kondelwald;220 kV Kondelwald; 110 kV Pünderich;220 kV Kondelwald; 110 kV Pünderich,Amprion,2409,8210.54968074247,,,,,'',"SRID=4326;LINESTRING(6.99532296142208 50.0106438937162,6.90988913548353 49.9736417664838)",line,6,220.0,8.210549680742469,0.4378959829729317,2972.199185788193,100000.0,-359.4425660382428,359.4425660382428,12.093488476712666,normal,26.85177147371368
140179,116764,129101,380000;110000,12,4;1,,Altenfeld - Redwitz;Altenfeld - Redwitz;Coburg - Neustadt bei Coburg;Coburg - Redwitz,TenneT TSO GmbH,459;460;157;158,2914.29120294562,,,,,'',"SRID=4326;LINESTRING(11.0103749241553 50.286345768296,11.0225122416221 50.2616978707986)",line,2,380.0,2.9142912029456203,0.4662865924712993,3290.896534380867,100000.0,647.4502218965283,647.4502218965283,19.67397683678124,normal,26.847782950784875
182202,126468,126379,380000;110000,6;6,3;1,50;50,"449,454;WS-ErH-Vib 3,WN-ErH-Vib 4",50Hertz,449;454,1734.10259879241,,,,,'',"SRID=4326;LINESTRING(11.134668521812 50.9813412538528,11.1417799449272 50.9664119797327)",line,2,380.0,1.73410259879241,0.2774564158067856,3290.896534380867,100000.0,877.2871655771592,877.2871655771592,26.65799901066193,normal,26.81270243231485
74332,114570,134318,220000;220000,6;4,2,50,Nord-Süd-Leitung RWE,RWE,4507,13290.0065996522,,,,,'',"SRID=4326;LINESTRING(9.20917498539209 49.0306373436926,9.19488883025304 48.9134592121868)",line,2,220.0,13.2900065996522,2.126401055944352,990.7330619293978,22761.463490011847,-99.83581971626523,99.83581971626523,10.076964578313406,normal,26.800296486611817
181272,17243,113238,380000;220000;110000;220000;380000;220000;110000;380000;220000;110000,9;6;3;18;18,4;2;1;2;4;2;1;4;2;1,50;50;50;50;50,380 kV Knechtsteden West; 220 kV Frixheim Nord; Neurath 1a;110 kV Kaarst Ost|West;220 kVOsterath West;380 kV Knechtsteden West; 220 kV Frixheim Nord; Neurath 1a; Osterath West; 110 kV Kaarst Ost|West,RWE,4588,9762.06422385538,,,,,'',"SRID=4326;LINESTRING(6.70974948680676 51.0909358881083,6.66903257201082 51.1767460870412)",line,8,380.0,9.76206422385538,0.3904825689542152,8000.0,100000.0,898.754251932321,898.754251932321,11.234428149154013,normal,26.693308866427753
134950,17133,114267,380000,6,4,,,Lechwerke,L11;A12,23198.6332643391,,,,,'',"SRID=4326;LINESTRING(10.8675276212215 48.5394888829655,11.031706318892 48.3970926799858)",line,1,380.0,23.1986332643391,7.423562644588513,1645.4482671904334,19451.5769467187,-137.30838570816195,137.30838570816195,8.344740363221081,normal,26.58881413286644
131959,114405,118556,220000,3,,50,220 kV Bienwald West,RWE,,744.654198148974,,,,,'',"SRID=4326;LINESTRING(8.345264098676 49.4142565599315,8.3378776114208 49.4095920553895)",line,1,220.0,0.744654198148974,0.2382893434076717,495.3665309646989,100000.0,-236.6024116043197,236.6024116043197,47.7631000107233,normal,26.58285750301343
182110,134792,22305,110000;110000;110000;110000,12;6;6,1;1;1,50;50;50;50,110kV Velpe Nord+Uffeln Nord;110 kV;110kV Velpe Nord+Uffeln Nord,RWE,0206,9370.56701592417,,,,,'',"SRID=4326;LINESTRING(7.74598409207034 52.2877355614491,7.88965787318573 52.2773874121267)",line,4,110.0,9.370567015924172,0.7496453612739338,990.7330619293978,16140.965615311057,-112.57376351511729,112.57376351511729,11.362673543556337,normal,26.576971846024207
152517,114565,114820,220000,6,2,50,"Anlage 322 ; NWHEI-HOHCK, NWHEI-PULVE ( 2 x 220 kV)",EVS,322,12016.12246683,,,,,'',"SRID=4326;LINESTRING(9.20985285410549 49.0291622671803,9.20427242972901 48.9243379794108)",line,1,220.0,12.01612246683,3.8451591893856,495.3665309646989,12587.255199630268,-51.25401999033108,51.25401999033108,10.346686097366472,normal,26.551549761010087
84457,115497,115498,380000;220000;110000,12,4;2;1,,,Amprion,4132,10459.943815632,,,,,'',"SRID=4326;LINESTRING(7.90389053821619 52.3031386610821,7.86768241355378 52.3851074894541)",line,3,380.0,10.459943815632,1.11572734033408,4936.3448015713,100000.0,-536.6195631377857,536.6195631377857,10.870787692281402,normal,26.512305449221376
81562,115378,115380,380000,3,4,,,Amprion,,470.030348079375,,,,,'',"SRID=4326;LINESTRING(7.41762169513889 52.4732338809463,7.41294883869396 52.4701047584297)",line,1,380.0,0.470030348079375,0.16,1645.4482671904334,100000.0,1129.3772259725388,1129.3772259725388,68.63644688756611,watch,26.444459291165007
161378,112422,112398,220000;220000,12;6,1;1,50;50,2143;2144;2143;2144,transpower,,2992.88770418339,,,,,'',"SRID=4326;LINESTRING(8.53990162212854 53.2301155493101,8.5199562380437 53.2060787679953)",line,2,220.0,2.99288770418339,0.4788620326693424,990.7330619293978,100000.0,189.230066590048,189.230066590048,19.100005224569063,normal,26.444238089746783
12556,19605,16778,110000,6,1,50,,RWE,1290,2865.58301613561,,,,,'',"SRID=4326;LINESTRING(6.90263526056579 51.0146924999731,6.93481717657151 51.0334821635245)",line,1,110.0,2.8655830161356097,0.9169865651633952,247.68326548234944,13195.395068676864,48.438074519783676,48.438074519783676,19.556458295821162,normal,26.442532024895055
117601,17055,112619,220000,6,2,50,,,,1365.11618236992,,,,,'',"SRID=4326;LINESTRING(8.65934958571703 51.9996166017244,8.68071874128973 51.9968418471506)",line,1,220.0,1.3651161823699198,0.4368371783583744,495.3665309646989,100000.0,152.00874260129504,152.00874260129504,30.686114846165815,normal,26.415440679431395
143626,116192,116194,220000,12,2;1,,Pirach - St. Peter;Pirach - Pleinting;Altheim - St. Peter;Altheim - Simbach,TenneT TSO GmbH,256;257;233;234,10660.9509363012,,,,,'',"SRID=4326;LINESTRING(12.8651390676909 48.3295814903064,12.9981968089224 48.2953359501084)",line,1,220.0,10.6609509363012,3.411504299616384,495.3665309646989,14187.289755267924,52.96969188478042,52.96969188478042,10.693030023975354,normal,26.264709369506253
173219,142876,114531,380000,6,3,50,Philippsburg - Pulverdingen 2x 380 kV,EnBW,337,28365.284143384,,,,,'',"SRID=4326;LINESTRING(8.64158819737064 49.1403662725864,8.82197944853823 48.9393722647774)",line,1,380.0,28.365284143384,9.07689092588288,1645.4482671904334,15908.5309253019,-127.48238690674262,127.48238690674262,7.747577936583565,normal,26.18536590838504
180214,24664,25112,220000;220000;220000,3;3;6,2;2;2,50;50;50,220 kV Anilin 2B;220 kV Anilin 1A;220 kV Anilin 1A|2B,RWE,2328,13251.1227349725,,,,,'',"SRID=4326;LINESTRING(8.41938493943566 49.6337976668968,8.40840450372926 49.5285424870512)",line,3,220.0,13.2511227349725,1.4134530917304,1486.0995928940965,34242.381500433796,-146.42603525389876,146.42603525389876,9.853043224965978,normal,26.177916915205344
179944,20429,113172,110000;220000;110000;220000,6;12;6,1;1;1,50;50;50,,Schleswig-Holstein Netz AG,150,2123.74574963895,,,,,'',"SRID=4326;LINESTRING(9.95087604388534 54.3227891414081,9.98435558840302 54.3199945536924)",line,4,220.0,2.12374574963895,0.169899659971116,1981.4661238587955,100000.0,-454.3204864784295,454.3204864784295,22.928501325759,normal,26.11631603948873
127120,112143,112522,380000;110000,12,4;2,50,,Amprion,4516,5979.33477158591,,,,,'',"SRID=4326;LINESTRING(6.94848291604599 51.0730053618564,6.91099666839732 51.1176622918012)",line,2,380.0,5.9793347715859095,0.9566935634537456,3290.896534380867,100000.0,441.76320575900485,441.76320575900485,13.423795040159657,normal,26.081810996962137
155731,113728,18108,220000,6,2,50,"315,316",50Hertz Transmission,315;316,66921.5688944756,,,,,'',"SRID=4326;LINESTRING(13.1344120385462 53.9046147697348,12.1870420174299 53.8158258984951)",line,1,220.0,66.9215688944756,21.414902046232193,495.3665309646989,2260.108400006231,30.61046417191705,30.61046417191705,6.179356548837659,normal,26.066711196142894
181731,112751,134401,380000;380000;380000;380000,3;6;12;3,4;4;4;2;4,50;50;50;50,380kV Uentrop Nord;380kV Gersteinwerk Ost+Uentrop Nord;380kV Gersteinwerk Ost,RWE,4325,12281.7295292921,,,,,'',"SRID=4326;LINESTRING(7.82599043340792 51.7500675542728,7.71587466201739 51.6746596100824)",line,4,380.0,12.2817295292921,0.982538362343368,6581.793068761734,100000.0,661.9734769219509,661.9734769219509,10.057646449928445,normal,26.01298987746108
179742,21347,24995,110000;110000;220000,4;4;6,1;4;2,50;50;50,110 kV Quint Ltg;110 kV Quint;220 kV Heisdorf - Quint Nord; 220kVOsburg,Westnetz,2326,7064.69841440807,,,,,'',"SRID=4326;LINESTRING(6.79230526049645 49.8531218474701,6.70228727974128 49.828994204827)",line,3,220.0,7.06469841440807,0.7535678308701942,1486.0995928940965,64227.79478804097,-185.14971738698654,185.14971738698654,12.458769134470842,normal,26.007634676434538
157267,113026,133897,380000;110000,12,4;2,50,,RWE,4529,11579.6596681488,,,,,'',"SRID=4326;LINESTRING(6.21937268187571 50.9433714827204,6.35932505191137 50.9062629860929)",line,2,380.0,11.579659668148802,1.8527455469038083,3290.896534380867,77938.38729841352,335.93590888365713,335.93590888365713,10.208036180233739,normal,25.847576475370072
173992,115022,143419,380000;110000;380000;110000;380000;110000,12;12,4;2;2;4;2;1,50;50;50,,RWE,4563,6952.6550524149,,,,,'',"SRID=4326;LINESTRING(7.57587349699733 50.9529996942675,7.66606206315056 50.929600313734)",line,6,380.0,6.9526550524149,0.370808269462128,8000.0,100000.0,-994.8085182659771,994.8085182659771,12.435106478324714,normal,25.78426592581682
180677,25280,25228,380000;380000;380000;380000;380000,3;3;3;6;3,4;4;4,50;50;50;50;50,"561 Streumen;562 Ragow;561 Ragow;561, 562 Ragow-Streumen;562 Streumen",50Hertz,561,88518.4849912511,,,,,'',"SRID=4326;LINESTRING(13.3823861862486 51.3561064566207,13.90247491808 51.8747240229493)",line,5,380.0,88.5184849912511,5.665183039440071,8000.0,25489.026390623392,-458.65943780473475,458.65943780473475,5.733242972559185,normal,25.767746015433797
154523,118343,118566,380000;220000,12,4;2,50,380 kV Bürstadt Ltg.; 220 kV Anilin 3c|4d; Roxheim Nord,RWE,4542,7171.12982388021,,,,,'',"SRID=4326;LINESTRING(8.41651945515918 49.6290553427121,8.39247065668801 49.5677428507356)",line,2,380.0,7.17112982388021,1.1473807718208335,3290.896534380867,100000.0,-403.46461831072264,403.46461831072264,12.260021367904491,normal,25.753489018391466
181008,113176,3843,380000;380000;110000,6;12,4;4;1,,Kriegenbrunn - Redwitz;Raitersaich - Würgau;Kriegenbrunn - Redwitz;Raitersaich - Würgau;Forchheim - Ludersheim,TenneT TSO GmbH,432;431,5556.43927410783,,,,,'',"SRID=4326;LINESTRING(11.1213406670991 49.6957224624698,11.0479650170508 49.6995460582576)",line,3,380.0,5.55643927410783,0.5926868559048352,4936.3448015713,100000.0,674.3013468552522,674.3013468552522,13.65993207444937,normal,25.68678733260157
181122,17672,112841,380000;380000;380000,6;6;12,4;4;4,,,RWE,4337,8212.64109652996,,,,,'',"SRID=4326;LINESTRING(7.0608429248286 51.6967174563455,7.02893441592422 51.6257019634984)",line,3,380.0,8.21264109652996,0.876015050296529,4936.3448015713,100000.0,570.5218112943667,570.5218112943667,11.557576186994929,normal,25.66448292344578
117716,112509,116711,220000,6,2,50,,RWE,4301,1115.36039313595,,,,,'',"SRID=4326;LINESTRING(7.41755396216647 51.6446851717665,7.402020384105 51.641982746592)",line,1,220.0,1.1153603931359501,0.35691532580350405,495.3665309646989,100000.0,168.30307998397797,168.30307998397797,33.97546452244503,normal,25.45527408735245
101543,114691,117335,220000,3,1,50,,RWE,,750.319316572701,,,,,'',"SRID=4326;LINESTRING(7.70086966703767 51.6903694872844,7.70213449495771 51.6837507613005)",line,1,220.0,0.750319316572701,0.24010218130326433,495.3665309646989,100000.0,-225.19654327790573,225.19654327790573,45.46058911960562,normal,25.448757683205116
143708,114794,116080,380000;110000,12,4;1,,Krümmel - Görries,50Hertz Transmission,304;168,5318.90030884049,,,,,'',"SRID=4326;LINESTRING(10.5483268170946 53.550563562601,10.5070565959746 53.5146528937225)",line,2,380.0,5.318900308840489,0.8510240494144783,3290.896534380867,100000.0,454.1585379428045,454.1585379428045,13.800450217686583,normal,25.44175363594193
79049,114751,114748,380000,6,4,50,,RWE,4315,2388.65475566966,,,,,'',"SRID=4326;LINESTRING(8.01205245949519 51.4257232890418,8.02982966981028 51.4113683835071)",line,1,380.0,2.38865475566966,0.7643695218142912,1645.4482671904334,100000.0,342.85135347362774,342.85135347362774,20.836349602108054,normal,25.42936897481905
34142,17191,134392,110000,6,1,50,,EON_Netz,Leitung 1813 (System 124(nord); System 119 (sued)),5524.24870976872,,,,,'',"SRID=4326;LINESTRING(10.4626489600018 52.2816072635621,10.4216240903664 52.2368911277158)",line,1,110.0,5.52424870976872,1.7677595871259906,247.68326548234944,6844.822162538563,33.557850314440245,33.557850314440245,13.548695043683386,normal,25.410927196310542
86716,124633,124634,380000;220000;110000,12,4;1,,,,,1304.17266024305,,,,,'',"SRID=4326;LINESTRING(8.52547431933947 51.9443032723095,8.54342822827094 51.9481162604063)",line,3,380.0,1.30417266024305,0.13911175042592533,4936.3448015713,100000.0,-1502.2516027617062,1502.2516027617062,30.432469026140975,normal,25.40264165279782
174657,143885,29743,220000;110000,6,,,,,,5331.51030180738,,,,,'',"SRID=4326;LINESTRING(10.041925639882 49.0557329104377,10.0490607066358 49.0123893958514)",line,2,220.0,5.33151030180738,0.8530416482891807,990.7330619293978,56738.144142280406,-136.09888443674967,136.09888443674967,13.73719013391,normal,25.352517422298973
79103,118480,133770,220000;110000,6,,50,,,,10803.5236526125,,,,,'',"SRID=4326;LINESTRING(7.80392933716593 49.720189380441,7.79253395882042 49.8104357776455)",line,2,220.0,10.803523652612501,1.7285637844180002,990.7330619293978,28000.12382319815,101.63504856642466,101.63504856642466,10.258570393168876,normal,25.322235682841423
177895,118758,20913,110000;110000;110000;110000,12;3;12;3,,50;50;50;50,,,0250,1110.67728064713,,,,,'',"SRID=4326;LINESTRING(7.24300106166781 51.2274309825729,7.23321700165084 51.2324679207805)",line,4,110.0,1.11067728064713,0.08885418245177039,990.7330619293978,100000.0,334.9055835527248,334.9055835527248,33.803816226796215,normal,25.25175096933451
110979,115467,134489,380000,12,4,50,,Amprion,,502.090514112731,,,,,'',"SRID=4326;LINESTRING(7.31265247621118 52.4668103563686,7.32071015624695 52.4713640683905)",line,1,380.0,0.502090514112731,0.1606689645160739,1645.4482671904334,100000.0,-1017.1570591350876,1017.1570591350876,61.81641072629168,watch,25.15048973236877
180824,25280,134273,380000;380000;380000;380000;380000,3;3;3;6;3,,50;50;50;50;50,"560;559;559,560 Preilack - Streumen",50Hertz,560,121069.576855327,,,,,'',"SRID=4326;LINESTRING(13.3823861862486 51.3561064566207,14.4282090197737 51.8888221394086)",line,5,380.0,121.069576855327,7.748452918740928,8000.0,18635.9782416364,-418.4583337945023,418.4583337945023,5.230729172431279,normal,25.13151526914456
159240,16911,18962,220000,6,3,50,"301, 302",50Hertz Transmission,301;302,1291.20332151839,,,,,'',"SRID=4326;LINESTRING(13.5061055824657 52.4737881367889,13.5141319295928 52.4846533413973)",line,1,220.0,1.29120332151839,0.4131850628858848,495.3665309646989,100000.0,-150.14289629689398,150.14289629689398,30.309455102769864,normal,25.12887657791962
162318,112537,116968,220000;110000;220000;110000,12;12,4;2;1;4;2;1,,,RWE,4182,9031.23969546401,,,,,'',"SRID=4326;LINESTRING(6.76048987142397 51.5753264552749,6.68624968274625 51.6352534663495)",line,4,220.0,9.03123969546401,0.7224991756371207,1981.4661238587955,66989.69581151352,-215.4826975318264,215.4826975318264,10.8749120127366,normal,25.074330227211334
181821,16840,118502,380000;380000;380000;380000,3;6;6;3,4;4;4;4,,380 kV Hessen Ost;380kV Hessen Ost,RWE,4127,37169.9187185408,,,,,'',"SRID=4326;LINESTRING(8.43536479344461 50.0590049251188,8.12387169179043 50.3098499933696)",line,4,380.0,37.1699187185408,2.973593497483264,6581.793068761734,48560.77339495619,451.82491174225953,451.82491174225953,6.8647693268676955,normal,25.00181759397494
132480,17319,112961,380000;220000,6,4,,,,4375,775.874814611721,,,,,'',"SRID=4326;LINESTRING(8.36422513588836 51.9270354299951,8.37573621075474 51.9317885843967)",line,2,380.0,0.775874814611721,0.12413997033787537,3290.896534380867,100000.0,-1432.2337802450957,1432.2337802450957,43.52108202984112,normal,24.99385949998688
109814,112907,113031,220000,6,,,2x 220 kV,,,2361.76510991009,,,,,'',"SRID=4326;LINESTRING(9.40268323670096 48.7104179384119,9.38432176212508 48.692987752384)",line,1,220.0,2.36176510991009,0.7557648351712288,495.3665309646989,64041.084934884966,-101.86177691877099,101.86177691877099,20.562910602862253,normal,24.931833388016702
182151,29723,116111,220000;110000,6,2;1,,,,,12129.2115642725,,,,,'',"SRID=4326;LINESTRING(9.86662609049239 49.2011850398997,9.71052977602479 49.2304865729926)",line,2,220.0,12.1292115642725,1.9406738502836,990.7330619293978,24939.79088393811,95.87654299193142,95.87654299193142,9.67733354988852,normal,24.917582015307854
155601,113431,113432,220000,6,1,50,2601 Gersteinwerk - Pöppinghausen,RWE,2601,2306.68995416976,,,,,'',"SRID=4326;LINESTRING(7.36677022286157 51.6279987836043,7.34371334412713 51.6131049439167)",line,1,220.0,2.3066899541697596,0.7381407853343231,495.3665309646989,65570.14726950548,103.18228119259327,103.18228119259327,20.82948175599419,normal,24.910970281609043
120478,113071,112900,220000;110000,6;6,2;1,,,RWE,2355,2114.51536735234,,,,,'',"SRID=4326;LINESTRING(6.87976467141975 51.1891573436675,6.84952531283114 51.1894514645107)",line,2,220.0,2.11451536735234,0.3383224587763744,990.7330619293978,100000.0,-216.85113910278054,216.85113910278054,21.887948170466316,normal,24.866319195425113
155880,118622,118621,380000;110000,10,3;1,50;16.7,380 kV 449 Mecklar - Vieselbach; 450 Mecklar - Eisenach; 110 kV Bahnstrom Weimar - Bebra 1|2,TenneT;DB_Energie,3026,1529.7422951529,,,,,'',"SRID=4326;LINESTRING(9.98346293250519 50.9836621788255,9.99580156242716 50.9772227530099)",line,2,380.0,1.5297422951528998,0.244758767224464,3290.896534380867,100000.0,-878.7063398438432,878.7063398438432,26.701123255130195,normal,24.781778105351854
180105,133875,16949,110000;110000;110000;0;110000;0,3;6;3;0;3;0,1,,110kV;110kV Oege 2;110kV Oege 1,markE,Oe1+Oe2,9686.69861421474,,,,,'',"SRID=4326;LINESTRING(7.59764642214902 51.3474174508845,7.50588445692725 51.4016290115256)",line,6,110.0,9.68669861421474,0.5166239260914528,1486.0995928940965,23421.29233452896,155.3023345680256,155.3023345680256,10.450331546460013,normal,24.756833844969066
117565,112023,23874,220000,6,2,50,"293, 294",50Hertz,293;294,18966.1522367252,,,,,'',"SRID=4326;LINESTRING(13.5082534898809 52.6211091901889,13.7095318569489 52.5398286734852)",line,1,220.0,18.9661522367252,6.069168715752064,495.3665309646989,7974.732993396854,40.944616837794825,40.944616837794825,8.265519424184241,normal,24.747282979145158
162786,14765,24419,220000;220000,6;6,4;4,50;50,,EnBW,,4341.59076551414,,,,,'',"SRID=4326;LINESTRING(7.87986545526853 48.4660378929196,7.9107966643883 48.5012807613263)",line,2,220.0,4.34159076551414,0.6946545224822624,990.7330619293978,69674.92247376229,146.21383827993725,146.21383827993725,14.75814665912066,normal,24.727621614251877
181088,113996,16942,220000;220000;220000,3;6;3,,50;50;50,"203 Eula;203 Röhrsdorf - Eula, 207 Röhrsdorf - Weida;207 Weida",50Hertz Transmission,203,40971.442606581,,,,,'',"SRID=4326;LINESTRING(12.5667175624965 51.0781506631211,12.8133593629663 50.8578738927588)",line,3,220.0,40.97144260658099,4.370287211368639,1486.0995928940965,11074.78700120549,-98.31384422033557,98.31384422033557,6.61556228737502,normal,24.722286467666457
146878,113330,113846,380000,6,2,50,307,TenneT,307,691.121510030992,,,,,'',"SRID=4326;LINESTRING(9.36184258994986 53.8732792706824,9.3557307222513 53.8783432677236)",line,1,380.0,0.691121510030992,0.22115888320991745,1645.4482671904334,100000.0,-774.0036720058769,774.0036720058769,47.03907667224756,normal,24.713951007427415
174521,116192,143791,220000,6,2,,Pirach - St. Peter;Pirach - Pleinting,,256;257,6343.09720762736,,,,,'',"SRID=4326;LINESTRING(12.8651390676909 48.3295814903064,12.8269677328656 48.2817671208086)",line,1,220.0,6.34309720762736,2.029791106440755,495.3665309646989,23844.818240862995,-61.37439476398802,61.37439476398802,12.389693474943652,normal,24.702084140031268
174493,113010,143772,380000,6,3,,Aschaffenburg - Großkrotzenburg;Großkrotzenburg - Grafenrheinfeld,TenneT TSO GmbH,412;417,3487.11636134796,,,,,'',"SRID=4326;LINESTRING(9.09449425959082 50.1187688690083,9.08281172124154 50.0887973089462)",line,1,380.0,3.48711636134796,1.115877235631347,1645.4482671904334,100000.0,-269.75291242262165,269.75291242262165,16.393885958093282,normal,24.610669795861984
140231,112335,112195,380000;110000,12,3,50,"589,590 Pulgar-Vieselbach",50Hertz Transmission,589;590,2885.36730722131,,,,,'',"SRID=4326;LINESTRING(12.3155299240988 51.1901519645185,12.2925276629336 51.169303789666)",line,2,380.0,2.88536730722131,0.46165876915540965,3290.896534380867,100000.0,592.5527721414664,592.5527721414664,18.005815921312347,normal,24.437808908154086
179740,112684,17164,380000;380000;380000;380000,6;3;3;3,4;4;4;4,,Grafenrheinfeld - Oberhaid;Eltmann - Redwitz;Eltmann - Redwitz;Grafenrheinfeld - Oberhaid;Oberhaid - Redwitz,TenneT TSO GmbH,423;428,14215.7360624189,,,,,'',"SRID=4326;LINESTRING(10.6657833371238 49.976461760289,10.836054138576 49.928062483854)",line,4,380.0,14.2157360624189,1.1372588849935121,6581.793068761734,100000.0,-590.6964520439317,590.6964520439317,8.974704094655811,normal,24.43210763034065
134977,114673,114759,380000;220000;110000,12,4;2;1,,,RWE,4316,14694.0825744246,,,,,'',"SRID=4326;LINESTRING(7.96854821809515 51.6671606555255,7.85885889133857 51.5590544803004)",line,3,380.0,14.6940825744246,1.5673688079386239,4936.3448015713,92128.92286016101,437.9674997054866,437.9674997054866,8.872303643904212,normal,24.427969316691993
161735,17385,113073,380000;220000;380000;220000,12;12,4;2;4;2,50;50,380 kV Oerkhaus Ost; St. Peter Nord; 220 kV Itterbach Ost|West,RWE,4516,3122.55907153041,,,,,'',"SRID=4326;LINESTRING(6.95920498598319 51.1649318657119,6.93575136301875 51.142091074346)",line,4,380.0,3.1225590715304103,0.24980472572243284,6581.793068761734,100000.0,-1131.3803565729197,1131.3803565729197,17.18954614271658,normal,24.34854697761985
72466,114794,115258,380000;380000;380000,6;6;6,4;4;1,50;50;50,Krümmel - Görries;Krümmel - Görries;Krümmel - Görries,50Hertz,419;420,19878.4060528185,,,,,'',"SRID=4326;LINESTRING(10.5483268170946 53.550563562601,10.8250650574555 53.5131313829849)",line,3,380.0,19.8784060528185,2.1203633123006402,4936.3448015713,68101.53673302471,-394.6696318612138,394.6696318612138,7.995179585826045,normal,24.295075506182638
83172,112751,112752,380000,,,,,RWE,4373,571.343675651381,,,,,'',"SRID=4326;LINESTRING(7.82599043340792 51.7500675542728,7.83143009177938 51.753842257322)",line,1,380.0,0.571343675651381,0.18282997620844194,1645.4482671904334,100000.0,-884.1306933697557,884.1306933697557,53.731904612193574,normal,24.283118632803184
181194,16926,134330,220000;110000;110000;220000;110000,12;6;12,2;1;1;2;1,50;50;50,110kV Lank Ost+West,RWE,2364,5181.21248134402,,,,,'',"SRID=4326;LINESTRING(6.66023164565932 51.2956191989333,6.62486154217348 51.2599257380206)",line,5,220.0,5.181212481344019,0.33159759880601725,2476.832654823494,100000.0,-329.173754616674,329.173754616674,13.290108799866893,normal,24.208125176085648
167671,117623,133875,220000,3,1,,Bigge West,RWE,2319,363.170023076457,,,,,'',"SRID=4326;LINESTRING(7.6025920884929 51.3453577551505,7.59764642214902 51.3474174508845)",line,1,220.0,0.363170023076457,0.16,495.3665309646989,100000.0,384.05329139356013,384.05329139356013,77.52911579343836,watch,24.019519170134355
180587,112996,113024,380000;110000,12,4;2,50,380 kV Kirchberg Süd; Selfkant weiss; 110 kV Berg Ost; Lindern Ost,RWE,4529,4486.91430829671,,,,,'',"SRID=4326;LINESTRING(6.45064485008756 50.8732803491044,6.40344763455451 50.8960047937852)",line,2,380.0,4.4869143082967105,0.7179062893274737,3290.896534380867,100000.0,-464.21515156203077,464.21515156203077,14.106039090328496,normal,24.013641916609995
160838,4281,116227,220000;110000;220000;110000;220000;110000,6;6;6,2;1;2;1,50;50;50,220 kV Kondelwald; 110 kV Pünderich;220 kV Kondelwald;220 kV Kondelwald; 110 kV Pünderich,Amprion,2409,6281.52531144092,,,,,'',"SRID=4326;LINESTRING(6.99532296142208 50.0106438937162,7.06245864401228 50.0424147423636)",line,6,220.0,6.2815253114409195,0.335014683276849,2972.199185788193,100000.0,355.13713413807824,355.13713413807824,11.948631701273412,normal,23.722100776032896
129322,114797,112294,380000;110000,12,4;1,50,Krümmel - Görries,50Hertz Transmission,304;167,3438.32844217,,,,,'',"SRID=4326;LINESTRING(10.4999492152782 53.425174055261,10.4540731520335 53.4174580824576)",line,2,380.0,3.43832844217,0.5501325507472,3290.896534380867,100000.0,522.9170688497396,522.9170688497396,15.88980581390775,normal,23.680225304751648
118721,118233,118554,380000,6,4,,,TenneT,3010,37423.225328505,,,,,'',"SRID=4326;LINESTRING(9.81094282966296 50.8576705933844,9.7510840398633 50.559355578259)",line,1,380.0,37.423225328505005,11.975432105121602,1645.4482671904334,12058.020014012156,106.66802823769376,106.66802823769376,6.482612085995695,normal,23.652861046772312
182050,116295,113994,220000,6,,50,,,,526.04097955534,,,,,'',"SRID=4326;LINESTRING(8.27075154080414 49.0295684417889,8.26372464915717 49.0301894772969)",line,1,220.0,0.5260409795553399,0.16833311345770877,495.3665309646989,100000.0,276.4821546653084,276.4821546653084,55.8136525951551,normal,23.591135334692552
148924,114771,112759,380000;220000,9,,,,RWE,4307,2341.52665393608,,,,,'',"SRID=4326;LINESTRING(7.61228922232192 51.8968202494364,7.63897718126629 51.8886903462844)",line,2,380.0,2.34152665393608,0.3746442646297728,3290.896534380867,100000.0,641.9052685052828,641.9052685052828,19.505483135040212,normal,23.531956805676177
143416,114659,115796,380000;110000,6;6,4;2,50,,RWE,4516,2336.28219812547,,,,,'',"SRID=4326;LINESTRING(6.93504546686848 51.1393359703222,6.91531073771778 51.1248871733149)",line,2,380.0,2.33628219812547,0.3738051517000752,3290.896534380867,100000.0,-642.3839111329821,642.3839111329821,19.520027579774307,normal,23.51884328845924
84248,114782,114783,220000,6,2,,220kV Hochlarmark Ost+West,RWE,2648,1646.73140242378,,,,,'',"SRID=4326;LINESTRING(7.05333858792178 51.653017257823,7.06291175424159 51.6654074589694)",line,1,220.0,1.64673140242378,0.5269540487756096,495.3665309646989,91848.61585646521,-119.31834075377458,119.31834075377458,24.086879773934,normal,23.44437299018311
111820,118478,115515,220000;110000,6,,50,,,,6371.62237236352,,,,,'',"SRID=4326;LINESTRING(7.69929321354557 49.6517868596591,7.77380145950407 49.6807183711458)",line,2,220.0,6.37162237236352,1.0194595795781631,990.7330619293978,47476.13438487398,116.19760305887526,116.19760305887526,11.728447098816595,normal,23.429189423052136
140073,18385,116103,380000;110000,12,4,50,RWE 4562 Ronsdorf - Bomig,RWE,4562,1236.13943689534,,,,,'',"SRID=4326;LINESTRING(7.54227184507313 50.9707616777471,7.52354079264803 50.9721191828271)",line,2,380.0,1.23613943689534,0.1977823099032544,3290.896534380867,100000.0,955.7163551980219,955.7163551980219,29.041215523289786,normal,23.370944716279755
155338,112423,134325,380000;220000,12,2,50,,TenneT,,1129.6994239683,,,,,'',"SRID=4326;LINESTRING(8.49611989113724 53.1993159860928,8.516753086144 53.2019252531898)",line,2,380.0,1.1296994239683,0.180751907834928,3290.896534380867,100000.0,-1017.2243501718151,1017.2243501718151,30.910250126207348,normal,23.36755729566955
96751,118648,118649,380000;110000,12,3;1,50,3026 Mecklar - Vieselbach/Eisenach,TenneT,3026,1426.92335358621,,,,,'',"SRID=4326;LINESTRING(9.76679638266631 50.9479408899866,9.7865917480987 50.9508473546319)",line,2,380.0,1.42692335358621,0.2283077365737936,3290.896534380867,100000.0,-866.4388363461173,866.4388363461173,26.328352389514578,normal,23.343358206056656
121158,112653,112652,380000,3,4,,Grafenrheinfeld - Kupferzell,Energieversorgung Schwaben AG,348,5619.7323456635,,,,,'',"SRID=4326;LINESTRING(9.9846530205936 49.6042378376978,9.93003113940577 49.5727678758398)",line,1,380.0,5.6197323456635,1.7983143506123203,1645.4482671904334,80297.41849684526,-202.50065183588688,202.50065183588688,12.306716405107787,normal,23.260370111582997
179423,118123,16963,380000;220000;380000;220000,9;6;3,4;2;4;2,,Raitersaich - Würgau;Raitersaich - Kriegenbrunn,TenneT TSO GmbH,431;438;278,11804.5630279449,,,,,'',"SRID=4326;LINESTRING(10.8282633293615 49.481109938566,10.8430899849666 49.3785786326225)",line,4,380.0,11.8045630279449,0.944365042235592,6581.793068761734,100000.0,599.5050383847733,599.5050383847733,9.108536718210154,normal,23.224961442712946
167972,28983,116173,220000;110000,9,2;1,,,Lechwerke,,7021.12972782931,,,,,'',"SRID=4326;LINESTRING(10.2589414104044 47.885919409229,10.209393089217 47.9380867506026)",line,2,220.0,7.02112972782931,1.1233807564526896,990.7330619293978,43084.23455003195,110.25917757844805,110.25917757844805,11.129049974745408,normal,23.171564311505776
80553,22692,118078,220000;110000,6,1,,"1x 220 kV, 1x 110 kV",RWE,2332,2393.60764349363,,,,,'',"SRID=4326;LINESTRING(9.13271733400975 49.2395372246099,9.11610772532674 49.2569031462932)",line,2,220.0,2.3936076434936298,0.3829772229589808,990.7330619293978,100000.0,187.6164057859453,187.6164057859453,18.937129787570903,normal,23.139156878379918
73323,16893,17002,110000;110000,6,1,50;50,Leitung 1081;Leitung 1081,EON_Netz,1081,1105.03697201447,,,,,'',"SRID=4326;LINESTRING(9.3897502251176 52.0263153405098,9.40954423099057 52.0343295221752)",line,2,110.0,1.10503697201447,0.1768059155223152,495.3665309646989,68436.62421732051,-153.98875046290604,153.98875046290604,31.08582046571081,normal,23.1382029647106
129853,115776,115761,380000,3,4,,,,,12162.9397875765,,,,,'',"SRID=4326;LINESTRING(8.48127343443659 48.0098721736989,8.53055554991256 47.9148481845625)",line,1,380.0,12.162939787576502,3.8921407320244805,1645.4482671904334,37100.40564871634,146.98730743772725,146.98730743772725,8.932964370171591,normal,23.023869614695858
72413,113874,116406,220000;220000,6;6,4;4,50;50,"220 kV Frimmersdorf 5e;Frimmersdorf 5e,Frimmersdorf 6f",RWE,4517,2827.57987844536,,,,,'',"SRID=4326;LINESTRING(6.62509255786645 51.0563197648559,6.58749258350282 51.0532408411193)",line,2,220.0,2.82757987844536,0.4524127805512576,990.7330619293978,100000.0,-169.93502767115308,169.93502767115308,17.1524534913788,normal,23.02258426916463
152977,134414,115892,380000,6,2,50,305,TenneT,305,64822.5392316406,,,,,'',"SRID=4326;LINESTRING(9.72598060145038 54.2894372291962,9.33223016559803 54.7210227584184)",line,1,380.0,64.8225392316406,20.743212554124995,1645.4482671904334,6961.31323068782,-90.03183818314054,90.03183818314054,5.471569053755054,normal,22.909253465870474
102175,112568,20890,220000,12,2,,,RWE,4578,600.834109056484,,,,,'',"SRID=4326;LINESTRING(6.72391541378869 51.3626524415938,6.72369716617659 51.355694573619)",line,1,220.0,0.6008341090564839,0.19226691489807488,495.3665309646989,100000.0,-240.78899027454304,240.78899027454304,48.60824767584112,normal,22.871386578274006
174656,116457,143885,220000;110000,6,,,,,,5054.96973248048,,,,,'',"SRID=4326;LINESTRING(10.0481140546826 49.1000979464226,10.041925639882 49.0557329104377)",line,2,220.0,5.0549697324804805,0.8087951571968769,990.7330619293978,59842.09916358151,-125.68284598165748,125.68284598165748,12.68584352448046,normal,22.845673998663862
88988,16927,113882,110000,6,,,,,,80.3254341954734,,,,,'',"SRID=4326;LINESTRING(8.48007586271376 50.5909354190532,8.48275044442674 50.5919034758504)",line,1,110.0,0.0803254341954734,0.16,247.68326548234944,75625.0,-730.5527768977693,730.5527768977693,294.9544352441648,overload,22.788865053985976
174101,118372,143494,220000;110000;220000;110000,9;9,2;1;1,50;50,220 kV Windesheim; 110 kV Rosengarten Ost|West;220 kV Windesheim; 110 kV Rosengarten Ost|West,RWE,2327,2198.46286875962,,,,,'',"SRID=4326;LINESTRING(8.04474906971199 49.8049826454018,8.01904741401554 49.816167665122)",line,4,220.0,2.19846286875962,0.1758770295007696,1981.4661238587955,100000.0,387.901039246058,387.901039246058,19.576465859060068,normal,22.760976233703456
173864,17169,143330,220000;220000,6;6,4;2,,Anlage 302 ; Hohck-Wdlng;2x 220 kV,EVS,,3370.48928412486,,,,,'',"SRID=4326;LINESTRING(9.39174688715465 48.7190549961078,9.38634993192534 48.7479400350264)",line,2,220.0,3.37048928412486,0.5392782854599777,990.7330619293978,89749.58069879857,152.495893807822,152.495893807822,15.392228206338919,normal,22.701612070506382
128580,125877,114036,380000,6,4,,"467, 468",50Hertz,,10663.4158587562,,,,,'',"SRID=4326;LINESTRING(11.0037839849157 50.8284139665324,11.0850314819672 50.8866098823385)",line,1,380.0,10.6634158587562,3.4122930748019837,1645.4482671904334,42317.58434418168,-151.47798231167414,151.47798231167414,9.205879354099624,normal,22.61384763958692
181795,18647,141988,0;220000;220000;220000,3;6;3;3,1;2;1;2,,Iller Ltg.;Iller Ltg.,RWE,4521,7388.21263338956,,,,,'',"SRID=4326;LINESTRING(9.88562708565078 48.3041011089674,9.97927885669415 48.3081158234726)",line,4,220.0,7.388212633389561,0.5910570106711649,1981.4661238587955,81887.19383438188,-210.1756817414444,210.1756817414444,10.607079233438466,normal,22.559427409858564
178993,113937,134414,220000;220000;110000;110000,6;12;6,1;1;1,50;50;50,205,TenneT,205,11499.8833060292,,,,,'',"SRID=4326;LINESTRING(9.64148993452684 54.3520619491161,9.72598060145038 54.2894372291962)",line,4,220.0,11.4998833060292,0.9199906644823361,1981.4661238587955,52609.229493903505,176.3195046493648,176.3195046493648,8.898436492368203,normal,22.474952866433433
119452,112350,118843,220000,9,4;2,50,220 kV Kranichstein Ost; Marxheim Ost; Pfungstadt Ost,RWE,4591,348.30021681016,,,,,'',"SRID=4326;LINESTRING(8.58323275817333 49.8183467567896,8.58603011196808 49.8157771846991)",line,1,220.0,0.34830021681016,0.16,495.3665309646989,100000.0,-371.6473666683207,371.6473666683207,75.02472279355612,watch,22.420740810371548
137242,17672,114786,220000,6,3,,220kV Polsum Süd+Scholven D,RWE,,1096.97700087546,,,,,'',"SRID=4326;LINESTRING(7.0608429248286 51.6967174563455,7.06262644930735 51.6844079656584)",line,1,220.0,1.09697700087546,0.3510326402801472,495.3665309646989,100000.0,149.74316613265427,149.74316613265427,30.228761285312864,normal,22.384300522955694
180345,115236,16780,110000;110000,6;6,1;1,50;50,110 kV Springborn Ost; Manfort Ost;110 kV Manfort Ost; Springborn Ost,RWE,0017,2227.12676409955,,,,,'',"SRID=4326;LINESTRING(6.98713769221624 51.0542066582955,6.96562911753218 51.0692893895334)",line,2,110.0,2.22712676409955,0.356340282255928,495.3665309646989,33956.306941772105,94.48954992725473,94.48954992725473,19.074673806331152,normal,22.347738946700353
111930,118322,133770,220000;110000,9,1,50,220 kV Windesheim; 110 kV Kreuznach Ost|West,RWE,2362,9071.93369076309,,,,,'',"SRID=4326;LINESTRING(7.81719898104836 49.8899005875659,7.79253395882042 49.8104357776455)",line,2,220.0,9.071933690763089,1.4515093905220942,990.7330619293978,33344.59998401456,-95.74895828704958,95.74895828704958,9.664455741547958,normal,22.32250287062281
148896,112829,112560,380000,6,4,,380kV Essen West+Kusenhorst,RWE,4139,5389.28105033893,,,,,'',"SRID=4326;LINESTRING(6.99547989710221 51.5388140601712,6.93224281301356 51.5635094445823)",line,1,380.0,5.38928105033893,1.7245699361084577,1645.4482671904334,83731.02010918896,-197.82351864621668,197.82351864621668,12.022469657098123,normal,22.297133719283423
16460,134307,134359,380000,6,2,,Irsching - Raitersaich,TenneT TSO GmbH,424;425,6831.83394203105,,,,,'',"SRID=4326;LINESTRING(11.5043412470719 48.7621630126059,11.5825524147546 48.7661661002974)",line,1,380.0,6.83183394203105,2.186186861449936,1645.4482671904334,66051.07849940611,178.2205702009468,178.2205702009468,10.831125703225815,normal,22.292587206794835
140619,113224,113391,220000;110000,10,1,50;16.7,220 kV Merheim Ost|West; 110 kV Bahnstrom Köln - Gerresheim 1|2,RWE,2380,2578.3479983893,,,,,'',"SRID=4326;LINESTRING(7.03985748062147 50.9482208706478,7.05489914123335 50.9279135700905)",line,2,220.0,2.5783479983893,0.412535679742288,990.7330619293978,100000.0,-172.91724381278684,172.91724381278684,17.45346455644067,normal,22.251443621822705
126844,115382,134475,380000,6,4,50,"380kV Meppen,380kV Emsland West blau",RWE,4310,670.605505323159,,,,,'',"SRID=4326;LINESTRING(7.32084277598261 52.4776050758406,7.30534456314174 52.4800010323376)",line,1,380.0,0.670605505323159,0.21459376170341088,1645.4482671904334,100000.0,710.6601508900301,710.6601508900301,43.189455728284095,normal,22.164230019953255
105497,114491,115087,220000,3,,50,,RWE,4552,365.970460007974,,,,,'',"SRID=4326;LINESTRING(8.2546109711052 47.6334053761772,8.25081729582883 47.634223075578)",line,1,220.0,0.365970460007974,0.16,495.3665309646989,100000.0,-351.754073923554,351.754073923554,71.00884939451448,watch,22.1451844549905
168300,3843,113350,380000,6,4,,Kriegenbrunn - Redwitz;Raitersaich - Würgau,TenneT TSO GmbH,432;431,729.423125257637,,,,,'',"SRID=4326;LINESTRING(11.0479650170508 49.6995460582576,11.0382631221508 49.7017278802571)",line,1,380.0,0.729423125257637,0.23341540008244382,1645.4482671904334,100000.0,664.6002567308518,664.6002567308518,40.39022496074229,normal,22.125276483231602
171656,141777,113995,380000;220000,9,,50,,,,1385.64131142137,,,,,'',"SRID=4326;LINESTRING(8.27481959756044 49.0173790048513,8.26605173490069 49.0285583590402)",line,2,380.0,1.38564131142137,0.22170260982741918,3290.896534380867,100000.0,836.4205429792077,836.4205429792077,25.416190823409394,normal,22.098564142118718
180996,18224,48876,380000;380000;380000;380000;380000;380000;380000;380000;380000,3;3;3;6;3;3;3;3;3,3;3,50;50;50;50;50;50;50;50;50,Pulgar;Pulgar,50Hertz Transmission,589,19668.1454967478,,,,,'',"SRID=4326;LINESTRING(12.5181586241793 51.1570964951171,12.3374179015243 51.196962739796)",line,8,380.0,19.668145496747798,0.786725819869912,8000.0,100000.0,582.3089386725502,582.3089386725502,7.2788617334068775,normal,22.044714425833476
77116,113370,114025,220000,12,,,,RWE,2459,5196.33214895958,,,,,'',"SRID=4326;LINESTRING(8.08903780984965 50.9089640620648,8.10065221798956 50.8709675723922)",line,1,220.0,5.19633214895958,1.6628262876670656,495.3665309646989,29107.069306623052,-59.84562092125121,59.84562092125121,12.081078793253388,normal,22.03537461271483
130260,113990,114348,110000,6,,50,,RWE,,256.148466067399,,,,,'',"SRID=4326;LINESTRING(8.11383194051205 52.2616579687788,8.11013995452585 52.2621248731303)",line,1,110.0,0.256148466067399,0.16,247.68326548234944,75625.0,-238.13490983633167,238.13490983633167,96.1449330751422,tight,21.925877613099587
140776,114783,114785,220000,12,2;1,,,RWE,2648,1166.98373133191,,,,,'',"SRID=4326;LINESTRING(7.06291175424159 51.6654074589694,7.06301541982537 51.6759070707744)",line,1,220.0,1.1669837313319098,0.37343479402621116,495.3665309646989,100000.0,-140.34665927105118,140.34665927105118,28.331881646855276,normal,21.91007011844841
169349,19002,114037,380000,6,4,,"467, 468",50Hertz,,10227.3309167353,,,,,'',"SRID=4326;LINESTRING(11.1293900411786 50.983597117412,11.1157564697985 50.899162373573)",line,1,380.0,10.2273309167353,3.272745893355296,1645.4482671904334,44121.97118425156,148.78513010305036,148.78513010305036,9.042224728043118,normal,21.86727381118992
139931,114211,114574,380000,6,4,50,380 kV Neurath 3c,RWE,4517,3632.1712867689,,,,,'',"SRID=4326;LINESTRING(6.66199993114603 51.0376159615181,6.61820346778407 51.0534726413374)",line,1,380.0,3.6321712867688998,1.1622948117660479,1645.4482671904334,100000.0,232.98698947697983,232.98698947697983,14.159484325496296,normal,21.70685363304017
138873,114180,114986,220000;110000,12,2;1,,,RWE,2316,2393.80838530595,,,,,'',"SRID=4326;LINESTRING(6.82132234516009 51.4985981776625,6.78957992543808 51.506351152621)",line,2,220.0,2.39380838530595,0.38300934164895206,990.7330619293978,100000.0,-175.6746991311231,175.6746991311231,17.73178930649658,normal,21.66740796653095
149344,114787,114785,220000,6,2,,220kV Hochlarmark Ost/West,RWE,2648,941.621296487939,,,,,'',"SRID=4326;LINESTRING(7.06315816212402 51.6843808422435,7.06301541982537 51.6759070707744)",line,1,220.0,0.941621296487939,0.3013188148761405,495.3665309646989,100000.0,161.43920395075284,161.43920395075284,32.589848901652466,normal,21.62412552025715
172571,142423,113108,220000;110000,6,,,,LEW,,11805.7799544044,,,,,'',"SRID=4326;LINESTRING(10.3507277916278 47.9728806504631,10.4593976463855 48.0387581868483)",line,2,220.0,11.805779954404398,1.8889247927047037,990.7330619293978,25623.042371473806,-83.9313775600248,83.9313775600248,8.471643955897978,normal,21.601816356264052
130372,115333,115769,380000,3,4,,Grafenrheinfeld - Kupferzell,Energieversorgung Schwaben AG,348,3751.15349169584,,,,,'',"SRID=4326;LINESTRING(9.87971937495114 49.4302718475018,9.87635212994015 49.3987046754008)",line,1,380.0,3.75115349169584,1.200369117342669,1645.4482671904334,100000.0,-226.48476704788533,226.48476704788533,13.764320128678555,normal,21.450143456199267
181825,142118,17647,220000;220000;110000;110000;110000;110000,3;6;3;3;3,2;2;2;1,50;50;50,Ludersheim - Schwandorf;Ludersheim - Schwandorf;Lauterhofen - Schwandorf;Lauterhofen - Schwandorf,E.ON Netz GmbH,223,36588.7707611011,,,,,'',"SRID=4326;LINESTRING(11.6742377601098 49.4015330904156,12.0823055225582 49.2975904932612)",line,6,220.0,36.5887707611011,1.9514011072587254,2972.199185788193,24802.691676234102,175.54836586297463,175.54836586297463,5.906345937458469,normal,21.420576444708395
112861,114828,114831,110000,6,,,Anlage 223,Energie-Versorgung Schwaben AG,,2952.99443350663,,,,,'',"SRID=4326;LINESTRING(9.23659902388028 48.9238058728457,9.27258526466752 48.9163100935204)",line,1,110.0,2.9529944335066296,0.9449582187221215,247.68326548234944,12804.798942711961,-38.44339568501572,38.44339568501572,15.521192200914074,normal,21.333465446173776
160745,19605,112717,220000;220000,12;12,2;2,50;50,220 kV Frixheim Süd; Niederaußem 4d|5e; Stommeln Nord;220 kV Frixheim Süd; Niederaußem 4d|5e; Stommeln Nord,RWE,4560,4369.18734251202,,,,,'',"SRID=4326;LINESTRING(6.90263526056579 51.0146924999731,6.85419107258533 51.0238523934622)",line,2,220.0,4.36918734251202,0.6990699748019232,990.7330619293978,69234.84306948501,-125.7430249595417,125.7430249595417,12.691917711382734,normal,21.331008652317163
178124,17814,113196,110000;220000;110000,3;6,2;2,50;50,110-kV-Diepholz West,RWE AG,2431,392.582372046349,,,,,'',"SRID=4326;LINESTRING(8.30806397038004 52.3456216256355,8.30677991257821 52.3505209566951)",line,3,220.0,0.392582372046349,0.05333333333333334,1486.0995928940965,100000.0,-956.7463403508114,956.7463403508114,64.37969197525995,watch,21.31996882485221
131451,32925,113826,380000,6,4,50,"420, 423",50Hertz,420;423,23830.6654111451,,,,,'',"SRID=4326;LINESTRING(11.6994192698437 53.5723201096956,11.3701638498375 53.5949592749993)",line,1,380.0,23.830665411145098,7.625812931566432,1645.4482671904334,18935.686109249804,109.08754615912623,109.08754615912623,6.629655172653395,normal,21.294978794848795
181509,7935,17476,380000;220000;380000;220000,6;6;12,4;2;4;2,50;50;50,Leitung 3011;Leitung 2016;Leitung 2016 - Leitung 3011,TenneT,3011,17571.3596525719,,,,,'',"SRID=4326;LINESTRING(9.20556798003176 52.414501161779,9.12526385645653 52.5382634068284)",line,4,380.0,17.5713596525719,1.405708772205752,6581.793068761734,100000.0,478.9784629456062,478.9784629456062,7.277324855728393,normal,21.261582141365857
179436,17127,112047,380000;380000;380000,3;3;6,3;3;3,50;50;50,"494;493;493, 494",50Hertz Transmission,494,99210.6821019311,,,,,'',"SRID=4326;LINESTRING(11.6388595619847 52.2687327303489,12.9041526309856 52.5964457887893)",line,3,380.0,99.2106821019311,10.582472757539318,4936.3448015713,13645.204037697567,-227.5576952591737,227.5576952591737,4.609841986458062,normal,21.238808773651744
115767,112901,115143,110000,4,1,16.7,110 kV Bahnstrom Köln - Gerresheim 1|2,DB_Energie,447;Köln - Gerresheim,1908.7919468282,,,,,'',"SRID=4326;LINESTRING(6.98124079136516 51.054545570423,7.00709187979085 51.0501461829507)",line,1,110.0,1.9087919468282,0.6108134229850241,247.68326548234944,19809.64979595196,-49.259844957282276,49.259844957282276,19.88824108134696,normal,21.235427900609633
179517,141333,113530,110000;220000;110000;110000,6;12;6,4;2;1;1,,110kV Bergwerk+Uffeln Süd,RWE,4223,1004.14916109392,,,,,'',"SRID=4326;LINESTRING(7.73570120705127 52.2823769178473,7.72945001695958 52.2805176626744)",line,4,220.0,1.00414916109392,0.0803319328875136,1981.4661238587955,100000.0,603.8727033474412,603.8727033474412,30.476054880586734,normal,21.18755105352643
162628,112703,133697,220000;220000;220000,6;6;3,1;1;1,,2205;III;IIII;Trennfeld - Aschaffenburg,E.ON Netz GmbH,2205;III;IIII,43503.7568451863,,,,,'',"SRID=4326;LINESTRING(9.5679285128778 49.820682739465,9.09055903916706 49.9699836223947)",line,3,220.0,43.503756845186295,4.640400730153205,1486.0995928940965,10430.13369201027,81.91627082585482,81.91627082585482,5.512165619151233,normal,20.92183035301709
160706,18212,134503,220000;220000;220000;220000,6;6;6,2;2;2,50;50;50;50,"291; 302;291, 302;291; 302;291, 302",50Hertz,,5132.14692045998,,,,,'',"SRID=4326;LINESTRING(13.4888670135834 52.3940952853246,13.523235507977 52.4249061680196)",line,4,220.0,5.13214692045998,0.4105717536367984,1981.4661238587955,100000.0,-227.28566137818137,227.28566137818137,11.470580225492583,normal,20.802412501454867
149521,113486,113945,220000;110000,6;6,,,,EON_Netz,,3583.83045473025,,,,,'',"SRID=4326;LINESTRING(9.44332841004623 53.6205294461743,9.45081739507535 53.6524280775149)",line,2,220.0,3.58383045473025,0.57341287275684,990.7330619293978,84406.89475160139,-135.1873905325448,135.1873905325448,13.645188166959409,normal,20.77527646225601
107058,17623,115101,220000,6,,,,,5130,6646.32863902541,,,,,'',"SRID=4326;LINESTRING(8.25193893146281 47.6397360990099,8.17215434168128 47.6509633658397)",line,1,220.0,6.64632863902541,2.1268251644881313,495.3665309646989,22756.924644367067,50.451647791515306,50.451647791515306,10.184710641080962,normal,20.71799927941101
178309,30069,114311,380000;380000;110000;380000;110000,3;3;6;12,1,50;50;50;50,,TenneT,4121,12097.0179505189,,,,,'',"SRID=4326;LINESTRING(7.27718346941648 52.7532334427173,7.26764023294369 52.6577591625558)",line,5,380.0,12.0970179505189,0.7742091488332096,8000.0,100000.0,644.256333355564,644.256333355564,8.053204166944552,normal,20.71593811337502
113498,112345,112346,380000;220000;110000,12,4;2;1,50,,RWE,4540,3985.06793084251,,,,,'',"SRID=4326;LINESTRING(6.58395304162033 51.4395795845707,6.61109267348956 51.4709955464056)",line,3,380.0,3.98506793084251,0.4250739126232011,4936.3448015713,100000.0,636.4292370982016,636.4292370982016,12.892722503817364,normal,20.71147577964968
71836,112547,121776,220000;110000;220000;110000;220000;110000,6;6;6,1;2;1,50,,RWE,2339,10009.5811891962,,,,,'',"SRID=4326;LINESTRING(6.6849759615049 51.6377994619084,6.65066741434228 51.5537022721424)",line,6,220.0,10.0095811891962,0.5338443300904641,2972.199185788193,90663.13393606381,-256.1085117699927,256.1085117699927,8.616801760615369,normal,20.669690324197937
180620,118648,17701,380000;380000;380000;380000,3;6;3;3,3;4;4,50;50;50;50,Mecklar;3026 Mecklar - Vieselbach/Eisenach;Vieselbach;Eisenach,TenneT,3026,3826.41360311459,,,,,'',"SRID=4326;LINESTRING(9.76679638266631 50.9479408899866,9.74619344386414 50.9168529888981)",line,4,380.0,3.82641360311459,0.3061130882491672,6581.793068761734,100000.0,862.814797552347,862.814797552347,13.10911462178,normal,20.635105392298943
109924,118825,114071,380000;220000,12,,50,"233 Großdalzig - Eula, 358 Wolkramshausen - Eula",50Hertz Transmission,233;358,4189.32817476978,,,,,'',"SRID=4326;LINESTRING(11.8997051689716 51.3997673870755,11.8632453363665 51.3711997867524)",line,2,380.0,4.189328174769781,0.6702925079631649,3290.896534380867,100000.0,412.1989069704172,412.1989069704172,12.525428942054731,normal,20.62442443768073
75945,112617,127911,380000;220000;380000;220000,3;9;3;9,4;2;4;2,50;50,,Wesertal,"A 01, 04, 05",1413.45906884121,,,,,'',"SRID=4326;LINESTRING(8.63411755794769 52.0032843567084,8.65277987831222 52.0035822662628)",line,4,380.0,1.4134590688412099,0.11307672550729679,6581.793068761734,100000.0,-1536.225078631892,1536.225078631892,23.340525333788868,normal,20.564426981388102
134295,118557,118556,380000,6,,50,"'Kaiserslautern Süd 380 kV; Weingarten Ltg. 220 kV; 6 x 380 kV, 3 x 220 kV (auch wenn''s nicht zu den Leitungenbeschriftungen passt - tag cables stimmt auch nicht)'",RWE,,778.574199747334,,,,,'',"SRID=4326;LINESTRING(8.33803068434522 49.4166034606011,8.3378776114208 49.4095920553895)",line,1,380.0,0.778574199747334,0.24914374391914687,1645.4482671904334,100000.0,-587.581030395895,587.581030395895,35.709480638925015,normal,20.561948606402193
169283,29743,116454,220000;110000,6,,,,,,2995.13889786952,,,,,'',"SRID=4326;LINESTRING(10.0490607066358 49.0123893958514,10.0549626307456 48.9869001748518)",line,2,220.0,2.99513889786952,0.4792222236591232,990.7330619293978,100000.0,-146.77014783608388,146.77014783608388,14.814297965413322,normal,20.51896333110241
182099,123035,116995,220000;220000;110000;220000;110000,3;6;6;3,1;1;1;1,50;50;50;50,220 kV Saar Nord;220 kV Saar Nord; 110 kV Konz;220 kV Saar Nord;110 kV Konz,RWE,2326,7758.71593755877,,,,,'',"SRID=4326;LINESTRING(6.55906476751616 49.7062394881271,6.57880542554774 49.7699209693569)",line,5,220.0,7.75871593755877,0.4965578200037613,2476.832654823494,97471.02562926787,233.89227137080547,233.89227137080547,9.443200408203326,normal,20.492210546383884
179527,17677,16922,380000;380000;380000;380000;380000,3;3;3;6;3,2;2;2,50;50;50,3103 Dollern-(Niedervieland/Unterweser)-Alfstedt;3103 Dollern-(Niedervieland/Unterweser)-Alfstedt;3103 Dollern-(Niedervieland/Unterweser)-Alfstedt,TenneT,3103,32107.0730549621,,,,,'',"SRID=4326;LINESTRING(9.06884179725554 53.5665781533444,9.50180203270264 53.5429366535212)",line,5,380.0,32.1070730549621,2.0548526755175742,8000.0,70272.67780335087,-466.2011351376788,466.2011351376788,5.8275141892209845,normal,20.394824992419693
160887,16956,112204,110000;110000,6;6,1;1,50;50,110kV Neanderthal Ost+West;110kV Neanderthal Ost+West,RWE,0020,1733.87335921342,,,,,'',"SRID=4326;LINESTRING(6.82809305750979 51.162560954334,6.81816431777877 51.1785141875456)",line,2,110.0,1.73387335921342,0.27741973747414717,495.3665309646989,43616.218911344055,100.07421812963861,100.07421812963861,20.20205481681405,normal,20.31759878310486
161844,123034,24815,220000;220000;110000,6;6,1;1,50;50,220 kV Saar Nord;220 kV Saar Nord; 110 kV Konz,Amprion,2326,7710.93413990041,,,,,'',"SRID=4326;LINESTRING(6.55907384050053 49.706044347795,6.53979833871267 49.6416513638062)",line,3,220.0,7.710934139900409,0.8224996415893769,1486.0995928940965,58845.01044459192,-139.30442532623547,139.30442532623547,9.3738283754555,normal,20.29039237208549
181677,134367,115052,380000;380000,6;6,4;4,50;50,380kV Bürstadt Ltg.| 380kV Kaiserslautern Süd;380kV Bürstadt Ltg. | 380kV Kaiserslautern Süd,Amprion,,39598.4386989499,,,,,'',"SRID=4326;LINESTRING(7.23542955555306 49.3627899883735,7.72187335635873 49.4877081799202)",line,2,380.0,39.598438698949906,6.335750191831985,3290.896534380867,22791.30262840219,-180.12057989431648,180.12057989431648,5.473298173082901,normal,20.271616508976784
161634,115596,115742,220000;220000,6;6,1;1,50;50,220kV Bixterheide Nord+Bigge Ost;220kV Bixterheide Nord+Bigge Ost,RWE,,7601.17351066533,,,,,'',"SRID=4326;LINESTRING(7.67741097187665 51.3894973414747,7.60374426767631 51.3481142927638)",line,2,220.0,7.60117351066533,1.2161877617064527,990.7330619293978,39796.486631380976,-92.17668885538501,92.17668885538501,9.303887434207152,normal,20.021022797130865
120697,118520,118521,220000;110000,18,2;1,50,,RWE,2471,1281.21336336307,,,,,'',"SRID=4326;LINESTRING(7.87212305549776 50.7704373686256,7.88952746496994 50.7722117463337)",line,2,220.0,1.28121336336307,0.2049941381380912,990.7330619293978,100000.0,240.36990145506198,240.36990145506198,24.261822956322355,normal,20.008906829853462
181787,134329,112677,110000,6,1,,Friesen - Redwitz;Windheim - Redwitz,,167;168,174.234860267517,,,,,'',"SRID=4326;LINESTRING(11.1934192732072 50.1623792035131,11.1933452185293 50.1661928674853)",line,1,110.0,0.174234860267517,0.16,247.68326548234944,75625.0,-308.51772998824185,308.51772998824185,124.56139472621238,overload,20.0066467368797
134978,114757,114759,380000;220000;110000,12,4;2;1,,,RWE,4316,9771.88620813698,,,,,'',"SRID=4326;LINESTRING(7.74029915030895 51.5170028551141,7.85885889133857 51.5590544803004)",line,3,380.0,9.77188620813698,1.0423345288679446,4936.3448015713,100000.0,-412.70182712164205,412.70182712164205,8.360474069604576,normal,19.872341984642937
166327,114526,121822,220000;110000;220000;110000;220000;110000;220000;110000;220000;110000,6;6;6;6;6,,50;50;50;50;50,220 kV;110 kV;220 kV;110 kV;220 kV;110 kV;220 kV;110 kV;220 kV;110 kV,RWE,,9669.19506354441,,,,,'',"SRID=4326;LINESTRING(8.89929816369462 49.7233662575846,8.83945823851593 49.7962539628203)",line,8,220.0,9.66919506354441,0.38676780254177645,3962.932247717591,100000.0,332.47619524559013,332.47619524559013,8.389651259798255,normal,19.861330035246354
78323,114237,134324,220000;110000,15,2;1,,,RWE,4593,803.889076442233,,,,,'',"SRID=4326;LINESTRING(6.72641084381644 51.5195524649234,6.71804677656335 51.5287926233631)",line,2,220.0,0.803889076442233,0.12862225223075727,990.7330619293978,100000.0,-332.9749038722407,332.9749038722407,33.60894237483006,normal,19.82742523030536
144424,112762,118393,220000;110000,6,1,,Gladbeck West+Gelsenkirchen Süd,RWE,2343,4000.89052137454,,,,,'',"SRID=4326;LINESTRING(7.0693190778371 51.5075587595865,7.08527243863083 51.4820207691552)",line,2,220.0,4.00089052137454,0.6401424834199264,990.7330619293978,75608.16732772622,-121.80362068078506,121.80362068078506,12.294292515440967,normal,19.789089951988174
182043,123553,143139,220000;110000,10,4;2,50;16.7,"Anlage 373 ; NWH-SEE 220 kV, NWH-MUL 220 kV, Bahnstrom Neckarwestheim - Stuttgart-Zazenhausen",EnBW;DB_Energie,,7623.24231944364,,,,,'',"SRID=4326;LINESTRING(9.24109949362219 48.9220828475054,9.23106124924509 48.8588912355959)",line,2,220.0,7.62324231944364,1.2197187711109825,990.7330619293978,39681.27829656569,-90.73898586563087,90.73898586563087,9.158772362852382,normal,19.732219265847696
180870,114066,17767,380000;380000;380000,3;6;3,4;3;4,50;50;50,535;538 Bad Lauchstädt-Klostermansfeld-Wolmirstedt;535;538 Bad Lauchstädt-Klostermansfeld-Wolmirstedt;535;538 Bad Lauchstädt-Klostermansfeld-Wolmirstedt,50Hertz,,38248.9884393804,,,,,'',"SRID=4326;LINESTRING(11.5161813161785 51.5799075493535,11.8939194608678 51.4055028474632)",line,3,380.0,38.248988439380405,4.079892100200577,4936.3448015713,35393.092869515094,264.62456815805916,264.62456815805916,5.360739145973471,normal,19.67351421083369
121601,16910,112812,220000;110000,6,1,,Gladbeck West+Hugo Ost,RWE,2392,4021.90201646901,,,,,'',"SRID=4326;LINESTRING(7.03761927194858 51.5985600317353,7.02030007890785 51.5652522861848)",line,2,220.0,4.02190201646901,0.6435043226350416,990.7330619293978,75213.16997811322,120.60130605610772,120.60130605610772,12.172936453866125,normal,19.644791358628527
111819,115515,118479,220000;110000,6,,50,,,,4719.36703128634,,,,,'',"SRID=4326;LINESTRING(7.77380145950407 49.6807183711458,7.80371221436176 49.7176216855291)",line,2,220.0,4.71936703128634,0.7550987250058144,990.7330619293978,64097.578763131016,111.6041312248868,111.6041312248868,11.264803357580895,normal,19.644219035151284
179299,112643,16963,220000;220000;220000,6;6;6;12,1;1;1,,Raitersaich - Ludersheim;Raitersaich - Trennfeld;Raitersaich - Trennfeld;Raitersaich - Ludersheim,TenneT TSO GmbH,237,1043.02044732492,,,,,'',"SRID=4326;LINESTRING(10.8419887784191 49.3861637661992,10.8430899849666 49.3785786326225)",line,3,220.0,1.04302044732492,0.1112555143813248,1486.0995928940965,100000.0,-407.6408014542732,407.6408014542732,27.430247838263337,normal,19.5969734275267
181584,16814,18824,380000;110000;110000;380000;110000;380000,3;3;3;12;3,4;1;1;4,50;50;50;50,"2x 380 kV, 2x 110 kV",EVS,318,12149.7249713326,,,,,'',"SRID=4326;LINESTRING(8.98890991477608 48.8040900304867,9.04558352922656 48.9028275892036)",line,6,380.0,12.1497249713326,0.6479853318044053,8000.0,100000.0,608.4117255233501,608.4117255233501,7.605146569041876,normal,19.593906036770523
179846,17748,113526,380000;380000;380000,6;3;3,4;4;4,,380kV Hamaland + Münsterland,RWE,4306,1751.44934517833,,,,,'',"SRID=4326;LINESTRING(7.03495438287882 52.2028584150601,7.01586509635015 52.1926445887378)",line,3,380.0,1.7514493451783302,0.18682126348568853,4936.3448015713,100000.0,955.3101205280856,955.3101205280856,19.352580885840844,normal,19.587285260578145
182030,143086,24593,380000;380000;380000,6;3;3,3;3;3,50;50;50,,50Hertz Transmission GmbH,463;464,5968.68536682218,,,,,'',"SRID=4326;LINESTRING(11.0757441826476 50.5776001114399,10.9909064280074 50.5735635177019)",line,3,380.0,5.96868536682218,0.6366597724610326,4936.3448015713,100000.0,496.37135141827605,496.37135141827605,10.055443275767017,normal,19.52190498903991
160774,16910,112822,220000;220000,6;12,2;2,,220kV Buer Süd+Scholven E,RWE,2344,4370.11924491581,,,,,'',"SRID=4326;LINESTRING(7.03761927194858 51.5985600317353,7.01992566109743 51.564976875865)",line,2,220.0,4.37011924491581,0.6992190791865296,990.7330619293978,69220.07914359042,114.91963238076724,114.91963238076724,11.599454666120419,normal,19.496944698250132
179560,114803,135068,110000;110000;110000;110000;110000,3;3;6;3;3,2;2;2,50;50;50;50;50,Gießen/Nord,EON_Netz,,737.44110325089,,,,,'',"SRID=4326;LINESTRING(8.65387294834994 50.595043880217,8.65581369184179 50.6048234466578)",line,5,110.0,0.7374411032508901,0.047196230608056965,1238.416327411747,100000.0,435.87527553130553,435.87527553130553,35.196182889664556,normal,19.442843073739372
160877,113160,113238,380000;220000;110000;380000;220000;110000,18;18,4;2;1;4;2;1,50;50,380 kV Knechtsteden West; 220 kV Frixheim Nord; Neurath 1a; Osterath West; 110 kV Kaarst Ost|West,RWE,4570,4751.18119089175,,,,,'',"SRID=4326;LINESTRING(6.64272352245328 51.2159502725208,6.66903257201082 51.1767460870412)",line,6,380.0,4.751181190891749,0.2533963301808933,8000.0,100000.0,-888.047468693165,888.047468693165,11.100593358664563,normal,19.419436390959266
5966,28857,19177,110000,6,1,,,,,4305.32908788596,,,,,'',"SRID=4326;LINESTRING(8.31413226033039 49.0064314765221,8.29900235698834 48.9743373044997)",line,1,110.0,4.305329087885959,1.377705308123507,247.68326548234944,8782.720026302803,-28.727288291353304,28.727288291353304,11.598396942727842,normal,19.35438188202292
104811,114231,114226,220000;110000,12,1,50,,Amprion;Westnetz,2347,2416.6461223463,,,,,'',"SRID=4326;LINESTRING(6.74266037915935 51.505397647206,6.72322784327022 51.491341849543)",line,2,220.0,2.4166461223463003,0.38666337957540803,990.7330619293978,100000.0,154.64224291039665,154.64224291039665,15.608870729441435,normal,19.177985806399978
180280,114659,113073,110000;110000,6;6,2;2,50;50,110 kV Benrath Nord|Süd;110 kV Hülsberg Nord|Süd,RWE,,350.847920732099,,,,,'',"SRID=4326;LINESTRING(6.93504546686848 51.1393359703222,6.93575136301875 51.142091074346)",line,2,110.0,0.350847920732099,0.08,495.3665309646989,100000.0,314.60433395024137,314.60433395024137,63.50940450852965,watch,19.09934102067793
169553,118037,22692,380000;220000,6,2,,Großgartach - Obrigheim 1x 220 kV,,Anlage 323,6815.10841694505,,,,,'',"SRID=4326;LINESTRING(9.09751241928241 49.2915052867572,9.13271733400975 49.2395372246099)",line,2,380.0,6.8151084169450495,1.090417346711208,3290.896534380867,100000.0,-305.64940597299085,305.64940597299085,9.287724569271342,normal,19.096108173549577
180596,17046,112469,110000;380000;110000;380000,6;12;6,1;4;1;4,50;50;50,Leitung 3023 - Leitung 1818;Leitung 3023,EON_Netz,,3866.02031702599,,,,,'',"SRID=4326;LINESTRING(10.7610044477178 52.367687328586,10.7026694203311 52.3633673563834)",line,4,380.0,3.86602031702599,0.3092816253620792,6581.793068761734,100000.0,794.2616957727869,794.2616957727869,12.067557996353347,normal,19.0942124604604
181499,16848,118316,110000;220000;110000;220000;110000;220000;110000;220000;110000;220000;110000,3;6;6;6;6;6,,50;50;50;50;50,220 kV;110 kV;220 kV;110 kV;220 kV;110 kV;220 kV;110 kV;220 kV;110 kV,RWE,,9378.88793608471,,,,,'',"SRID=4326;LINESTRING(8.80025984726531 49.8405201290294,8.84209461421176 49.9199994791716)",line,8,220.0,9.378887936084709,0.3751555174433884,3962.932247717591,100000.0,322.4994328493436,322.4994328493436,8.137899229417402,normal,19.040842889279578
181591,134728,200,380000;380000;380000;380000;380000,3;6;3;3;3,3;3;3;3;3,50;50;50;50;50,Daxlanden - Philippsburg;Daxlanden - Philippsburg;Daxlanden - Philippsburg;Daxlanden - Philippsburg;Daxlanden - Philippsburg,EnBW,7520,18613.980157169,,,,,'',"SRID=4326;LINESTRING(8.43851130984995 49.2523505812136,8.40394268185539 49.089234984154)",line,5,380.0,18.613980157169,1.191294730058816,8000.0,100000.0,-511.1524255040301,511.1524255040301,6.389405318800376,normal,19.016420204574526
178684,115475,115476,220000;220000,3;3,2;2,,Itterbach Ost;Itterbach Ost,RWE,2390,481.38222599928,,,,,'',"SRID=4326;LINESTRING(7.13484794387859 51.416085540635,7.13497846908938 51.4184596787025)",line,2,220.0,0.48138222599928004,0.08,990.7330619293978,100000.0,479.1745509937884,479.1745509937884,48.365656644245064,normal,19.006522378835154
91668,114417,134458,110000,6,1,50,110kV Hesseln Ost,RWE,0054,1132.32487540052,,,,,'',"SRID=4326;LINESTRING(8.33426503650572 52.0724959428742,8.31885598858892 52.0660524310109)",line,1,110.0,1.1323248754005202,0.36234396012816644,247.68326548234944,33393.68481737642,62.134665190255454,62.134665190255454,25.086339631888993,normal,18.995699362830848
77049,113846,134539,380000,6,2,50,308 AKW Brokdorf - UW Wilster,TenneT,308,2700.11196036257,,,,,'',"SRID=4326;LINESTRING(9.3557307222513 53.8783432677236,9.34503642823891 53.8521671608779)",line,1,380.0,2.7001119603625696,0.8640358273160222,1645.4482671904334,100000.0,238.24896940614903,238.24896940614903,14.479274381135902,normal,18.944148007366348
135420,113024,113025,380000;110000,12,4;2,50,380 kV Kirchberg Süd; Selfkant weiss; 110 kV Berg Ost; Lindern Ost,RWE,4529,3375.85483530615,,,,,'',"SRID=4326;LINESTRING(6.40344763455451 50.8960047937852,6.36098013882387 50.9057880567574)",line,2,380.0,3.37585483530615,0.540136773648984,3290.896534380867,100000.0,-421.413456443509,421.413456443509,12.805430132515292,normal,18.902119642002557
153808,24664,118343,220000,6,2,50,220 kV Anilin 3c|4d,RWE,4542,596.955931776905,,,,,'',"SRID=4326;LINESTRING(8.41938493943566 49.6337976668968,8.41651945515918 49.6290553427121)",line,1,220.0,0.596955931776905,0.1910258981686096,495.3665309646989,100000.0,-199.60977298166816,199.60977298166816,40.29536928805812,normal,18.86223312837163
181305,24664,31001,380000;380000;380000;380000;380000,6;6;3;3;6,4;4;4;4;4,50;50;50;50;50,Kugelberg Ost/West;Kugelberg Ost/West;380 kV Kugelberg Ost;380 kV Kugelberg West;380 kV Kugelberg Ost|West,RWE,4524,6242.18042750495,,,,,'',"SRID=4326;LINESTRING(8.41938493943566 49.6337976668968,8.4881978399368 49.5996644703187)",line,5,380.0,6.24218042750495,0.3994995473603168,8000.0,100000.0,-758.6014125242291,758.6014125242291,9.482517656552863,normal,18.774648406144575
168398,20476,113432,220000,6,1,50,2601 Gersteinwerk - Pöppinghausen,RWE,2601,4220.82787517923,,,,,'',"SRID=4326;LINESTRING(7.29713403778859 51.5909819123183,7.34371334412713 51.6131049439167)",line,1,220.0,4.22082787517923,1.3506649200573537,495.3665309646989,35834.20231121778,-56.14705954719231,56.14705954719231,11.33444753278931,normal,18.73194256416706
181266,18378,16910,220000;220000,6;12,2;2,,220kV Buer Süd+Scholven E,RWE,2344,1061.19646676314,,,,,'',"SRID=4326;LINESTRING(7.03169582777078 51.6094376789953,7.03761927194858 51.5985600317353)",line,2,220.0,1.06119646676314,0.1697914346821024,990.7330619293978,100000.0,255.78283525076185,255.78283525076185,25.81753300456522,normal,18.6734762689498
79843,17814,113196,380000,3,4,50,,Amprion,,378.291274051408,,,,,'',"SRID=4326;LINESTRING(8.30806397038004 52.3456216256355,8.30677991257821 52.3505209566951)",line,1,380.0,0.378291274051408,0.16,1645.4482671904334,100000.0,-956.7463403508114,956.7463403508114,58.14502706818213,normal,18.65551357615429
166887,25406,29888,220000,6,2,50,Otterbach - Beeden,,,19464.7361430193,,,,,'',"SRID=4326;LINESTRING(7.31934050098583 49.3048721803483,7.46131749383219 49.4101888153078)",line,1,220.0,19.4647361430193,6.228715565766176,495.3665309646989,7770.462383290166,-30.60818491966475,30.60818491966475,6.1788964345364645,normal,18.65225454306368
141138,112628,116025,380000,6,4,,Meitingen Nord; Süd,Amprion,,37405.5510685385,,,,,'',"SRID=4326;LINESTRING(10.8637362727954 48.5391765820159,10.4102799226065 48.5111657478565)",line,1,380.0,37.4055510685385,11.96977634193232,1645.4482671904334,12063.717472659897,84.09881807380287,84.09881807380287,5.11099739509889,normal,18.645950960819984
179816,112725,17376,110000;380000;110000;380000,6;12;6,2;4;2;4,50;50;50,110 kV Auenheim Nord; Glesch Nord;380 kV Paffendorf Süd; Selfkant weiß; 110 kV Auenheim Nord; Glesch Nord;380 kV Paffendorf Süd; Selfkant weiß,RWE,4179,2292.99425470309,,,,,'',"SRID=4326;LINESTRING(6.62173573331276 50.9635756824282,6.59601478983902 50.9525301186299)",line,4,380.0,2.29299425470309,0.18343954037624718,6581.793068761734,100000.0,-1029.1719015213753,1029.1719015213753,15.636649325941185,normal,18.635715801796746
132294,112672,112681,380000;110000;20000,15,3;1,,Redwitz - Remptendorf;Redwitz - Remptendorf;Windheim - Redwitz,TenneT TSO GmbH;E.ON Netz GmbH,413;414;168,2546.54300993928,,,,,'',"SRID=4326;LINESTRING(11.3057130519685 50.2938843930392,11.3241694784699 50.3134515782242)",line,3,380.0,2.5465430099392803,0.27163125439352326,4936.3448015713,100000.0,-725.3118449814327,725.3118449814327,14.693297857770325,normal,18.60132320326843
181098,118566,25112,220000;220000;220000,6;12;6,2;2;2,50;50;50,,RWE,,5304.99254364191,,,,,'',"SRID=4326;LINESTRING(8.39247065668801 49.5677428507356,8.40840450372926 49.5285424870512)",line,3,220.0,5.30499254364191,0.5658658713218038,1486.0995928940965,85532.63671290626,150.0738557490686,150.0738557490686,10.098505945810004,normal,18.594800982327392
116545,115596,34462,110000,6,1,,110kV Iserlohn 1+2,Stadtwerke Iserlohn,,12769.5250034384,,,,,'',"SRID=4326;LINESTRING(7.67741097187665 51.3894973414747,7.50860468408202 51.4035597224991)",line,1,110.0,12.769525003438401,4.086248001100288,247.68326548234944,2961.1516473649863,17.497783470146107,17.497783470146107,7.064580417280167,normal,18.526564139938905
107026,114630,114632,380000;220000;110000,18,4;2;1,50,380 kV Knechtsteden West; St. Peter Süd; 220 kV Frixheim Nord|Süd; 110 kV Gohr Ost|West,RWE,4570,4310.57202539182,,,,,'',"SRID=4326;LINESTRING(6.72085359597429 51.0655209844171,6.7380864272272 51.0283189687938)",line,3,380.0,4.31057202539182,0.4597943493751275,4936.3448015713,100000.0,-546.9566129673753,546.9566129673753,11.08019465725474,normal,18.50059609423018
81593,115416,115415,220000,6,2,50,,RWE,2444,413.131177776926,,,,,'',"SRID=4326;LINESTRING(6.5837126524503 51.7111325585095,6.5808158551536 51.7143931765389)",line,1,220.0,0.413131177776926,0.16,495.3665309646989,100000.0,-264.3490880039123,264.3490880039123,53.36434165003176,normal,18.453812828843944
75589,23550,34462,220000;220000;220000,3;3;3,1;1;1,50;50;50,220kV Herdecke Nord;220kV Herdecke Nord;220kV Herdecke Nord,RWE,2307,4418.79203106123,,,,,'',"SRID=4326;LINESTRING(7.45130171454935 51.4130023613852,7.50860468408202 51.4035597224991)",line,3,220.0,4.41879203106123,0.4713378166465312,1486.0995928940965,100000.0,-162.17932530229183,162.17932530229183,10.91308591145339,normal,18.441728334815
180428,134617,115476,380000;220000;380000;220000;380000,12;3;6;3,4;2;4;2;4,50;50;50,380kV Oerkhaus Ost;220kV Itterbach Ost+West;380kV Oerkhaus West,RWE,4516,3766.73483902138,,,,,'',"SRID=4326;LINESTRING(7.12549623603904 51.4486792678061,7.13497846908938 51.4184596787025)",line,5,380.0,3.76673483902138,0.24107102969736832,8000.0,100000.0,-938.6511132685627,938.6511132685627,11.733138915857033,normal,18.323191910255986
83678,112162,112161,380000;110000,9,4;2,50,380 kV Siegtal Nord|Süd; 110 kV Stockem Ost,RWE,4103,5984.94524633269,,,,,'',"SRID=4326;LINESTRING(7.05869101987915 50.8101556507429,6.98049006928222 50.7952649799725)",line,2,380.0,5.98494524633269,0.9575912394132304,3290.896534380867,100000.0,-309.98436975040454,309.98436975040454,9.419450490524872,normal,18.309124277032172
168801,14172,115656,380000;220000;110000,18,4;2;1,50,,RWE,4588,1917.09963224343,,,,,'',"SRID=4326;LINESTRING(6.6292412473431 51.2370301654116,6.62672389842241 51.2542525872206)",line,3,380.0,1.91709963224343,0.20449062743929922,4936.3448015713,100000.0,843.4450327412968,843.4450327412968,17.08642865613475,normal,18.292557024090137
181459,23711,134912,320000;155000;320000;320000,,,0;0;0,,,,125218.743177427,,,,,'',"SRID=4326;LINESTRING(9.23493562375167 53.9168334545263,7.68295192017405 54.4444834567265)",line,4,320.0,125.21874317742699,10.017499454194159,2882.1325437946116,10222.111862170039,-108.80629843073044,108.80629843073044,3.775201063011357,normal,18.264484877788895
181597,23500,140524,110000,6,1,,,E.ON Netz GmbH,1601;1602,2157.01290595616,,,,,'',"SRID=4326;LINESTRING(11.8075401848192 48.4553719666337,11.7832109116846 48.446818592387)",line,1,110.0,2.15701290595616,0.6902441299059712,247.68326548234944,17530.02955874225,39.03765922067017,39.03765922067017,15.761121020690071,normal,18.11939920522894
128236,113957,113958,380000;110000,9,,,,,,4546.24591234472,,,,,'',"SRID=4326;LINESTRING(8.3235226230121 49.0435286779686,8.31164303220032 49.0123617812239)",line,2,380.0,4.54624591234472,0.7273993459751552,3290.896534380867,100000.0,-347.31889687454884,347.31889687454884,10.553929400271823,normal,18.080161113916308
180332,16768,112303,110000;110000;110000,3;6;3,2;2;2,50;50;50,72;72;73;73,Vattenfall Europe Hamburg,72,475.22414776124,,,,,'',"SRID=4326;LINESTRING(9.90880362383627 53.4880478817913,9.91261864509603 53.4847192501925)",line,3,110.0,0.47522414776124,0.05333333333333334,743.0497964470483,100000.0,-345.0234835892116,345.0234835892116,46.433426836124426,normal,18.053778033565063
89103,114744,114742,380000,6,4,50,380kV Sauerland Nord+Süd,RWE,4331,7640.18841666755,,,,,'',"SRID=4326;LINESTRING(8.19365686547961 51.1889378778491,8.28422752770733 51.2234753931746)",line,1,380.0,7.6401884166675496,2.444860293333616,1645.4482671904334,59062.679529678855,137.62306997450713,137.62306997450713,8.363864894366777,normal,18.036042253403
178500,17127,130939,380000;380000;380000;380000,3;6;3;3,3;3;3,50;50;50;50,Wolmirstedt (380 kV);535;536;536;535,50Hertz,535;536,112610.199058996,,,,,'',"SRID=4326;LINESTRING(11.6388595619847 52.2687327303489,11.4717869341634 51.6183704554812)",line,4,380.0,112.610199058996,9.00881592471968,6581.793068761734,16028.743533739498,250.76892609942578,250.76892609942578,3.8100396575762328,normal,18.032053897426866
155333,114312,114311,380000,6,4,50,,Amprion,4121,431.238769295625,,,,,'',"SRID=4326;LINESTRING(7.27007691315187 52.6541665746089,7.26764023294369 52.6577591625558)",line,1,380.0,0.431238769295625,0.16,1645.4482671904334,100000.0,-827.5052258759796,827.5052258759796,50.2905647279283,normal,18.031196252245824
122606,117883,117882,380000;220000,12,4;2,,380 kV Bliestal Süd;Bürstadt Ltg.;220 kV Osburg Ltg.;Barbara Ltg.,Amprion,,16851.0640935912,,,,,'',"SRID=4326;LINESTRING(7.01184378798079 49.3855041467169,7.22217128618576 49.3626572540495)",line,2,380.0,16.8510640935912,2.6961702549745925,3290.896534380867,53557.44865650584,-205.71300412026307,205.71300412026307,6.25097148971792,normal,18.015694391782027
90058,114248,121705,220000;110000,12,4;1,50,,RWE,4197,15486.5692308927,,,,,'',"SRID=4326;LINESTRING(7.42834901693573 50.4062189843163,7.26124674340356 50.491670340679)",line,2,220.0,15.4865692308927,2.477851076942832,990.7330619293978,19533.054448016235,63.32933383366163,63.32933383366163,6.392169219661577,normal,17.91434868336358
166331,114046,118316,220000;110000;220000;110000;220000;110000;220000;110000;220000;110000,6;6;6;6;6,,50;50;50;50;50,220 kV;110 kV;220 kV;110 kV;220 kV;110 kV;220 kV;110 kV;220 kV;110 kV,RWE,,8370.73901295216,,,,,'',"SRID=4326;LINESTRING(8.77654805135917 49.9712240847055,8.84209461421176 49.9199994791716)",line,8,220.0,8.370739012952159,0.3348295605180864,3962.932247717591,100000.0,-317.0695002344182,317.0695002344182,8.000881176230832,normal,17.90270741887262
134739,18760,112099,220000;110000,6,1,,,Westfalen Weser Netz GmbH,"120, 121",20159.0365539205,,,,,'',"SRID=4326;LINESTRING(8.85635917364785 52.0346220584631,8.94229225184481 52.1910951828615)",line,2,220.0,20.1590365539205,3.22544584862728,990.7330619293978,15005.677438546547,57.90252969891024,57.90252969891024,5.8444127811933795,normal,17.837539819122767
133359,115431,114749,380000;110000,18,4;1,50,,RWE,4315,3453.01265270856,,,,,'',"SRID=4326;LINESTRING(8.00375121778617 51.4444033461971,7.98536207509955 51.4690709759195)",line,2,380.0,3.45301265270856,0.5524820244333696,3290.896534380867,100000.0,-391.932817261198,391.932817261198,11.909606186842161,normal,17.78795994281007
104157,114777,113526,220000,3,1,,220kV Grafschaft West,RWE,4306,319.52250506474,,,,,'',"SRID=4326;LINESTRING(7.01587039641033 52.1955271681998,7.01586509635015 52.1926445887378)",line,1,220.0,0.31952250506474,0.16,495.3665309646989,100000.0,314.6155364653347,314.6155364653347,63.511665968356475,watch,17.6098753403133
102139,114824,114827,380000,6,,,Anlage 315,EnBW,,1985.46152399948,,,,,'',"SRID=4326;LINESTRING(9.20969753539286 48.9233794752068,9.23679054469885 48.9227402851052)",line,1,380.0,1.98546152399948,0.6353476876798336,1645.4482671904334,100000.0,-262.6383595560472,262.6383595560472,15.961508167284796,normal,17.457968979326104
182021,143042,18824,380000;380000;380000;380000,6;6;3;3,,,Anlage 317,,Anlage 317,20115.8262686514,,,,,'',"SRID=4326;LINESTRING(9.12186794673035 49.0661310997959,9.04558352922656 48.9028275892036)",line,4,380.0,20.1158262686514,1.6092661014921121,6581.793068761734,89730.3434566305,-376.7248556785262,376.7248556785262,5.723742022011053,normal,17.4575437797967
124947,112967,112652,380000;110000,6,4;1,,Grafenrheinfeld - Kupferzell,Energieversorgung Schwaben AG,348,14329.7487784255,,,,,'',"SRID=4326;LINESTRING(9.86772129635338 49.4592074924487,9.93003113940577 49.5727678758398)",line,2,380.0,14.3297487784255,2.29275980454808,3290.896534380867,62980.86686340103,210.10624367622978,210.10624367622978,6.384468228678546,normal,17.42829139666138
116740,116295,113995,220000,6,,50,,,,360.276980547563,,,,,'',"SRID=4326;LINESTRING(8.27075154080414 49.0295684417889,8.26605173490069 49.0285583590402)",line,1,220.0,0.360276980547563,0.16,495.3665309646989,100000.0,-279.27908079999895,279.27908079999895,56.37827009752121,normal,17.34693640484581
172570,113107,142423,220000;110000,6,,,,LEW,,2997.86139124203,,,,,'',"SRID=4326;LINESTRING(10.3169796395565 47.9577840716546,10.3507277916278 47.9728806504631)",line,2,220.0,2.99786139124203,0.47965782259872486,990.7330619293978,100000.0,-123.60654965078294,123.60654965078294,12.476271803230835,normal,17.289112998756213
178364,112346,16821,110000;110000;110000,3;6;3,1;1;1,50;50;50,110kV Neukirchen Ost+Repelen West;110kV Neukirchen Ost+Repelen West;110kV Neukirchen Ost+Repelen West,RWE,,509.44494487936,,,,,'',"SRID=4326;LINESTRING(6.61109267348956 51.4709955464056,6.61743907747453 51.4757023682985)",line,3,110.0,0.50944494487936,0.05434079412046506,743.0497964470483,100000.0,311.03286524554187,311.03286524554187,41.85895302478653,normal,17.235088914014185
161505,18385,115022,380000;110000;380000;110000;380000;110000,12;12,4;2;4;2;1;2,50;50;50,,RWE,4563,3109.19124695701,,,,,'',"SRID=4326;LINESTRING(7.54227184507313 50.9707616777471,7.57587349699733 50.9529996942675)",line,6,380.0,3.10919124695701,0.16582353317104054,8000.0,100000.0,-975.2104307347298,975.2104307347298,12.190130384184123,normal,17.22741203346367
181285,134715,118968,380000;220000;380000;380000;380000;220000;380000;380000,9;6;6;6;3,4;2;4;4;4;2,50;50;50;50;50,,RWE,4511,8606.67066200766,,,,,'',"SRID=4326;LINESTRING(7.59314766923992 50.3860134235266,7.47458234016893 50.4000093471793)",line,8,380.0,8.60667066200766,0.34426682648030643,8000.0,100000.0,609.1115730757934,609.1115730757934,7.613894663447418,normal,17.226114743800252
137953,18114,114231,110000,6,1,50,,Westnetz,2347,744.196127249562,,,,,'',"SRID=4326;LINESTRING(6.74124199044949 51.5130747832637,6.74266037915935 51.505397647206)",line,1,110.0,0.744196127249562,0.23814276071985985,247.68326548234944,50809.85860508219,76.57216543346227,76.57216543346227,30.915356870938464,normal,17.198020654922217
181571,16949,17606,220000;220000;220000,3;6;3,1;1;1,50;50;50,220kV Herdecke Süd;220kV Herdecke Süd+Maschine 5;220kV Maschine 5,RWE,,3506.51852401781,,,,,'',"SRID=4326;LINESTRING(7.50588445692725 51.4016290115256,7.46182245044468 51.4088696475804)",line,3,220.0,3.50651852401781,0.3740286425618997,1486.0995928940965,100000.0,169.73871828782626,169.73871828782626,11.42175928850566,normal,17.195743119351032
160697,122545,134506,380000;380000;220000;380000,6;6;6;6,4;4;4;4,50;50;50;50,"521, 522;521, 522;521; 522;521, 522",50Hertz,521;522,24825.6334383891,,,,,'',"SRID=4326;LINESTRING(13.3083903765891 52.2273244517529,13.5203291714081 52.081109631139)",line,4,380.0,24.8256334383891,1.9860506750711282,6581.793068761734,72707.10753381379,347.4593552858498,347.4593552858498,5.27909874491419,normal,17.16429031451828
180001,16961,114661,380000;110000;110000;380000;380000,9;3;3;3,4;1;1;4;4,,380 kV;380 kV;380 kV;380 kV,RWE,4592,19394.4650729909,,,,,'',"SRID=4326;LINESTRING(8.77239711773549 49.9746382876172,8.97700117812956 50.0591366918058)",line,5,380.0,19.3944650729909,1.2412457646714177,8000.0,100000.0,454.8950863557666,454.8950863557666,5.686188579447082,normal,17.145357128398278
126090,113522,113523,380000,6,4,,Hamaland+Münsterland,RWE,,616.839219465631,,,,,'',"SRID=4326;LINESTRING(7.04220244283914 51.6973817881516,7.05034019116645 51.6950828585471)",line,1,380.0,0.616839219465631,0.19738855022900192,1645.4482671904334,100000.0,586.645048956591,586.645048956591,35.65259757198411,normal,17.130115657008396
178355,115143,17498,220000;220000;110000;220000;110000,6;6;4;6;4,2;1;1;1,50;50;16.7;50;16.7,220 kV Dünnwald Ost|West;220 kV Dünnwald Ost|West;110 kV Bahnstrom Köln - Gerresheim 1|2;220 kV Dünnwald Ost|West;110 kV Bahnstrom Köln - Gerresheim 1|2,RWE,2380,5824.13474715108,,,,,'',"SRID=4326;LINESTRING(7.00709187979085 51.0501461829507,7.02355531608379 50.9990243352449)",line,5,220.0,5.82413474715108,0.3727446238176691,2476.832654823494,100000.0,-220.82005503120118,220.82005503120118,8.915420854177063,normal,17.121758668225564
178656,18953,114425,220000;220000,6;3,2,50;50,"304, 306;304",50Hertz Transmission,304;306,23603.9690012486,,,,,'',"SRID=4326;LINESTRING(14.2708395426762 53.0962882257755,13.9669479164914 53.1733649615782)",line,2,220.0,23.6039690012486,3.776635040199776,990.7330619293978,12815.641301003165,52.76525399590324,52.76525399590324,5.325879999719181,normal,17.058302440848617
116565,118508,118509,380000;110000;0,9,4;1,50,,EON,,1169.81930271365,,,,,'',"SRID=4326;LINESTRING(8.47783082077326 50.5942537947547,8.46452542394252 50.6005066546635)",line,3,380.0,1.1698193027136499,0.12478072562278932,4936.3448015713,100000.0,1081.4610095213118,1081.4610095213118,21.908133507551362,normal,16.971001838431043
169757,114776,33725,380000;220000;110000,12,4;2;1,50,,RWE,4307,1523.04416924239,,,,,'',"SRID=4326;LINESTRING(7.41536952889007 52.0379013615886,7.41509976481025 52.0239113312042)",line,3,380.0,1.52304416924239,0.16245804471918826,4936.3448015713,100000.0,904.1613894244072,904.1613894244072,18.31641479210693,normal,16.9512223582744
170930,112144,141269,110000;110000,6;6,1;2,50;50,110 kV Hülsberg Nord|Süd;110 kV Hülsberg Nord|Süd,RWE,,312.958950629038,,,,,'',"SRID=4326;LINESTRING(6.95688970980089 51.0682516455514,6.9613060794248 51.068980125616)",line,2,110.0,0.312958950629038,0.08,495.3665309646989,100000.0,-308.37994300176865,308.37994300176865,62.25288220445895,watch,16.950422132894776
181786,25343,112240,380000,6,,,Schmölln - Dresden-Süd - Röhrsdorf,50Hertz Transmission GmbH,555;556,35540.7742626583,,,,,'',"SRID=4326;LINESTRING(14.2192782027181 51.1206661514501,13.8525578855161 50.9870264911628)",line,1,380.0,35.540774262658296,11.373047764050655,1645.4482671904334,12696.684564751191,76.74343958576131,76.74343958576131,4.6639837371975865,normal,16.783013123662133
71940,17476,134337,220000;220000,3;3,4,,Leitung 3005;Leitung 3005,TenneT,3005,672.407799354839,,,,,'',"SRID=4326;LINESTRING(9.12526385645653 52.5382634068284,9.1136671111921 52.545902653156)",line,2,220.0,0.672407799354839,0.10758524789677423,990.7330619293978,100000.0,-321.99285639843976,321.99285639843976,32.50046544034541,normal,16.713831841330208
181071,18108,113853,220000;220000;220000;220000;220000,3;6;3;3;3,2;2;2;2;2,50;50;50;50;50,275;275;276;317;275;317,50Hertz Transmission,275,41061.4880725596,,,,,'',"SRID=4326;LINESTRING(12.1870420174299 53.8158258984951,12.2186639581915 54.1126099873513)",line,5,220.0,41.0614880725596,2.6279352366438142,2476.832654823494,18417.50105752703,-110.45019835721865,110.45019835721865,4.459332290460683,normal,16.67403451587533
167445,18594,114528,380000,6,3,50,Philippsburg - Pulverdingen 2x 380 kV,EnBW,Anlage 337,10619.5764997801,,,,,'',"SRID=4326;LINESTRING(8.4969155546084 49.2219301497986,8.6058429945485 49.1616907641985)",line,1,380.0,10.6195764997801,3.398264479929632,1645.4482671904334,42492.27829465177,-111.83806682309645,111.83806682309645,6.796814524838115,normal,16.670487886479584
139184,116451,116457,220000;110000,6,2;1,,,,,3162.29407441183,,,,,'',"SRID=4326;LINESTRING(10.0243898175236 49.1207786648829,10.0481140546826 49.1000979464226)",line,2,220.0,3.16229407441183,0.5059670519058929,990.7330619293978,95658.40269180638,-115.43799368050927,115.43799368050927,11.651775651425234,normal,16.61620555258034
72855,115073,115702,380000;380000;380000,6;9;6,4;4;4,50;50;50,Meerbusch West+ANK;380kV Meerbusch West+ANK,Amprion,4123,12331.2324955003,,,,,'',"SRID=4326;LINESTRING(6.58819416773972 51.2842252391729,6.71919413814994 51.3412993484022)",line,3,380.0,12.3312324955003,1.3153314661866988,4936.3448015713,100000.0,316.4503551612352,316.4503551612352,6.410620973245328,normal,16.604210861901652
155485,20890,115703,110000,6,1,50,,RWE,2364,259.964597793417,,,,,'',"SRID=4326;LINESTRING(6.72369716617659 51.355694573619,6.72283069808311 51.3518398549903)",line,1,110.0,0.259964597793417,0.16,247.68326548234944,75625.0,-177.58157824814643,177.58157824814643,71.69704335992024,watch,16.56801257953308
155309,112787,112789,110000,6,1,,110kV Herten Ost+West,RWE,,263.331725937633,,,,,'',"SRID=4326;LINESTRING(7.0960595882256 51.6118180780125,7.0967555130762 51.6100754598429)",line,1,110.0,0.263331725937633,0.16,247.68326548234944,75625.0,-175.5489021812319,175.5489021812319,70.87636778341086,watch,16.56752518919228
89139,118650,118649,380000,6,3,50,3026 Mecklar - Vieselbach/Eisenach,TenneT,3026,367.292439024196,,,,,'',"SRID=4326;LINESTRING(9.79181176838319 50.9511679510695,9.7865917480987 50.9508473546319)",line,1,380.0,0.367292439024196,0.16,1645.4482671904334,100000.0,869.9360366905662,869.9360366905662,52.86924262747943,normal,16.539215359491788
117967,116968,112547,110000,3,1,,110kV Lohberg Ltg,RWE,,295.442274700934,,,,,'',"SRID=4326;LINESTRING(6.68624968274625 51.6352534663495,6.6849759615049 51.6377994619084)",line,1,110.0,0.295442274700934,0.16,247.68326548234944,75625.0,-158.0857398932353,158.0857398932353,63.82576537230809,watch,16.52143733946478
181539,134014,15704,220000;220000;220000;220000;220000,3;3;3;3;6,1;1;2;2;1,50;50;50;50;50,204,TenneT,204,2523.14997765886,,,,,'',"SRID=4326;LINESTRING(9.98835987036985 53.7661313909231,9.99206277421466 53.7897737674627)",line,5,220.0,2.5231499776588597,0.16148159857016703,2476.832654823494,100000.0,-324.442886421461,324.442886421461,13.099104042803477,normal,16.496428321334363
72444,115761,115101,380000;380000;0;380000;0,6;12;12,3;3;3,50;50,"LFBSS 380 kV, ENGST-KUHMO-VILLI 380 kV;LFBSS 380 kV, ENGST-KUHMO-VILLI 380 kV;LFBSS 380 kV, ENGST-KUHMO-VILLI 380 kV",EnBW,0345,45905.303313349,,,,,'',"SRID=4326;LINESTRING(8.53055554991256 47.9148481845625,8.17215434168128 47.6509633658397)",line,5,380.0,45.905303313349,2.9379394120543365,8000.0,49150.09458926492,341.2036616242407,341.2036616242407,4.265045770303009,normal,16.412453762240396
178125,115498,115500,380000;220000;110000;380000;220000;110000;30000,12;15,4;2;1;4;2;1,,,Amprion,4132,9727.33761991097,,,,,'',"SRID=4326;LINESTRING(7.86768241355378 52.3851074894541,7.82705709297628 52.4620928888183)",line,7,380.0,9.72733761991097,0.44467829119593005,8000.0,100000.0,-553.3490880052949,553.3490880052949,6.916863600066186,normal,16.412302139323568
181582,19177,17695,220000;220000;220000;220000;110000,6;6;3;6,4;2;4;2,50;50;50;50;50,Kuppenheim,,5110,15213.8584047406,,,,,'',"SRID=4326;LINESTRING(8.29900235698834 48.9743373044997,8.24884883566387 48.8462728267061)",line,5,220.0,15.2138584047406,0.9736869379033986,2476.832654823494,49707.96887161473,-145.28345498389018,145.28345498389018,5.865695233828524,normal,16.341042875234688
179358,18277,112123,220000;220000;220000;110000;220000;110000,6;6;6;12,2;2;1;2;1,50;50;50;50;50,,RWE,2312,6949.27739007528,,,,,'',"SRID=4326;LINESTRING(8.10489500188887 52.2642974245414,8.01957037027646 52.2525947510695)",line,6,220.0,6.94927739007528,0.3706281274706816,2972.199185788193,100000.0,234.26946958277074,234.26946958277074,7.882024552827712,normal,16.34007558007676
178173,113729,17769,380000;380000;380000,6;3;3,3;3;3,,509;512;509;512,50Hertz Transmission GmbH,509;512,55382.4094623892,,,,,'',"SRID=4326;LINESTRING(13.1357494503411 53.90793134802,13.6829073407056 54.1391577897017)",line,3,380.0,55.3824094623892,5.907457009321515,4936.3448015713,24443.68190443838,199.97460515452187,199.97460515452187,4.051066390072011,normal,16.33453659704095
181261,134506,25228,380000;380000;220000;380000;380000;380000,6;3;6;6;3;6,4;4;4;4;4;4,50;50;50;50;50;50,"521, 522;522;521; 522;521, 522;521;521, 522",50Hertz,521;522,36383.7833668285,,,,,'',"SRID=4326;LINESTRING(13.5203291714081 52.081109631139,13.90247491808 51.8747240229493)",line,6,380.0,36.3837833668285,1.9404684462308535,8000.0,74415.02090924546,360.5010307055743,360.5010307055743,4.506262883819679,normal,16.318245934252406
86823,16837,112740,110000,6,,50,,Vattenfall Europe AG,,283.316083211177,,,,,'',"SRID=4326;LINESTRING(10.1576904324052 53.5551238482492,10.1592768879997 53.5511301890786)",line,1,110.0,0.28331608321117696,0.16,247.68326548234944,75625.0,161.70655945940234,161.70655945940234,65.2876403032267,watch,16.285833293615283
3001,17111,134311,380000,9,4,,Isar - Ottenhofen,TenneT TSO GmbH,443;444;446,61029.7491647444,,,,,'',"SRID=4326;LINESTRING(11.868165812601 48.2067732154364,12.2950564157296 48.6054224466652)",line,1,380.0,61.029749164744395,19.529519732718207,1645.4482671904334,7393.935026373624,64.74943519369987,64.74943519369987,3.9350635619956678,normal,16.242423824015347
178146,113829,21059,220000;220000;220000,3;6;3,1;1;1,50;50;50,,TenneT,205,42340.1207453929,,,,,'',"SRID=4326;LINESTRING(9.51489997350941 54.3777029469901,9.31808928161281 54.715995074046)",line,3,220.0,42.3401207453929,4.516279546175243,1486.0995928940965,10716.78568723433,-63.99243177647202,63.99243177647202,4.306066166928309,normal,16.229902624122012
169526,114803,135068,380000,6,4,50,,,Leitung 3023,834.901434750165,,,,,'',"SRID=4326;LINESTRING(8.65387294834994 50.595043880217,8.65581369184179 50.6048234466578)",line,1,380.0,0.834901434750165,0.2671684591200528,1645.4482671904334,100000.0,435.87527553130553,435.87527553130553,26.489758701168583,normal,16.079038926005968
181755,141777,25039,380000;380000;220000;220000;380000;220000,3;9;3;3;3,,50;50;50;50;50,,,,3609.81856272922,,,,,'',"SRID=4326;LINESTRING(8.27481959756044 49.0173790048513,8.31351971390848 49.009009190997)",line,6,380.0,3.60981856272922,0.19252365667889174,8000.0,100000.0,-837.791058297438,837.791058297438,10.472388228717975,normal,16.003783247231446
169228,24822,118335,380000,3,4,50,,RWE,4512,1786.42252222833,,,,,'',"SRID=4326;LINESTRING(7.51948805075243 50.3570761007431,7.50083955693457 50.3450396428239)",line,1,380.0,1.78642252222833,0.5716552071130656,1645.4482671904334,100000.0,-256.44268369413027,256.44268369413027,15.584973943422755,normal,15.970834878473417
96200,118551,118158,380000;220000,6,4;2,50,HUEFF-WIESL-NEURO;WIESL-NEURO,,,4640.09106217498,,,,,'',"SRID=4326;LINESTRING(8.67009921732699 49.3092022842852,8.62890041227211 49.3334068478495)",line,2,380.0,4.64009106217498,0.7424145699479968,3290.896534380867,100000.0,-302.3649544704854,302.3649544704854,9.187920413528614,normal,15.894185463441529
141145,17277,113551,220000,6,2,50,,TenneT,3,1068.70393325149,,,,,'',"SRID=4326;LINESTRING(10.3692308423588 52.1670931158588,10.3590559189809 52.176287968058)",line,1,220.0,1.06870393325149,0.3419852586404768,495.3665309646989,100000.0,-108.10775214737528,108.10775214737528,21.823790141179185,normal,15.864199549129914
161148,16780,115234,220000;220000,6;6,2;2,50;50,220 kV Kasselberg Süd; Niederaußem 5e;220 kV Kasselberg Süd; Niederaußem 5e,RWE,4560,1865.24497824493,,,,,'',"SRID=4326;LINESTRING(6.96562911753218 51.0692893895334,6.96111412725599 51.0528141675749)",line,2,220.0,1.86524497824493,0.2984391965191888,990.7330619293978,100000.0,-149.2071285155272,149.2071285155272,15.060275491862011,normal,15.85325703507505
126159,118313,118311,220000,3,,50,220 kV,RWE,,254.00669617742,,,,,'',"SRID=4326;LINESTRING(8.94431373072866 49.5725975405267,8.94466551099393 49.570313568508)",line,1,220.0,0.25400669617742,0.16,495.3665309646989,100000.0,-345.7420477291806,345.7420477291806,69.79519731699821,watch,15.79770892971638
180733,112156,134254,380000;220000;380000;220000,12;9;3,4;4;4,50;50;50,380 kV Sechtem Nord|Süd; Walberberg West; 220 kV Knapsack 2b;380 kV Sechtem Nord|Süd; Walberberg West;220 kV Knapsack 2b,RWE,4101,8333.28870241965,,,,,'',"SRID=4326;LINESTRING(6.89406261680791 50.847981186533,6.97272311704149 50.7957293597724)",line,4,380.0,8.33328870241965,0.6666630961935719,6581.793068761734,100000.0,465.0060276358947,465.0060276358947,7.065035663957431,normal,15.780374919426514
137600,116501,113100,220000;110000,6,1,,,LEW,(?);V6,15297.8026871213,,,,,'',"SRID=4326;LINESTRING(10.2795047106804 48.2358427808903,10.0863772552205 48.2655086522828)",line,2,220.0,15.297802687121301,2.447648429939408,990.7330619293978,19774.08168917386,55.80492866186678,55.80492866186678,5.6326906617196935,normal,15.721010275025169
180256,143382,17498,220000;110000;220000;220000,12;6;6,2;1;2;2,50;50;50,220 kV Merheim Ost|West; 110 kV Springborn Ost|West;220 kV Merheim Ost|West;220 kV Merheim Ost|West,RWE,2380,2795.03016964322,,,,,'',"SRID=4326;LINESTRING(7.02898084039609 50.9748723143237,7.02355531608379 50.9990243352449)",line,4,220.0,2.7950301696432196,0.22360241357145758,1981.4661238587955,100000.0,233.34028032735432,233.34028032735432,11.776142802428389,normal,15.705751693594106
168532,8575,112651,220000,6,2,50,Oberbrunn - Oberbachern,TenneT TSO GmbH,269;270,1851.38106483413,,,,,'',"SRID=4326;LINESTRING(11.4045859440521 48.2070419721001,11.4062291423698 48.2238678734573)",line,1,220.0,1.85138106483413,0.5924419407469216,495.3665309646989,81695.76910604889,74.17392253131281,74.17392253131281,14.973543405700665,normal,15.689330604823825
159286,20715,134311,110000,6,1,,AHM NAI GUM DGF GRHF;AHM NAI,,114;115,5192.40054989746,,,,,'',"SRID=4326;LINESTRING(12.2208353638142 48.5857329874726,12.2950564157296 48.6054224466652)",line,1,110.0,5.19240054989746,1.6615681759671872,247.68326548234944,7282.277173463963,21.306447422197696,21.306447422197696,8.602295912363951,normal,15.684762462792616
167579,114749,134776,380000;110000,12,4;1,50,,RWE,4315,2451.13529814265,,,,,'',"SRID=4326;LINESTRING(7.98536207509955 51.4690709759195,7.97615294108046 51.4908110595479)",line,2,380.0,2.45113529814265,0.392181647702824,3290.896534380867,100000.0,-416.64898094808666,416.64898094808666,12.660652700419005,normal,15.682791632398152
98031,117467,118339,220000;110000,9,1,50,220 kV Windesheim; 110 kV Kreuznach Ost|West,RWE,2327,6837.80561347132,,,,,'',"SRID=4326;LINESTRING(7.81826617960589 49.8919222828629,7.89633166425797 49.8611534700947)",line,2,220.0,6.837805613471319,1.094048898155411,990.7330619293978,44239.338919497466,75.39625487426535,75.39625487426535,7.610148260060618,normal,15.668982482328538
152616,116053,118465,220000,3,2,50,220 kV Niederstedem West,RWE,,306.943306827748,,,,,'',"SRID=4326;LINESTRING(6.56763801909321 49.7990491424165,6.56672443244926 49.8017565524384)",line,1,220.0,0.306943306827748,0.16,495.3665309646989,100000.0,289.86551589289536,289.86551589289536,58.515361408934574,normal,15.66403895418957
112116,112203,112204,220000;110000,12,2;1,,,RWE,2355,1987.19623313634,,,,,'',"SRID=4326;LINESTRING(6.82448243866657 51.1654887657659,6.81816431777877 51.1785141875456)",line,2,220.0,1.98719623313634,0.3179513973018144,990.7330619293978,100000.0,141.79713332563847,141.79713332563847,14.312344946831228,normal,15.662503339347863
181585,19954,16814,380000;110000;380000;110000,6;6;12,,,"2x 380 kV;2x 110 kV;2x 380 kV, 2x 110 kV",EVS,318,7385.81021268773,,,,,'',"SRID=4326;LINESTRING(8.95181560351669 48.7424807524249,8.98890991477608 48.8040900304867)",line,4,380.0,7.38581021268773,0.5908648170150184,6581.793068761734,100000.0,482.6918749499226,482.6918749499226,7.333744314157447,normal,15.595508092581838
166328,121822,16848,220000;110000;220000;110000;220000;110000;220000;110000;220000;110000,6;6;6;6;6,,50;50;50;50;50,220 kV;110 kV;220 kV;110 kV;220 kV;110 kV;220 kV;110 kV;220 kV;110 kV,RWE,,5578.52862353865,,,,,'',"SRID=4326;LINESTRING(8.83945823851593 49.7962539628203,8.80025984726531 49.8405201290294)",line,8,220.0,5.57852862353865,0.22314114494154602,3962.932247717591,100000.0,327.612195611765,327.612195611765,8.266913869154584,normal,15.573304166400169
78468,114773,112759,220000,,,,,,,301.978979908966,,,,,'',"SRID=4326;LINESTRING(7.64322486508725 51.8879707428606,7.63897718126629 51.8886903462844)",line,1,220.0,0.301978979908966,0.16,495.3665309646989,100000.0,-291.16559448536526,291.16559448536526,58.77780921499407,normal,15.510605648382503
6678,16911,18962,110000,3,,50,,Stromnetz Berlin,,1089.76470927049,,,,,'',"SRID=4326;LINESTRING(13.5061055824657 52.4737881367889,13.5141319295928 52.4846533413973)",line,1,110.0,1.0897647092704899,0.3487247069665568,247.68326548234944,34697.85695786794,-52.09636738949627,52.09636738949627,21.033462752536582,normal,15.502744858491784
73830,115719,142998,220000;0;220000,6;3;6,1;1;2,,,RWE,2345,5417.40491301124,,,,,'',"SRID=4326;LINESTRING(7.16653071546573 51.3776830527177,7.13772514455253 51.4166151554561)",line,3,220.0,5.41740491301124,0.5778565240545323,1486.0995928940965,83757.81527982281,-123.69418251097653,123.69418251097653,8.323411371783568,normal,15.473336743273606
117432,125876,126335,380000,6,4,,"467, 468",50Hertz,,4222.45781357986,,,,,'',"SRID=4326;LINESTRING(10.9996629635499 50.7893879666169,11.009090333299 50.7548854912791)",line,1,380.0,4.22245781357986,1.3511865003455552,1645.4482671904334,100000.0,153.4337688936585,153.4337688936585,9.324739765635007,normal,15.41349771463466
168531,8575,112504,220000,6,2,50,Oberbrunn - Oberbachern,TenneT TSO GmbH,269;270,1305.44604779415,,,,,'',"SRID=4326;LINESTRING(11.4045859440521 48.2070419721001,11.3985577095064 48.1957898559286)",line,1,220.0,1.30544604779415,0.41774273529412803,495.3665309646989,100000.0,-91.33710119091364,91.33710119091364,18.438286699151774,normal,15.401024634900244
85384,115564,112712,220000,6,2,50,,,,240.913885923838,,,,,'',"SRID=4326;LINESTRING(6.52435727853586 51.320573960401,6.52272548882226 51.3224954692993)",line,1,220.0,0.240913885923838,0.16,495.3665309646989,100000.0,349.52582016739564,349.52582016739564,70.55903019663309,watch,15.230033518790146
150442,16963,112648,220000,6,1,,Ingolstadt - Raitersaich,TenneT TSO GmbH,265;266,641.270879218915,,,,,'',"SRID=4326;LINESTRING(10.8430899849666 49.3785786326225,10.8383251791959 49.3722481872167)",line,1,220.0,0.6412708792189149,0.20520668135005277,495.3665309646989,100000.0,152.09449266816443,152.09449266816443,30.703425274204303,normal,15.212652773906685
78740,112602,118508,380000,6,4,50,,EON,,299.869506679779,,,,,'',"SRID=4326;LINESTRING(8.48113159045323 50.5925468683535,8.47783082077326 50.5942537947547)",line,1,380.0,0.299869506679779,0.16,1645.4482671904334,100000.0,950.3701370851991,950.3701370851991,57.757521523781186,normal,15.147711691240378
172689,112600,142507,380000;220000,12,4;2,50,,RWE,4577,5190.26264633597,,,,,'',"SRID=4326;LINESTRING(6.65257534617422 51.3840078619821,6.62593827859717 51.4234362502387)",line,2,380.0,5.19026264633597,0.8304420234137553,3290.896534380867,100000.0,272.8424456035161,272.8424456035161,8.290824179765572,normal,15.113986073342693
85890,113303,113305,220000,3,,,,,,233.164654556781,,,,,'',"SRID=4326;LINESTRING(9.4201526841997 48.6744465468642,9.42294653456484 48.6754577485859)",line,1,220.0,0.23316465455678098,0.16,495.3665309646989,100000.0,-356.8359833315743,356.8359833315743,72.0347381234368,watch,15.097310910175512
179566,16768,117480,110000;380000;380000;110000,6;6;12,1;4;4;1,50;50;50,UB8;UB9;E;F;E;F;UB8;UB9,50Hertz Transmission,E;F;UB8;UB9,3029.33371975321,,,,,'',"SRID=4326;LINESTRING(9.90880362383627 53.4880478817913,9.86236625928169 53.4921694764991)",line,4,380.0,3.02933371975321,0.24234669758025681,6581.793068761734,100000.0,710.9830568812571,710.9830568812571,10.8022699810436,normal,15.054054595728797
95208,17080,114768,220000;110000,12,2;1,50,,RWE,4330,6468.54832973441,,,,,'',"SRID=4326;LINESTRING(7.52228468101973 51.5321934905208,7.61142198874663 51.5431990484595)",line,2,220.0,6.46854832973441,1.0349677327575055,990.7330619293978,46764.74296550866,-73.7423624232441,73.7423624232441,7.443212027227085,normal,14.966071238089858
72708,25343,20117,380000;380000,6,3,50,,50Hertz Transmission GmbH,553;554,56306.5605842726,,,,,'',"SRID=4326;LINESTRING(14.2192782027181 51.1206661514501,14.9465238329262 51.0625934819444)",line,2,380.0,56.3065605842726,9.009049693483616,3290.896534380867,16028.327616446242,-121.32389438421875,121.32389438421875,3.6866517411506536,normal,14.925096623506114
72265,46272,114290,220000;220000,6;6,,,,RWE,4133,318.922380501268,,,,,'',"SRID=4326;LINESTRING(7.44924655271619 50.4025219054932,7.4526020923025 50.398698973836)",line,2,220.0,0.318922380501268,0.08,990.7330619293978,100000.0,-533.5160326553845,533.5160326553845,53.8506337535957,normal,14.906664516479829
128228,114871,113114,380000;220000;110000,9,4;2;1,,,Lechwerke,K12;O11;W6,9123.78631423617,,,,,'',"SRID=4326;LINESTRING(10.7602763133765 48.1042216433011,10.7833729874781 48.0254629597391)",line,3,380.0,9.123786314236169,0.9732038735185248,4936.3448015713,100000.0,-311.1270267249805,311.1270267249805,6.302781495853873,normal,14.590231584973584
102911,112509,112513,380000;220000,12,4;2,50,,RWE,4301,3406.07575754109,,,,,'',"SRID=4326;LINESTRING(7.41755396216647 51.6446851717665,7.45658225783185 51.6602453704463)",line,2,380.0,3.40607575754109,0.5449721212065743,3290.896534380867,100000.0,-323.3043704209404,323.3043704209404,9.82420343645855,normal,14.569140855326156
79717,115143,115236,220000;110000,12,2;1,50,220 kV Dünnwald Ost|West; 110 kV Springborn Ost,RWE,2380,1483.34738030309,,,,,'',"SRID=4326;LINESTRING(7.00709187979085 51.0501461829507,6.98713769221624 51.0542066582955)",line,2,220.0,1.4833473803030899,0.23733558084849438,990.7330619293978,100000.0,158.5976229617092,158.5976229617092,16.00810844576531,normal,14.561093905556273
168266,17590,16963,380000;220000,9,4;2,,Grafenrheinfeld - Raitersaich;Bergrheinfeld - Raitersaich,TenneT TSO GmbH,433;434;278,44313.7257249943,,,,,'',"SRID=4326;LINESTRING(10.4437137570229 49.6551649782877,10.8430899849666 49.3785786326225)",line,2,380.0,44.3137257249943,7.090196115999088,3290.896534380867,20366.150334566933,125.61821114057969,125.61821114057969,3.817142527217523,normal,14.557092847306336
86383,118514,118517,220000,12,,50,,,,671.462197706532,,,,,'',"SRID=4326;LINESTRING(8.04373603956609 50.7637925547977,8.04780163487896 50.7687840513797)",line,1,220.0,0.671462197706532,0.21486790326609026,495.3665309646989,100000.0,136.31402723568442,136.31402723568442,27.51781130029524,normal,14.135866941660662
169348,19002,114020,380000,6,4,,"467, 468",50Hertz,,1210.20486312594,,,,,'',"SRID=4326;LINESTRING(11.1293900411786 50.983597117412,11.1251982125922 50.9943100603284)",line,1,380.0,1.21020486312594,0.3872655562003008,1645.4482671904334,100000.0,-292.90460204785956,292.90460204785956,17.800900088338096,normal,14.117630575500645
77117,113370,117292,220000,12,,,,RWE,2459,4838.96719706232,,,,,'',"SRID=4326;LINESTRING(8.08903780984965 50.9089640620648,8.03262325068083 50.9206291557378)",line,1,220.0,4.8389671970623205,1.5484695030599427,495.3665309646989,31256.669830665945,39.576064518283054,39.576064518283054,7.989248777306545,normal,14.097460338787233
174550,17590,143812,380000;220000,9,4;2,,Grafenrheinfeld - Raitersaich;Bergrheinfeld - Raitersaich,TenneT TSO GmbH,433;434;278,30805.9173212456,,,,,'',"SRID=4326;LINESTRING(10.4437137570229 49.6551649782877,10.2844971361331 49.8978166562877)",line,2,380.0,30.8059173212456,4.928946771399296,3290.896534380867,29296.319619009755,-133.60956134053947,133.60956134053947,4.059974537172015,normal,14.046100455612804
73755,142541,134702,220000;220000,12;6,,50;50,"GKMBB-WNHEI 2x 220 kV, ALHIM-GKMBB 2x 220 kV",EnBW,5220,2528.83467468078,,,,,'',"SRID=4326;LINESTRING(8.53846258340467 49.4469244293567,8.49637255077007 49.4437955046864)",line,2,220.0,2.52883467468078,0.4046135479489248,990.7330619293978,100000.0,109.95804930334363,109.95804930334363,11.098655483365663,normal,13.995046033073589
133132,113651,113649,220000,3,2,50,,TenneT,212,487.937681610411,,,,,'',"SRID=4326;LINESTRING(9.24382839579228 53.8979164590382,9.23672901010189 53.8966012605722)",line,1,220.0,0.487937681610411,0.16,495.3665309646989,100000.0,-174.37336888464495,174.37336888464495,35.200878134633456,normal,13.988514095177571
72333,16790,18378,220000;220000,3,2,,Scholven C,RWE,2482,1740.21904941351,,,,,'',"SRID=4326;LINESTRING(7.00616821335541 51.5997745913503,7.03169582777078 51.6094376789953)",line,2,220.0,1.74021904941351,0.2784350479061616,990.7330619293978,100000.0,136.70092917514864,136.70092917514864,13.79795773736784,normal,13.908863820936537
90215,112558,112837,380000;110000,12,4;1,,,RWE,4579,3816.35358281133,,,,,'',"SRID=4326;LINESTRING(6.94278553101952 51.6000778494107,6.93046253178349 51.5668470868676)",line,2,380.0,3.8163535828113297,0.6106165732498128,3290.896534380867,100000.0,291.08595399058856,291.08595399058856,8.845187047041334,normal,13.904785500007385
86466,113655,113657,380000;110000,12,4;1,,,Lechwerke,L11;A12;B6/2;R6/2,6717.40923372321,,,,,'',"SRID=4326;LINESTRING(10.8402931184888 48.2335590561114,10.9286873424462 48.2395012430818)",line,2,380.0,6.71740923372321,1.0747854773957135,3290.896534380867,100000.0,223.8998590075536,223.8998590075536,6.803612835238439,normal,13.903038022256064
152104,113714,113715,380000;220000,9,4;2,,Donau Ost;Donau West;Iller Ltg.,RWE,4528,1190.91375658868,,,,,'',"SRID=4326;LINESTRING(10.0648625143343 48.2723967367588,10.0763382225943 48.2648958880007)",line,2,380.0,1.1909137565886798,0.19054620105418876,3290.896534380867,100000.0,-583.1432513190501,583.1432513190501,17.719890164482482,normal,13.898041169384236
178914,18760,133694,220000;110000,6;3,,50,"121,122",,,6265.71985252218,,,,,'',"SRID=4326;LINESTRING(8.85635917364785 52.0346220584631,8.81399701895862 51.9834812781745)",line,2,220.0,6.26571985252218,1.0025151764035487,990.7330619293978,48278.570877731276,-69.40223742188321,69.40223742188321,7.005139940189964,normal,13.892365001497895
86426,116501,116502,220000;110000,6,,,,LEW,,6692.97090124419,,,,,'',"SRID=4326;LINESTRING(10.2795047106804 48.2358427808903,10.3576828440691 48.2646816848764)",line,2,220.0,6.69297090124419,1.0708753441990704,990.7330619293978,45196.67042684539,-67.02971774319597,67.02971774319597,6.7656688081711245,normal,13.804041712960592
181694,113197,17814,220000;220000;220000,3;3;3,2,50;50;50,220kV Diepholz Ost,Amprion,,381.019201746638,,,,,'',"SRID=4326;LINESTRING(8.30623265890713 52.3503990864484,8.30806397038004 52.3456216256355)",line,3,220.0,0.38101920174663795,0.05333333333333334,1486.0995928940965,100000.0,-627.0284753800315,627.0284753800315,42.19289732520068,normal,13.62078615729452
172996,112909,142719,110000,2,1,16.7,Amstetten - Plochingen,DB_Energie,,112.320119845816,,,,,'',"SRID=4326;LINESTRING(9.40429795842416 48.7094925615485,9.40304183804189 48.7102124299298)",line,1,110.0,0.112320119845816,0.16,247.68326548234944,75625.0,-316.4456303103355,316.4456303103355,127.7622166738133,overload,13.600036523619151
128021,114755,114761,380000;220000,12,,50,,RWE,4316,3192.90516732389,,,,,'',"SRID=4326;LINESTRING(7.73769655126779 51.5156659732194,7.70035924429324 51.4994706824738)",line,2,380.0,3.19290516732389,0.5108648267718224,3290.896534380867,100000.0,311.255901510854,311.255901510854,9.45808834337638,normal,13.557165673888763
143471,112017,112439,380000;110000,18,,,"2 x 380 kV, 2 x 220 kV, 2 x 110 kV",,,8290.00878731063,,,,,'',"SRID=4326;LINESTRING(8.68344926042734 49.9426911688183,8.77860734931648 49.9687442834315)",line,2,380.0,8.29000878731063,1.3264014059697007,3290.896534380867,100000.0,199.8964779822199,199.8964779822199,6.07422554595225,normal,13.539081243473591
159465,134449,134684,110000,3,,,,,,368.706477156398,,,,,'',"SRID=4326;LINESTRING(8.95872395324314 50.0826216715156,8.94961850031646 50.0888975021776)",line,1,110.0,0.36870647715639804,0.16,247.68326548234944,75625.0,106.6186475201776,106.6186475201776,43.0463670254604,normal,13.510796050548006
177877,118360,24664,380000;380000;380000;380000;380000;380000,3;3;12;12;3;3,4;4;4;4;4;4,50;50;50;50;50;50,380 kV Biblis 2b;380 kV Ried Ost;380 kV Biblis 1a|2b; Ried Ost|West;380 kV Biblis 1a|2b; Ried Ost|West;380 kV Biblis 1a;380 kV Ried West,RWE,4591,8291.26551835901,,,,,'',"SRID=4326;LINESTRING(8.42079031551447 49.6952210526026,8.41938493943566 49.6337976668968)",line,6,380.0,8.29126551835901,0.44220082764581387,8000.0,100000.0,-484.7081797316632,484.7081797316632,6.058852246645791,normal,13.505634661604143
181270,122865,134584,220000;110000;220000;110000;110000;220000;110000,6;6;6;6,2;1;2;1,50;50;50,220 kV Kondelwald; 110 kV Pünderich;220 kV Kondelwald; 110 kV Pünderich;220 kV Kondelwald,Amprion,2409,2937.58427493431,,,,,'',"SRID=4326;LINESTRING(7.11469298283797 50.1224626607132,7.1145062613018 50.1496422821803)",line,7,220.0,2.93758427493431,0.1342895668541399,3467.5657167528925,100000.0,339.6133239631893,339.6133239631893,9.793998202324222,normal,13.42333472111183
133360,114751,115431,380000;110000,18,4;1,50,,RWE,4315,2315.57359500048,,,,,'',"SRID=4326;LINESTRING(8.01205245949519 51.4257232890418,8.00375121778617 51.4444033461971)",line,2,380.0,2.31557359500048,0.3704917752000768,3290.896534380867,100000.0,-367.35147263154965,367.35147263154965,11.162656400580559,normal,13.379901972533418
80187,112753,112756,380000,3,4,50,380kV Gersteinwerk Ost+Gütersloh Süd,RWE,4373,300.460187489967,,,,,'',"SRID=4326;LINESTRING(7.83402074322725 51.7550403464858,7.83447906368521 51.752343780904)",line,1,380.0,0.300460187489967,0.16,1645.4482671904334,100000.0,831.2166018099032,831.2166018099032,50.51611882208775,normal,13.271503414130521
173852,143322,16993,220000;220000;220000,3;6;6,2;2,50;50,220 kV Niederaußem 4d; Stommeln Nord;220 kV Niederaußem 4d; Stommeln Nord,RWE,4515,1329.02933052305,,,,,'',"SRID=4326;LINESTRING(6.72530366803004 51.0035706751555,6.70247484431852 51.0089106741313)",line,3,220.0,1.32902933052305,0.14176312858912535,1486.0995928940965,100000.0,-231.65787879713127,231.65787879713127,15.588314531867303,normal,13.179165219641565
144993,115497,115496,380000;220000;110000,18,4;2;1,,,Amprion,4132,2461.37984645908,,,,,'',"SRID=4326;LINESTRING(7.90389053821619 52.3031386610821,7.89782277779808 52.2815141603306)",line,3,380.0,2.46137984645908,0.2625471836223019,4936.3448015713,100000.0,518.7054378252509,518.7054378252509,10.50788505819408,normal,13.04729736480131
84724,115468,115374,220000,3,2,50,220-kV Amelsbüren,Amprion,2643,335.858268206659,,,,,'',"SRID=4326;LINESTRING(7.31174589642645 52.4672474606947,7.31021121459506 52.4643669907568)",line,1,220.0,0.335858268206659,0.16,495.3665309646989,100000.0,222.62439240220422,222.62439240220422,44.94134716139492,normal,13.013844890605826
178349,134281,114040,380000;380000;380000,3;6;3,2;2;2,50;50;50,304;304;304,TenneT,304,935.758560341027,,,,,'',"SRID=4326;LINESTRING(8.05324040764567 53.3334140108585,8.04257999762696 53.3305925878364)",line,3,380.0,0.935758560341027,0.09981424643637621,4936.3448015713,100000.0,972.0946934517152,972.0946934517152,19.692601155865074,normal,13.006948697887838
99197,113246,112651,220000;110000,12,2,50,Oberbrunn - Oberbachern;Karlsfeld/West - Oberbachern,TenneT TSO GmbH;E.ON Netz GmbH,269;270;121;122,8642.31779131553,,,,,'',"SRID=4326;LINESTRING(11.3652880639699 48.2888757573462,11.4062291423698 48.2238678734573)",line,2,220.0,8.64231779131553,1.3827708466104849,990.7330619293978,35002.18428717993,-56.807070605148404,56.807070605148404,5.733842221286102,normal,12.993812572130526
178413,116008,134567,380000;380000;380000,3;6;3,,50;50,,,,2961.77625680166,,,,,'',"SRID=4326;LINESTRING(7.87221153955325 47.6032426547514,7.84003614369985 47.5860754020651)",line,3,380.0,2.96177625680166,0.3159228007255104,4936.3448015713,100000.0,-464.9197191013747,464.9197191013747,9.418299121920839,normal,12.96610152275355
72827,114782,112788,220000;220000,6;6,2;2,,220kV Hochlarmark Ost+West;220kV Hochlarmark West+Ost,RWE,4340,1793.78212976457,,,,,'',"SRID=4326;LINESTRING(7.05333858792178 51.653017257823,7.06279335628714 51.6387900561335)",line,2,220.0,1.79378212976457,0.2870051407623312,990.7330619293978,100000.0,124.56196743444448,124.56196743444448,12.572707242843693,normal,12.91715264957545
85393,114188,134481,220000;110000,,2;1,,OBR-KR-SSI;Kochel - Murnau,TenneT TSO GmbH;E.ON Netz GmbH,250;251;117,3679.54803901492,,,,,'',"SRID=4326;LINESTRING(11.3045348216418 47.6546272744112,11.3387344042006 47.6295604918059)",line,2,220.0,3.6795480390149202,0.5887276862423872,990.7330619293978,82211.18376293426,-82.89493623927788,82.89493623927788,8.367030376259432,normal,12.912014098331413
142002,117997,134340,380000,3,,,,,,1149.08127317954,,,,,'',"SRID=4326;LINESTRING(9.14039655364182 49.1525990630937,9.15118600564182 49.1433394745617)",line,1,380.0,1.14908127317954,0.3677060074174528,1645.4482671904334,100000.0,-277.47212046281834,277.47212046281834,16.8630108886131,normal,12.90088520273965
154896,116136,116171,220000,9,,,,,,1264.10161419495,,,,,'',"SRID=4326;LINESTRING(10.196154976201 47.9671737924085,10.2008655618879 47.9562415924745)",line,1,220.0,1.26410161419495,0.40451251654238396,495.3665309646989,100000.0,-78.0992323000107,78.0992323000107,15.765948528641362,normal,12.883586947783588
86148,112715,115170,220000,6,1,50,220kV Utfort West+Uerdingen West,RWE,2339,166.632162498013,,,,,'',"SRID=4326;LINESTRING(6.58449041382329 51.4393552658584,6.5835532913189 51.4379646444447)",line,1,220.0,0.166632162498013,0.16,495.3665309646989,100000.0,-413.55436836562063,413.55436836562063,83.48451954560724,tight,12.866726351687772
181901,134611,16942,380000;380000;380000;380000;380000;380000;380000;380000,3;6;3;3;3;3,3;3;3;3;3;3,,594 Freiberg-Nord;Schmölln - Dresden Süd - Röhrsdorf;594 Freiberg-Nord;591 Dresden-Süd;Schmölln - Dresden Süd - Röhrsdorf;591 Dresden-Süd,50Hertz Transmission,594,37313.3031636973,,,,,'',"SRID=4326;LINESTRING(13.2560629158367 50.9301716590568,12.8133593629663 50.8578738927588)",line,8,380.0,37.313303163697306,1.4925321265478924,8000.0,96748.33622106726,281.85239077386666,281.85239077386666,3.523154884673333,normal,12.844708132557251
107043,114210,117997,220000,3,2,,Großgartach - Obrigheim 1x 220 kV,,Anlage 323,746.61949020611,,,,,'',"SRID=4326;LINESTRING(9.1471841340971 49.1480845518259,9.14039655364182 49.1525990630937)",line,1,220.0,0.74661949020611,0.2389182368659552,495.3665309646989,100000.0,113.96583673414229,113.96583673414229,23.006365914992305,normal,12.830240754627368
180291,113874,17243,380000;220000;380000;220000;0;220000;0,6;12;6,4;4;4,50;50;50,380 kV Neurath 2b; 220 kV Frimmersdorf 5e;380 kV Neurath 2b; 220 kV Frimmersdorf 5e; Neurath 1a;220 kV Neurath 1a,RWE,4586,7198.68364137295,,,,,'',"SRID=4326;LINESTRING(6.62509255786645 51.0563197648559,6.70974948680676 51.0909358881083)",line,7,380.0,7.198683641372949,0.3290826807484777,8000.0,100000.0,485.8382015031193,485.8382015031193,6.072977518788992,normal,12.777384432706453
100451,114822,134318,220000,3,,,Anlage 326,EnBW,,963.189537456445,,,,,'',"SRID=4326;LINESTRING(9.2067129726929 48.9218333400564,9.19488883025304 48.9134592121868)",line,1,220.0,0.963189537456445,0.3082206519860624,495.3665309646989,100000.0,93.27333918149327,93.27333918149327,18.829156463164477,normal,12.701592842754998
113973,115375,115467,380000,6,4,50,,Amprion,,296.393360992311,,,,,'',"SRID=4326;LINESTRING(7.30989132452239 52.4647345577937,7.31265247621118 52.4668103563686)",line,1,380.0,0.296393360992311,0.16,1645.4482671904334,100000.0,-803.3993522929773,803.3993522929773,48.825561296118046,normal,12.674435629119843
110411,114233,114231,220000,12,2,,,RWE,,645.337565156779,,,,,'',"SRID=4326;LINESTRING(6.74045007440278 51.511040277144,6.74266037915935 51.505397647206)",line,1,220.0,0.645337565156779,0.20650802085016928,495.3665309646989,100000.0,125.7096160740212,125.7096160740212,25.377091146874353,normal,12.636410114741018
179984,114672,19263,380000;380000;380000,3;6;3,4;4;4,50;50;50,380kV Arpe West;380kV Arpe West+Sauerland Nord;380kV Sauerland Nord,RWE,4315,2958.67585018788,,,,,'',"SRID=4326;LINESTRING(7.99724166591133 51.656814276994,7.99290423854321 51.6836915356284)",line,3,380.0,2.95867585018788,0.3155920906867072,4936.3448015713,100000.0,-452.82018151940883,452.82018151940883,9.17318784893775,normal,12.621477114638283
168816,114932,134540,380000,3,,50,,,,376.54928691834,,,,,'',"SRID=4326;LINESTRING(7.75222329755882 48.1040773731792,7.75270709244963 48.0978638783805)",line,1,380.0,0.37654928691834,0.16,1645.4482671904334,100000.0,-649.5775071440502,649.5775071440502,39.47723669569931,normal,12.616129418338641
180861,114030,134441,380000;220000;380000;220000,12;12,,50;50,"Anlage 350;Anlage 350 ; RWE, GROGH-NWHEI, RWE Hoheneck West, GK2NE-GROGH",EnBW,,11449.8236943595,,,,,'',"SRID=4326;LINESTRING(9.1420737981088 49.1358794929282,9.20403323443474 49.0424158448298)",line,4,380.0,11.4498236943595,0.91598589554876,6581.793068761734,100000.0,-328.9729060191038,328.9729060191038,4.998226206479553,normal,12.604059321991867
31942,18108,32925,380000,6,4,50,"423,424",50Hertz,423;424,46777.4915108401,,,,,'',"SRID=4326;LINESTRING(12.1870420174299 53.8158258984951,11.6994192698437 53.5723201096956)",line,1,380.0,46.77749151084009,14.968797283468831,1645.4482671904334,9646.733619639019,53.454008870776654,53.454008870776654,3.248598569558689,normal,12.560883871649477
178179,112104,133654,110000;220000;220000;110000,6;12,1;2;2;1,,,E.ON Netz GmbH,1235;1236,5023.69748530908,,,,,'',"SRID=4326;LINESTRING(11.7801477589874 48.18065694418,11.813089825957 48.2213167737546)",line,4,220.0,5.0236974853090794,0.40189579882472637,1981.4661238587955,100000.0,138.07672730520858,138.07672730520858,6.968412209657756,normal,12.513186661695533
180189,18108,134387,380000;380000;380000;380000;380000,3;3;6;3;3,4;4;4,50;50;50;50;50,543;543;543;544;544;544,50Hertz Transmission,543,35332.7589891178,,,,,'',"SRID=4326;LINESTRING(12.1870420174299 53.8158258984951,12.2149354780939 54.100274941625)",line,5,380.0,35.3327589891178,2.2612965753035392,8000.0,63857.170075365655,-278.104149459773,278.104149459773,3.4763018682471625,normal,12.489378503455116
73597,17578,141526,220000;220000;220000,6;6;6,2;2;2,50;50;50,220kV Pöppinghausen Ost+West;220kV Pöppinghausen Ost+West;220kV Pöppinghausen Ost+West,RWE,2610,10515.4567318493,,,,,'',"SRID=4326;LINESTRING(7.26402302448204 51.5735977986741,7.28513430054199 51.4891420320747)",line,3,220.0,10.5154567318493,1.1216487180639254,1486.0995928940965,43150.764780922764,75.69852962546044,75.69852962546044,5.09377231427954,normal,12.44760146793036
169731,29231,113957,380000;110000,,,,,,,1905.95665173472,,,,,'',"SRID=4326;LINESTRING(8.33729389339185 49.0584581449158,8.3235226230121 49.0435286779686)",line,2,380.0,1.90595665173472,0.3049530642775552,3290.896534380867,100000.0,-383.54096716049224,383.54096716049224,11.654604243966295,normal,12.432696487267345
180101,114871,17905,220000;110000;380000;220000;110000;380000,6;9;3,2;1;4;2;1;4,,,Lechwerke,K12;O11;W6,16585.7968587431,,,,,'',"SRID=4326;LINESTRING(10.7602763133765 48.1042216433011,10.8409361207181 48.2379249509995)",line,6,380.0,16.585796858743098,0.8845758324662986,8000.0,100000.0,346.6185053093262,346.6185053093262,4.332731316366577,normal,12.422337473757485
79727,18041,114491,110000,3,,50,,,,114.323095251139,,,,,'',"SRID=4326;LINESTRING(8.25887692141771 47.6342498336695,8.2546109711052 47.6334053761772)",line,1,110.0,0.114323095251139,0.16,247.68326548234944,75625.0,-283.8272565455086,283.8272565455086,114.59282725167996,overload,12.404344794379805
100606,114237,114236,220000;110000,24,2;1,,,RWE,4593,294.706354754549,,,,,'',"SRID=4326;LINESTRING(6.72641084381644 51.5195524649234,6.73062708660246 51.5199484407151)",line,2,220.0,0.29470635475454904,0.08,990.7330619293978,100000.0,475.49135357388695,475.49135357388695,47.99389178028377,normal,12.396050330074203
147290,17672,114788,220000,6,3,,,RWE,2646,795.314047724414,,,,,'',"SRID=4326;LINESTRING(7.0608429248286 51.6967174563455,7.06244579810371 51.6871974691907)",line,1,220.0,0.7953140477244139,0.25450049527181245,495.3665309646989,100000.0,104.87395895781847,104.87395895781847,21.170981970377014,normal,12.388834458517662
113975,17002,118435,380000,3,4,50,Leitung 3019,TenneT,,698.770124613464,,,,,'',"SRID=4326;LINESTRING(9.40954423099057 52.0343295221752,9.4136812208929 52.0274828920508)",line,1,380.0,0.698770124613464,0.2236064398763085,1645.4482671904334,100000.0,-384.5379024265516,384.5379024265516,23.369795945219327,normal,12.38376080973658
143415,112522,115796,380000;110000,6;6,4;2,50,,RWE,4516,857.414766667454,,,,,'',"SRID=4326;LINESTRING(6.91099666839732 51.1176622918012,6.91531073771778 51.1248871733149)",line,2,380.0,0.8574147666674541,0.13718636266679266,3290.896534380867,100000.0,655.0867522932657,655.0867522932657,19.90602698837235,normal,12.32552547362087
163785,114030,129920,220000;220000;220000,3;4;4,2;2;2,50;50,Hoheneck West;Hoheneck West;Hoheneck West,RWE,4506,1105.22619170348,,,,,'',"SRID=4326;LINESTRING(9.1420737981088 49.1358794929282,9.13849086759809 49.1455467874349)",line,3,220.0,1.10522619170348,0.11789079378170454,1486.0995928940965,100000.0,245.85617242711132,245.85617242711132,16.54372113435009,normal,12.315525125883338
157721,114159,114158,220000,6,2,50,,RWE,2444,355.372001594686,,,,,'',"SRID=4326;LINESTRING(6.53479983438763 51.7485511555178,6.53078301759469 51.7505651862524)",line,1,220.0,0.355372001594686,0.16,495.3665309646989,100000.0,-199.98185239159528,199.98185239159528,40.3704812277369,normal,12.275692696707223
112184,115494,117132,380000;110000,6;3,4,50,,Amprion,,897.638192218103,,,,,'',"SRID=4326;LINESTRING(7.84007898150335 52.466875974285,7.82686036192906 52.467143862929)",line,2,380.0,0.8976381922181029,0.14362211075489648,3290.896534380867,100000.0,626.8278692036056,626.8278692036056,19.04732836948743,normal,12.201910097412746
104374,117335,117338,220000;110000,9,1,50,,RWE,,618.786296951162,,,,,'',"SRID=4326;LINESTRING(7.70213449495771 51.6837507613005,7.70300613027789 51.6784009857526)",line,2,220.0,0.6187862969511619,0.0990058075121859,990.7330619293978,100000.0,-250.49440578244207,250.49440578244207,25.28374346310984,normal,12.17858933220538
159155,17191,16882,220000,6,1,50,Leitung 2025,TenneT,2025,6519.01681937953,,,,,'',"SRID=4326;LINESTRING(10.4626489600018 52.2816072635621,10.3662388275843 52.284697844369)",line,1,220.0,6.51901681937953,2.08608538220145,495.3665309646989,23201.351398629424,-29.839776636974424,29.839776636974424,6.02377729857185,normal,12.15258148741631
182164,113108,45702,220000;110000,6,,,,LEW,,12888.6361688139,,,,,'',"SRID=4326;LINESTRING(10.4593976463855 48.0387581868483,10.6123957060974 48.0313556047632)",line,2,220.0,12.8886361688139,2.062181787010224,990.7330619293978,23470.287782034437,-45.73893856767158,45.73893856767158,4.6166763102260395,normal,12.146802989815265
129389,112870,112871,220000,3,4,50,,TenneT,316,503.433012247225,,,,,'',"SRID=4326;LINESTRING(9.77606331330576 53.6975393850698,9.76851234452204 53.6968499480005)",line,1,220.0,0.503433012247225,0.161098563919112,495.3665309646989,100000.0,147.17424637950143,147.17424637950143,29.71017159614876,normal,12.114357167213708
95489,17767,118825,380000,6,,,,50Hertz,,631.938474294742,,,,,'',"SRID=4326;LINESTRING(11.8939194608678 51.4055028474632,11.8997051689716 51.3997673870755)",line,1,380.0,0.631938474294742,0.20222031177431746,1645.4482671904334,100000.0,404.7533431904254,404.7533431904254,24.598363331199273,normal,12.047504895005817
105428,115794,114397,380000,6,4,50,380kV Oerkhaus Ost+West,RWE,4516,293.110349340449,,,,,'',"SRID=4326;LINESTRING(7.00106175878314 51.2474869530732,7.00144542924099 51.250121793599)",line,1,380.0,0.293110349340449,0.16,1645.4482671904334,100000.0,771.0277058679882,771.0277058679882,46.85821616163606,normal,12.04492507254192
145913,116094,116819,220000,9,2,50,,,,981.790011021816,,,,,'',"SRID=4326;LINESTRING(7.00421358778901 49.3767428818487,7.01122305211946 49.3836917849041)",line,1,220.0,0.981790011021816,0.3141728035269811,495.3665309646989,100000.0,-87.22633594957507,87.22633594957507,17.608443545773394,normal,12.044183877396895
181262,16911,134505,220000;220000;220000;220000;110000;220000;220000,6;3;6;6;3;3,2;2;2;2;1,50;50;50;50;50;50;50,"291, 302;291;291; 302;291; 302;302;291, 302",50Hertz,291,6265.60051793108,,,,,'',"SRID=4326;LINESTRING(13.5061055824657 52.4737881367889,13.5064057011256 52.4312238008384)",line,7,220.0,6.265600517931079,0.28642745224827787,3467.5657167528925,100000.0,210.19572779050617,210.19572779050617,6.061766234883018,normal,12.021397483431253
110582,113357,134315,110000,6,,,,,,184.7289064775,,,,,'',"SRID=4326;LINESTRING(10.1943466675341 47.9678562788865,10.1949421831812 47.9709449320067)",line,1,110.0,0.1847289064775,0.16,247.68326548234944,75625.0,-175.62605843160776,175.62605843160776,70.9075189595816,watch,12.019815574202715
167016,18618,27947,380000,6,2,50,304,TenneT,304,230.255650259065,,,,,'',"SRID=4326;LINESTRING(7.31712785521868 53.1282300130834,7.31133817564833 53.1257707770975)",line,1,380.0,0.230255650259065,0.16,1645.4482671904334,100000.0,952.2307043576317,952.2307043576317,57.87059510436901,normal,11.992060084090536
74059,113997,18224,220000;220000,3;6,,50;50,"203 Eula - Röhrsdorf;203 Eula - Röhrsdorf, 208 Eula - Weida",50Hertz Transmission,203,10237.3514162036,,,,,'',"SRID=4326;LINESTRING(12.5653764676089 51.0791246518849,12.5181586241793 51.1570964951171)",line,2,220.0,10.237351416203602,1.6379762265925764,990.7330619293978,29548.6584079946,49.07788173662536,49.07788173662536,4.953693746835187,normal,11.984189800804625
179577,16993,114632,220000;380000;380000;220000,6;6;12,2;4;4;2,50;50;50,220 kV Frixheim Nord|Süd;380 kV Knechtsteden West; St. Peter Süd;380 kV Knechtsteden West; St. Peter Süd; 220 kV Frixheim Nord|Süd,RWE,4570,3119.07309366128,,,,,'',"SRID=4326;LINESTRING(6.70247484431852 51.0089106741313,6.7380864272272 51.0283189687938)",line,4,380.0,3.11907309366128,0.24952584749290238,6581.793068761734,100000.0,556.2631206547875,556.2631206547875,8.45154374869218,normal,11.964243332743019
160619,115654,115073,380000;380000,12;3,4;4,50;50,380kV Meerbusch West+ANK;380kV Meerbusch West,RWE,4123,3079.8967793821,,,,,'',"SRID=4326;LINESTRING(6.61324494707879 51.2614198864283,6.58819416773972 51.2842252391729)",line,2,380.0,3.0798967793821,0.492783484701136,3290.896534380867,100000.0,279.2556838149052,279.2556838149052,8.485702327540448,normal,11.93150580339949
144950,118032,118034,380000,3,,50,574,50Hertz Transmission,574,292.614016385488,,,,,'',"SRID=4326;LINESTRING(12.0441118661766 50.7959402823627,12.0465806162404 50.7980687866378)",line,1,380.0,0.292614016385488,0.16,1645.4482671904334,100000.0,-763.4020089078208,763.4020089078208,46.394774246613835,normal,11.90798605690834
88863,113031,134319,380000,6,,,"AL1-BZW 380 kV, EDS-WDL 380 kV",Neckarwerke;EVS,,2824.38509535268,,,,,'',"SRID=4326;LINESTRING(9.38432176212508 48.692987752384,9.37193814992516 48.7185740475079)",line,1,380.0,2.82438509535268,0.9038032305128576,1645.4482671904334,100000.0,145.7470768713942,145.7470768713942,8.857590954242161,normal,11.881552089011134
140560,114199,114200,110000,3,1,,,E.ON,,211.141428561686,,,,,'',"SRID=4326;LINESTRING(8.70692942532366 51.7010168630964,8.70941928579665 51.6998988507236)",line,1,110.0,0.21114142856168602,0.16,247.68326548234944,75625.0,151.9022107851821,151.9022107851821,61.329218382744166,watch,11.748424046413911
96357,112776,112777,220000;110000,12,3;2;1,,,RWE,4358,6031.81814755424,,,,,'',"SRID=4326;LINESTRING(7.1378237929203 51.5537614789583,7.14691896567742 51.5061492479909)",line,2,220.0,6.031818147554239,0.9650909036086783,990.7330619293978,50150.7161854103,59.61264366282904,59.61264366282904,6.017023752769159,normal,11.735875694653895
181239,17243,134476,380000;110000;380000;220000;380000;220000;110000,6;6;12,4;2;4;4;2,50;50;50,380 Neurath 2b; 110 kV Hackenbroich West;380 kV St. Peter Süd; 220kV Frimmersdorf 5e,RWE,4580,7202.27129394634,,,,,'',"SRID=4326;LINESTRING(6.70974948680676 51.0909358881083,6.80133711744184 51.1238419585396)",line,7,380.0,7.20227129394634,0.32924668772326127,8000.0,100000.0,444.2394096276003,444.2394096276003,5.552992620345004,normal,11.685779325036684
72410,114567,134441,220000;220000,9;9,,50;50,Anlage 373;Anlage 373,EnBW,,1184.98985096087,,,,,'',"SRID=4326;LINESTRING(9.20969906252884 49.0309357816209,9.20403323443474 49.0424158448298)",line,2,220.0,1.1849898509608698,0.18959837615373917,990.7330619293978,100000.0,147.2527068114071,147.2527068114071,14.863005230151563,normal,11.617091110796478
180261,36438,114707,380000;110000;110000;380000,12;6;6,,50;50,Leitung 3012,TenneT,3012,4346.07382436292,,,,,'',"SRID=4326;LINESTRING(9.38777953653319 51.6407781055605,9.32714794687812 51.6299524418668)",line,4,380.0,4.346073824362921,0.34768590594903365,6581.793068761734,100000.0,-455.65796542622604,455.65796542622604,6.923006552558653,normal,11.605468065839274
141998,118360,118802,380000,9,4;2,50,380 kV Ried Ost|West,RWE,4591,896.300489162297,,,,,'',"SRID=4326;LINESTRING(8.42079031551447 49.6952210526026,8.42596586919239 49.7021989531652)",line,1,380.0,0.896300489162297,0.28681615653193504,1645.4482671904334,100000.0,298.21535143391696,298.21535143391696,18.123654044931662,normal,11.597414614594067
177862,134361,112884,220000;110000;110000;110000;220000;220000;110000;110000,12;6;6;6;12;6,2;1;1;1;2;2;1;1,50;50;50;50;50;50,220 kV Gremberghoven Ost|West; 110 kV Porz Ost|West;110 kV Porz Ost|West;110 kV Porz Ost|West;220 kV Gremberghoven Ost|West;220 kV Gremberghoven Ost|West; 110 kV Porz Ost|West;110 kV Porz Ost|West,RWE,0078,3011.0343747707,,,,,'',"SRID=4326;LINESTRING(7.04774792555294 50.9044555806658,7.08407336738959 50.8977391633812)",line,8,220.0,3.0110343747707002,0.120441374990828,3962.932247717591,100000.0,-330.2587539914192,330.2587539914192,8.333696701012949,normal,11.575914376202542
181050,17712,113948,220000;220000;220000;220000;220000,3;3;3;6;3,,,,EON_Netz,,4061.73449722671,,,,,'',"SRID=4326;LINESTRING(9.52950909749613 53.6191122380472,9.48356691606238 53.6356800744779)",line,5,220.0,4.06173449722671,0.25995100782250946,2476.832654823494,100000.0,-176.06111189783223,176.06111189783223,7.108316807555124,normal,11.527622838496196
181234,16821,112358,380000;380000;380000,3;6;3,4;4;4,50;50;50,380kV Lohheide West;380kV Lohheide West+Zensenbusch Süd;380kV Zensenbusch Süd,RWE,4537,2574.32051439034,,,,,'',"SRID=4326;LINESTRING(6.61743907747453 51.4757023682985,6.63378636335463 51.4965098471317)",line,3,380.0,2.5743205143903403,0.27459418820163634,4936.3448015713,100000.0,446.3841607984964,446.3841607984964,9.042807557859547,normal,11.518503030545611
178975,134014,112235,220000;220000;110000;110000,6;12;6,1;1;1,50;50;50,,TenneT,208,5417.29312374938,,,,,'',"SRID=4326;LINESTRING(9.98835987036985 53.7661313909231,10.0361687970235 53.8034600928007)",line,4,220.0,5.41729312374938,0.4333834498999504,1981.4661238587955,100000.0,-122.75501088683666,122.75501088683666,6.195160715025401,normal,11.516781447916042
125232,115535,112515,380000;220000,9,4;2,50,,RWE,4317,7666.76175882128,,,,,'',"SRID=4326;LINESTRING(7.31638147278709 51.4510885788664,7.41658261384975 51.4607823586596)",line,2,380.0,7.66676175882128,1.2266818814114049,3290.896534380867,100000.0,-175.34175952226283,175.34175952226283,5.328084845282162,normal,11.505973762946192
181002,24288,115769,380000;110000;380000;110000,3;6;9,4;1;4;1,,Grafenrheinfeld - Kupferzell;Grafenrheinfeld - Kupferzell,EnBW,348,23933.5293379043,,,,,'',"SRID=4326;LINESTRING(9.69459398163278 49.2324914822377,9.87635212994015 49.3987046754008)",line,4,380.0,23.9335293379043,1.914682347032344,6581.793068761734,75417.20966081519,234.99199976959602,234.99199976959602,3.5703340611680194,normal,11.482956455039712
181790,126023,125990,380000;110000,6;6,4;1,,"467, 468;Law - Atf 1, Law - Atf 2",50Hertz;Thüringer_Energienetze,,10364.0823941931,,,,,'',"SRID=4326;LINESTRING(10.9872718720153 50.5772233893206,10.9880897880815 50.6660733618584)",line,2,380.0,10.3640823941931,1.658253183070896,3290.896534380867,87079.58559897811,-155.19472373993997,155.19472373993997,4.715879764634945,normal,11.461746354246603
173220,142876,114528,380000,6,3,50,Philippsburg - Pulverdingen 2x 380 kV,EnBW,337,3533.75956337613,,,,,'',"SRID=4326;LINESTRING(8.64158819737064 49.1403662725864,8.6058429945485 49.1616907641985)",line,1,380.0,3.5337595633761296,1.1308030602803616,1645.4482671904334,100000.0,124.72419523455459,124.72419523455459,7.579952388750478,normal,11.457488562225874
174100,118373,143494,220000;110000;220000;110000,9;9,2;1;1,50;50,220 kV Windesheim; 110 kV Rosengarten Ost|West;220 kV Windesheim; 110 kV Rosengarten Ost|West,RWE,2327,1903.64372056663,,,,,'',"SRID=4326;LINESTRING(7.99642455832889 49.8255586471438,8.01904741401554 49.816167665122)",line,4,220.0,1.9036437205666301,0.15229149764533043,1981.4661238587955,100000.0,-210.6421114345558,210.6421114345558,10.630618858340206,normal,11.331882553325608
96604,115612,115721,220000,6,2,50,220kV Laer West+Pöppinghausen Ost,RWE,2652,5885.7972309038,,,,,'',"SRID=4326;LINESTRING(7.2501655752163 51.4009148805987,7.18903926255075 51.3761778473448)",line,1,220.0,5.885797230903799,1.883455113889216,495.3665309646989,25697.453389296363,-29.043066999790202,29.043066999790202,5.862944947699725,normal,11.312323140447841
125171,17672,113523,110000,,,,Hervest-Dorsten-Kusenhorst Nord+Süd,RWE,,121.750152343667,,,,,'',"SRID=4326;LINESTRING(7.0608429248286 51.6967174563455,7.05034019116645 51.6950828585471)",line,1,110.0,0.121750152343667,0.16,247.68326548234944,75625.0,-243.54064487032264,243.54064487032264,98.3274523597873,tight,11.296850999834133
173564,118506,143119,380000,6,4,,,RWE,,586.763710546107,,,,,'',"SRID=4326;LINESTRING(7.66135735909721 50.3862554935824,7.66954100627858 50.3857528822554)",line,1,380.0,0.586763710546107,0.18776438737475423,1645.4482671904334,100000.0,-400.9688335143091,400.9688335143091,24.368364628014376,normal,11.250789629674856
172690,112379,142507,380000;220000,12,4;2,50,,RWE,4577,3161.57323360149,,,,,'',"SRID=4326;LINESTRING(6.5866100785677 51.4380977503722,6.62593827859717 51.4234362502387)",line,2,380.0,3.16157323360149,0.5058517173762384,3290.896534380867,100000.0,-258.98849011638526,258.98849011638526,7.869846025563672,normal,11.221559806468463
135752,17202,118125,110000,3,1,,110kV Nordstern Ost,RWE,,287.306802802261,,,,,'',"SRID=4326;LINESTRING(7.10471844205027 51.481790311093,7.09913506043231 51.4826498494664)",line,1,110.0,0.287306802802261,0.16,247.68326548234944,75625.0,109.96490014525267,109.96490014525267,44.397387902288074,normal,11.212661816932387
136549,126335,125991,380000;110000,6;6,4;1,50,"467, 468;Ar - Law 2, Sti - Law3",50Hertz;Thüringer_Energienetze,,9905.51973156472,,,,,'',"SRID=4326;LINESTRING(11.009090333299 50.7548854912791,10.9900050860988 50.6693729588479)",line,2,380.0,9.90551973156472,1.5848831570503552,3290.896534380867,91110.81744899387,154.19159904404074,154.19159904404074,4.685397958676619,normal,11.194676369193031
170958,141288,133851,220000;220000;220000,3;3;6,1;1;1,50,LU SIT;Ludersheim - Sittling;Ludersheim - Sittling,TenneT TSO GmbH,221,44460.5825890805,,,,,'',"SRID=4326;LINESTRING(11.5659524184474 49.039205327539,11.3269828608243 49.3934752979724)",line,3,220.0,44.4605825890805,4.742462142835254,1486.0995928940965,10205.66923725918,-43.36758082118976,43.36758082118976,2.918214972169786,normal,11.138376074911566
99909,115974,113376,220000,3,2,,,,,517.809156167358,,,,,'',"SRID=4326;LINESTRING(10.3273463775983 47.6710127786261,10.3341833653942 47.6717032828135)",line,1,220.0,0.517809156167358,0.16569892997355457,495.3665309646989,100000.0,131.96024601623904,131.96024601623904,26.6389103355961,normal,11.115563519156424
167125,17654,112024,380000,6,3,,,50Hertz,517;518,849.542294148914,,,,,'',"SRID=4326;LINESTRING(13.4684802412319 52.632579434102,13.4799348192012 52.6283285649822)",line,1,380.0,0.849542294148914,0.2718535341276525,1645.4482671904334,100000.0,297.4198366813639,297.4198366813639,18.07530766003368,normal,11.115197155308202
178566,112653,133930,380000;380000;380000;380000,3;3;3;6,4;4;4;4,,Grafenrheinfeld - Kupferzell,,348,50027.0024353086,,,,,'',"SRID=4326;LINESTRING(9.9846530205936 49.6042378376978,10.1879002129437 49.981238407691)",line,4,380.0,50.027002435308596,4.002160194824688,6581.793068761734,36080.514764683314,185.88518508642608,185.88518508642608,2.8242332012634606,normal,11.105887414946881
181232,134567,116004,380000;380000;380000,3;6;3,,50;50;50,,,,2742.65744346533,,,,,'',"SRID=4326;LINESTRING(7.84003614369985 47.5860754020651,7.87205918528106 47.6008844352531)",line,3,380.0,2.7426574434653297,0.29255012730296853,4936.3448015713,100000.0,-413.73147248321766,413.73147248321766,8.381332526680911,normal,11.061648351255078
167784,6868,133951,380000,6,4,50,Oberbachern - Menzing,Stadtwerke München,439;440,5554.4038253191,,,,,'',"SRID=4326;LINESTRING(11.3841462170664 48.2500527529713,11.3706509375195 48.29144647242)",line,1,380.0,5.5544038253191,1.777409224102112,1645.4482671904334,81241.84236353678,96.46206422471866,96.46206422471866,5.862357762813503,normal,11.022036695430877
177679,127059,134329,110000;110000,6;6,1;1,,Coburg - Redwitz;Ebersdorf - Redwitz,,158,186.722738852541,,,,,'',"SRID=4326;LINESTRING(11.1879156561394 50.1653541591727,11.1903451869725 50.1647357346192)",line,2,110.0,0.186722738852541,0.08,495.3665309646989,100000.0,318.87640710171473,318.87640710171473,64.37181100643207,watch,11.020164816702755
178218,25342,17511,380000;380000;380000;380000;380000;380000;380000;380000,3;3;3;6;3;3;3;3,,50;50;50;50;50;50;50;50,"565;Bärwalde;566;565, 566;565;566;566;565",50Hertz,565,21631.5323206246,,,,,'',"SRID=4326;LINESTRING(14.5080388276773 51.4136769977737,14.4719257134627 51.5537450011006)",line,8,380.0,21.6315323206246,0.8652612928249841,8000.0,100000.0,-282.5126910006557,282.5126910006557,3.5314086375081963,normal,11.01567894271234
180618,19263,112751,0;380000;380000,3;6;3,4;4;4,50;50;50,380kV Uentrop Nord+ANK;380kV Uentrop Nord,RWE,4325,14702.043745455,,,,,'',"SRID=4326;LINESTRING(7.99290423854321 51.6836915356284,7.82599043340792 51.7500675542728)",line,3,380.0,14.702043745454999,1.5682179995152,4936.3448015713,92079.03495855801,-197.3339135217363,197.3339135217363,3.997571512000589,normal,11.00847596690604
73157,112787,112788,220000;220000;110000,12;12,3;1;2,,220kV Hochlarmark Ost+West,RWE,4340,3789.39289707099,,,,,'',"SRID=4326;LINESTRING(7.0960595882256 51.6118180780125,7.06279335628714 51.6387900561335)",line,3,220.0,3.78939289707099,0.40420190902090564,1486.0995928940965,100000.0,-103.70918463138423,103.70918463138423,6.978616044797937,normal,10.931329711260958
174389,143697,29888,220000,6,2,50,Otterbach - Beeden,,,15878.0165482885,,,,,'',"SRID=4326;LINESTRING(7.64248572232225 49.4766025599437,7.46131749383219 49.4101888153078)",line,1,220.0,15.8780165482885,5.08096529545232,495.3665309646989,9525.748983824009,19.083380028314178,19.083380028314178,3.852375733005286,normal,10.886859969853505
127899,122544,113078,380000;220000,6,4,50,525; 526,50Hertz Transmission,525; 526,68507.097474375,,,,,'',"SRID=4326;LINESTRING(13.307201366479 52.2273143822645,12.947868245972 52.5618885544643)",line,2,380.0,68.507097474375,10.9611355959,3290.896534380867,13173.817506099702,-84.01979376384975,84.01979376384975,2.553097397200815,normal,10.828781006596977
168803,6901,113340,380000;220000;110000,18,4;2;1,50,,RWE,4588,853.879748038466,,,,,'',"SRID=4326;LINESTRING(6.63359223742174 51.2307140908495,6.638092258006 51.2232811829376)",line,3,380.0,0.853879748038466,0.09108050645743637,4936.3448015713,100000.0,-865.8798792584022,865.8798792584022,17.540911627218218,normal,10.827664527808942
174148,25114,143528,380000;220000;380000;220000;380000;220000;380000;220000,12;12;12;12,4;2;4;2;4;2;4;2,50;50;50;50,,RWE,,9315.32405924902,,,,,'',"SRID=4326;LINESTRING(8.19487619178385 49.5643213244308,8.07311026458779 49.5799158659973)",line,8,380.0,9.31532405924902,0.37261296236996083,8000.0,100000.0,370.74252654105686,370.74252654105686,4.634281581763211,normal,10.814701133695857
169620,24814,115907,110000,3,,50,,Westnetz,,466.45835394499,,,,,'',"SRID=4326;LINESTRING(6.47479750040959 49.9224757052015,6.47091425649538 49.9237176650895)",line,1,110.0,0.46645835394498997,0.16,247.68326548234944,75625.0,-69.80658298488409,69.80658298488409,28.1838108234481,normal,10.790177913989803
181118,25228,134273,380000;380000;380000,3;6;3,,50;50;50,,50Hertz,,42970.3241885325,,,,,'',"SRID=4326;LINESTRING(13.90247491808 51.8747240229493,14.4282090197737 51.8888221394086)",line,3,380.0,42.970324188532494,4.583501246776799,4936.3448015713,31504.300364605482,-140.5072225918689,140.5072225918689,2.8463818521579713,normal,10.769328308450419
72393,134272,23874,380000;380000;380000;380000,3;6,3;3,50;50;50;50,"301, 302;Berlin/Marzahn;495, 496",50Hertz,301;302,16294.4478925237,,,,,'',"SRID=4326;LINESTRING(13.5242965535927 52.5352216190048,13.7095318569489 52.5398286734852)",line,4,380.0,16.2944478925237,1.303555831401896,6581.793068761734,100000.0,-247.72272846369654,247.72272846369654,3.763757472707994,normal,10.728159796957677
142840,112790,112796,380000;110000,12,4,,,RWE,4534,2747.11112861496,,,,,'',"SRID=4326;LINESTRING(7.12913367052478 51.5789219776164,7.11012648692268 51.5992870653501)",line,2,380.0,2.74711112861496,0.4395377805783936,3290.896534380867,100000.0,-266.5311840483131,266.5311840483131,8.099044781985434,normal,10.698718108065139
72351,24934,142541,220000;220000,6;12,4;4,50;50,,EnBW,5220,1252.68775323192,,,,,'',"SRID=4326;LINESTRING(8.54432615076693 49.4356024755454,8.53846258340467 49.4469244293567)",line,2,220.0,1.2526877532319198,0.20043004051710717,990.7330619293978,100000.0,130.16910920735648,130.16910920735648,13.13866612605613,normal,10.670226881123897
140605,113128,113551,220000,3,2,50,,TenneT,2019,267.56258580645,,,,,'',"SRID=4326;LINESTRING(10.3552149923206 52.1758109606876,10.3590559189809 52.176287968058)",line,1,220.0,0.26756258580645,0.16,495.3665309646989,100000.0,-222.22831753873905,222.22831753873905,44.86139124214987,normal,10.636448909330383
179994,115789,17385,380000;220000;110000;380000;220000;110000;380000;220000,18;12;6;12,4;2;4;2;1;4;2,50;50;50;50,380 kV Oerkhaus Ost; St. Peter Nord; 220 kV Itterbach Ost|West;380 kV Oerkhaus Ost; St. Peter Nord; 220 kV Itterbach Ost|West,RWE,4143,1121.10542422937,,,,,'',"SRID=4326;LINESTRING(6.9713996575961 51.1715365655757,6.95920498598319 51.1649318657119)",line,8,380.0,1.12110542422937,0.0448442169691748,8000.0,100000.0,-1117.5067799239935,1117.5067799239935,13.968834749049918,normal,10.503688993237924
89906,113717,113716,380000;220000,9,4;2,,Günzburg Nord;Günzburg Süd;Iller Ltg.,RWE,4549,4465.28048542973,,,,,'',"SRID=4326;LINESTRING(10.05467606817 48.3111891480546,10.0649831580769 48.2728727902087)",line,2,380.0,4.46528048542973,0.7144448776687569,3290.896534380867,100000.0,-202.76433729002065,202.76433729002065,6.161370774549973,normal,10.464567281365404
139265,117009,113715,220000,3,2,,Iller Ltg.,RWE,4521,246.32428174172,,,,,'',"SRID=4326;LINESTRING(10.0782803802386 48.2667066519086,10.0763382225943 48.2648958880007)",line,1,220.0,0.24632428174172,0.16,495.3665309646989,100000.0,235.20244532714702,235.20244532714702,47.48048780548482,normal,10.455139065585307
158872,113394,113401,220000;110000,6,1,,Regensburg - Schwandorf;Schwandorf - Wutzlhofen,TenneT TSO GmbH;E.ON Netz GmbH,275;113,17596.5419860595,,,,,'',"SRID=4326;LINESTRING(12.1083314376915 49.1404008755141,12.0807454329576 49.2861351867559)",line,2,220.0,17.5965419860595,2.81544671776952,990.7330619293978,17190.87763036905,-35.1627759677784,35.1627759677784,3.5491675123166724,normal,10.37413021168323
167783,6868,113267,380000,6,4,50,Oberbachern - Menzing,Stadtwerke München,439;440,3463.13639602629,,,,,'',"SRID=4326;LINESTRING(11.3841462170664 48.2500527529713,11.4078514099414 48.2228901916259)",line,1,380.0,3.46313639602629,1.1082036467284129,1645.4482671904334,100000.0,-114.09187042950575,114.09187042950575,6.933786537349794,normal,10.371916703082386
160707,134503,134505,220000;220000;220000;220000,6;6;6,2;2;2,50;50;50;50,"291; 302;291; 302;291, 302;291, 302",50Hertz,,1551.63487782645,,,,,'',"SRID=4326;LINESTRING(13.523235507977 52.4249061680196,13.5064057011256 52.4312238008384)",line,4,220.0,1.5516348778264502,0.12413079022611602,1981.4661238587955,100000.0,-218.64826982302964,218.64826982302964,11.034671104910148,normal,10.336554717815126
162792,25114,118561,380000;220000;380000;220000;380000;220000;380000;220000,12;12;12;12,4;2;4;2;4;2;4;2,50;50;50;50,,RWE,,7966.63846402509,,,,,'',"SRID=4326;LINESTRING(8.19487619178385 49.5643213244308,8.28777371712292 49.5265275889011)",line,8,380.0,7.96663846402509,0.3186655385610036,8000.0,100000.0,-374.5578761994217,374.5578761994217,4.6819734524927705,normal,10.269959579902933
83523,115378,115381,380000,3,4,50,,Amprion,4121,405.476249630079,,,,,'',"SRID=4326;LINESTRING(7.41762169513889 52.4732338809463,7.41792981728134 52.469583955151)",line,1,380.0,0.405476249630079,0.16,1645.4482671904334,100000.0,494.37989932853424,494.37989932853424,30.0453018904494,normal,10.226706077636782
118722,24642,118554,380000,6,4,,,TenneT,3010,4092.77312155113,,,,,'',"SRID=4326;LINESTRING(9.77418774638005 50.5288140188163,9.7510840398633 50.559355578259)",line,1,380.0,4.09277312155113,1.3096873988963618,1645.4482671904334,100000.0,-103.09952739642192,103.09952739642192,6.265741041647094,normal,10.199514245493077
75639,8628,18542,155000;155000;155000;220000;155000,3;3,,50;50;50,Anbindung Riffgat;Seekabel Riffgat,TenneT,,82009.9439883776,,,,,'',"SRID=4326;LINESTRING(6.48463224953611 53.6909434513185,7.22423568177577 53.3499511230945)",line,5,220.0,82.0099439883776,5.248636415256167,2476.832654823494,9221.442708303462,57.14794008537422,57.14794008537422,2.307299202232407,normal,10.195863823404002
118729,112815,112814,220000;110000,12,2;1,,,RWE,2412,4725.89068018638,,,,,'',"SRID=4326;LINESTRING(6.89868768287973 51.49502918955,6.88362033045072 51.4586218829388)",line,2,220.0,4.725890680186381,0.7561425088298209,990.7330619293978,64009.098066582854,57.66047899610187,57.66047899610187,5.819981305944437,normal,10.1558564062559
169121,20887,118758,380000;110000,12,4,50,RWE 4562 Ronsdorf - Bomig,RWE,4562,907.689034576244,,,,,'',"SRID=4326;LINESTRING(7.25209602951627 51.221794712333,7.24300106166781 51.2274309825729)",line,2,380.0,0.9076890345762441,0.14523024553219904,3290.896534380867,100000.0,515.9306318851753,515.9306318851753,15.677509958004194,normal,10.12598735414907
146027,112549,134292,110000,6,1,,,RWE,2444,558.865469396944,,,,,'',"SRID=4326;LINESTRING(6.67761175246875 51.6539158399316,6.68085430023769 51.6463728718929)",line,1,110.0,0.558865469396944,0.1788369502070221,247.68326548234944,67659.39581273898,56.36542971098803,56.36542971098803,22.75706015148802,normal,10.103185589252925
154990,112616,112617,380000;220000,3;6,4;2,50,,E.ON Westfalen Weser,,377.410079172986,,,,,'',"SRID=4326;LINESTRING(8.63365016450537 51.9998936777847,8.63411755794769 52.0032843567084)",line,2,380.0,0.377410079172986,0.08,3290.896534380867,100000.0,-1033.6612362962571,1033.6612362962571,31.409715422448706,normal,10.057547350065095
149639,117338,134401,110000,6,2;1,,,RWE,,232.986874988454,,,,,'',"SRID=4326;LINESTRING(7.70300613027789 51.6784009857526,7.71587466201739 51.6746596100824)",line,1,110.0,0.232986874988454,0.16,247.68326548234944,75625.0,-118.7629955819413,118.7629955819413,47.94954368461549,normal,10.042532259202321
174455,143745,143746,220000,6,1,,Raitersaich - Trennfeld,TenneT TSO GmbH,211,1628.86654500219,,,,,'',"SRID=4326;LINESTRING(9.84412944371985 49.7176754427313,9.83820391042449 49.7322090440915)",line,1,220.0,1.62886654500219,0.5212372944007008,495.3665309646989,92855.98041415766,51.41791294633369,51.41791294633369,10.379771286970104,normal,10.03259681200071
77420,132025,112546,110000,4,1,16.7,,DB_Energie,,188.92693958957,,,,,'',"SRID=4326;LINESTRING(6.67639911666671 51.6565924757544,6.67883903080991 51.6558062429181)",line,1,110.0,0.18892693958957,0.16,247.68326548234944,75625.0,143.4383116006878,143.4383116006878,57.91199147885491,normal,10.021737817685137
87020,112844,112845,380000,3,4,,380kV Eiberg Nord,RWE,4164,1903.09047086304,,,,,'',"SRID=4326;LINESTRING(7.04463157719892 51.5154688615766,7.01763441813375 51.5179383416467)",line,1,380.0,1.90309047086304,0.6089889506761729,1645.4482671904334,100000.0,154.41386297860848,154.41386297860848,9.384303721822063,normal,10.001564267965561
88821,114740,114741,380000,,,50,380kV Sauerland Nord+Süd,RWE,,4617.83193415074,,,,,'',"SRID=4326;LINESTRING(8.35733619845317 51.3082977470217,8.38013894379374 51.3417162880506)",line,1,380.0,4.617831934150741,1.477706218928237,1645.4482671904334,97719.01758979645,95.0726666667229,95.0726666667229,5.77791891501137,normal,9.97237495709726
101482,29961,114736,380000,6,4,50,380kV Sauerland Nord+Süd,RWE,4335,21033.831736852,,,,,'',"SRID=4326;LINESTRING(8.35462625732575 51.3544778306094,8.61509088090393 51.4362171521935)",line,1,380.0,21.033831736852,6.7308261557926405,1645.4482671904334,21453.532843918038,53.03199136451433,53.03199136451433,3.2229509989436065,normal,9.967230829930847
144423,112764,118393,220000;110000,6,1,,Gladbeck West+Gelsenkirchen Süd,RWE,2343,1004.02292063278,,,,,'',"SRID=4326;LINESTRING(7.09969695664252 51.4821947531063,7.08527243863083 51.4820207691552)",line,2,220.0,1.00402292063278,0.1606436673012448,990.7330619293978,100000.0,141.54376978418037,141.54376978418037,14.286771606120796,normal,9.931543868976656
180127,17324,16851,220000;220000;220000;220000;110000;220000;110000,3;3;3;12;3;6,2;2;2;2;1;2;1,50;50;50;50;50;50,"Voslapp;Voslapp;Inhausen;209, 081;Inhausen;081",TenneT,209,5495.80206358121,,,,,'',"SRID=4326;LINESTRING(8.08571803635628 53.6058223637495,8.1226935314256 53.5604852248008)",line,7,220.0,5.49580206358121,0.25123666576371245,3467.5657167528925,100000.0,183.90915573057745,183.90915573057745,5.303696332042242,normal,9.924043913369145
8265,17511,134519,380000,6,,50,,50Hertz_Transmission,,8848.86986243245,,,,,'',"SRID=4326;LINESTRING(14.4719257134627 51.5537450011006,14.3546316981416 51.5349816846828)",line,1,380.0,8.84886986243245,2.831638355978384,1645.4482671904334,50995.212610795104,-71.22025455837998,71.22025455837998,4.328319278003616,normal,9.900410160111212
167825,33441,117882,220000,6,2,,Barbara Ltg. | Otterbach Süd,RWE,,835.071429417874,,,,,'',"SRID=4326;LINESTRING(7.23233531154789 49.3579040467156,7.22217128618576 49.3626572540495)",line,1,220.0,0.835071429417874,0.2672228574137197,495.3665309646989,100000.0,80.2813551090853,80.2813551090853,16.206455238859558,normal,9.838670059566851
76255,112865,112207,220000;220000,6;6,1;4,50;50,,TenneT,209,15147.5501961888,,,,,'',"SRID=4326;LINESTRING(9.78572271789284 53.7061889645288,9.97965389603747 53.7481725630403)",line,2,220.0,15.147550196188801,2.4236080313902084,990.7330619293978,19970.225949547304,-34.92329838746988,34.92329838746988,3.5249957561180696,normal,9.80572161952572
181063,116502,20999,110000;220000;220000;110000,3;3;6,,,,LEW,,10574.2890827671,,,,,'',"SRID=4326;LINESTRING(10.3576828440691 48.2646816848764,10.4937333737793 48.2473351445912)",line,4,220.0,10.5742890827671,0.8459431266213681,1981.4661238587955,57214.24818865293,-79.13041110131955,79.13041110131955,3.993528334828024,normal,9.779296994769528
180556,114428,18435,220000;220000;220000;220000,6;3;3,2;2;2,50;50;50;50,"305, 306;Pasewalk (220 kV);305;306",50Hertz_Transmission,305;306,29212.7592949628,,,,,'',"SRID=4326;LINESTRING(13.9604951381425 53.2534505490662,14.0336979384638 53.5078673879307)",line,4,220.0,29.2127592949628,2.3370207435970243,1981.4661238587955,20710.128539768615,-56.79697411869594,56.79697411869594,2.866411564386828,normal,9.769488285316516
167460,20702,116077,220000,6,,50,,Amprion,,1438.68716332111,,,,,'',"SRID=4326;LINESTRING(6.2110684891669 49.9586167664622,6.19075100945073 49.9554718615811)",line,1,220.0,1.4386871633211098,0.46037989226275516,495.3665309646989,100000.0,-54.16612111699415,54.16612111699415,10.934554058690365,normal,9.747715884742336
82772,115333,112967,380000;110000,9,4,,Grafenrheinfeld - Kupferzell,Energieversorgung Schwaben AG,348,3332.54744668921,,,,,'',"SRID=4326;LINESTRING(9.87971937495114 49.4302718475018,9.86772129635338 49.4592074924487)",line,2,380.0,3.33254744668921,0.5332075914702736,3290.896534380867,100000.0,218.164425414763,218.164425414763,6.629331038990181,normal,9.719631449494893
181956,115414,21763,110000,4,1,16.7,Sw Kirchhellen - Mehrhoog,DB_Energie,0569,1859.52951002257,,,,,'',"SRID=4326;LINESTRING(6.52570457179898 51.7530637742756,6.49904434781697 51.7487173754344)",line,1,110.0,1.8595295100225702,0.5950494432072224,247.68326548234944,20334.444705607846,-22.888493537731748,22.888493537731748,9.241033500247855,normal,9.709157498238042
178894,143745,143746,,,,,,,,1786.05643395046,,,,,'',"SRID=4326;LINESTRING(9.84412944371985 49.7176754427313,9.83820391042449 49.7322090440915)",line,1,220.0,1.7860564339504599,0.5715380588641472,495.3665309646989,84683.77433374831,46.8926494259033,46.8926494259033,9.466253066104903,normal,9.699379724381775
125230,114816,134318,220000,6,,,Anlage 322,EnBW,,929.293922209021,,,,,'',"SRID=4326;LINESTRING(9.20584178653036 48.9217453894164,9.19488883025304 48.9134592121868)",line,1,220.0,0.9292939222090211,0.29737405510688675,495.3665309646989,100000.0,73.07257448759819,73.07257448759819,14.75121347929853,normal,9.693820308217347
88261,112728,112729,380000;110000,12,4;1,50,380 kV Selfkant Weiß; 380 kV Paffendorf Süd; 110 kV Glesch Süd; Grefrath Ost,RWE,4179,970.729087480164,,,,,'',"SRID=4326;LINESTRING(6.68638353172359 50.9659612546528,6.69717301693809 50.9701700770486)",line,2,380.0,0.9707290874801641,0.15531665399682626,3290.896534380867,100000.0,468.25862511689076,468.25862511689076,14.22890754008426,normal,9.65294166455536
156828,112941,112037,220000;110000,10,2;1,50;16.7,293;294;Priort - Karow 1+2,50Hertz;DB Energie GmbH,,1742.13463897634,,,,,'',"SRID=4326;LINESTRING(13.2640795378954 52.7004780624634,13.2892739578484 52.7012627542122)",line,2,220.0,1.7421346389763401,0.27874154223621445,990.7330619293978,100000.0,-94.71058769767725,94.71058769767725,9.559647430482801,normal,9.643167033995773
180038,20715,16975,220000;220000;220000;220000;220000,3;3;3;6;3,2;1;2;1;1,50;50;50,AHM-SIT;Altheim - Sittling;AHM-SIT;Altheim - Sittling;Altheim - Sittling,transpower,219,45266.0088357844,,,,,'',"SRID=4326;LINESTRING(12.2208353638142 48.5857329874726,11.7922769698549 48.8380989680246)",line,5,220.0,45.2660088357844,2.8970245654902014,2476.832654823494,16706.796544478148,-62.283328864202474,62.283328864202474,2.5146361318722583,normal,9.642139747064837
178292,113392,134361,110000;220000;110000;220000;220000;110000;220000,6;12;6;3;6;6,1;2;1;2;2;1;1,50;50;50;50;50;50,110 kV Moitzfeld West; Springborn West;220 kV Merheim Ost|West; 110 kV Moitzfeld West; Springborn West;220 kV Merheim Ost|West;220 kV Merheim Ost|West;110 kV Moitzfeld West; Springborn West;220 kV Merheim Ost|West,RWE,0243,2535.37184078832,,,,,'',"SRID=4326;LINESTRING(7.05556075044011 50.927246291513,7.04774792555294 50.9044555806658)",line,7,220.0,2.53537184078832,0.11590271272175177,3467.5657167528925,100000.0,-262.5970832151547,262.5970832151547,7.572951882251754,normal,9.56326360140411
161486,128127,114988,220000;110000;220000;110000,12;12,2;1;2;1,,,RWE,2486,1310.54309942899,,,,,'',"SRID=4326;LINESTRING(6.73357068612546 51.5202530781326,6.75133532002657 51.5181267782282)",line,4,220.0,1.31054309942899,0.1048434479543192,1981.4661238587955,100000.0,225.15830872871234,225.15830872871234,11.363217670874382,normal,9.516497134800398
181527,121840,20705,380000;220000;220000;110000;380000,12;6;6,4;2;4;2,50;50;50,380 kV Gilzem Ost; Uchtelfangen West; 220 kV Niederstedem Ost|West;220kV Wengerohr | 110kV Idesheim Nord;380 kV Gilzem Ost; Uchtelfangen West; 220 kV Niederstedem Ost|West,Amprion,4530,3055.35824063106,,,,,'',"SRID=4326;LINESTRING(6.51644976841587 49.8799258905646,6.5385445265955 49.8553421239916)",line,5,380.0,3.05535824063106,0.19554292740038784,8000.0,100000.0,-543.2293199807036,543.2293199807036,6.790366499758795,normal,9.506778121375863
72013,17024,113456,110000;110000,3;3,1;1,50;50,110kV GkW Herne;110kV GkW Herne,RWE,,807.859661249445,,,,,'',"SRID=4326;LINESTRING(7.14063446483707 51.5572476011295,7.14981755960469 51.5520004900869)",line,2,110.0,0.807859661249445,0.1292575457999112,495.3665309646989,93611.55610002548,79.46558964347496,79.46558964347496,16.041776074116296,normal,9.499035643978699
146707,112147,112145,220000,12,2,50,220 kV Niederaußem 4d; Stommeln Nord; Wiesdorf Ltg.,RWE,2429,1434.81478337673,,,,,'',"SRID=4326;LINESTRING(6.96506842130516 51.0517391654628,6.96429901426431 51.0643006815507)",line,1,220.0,1.43481478337673,0.4591407306805536,495.3665309646989,100000.0,52.75326105147471,52.75326105147471,10.649338975069764,normal,9.476534614546015
161612,20400,114761,380000;220000;110000;380000;220000,9;6,4;2;1;4;2,50;50,,RWE,4316,13059.4213933745,,,,,'',"SRID=4326;LINESTRING(7.543058921425 51.4532264010534,7.70035924429324 51.4994706824738)",line,5,380.0,13.0594213933745,0.8358029691759679,8000.0,100000.0,-285.9897528637134,285.9897528637134,3.574871910796418,normal,9.449432942712289
180159,17140,112616,380000;220000;220000;220000;380000;0,3;9;6;3;6,4;2;2;2;4,50;50;50,,,,616.987457504262,,,,,'',"SRID=4326;LINESTRING(8.62872595935418 51.9936052081812,8.63365016450537 51.9998936777847)",line,6,380.0,0.616987457504262,0.03290599773356064,8000.0,100000.0,-1564.721132277025,1564.721132277025,19.55901415346281,normal,9.399374192696081
167897,200,112951,220000;110000,12,,,,,,453.508438090061,,,,,'',"SRID=4326;LINESTRING(8.40394268185539 49.089234984154,8.39752538696023 49.0902432462769)",line,2,220.0,0.45350843809006103,0.08,990.7330619293978,100000.0,-248.89484743316203,248.89484743316203,25.122291462490725,normal,9.395240750256482
150134,115561,115560,380000;110000,12,4;2;1,50,,TenneT,3002,386.723759997278,,,,,'',"SRID=4326;LINESTRING(9.20537969314821 50.9073329791782,9.20874199742514 50.9100977711971)",line,2,380.0,0.38672375999727804,0.08,3290.896534380867,100000.0,-939.3292103051954,939.3292103051954,28.543261706704374,normal,9.3320469518369
171572,115974,141718,220000;110000,6,2;1,,,,,1837.80955085746,,,,,'',"SRID=4326;LINESTRING(10.3273463775983 47.6710127786261,10.3125633262114 47.6578405929951)",line,2,220.0,1.83780955085746,0.2940495281371936,990.7330619293978,100000.0,-88.61900391003569,88.61900391003569,8.944791217268461,normal,9.32970767403483
168802,6901,14172,380000;220000;110000,18,4;2;1,50,,RWE,4588,710.65265764099,,,,,'',"SRID=4326;LINESTRING(6.63359223742174 51.2307140908495,6.6292412473431 51.2370301654116)",line,3,380.0,0.7106526576409901,0.07580295014837228,4936.3448015713,100000.0,854.6908098984951,854.6908098984951,17.314244532238433,normal,9.295584493590814
140141,114424,114427,220000,3,2,50,303,50Hertz Transmission,303,294.884875446392,,,,,'',"SRID=4326;LINESTRING(13.9643618464515 53.1733359931531,13.9659389287643 53.1758219835894)",line,1,220.0,0.294884875446392,0.16,495.3665309646989,100000.0,-177.67209666867956,177.67209666867956,35.86679469900257,normal,9.268761356920733
114463,114417,114418,220000,3,1,50,,RWE,2310,220.359840050763,,,,,'',"SRID=4326;LINESTRING(8.33426503650572 52.0724959428742,8.33466775124759 52.07052004268)",line,1,220.0,0.220359840050763,0.16,495.3665309646989,100000.0,230.49803671874037,230.49803671874037,46.53080543609965,normal,9.266412896612778
73677,117962,117961,380000;380000,6;6,,,,,,43548.0357882943,,,,,'',"SRID=4326;LINESTRING(9.57371123785626 50.3882417740258,9.12731798142032 50.2172295418905)",line,2,380.0,43.5480357882943,6.967685726127088,3290.896534380867,20724.241258261107,80.13641860776434,80.13641860776434,2.4350938344781725,normal,9.244999482133114
148246,118510,116828,380000,6,4,50,,,,18511.330226109,,,,,'',"SRID=4326;LINESTRING(8.46507528272793 50.6008152931588,8.32089181687103 50.7294840874106)",line,1,380.0,18.511330226109,5.92362567235488,1645.4482671904334,24376.962351605715,51.0573909443344,51.0573909443344,3.1029472006138348,normal,9.218841654887049
180842,23488,112235,220000;220000;220000;220000;220000,3;3;3;6;3,2;2;2,50;50;50;50;50,,TenneT,208,42970.6492908377,,,,,'',"SRID=4326;LINESTRING(10.6415011414879 53.9191079684965,10.0361687970235 53.8034600928007)",line,5,220.0,42.9706492908377,2.750121554613613,2476.832654823494,17599.222084858033,60.00205651420309,60.00205651420309,2.422531711916524,normal,9.165702875042955
178742,112907,17169,220000;110000;220000;220000;110000,8;6;6;2,2;1;4;2;1,50;16.7;16.7,Amstetten - Plochingen;Anlage 302 ; Hohck-Wdlng;2x 220 kV;Amstetten - Plochingen,EVS;DB_Energie,,1172.56217640877,,,,,'',"SRID=4326;LINESTRING(9.40268323670096 48.7104179384119,9.39174688715465 48.7190549961078)",line,5,220.0,1.17256217640877,0.07504397929016128,2476.832654823494,100000.0,291.9933007884956,291.9933007884956,11.788979777049324,normal,9.147154260179722
180900,17055,127911,220000;220000;220000;220000;220000;220000;220000,3;3;3;9;3;3;3,2;2,50;50,,,"A 01, 04, 05",505.235096073502,,,,,'',"SRID=4326;LINESTRING(8.65934958571703 51.9996166017244,8.65277987831222 52.0035822662628)",line,7,220.0,0.505235096073502,0.023096461534788667,3467.5657167528925,100000.0,775.2714561494622,775.2714561494622,22.357801393752503,normal,9.143202668901388
112890,16965,112666,220000,3,,,Bergrheinfeld - Raitersaich,,278,231.300502486993,,,,,'',"SRID=4326;LINESTRING(10.1602433058051 49.9891799219394,10.1626630874632 49.9862934714093)",line,1,220.0,0.231300502486993,0.16,495.3665309646989,100000.0,217.48606207663835,217.48606207663835,43.904068701027555,normal,9.135160401512248
95325,114691,114692,380000;220000,12,4;2,50,,RWE,4301,1066.07181870516,,,,,'',"SRID=4326;LINESTRING(7.70086966703767 51.6903694872844,7.70345349128939 51.6813668673683)",line,2,380.0,1.06607181870516,0.17057149099282562,3290.896534380867,100000.0,-413.3873922019249,413.3873922019249,12.561543271967302,normal,9.115272975567013
76311,118508,118510,380000;0;380000,6;3,4;4,50;50,,Tennet,,1192.2360821974,,,,,'',"SRID=4326;LINESTRING(8.47783082077326 50.5942537947547,8.46507528272793 50.6008152931588)",line,3,380.0,1.1922360821974,0.12717184876772267,4936.3448015713,100000.0,573.1882063066296,573.1882063066296,11.61159176166496,normal,9.114194583720701
122995,112687,112688,380000,9,,,Grafenrheinfeld - Eltmann;Grafenrheinfeld - Oberhaid;Eltmann - Knetzgau,TenneT TSO GmbH,422;423;150,299.355250682775,,,,,'',"SRID=4326;LINESTRING(10.5618045107968 49.9785486873148,10.5659796107428 49.9787867501102)",line,1,380.0,0.299355250682775,0.16,1645.4482671904334,100000.0,-565.3523189210557,565.3523189210557,34.35855931747902,normal,8.997413410489141
95562,114740,114742,380000;110000,12,,50,,RWE,,11736.8528478407,,,,,'',"SRID=4326;LINESTRING(8.35733619845317 51.3082977470217,8.28422752770733 51.2234753931746)",line,2,380.0,11.736852847840701,1.8778964556545124,3290.896534380867,76894.54845350969,-116.11211992604144,116.11211992604144,3.5282822997620076,normal,8.977712866614333
75946,17055,127911,380000;380000,3;3,,50,,,,462.482388447525,,,,,'',"SRID=4326;LINESTRING(8.65934958571703 51.9996166017244,8.65277987831222 52.0035822662628)",line,2,380.0,0.462482388447525,0.08,3290.896534380867,100000.0,775.2714561494622,775.2714561494622,23.55806231068027,normal,8.955250093607274
93827,115720,115721,220000,12,2;1,50,,RWE,2652,1528.67715574165,,,,,'',"SRID=4326;LINESTRING(7.16840918255636 51.3789433521959,7.18903926255075 51.3761778473448)",line,1,220.0,1.52867715574165,0.48917668983732804,495.3665309646989,98941.75459606436,-47.50045680654487,47.50045680654487,9.588951581779327,normal,8.89563492875932
72436,115761,114612,380000;0;380000,12;6,3;1;3,,"LFBSS-TRSNG 380 kV, ENGST-KUHMO-VILLI 380 kV;LFBSS-TRSNG 380 kV, ENGST-KUHMO-VILLI 380 kV",EnBW,345,19219.8732933632,,,,,'',"SRID=4326;LINESTRING(8.53055554991256 47.9148481845625,8.62544558152092 48.0557058380683)",line,3,380.0,19.2198732933632,2.0501198179587417,4936.3448015713,70434.90762592395,-145.10019641767585,145.10019641767585,2.9394258758320255,normal,8.837871685098229
142504,17905,113655,110000,6,1,,,Lechwerke,,236.552077173415,,,,,'',"SRID=4326;LINESTRING(10.8409361207181 48.2379249509995,10.8402931184888 48.2335590561114)",line,1,110.0,0.236552077173415,0.16,247.68326548234944,75625.0,102.98290557218189,102.98290557218189,41.578467310509815,normal,8.828228055804285
179523,17243,114630,220000;380000;220000;110000;380000;220000;110000,3;9;6;18,2;4;2;1;4;2;1,50;50;50;50,220 kV Frixheim Süd;380 kV Knechtsteden West; St. Peter Süd; 220 kV Frixheim Nord;110 kV Gohr Ost|West;380 kV Knechtsteden West; St. Peter Süd; 220 kV Frixheim Nord|Süd; 110 kV Gohr Ost|West,RWE,4570,2710.36986909252,,,,,'',"SRID=4326;LINESTRING(6.70974948680676 51.0909358881083,6.72085359597429 51.0655209844171)",line,7,380.0,2.7103698690925198,0.12390262258708662,8000.0,100000.0,-537.3250987463996,537.3250987463996,6.716563734329995,normal,8.806298732660615
174130,114560,143515,220000;0;220000,12;3;12,2;2;2,50;50;50,"220 kV Frimmersdorf 3c;Neurath 1a;Frimmersdorf 1a, Frimmersdorf 2b, Frimmersdorf 3c, Frimmersdorf 4d",RWE,4535,2190.81174071645,,,,,'',"SRID=4326;LINESTRING(6.5867615345246 51.0520914788793,6.61697098862421 51.0544999065057)",line,3,220.0,2.19081174071645,0.23368658567642134,1486.0995928940965,100000.0,112.77730389707142,112.77730389707142,7.58881197709259,normal,8.805111462186062
179306,16919,112558,380000;380000;380000;380000;380000;380000,3;3;3;3;3;6,4;4;4;4;4;4,50;50;50;50;50,380kV Lippe Süd;380kV Kusenhorst;380kV Lippe Süd;380kV Lippe Süd;380kV Kusenhorst;380kV Kusenhorst+Lippe Süd,Amprion,4569,8648.17694040488,,,,,'',"SRID=4326;LINESTRING(7.02345294590051 51.6256937981523,6.94278553101952 51.6000778494107)",line,6,380.0,8.648176940404879,0.4612361034882602,8000.0,100000.0,310.27360426402197,310.27360426402197,3.8784200533002746,normal,8.791482265946097
181196,134433,126468,380000;380000;380000;380000;380000,3;3;3;6;3,3;4;3;3;4,50;50;50;50;50,"449,454",50Hertz,449,1903.66675129876,,,,,'',"SRID=4326;LINESTRING(11.1223691907243 50.9988751071947,11.134668521812 50.9813412538528)",line,5,380.0,1.90366675129876,0.12183467208312064,8000.0,100000.0,657.0811148273403,657.0811148273403,8.213513935341755,normal,8.755395057828663
73241,112569,112570,380000;220000;380000;220000,12;12,4;2;4;2,50;50,,RWE,4578,4820.46265126749,,,,,'',"SRID=4326;LINESTRING(6.65756629606126 51.3847380852091,6.70351269739271 51.3705244743615)",line,4,380.0,4.820462651267491,0.3856370121013993,6581.793068761734,100000.0,-326.9973109160218,326.9973109160218,4.968210144253919,normal,8.750904751416352
122484,112139,112140,220000,9,2,50,220 kV Niederaußem 4d|5e; Stommeln Nord,RWE,4560,405.71649371055,,,,,'',"SRID=4326;LINESTRING(6.93393955092221 51.0355224507366,6.93024585813696 51.0327014477473)",line,1,220.0,0.40571649371055,0.16,495.3665309646989,100000.0,-127.15513754988362,127.15513754988362,25.66889961303119,normal,8.741470163723061
182173,114969,25248,220000;110000;220000,3;8;3,2,50;16.7;50,Bahnstrom Mannheim - Wiesental,Transnet BW GmbH,,6545.37100636155,,,,,'',"SRID=4326;LINESTRING(8.4818950686132 49.2386486575005,8.5120524890324 49.2939490258652)",line,3,220.0,6.54537100636155,0.698172907345232,1486.0995928940965,69323.80144058957,64.04698063563846,64.04698063563846,4.309736772816856,normal,8.70969471081219
142839,112774,112790,380000;110000,12,4,,,RWE,4534,2189.64160851766,,,,,'',"SRID=4326;LINESTRING(7.13808107041767 51.5605917525362,7.12913367052478 51.5789219776164)",line,2,380.0,2.18964160851766,0.35034265736282566,3290.896534380867,100000.0,-245.36858149897256,245.36858149897256,7.455979819953075,normal,8.648254831696208
149334,112752,112753,380000,6,4,,380kV Gersteinwerk Ost,RWE,4373,221.861974455937,,,,,'',"SRID=4326;LINESTRING(7.83143009177938 51.753842257322,7.83402074322725 51.7550403464858)",line,1,380.0,0.221861974455937,0.16,1645.4482671904334,100000.0,-706.8352562575542,706.8352562575542,42.95700268137021,normal,8.607548238663838
182137,115053,143697,220000,6,2,50,Otterbach - Beeden,,,6017.69666728371,,,,,'',"SRID=4326;LINESTRING(7.72188871755009 49.4870110593911,7.64248572232225 49.4766025599437)",line,1,220.0,6.01769666728371,1.9256629335307873,495.3665309646989,25134.20140006355,21.819585013015605,21.819585013015605,4.404735412891777,normal,8.582340882620953
179346,112413,17767,380000;380000;380000,3;6;3,3;3;3,50;50;50,503;504 Ragow-Streumen-Bad Lauchstädt;503;504 Ragow-Streumen-Bad Lauchstädt;503;504 Ragow-Streumen-Bad Lauchstädt,50Hertz,503;504,22434.8600105582,,,,,'',"SRID=4326;LINESTRING(12.1171522649608 51.5115855435674,11.8939194608678 51.4055028474632)",line,3,380.0,22.4348600105582,2.3930517344595414,4936.3448015713,60341.36158473482,134.18638102451771,134.18638102451771,2.718334849336386,normal,8.574238810033918
159096,113113,113114,220000;110000,6,2;1,,,Lechwerke,W6;O11,400.749954534459,,,,,'',"SRID=4326;LINESTRING(10.7855002879024 48.0221402842941,10.7833729874781 48.0254629597391)",line,2,220.0,0.400749954534459,0.08,990.7330619293978,100000.0,250.51160017702938,250.51160017702938,25.285478985547524,normal,8.521403012861581
152471,118661,118662,380000,3,3,50,449,50Hertz,449,269.782681320882,,,,,'',"SRID=4326;LINESTRING(10.3907435414706 51.0069739699321,10.3876428266044 51.008426169893)",line,1,380.0,0.26978268132088196,0.16,1645.4482671904334,100000.0,586.7083056437017,586.7083056437017,35.6564419157032,normal,8.516390280535811
119570,113482,122454,220000,3,,,,,,161.837606549979,,,,,'',"SRID=4326;LINESTRING(9.52509082141858 53.6183462739183,9.52419187731376 53.6194887862203)",line,1,220.0,0.161837606549979,0.16,495.3665309646989,100000.0,-281.0225598079155,281.0225598079155,56.73022746624397,normal,8.509698368920395
94866,17404,113111,110000,3,,,,,,384.827169573289,,,,,'',"SRID=4326;LINESTRING(10.6412605608381 48.0274331794465,10.646394549189 48.0256512480816)",line,1,110.0,0.384827169573289,0.16,247.68326548234944,75625.0,64.56186759908577,64.56186759908577,26.066301844557447,normal,8.486545203951827
117651,112869,112871,220000,3,4,50,,TenneT,316A,362.996630787064,,,,,'',"SRID=4326;LINESTRING(9.77314028520276 53.6950714428704,9.76851234452204 53.6968499480005)",line,1,220.0,0.362996630787064,0.16,495.3665309646989,100000.0,135.50812591649475,135.50812591649475,27.355123417926556,normal,8.471490019093181
172740,142541,134702,110000,10,,50;16.7,"Blumenau 2x 110 kV, Bahn 2x 110 kV",SMA;DB_Energie,,2468.4478709369,,,,,'',"SRID=4326;LINESTRING(8.53846258340467 49.4469244293567,8.49637255077007 49.4437955046864)",line,1,110.0,2.4684478709369,0.7899033186998081,247.68326548234944,15318.330374806841,16.84373726597917,16.84373726597917,6.800514856414269,normal,8.4578492528778
181313,123033,24815,110000;220000;110000;220000,6;6;6,1;1;1,50;50;50,110kV Gusterath Süd | Nord;220 kV Saar Nord; 110 kV Konz;220 kV Saar Nord,Westnetz,1080,5196.98229167219,,,,,'',"SRID=4326;LINESTRING(6.5353365777699 49.5951074649244,6.53979833871267 49.6416513638062)",line,4,220.0,5.19698229167219,0.4157585833337752,1981.4661238587955,100000.0,91.74526697828811,91.74526697828811,4.630170855488525,normal,8.445720777964656
117758,112875,112878,380000;220000;110000,18,4;2,50,,RWE,4170,3458.53402136937,,,,,'',"SRID=4326;LINESTRING(7.10406016380902 51.4787187524031,7.120626085795 51.4503911568097)",line,3,380.0,3.45853402136937,0.3689102956127328,4936.3448015713,100000.0,-278.45309491968396,278.45309491968396,5.640876116089964,normal,8.432094533101056
179973,112731,16993,380000;380000;380000;380000;380000,6;3;3;3;3,4;2;4;4;2,50;50;50;50;50,380 kV Paffendorf Süd; Selfkant Weiß;380 kV Selfkant Weiß;380 kV Paffendorf Süd;380 kV Paffendorf Süd;380 kV Selfkant Weiß,RWE,4514,3405.72264269133,,,,,'',"SRID=4326;LINESTRING(6.69729437933298 50.9753744867717,6.70247484431852 51.0089106741313)",line,5,380.0,3.40572264269133,0.2179662491322451,8000.0,100000.0,453.1760564642329,453.1760564642329,5.664700705802911,normal,8.400209014951137
73943,17786,115259,110000;110000;110000;110000,6;6;3;6,1,50;50;50;50,Görris 110 kV,WEMAG,,813.23250109686,,,,,'',"SRID=4326;LINESTRING(11.3705935827954 53.6009899381067,11.3583115678104 53.5984354769964)",line,4,110.0,0.81323250109686,0.0650586000877488,990.7330619293978,100000.0,139.80191443855873,139.80191443855873,14.110956806700509,normal,8.3975879394331
150521,19523,113376,220000;110000,9,2;1,,,Lechwerke,,1606.60448631913,,,,,'',"SRID=4326;LINESTRING(10.3219379845601 47.6829663148776,10.3341833653942 47.6717032828135)",line,2,220.0,1.60660448631913,0.2570567178110608,990.7330619293978,100000.0,86.47490873881571,86.47490873881571,8.728376195542584,normal,8.362206946943374
72859,112829,112830,380000;380000,18;18,4;4,,,RWE,4147,2042.53346560391,,,,,'',"SRID=4326;LINESTRING(6.99547989710221 51.5388140601712,6.99201976629084 51.5210694404674)",line,2,380.0,2.04253346560391,0.32680535449662557,3290.896534380867,100000.0,246.99837732454765,246.99837732454765,7.505504191459386,normal,8.35130355076469
135656,112955,113300,380000,6,,,"EDS-WDL 380 kV, AL1-BZW 380 kV",,,2608.07229650525,,,,,'',"SRID=4326;LINESTRING(9.39054017001634 48.6830158786037,9.40674047768168 48.6701078832782)",line,1,380.0,2.60807229650525,0.83458313488168,1645.4482671904334,100000.0,-105.65941691674242,105.65941691674242,6.4213150315052765,normal,8.239662181495296
162905,30208,114025,220000;110000;220000;110000,6;12,2;1;2;1,,,RWE,2458,6712.31986304,,,,,'',"SRID=4326;LINESTRING(8.09736662615603 50.8220270192031,8.10065221798956 50.8709675723922)",line,4,220.0,6.71231986304,0.5369855890432,1981.4661238587955,90132.77262475336,79.60761084065932,79.60761084065932,4.017611498985807,normal,8.207253235177383
181368,30208,118528,220000;110000;110000;220000;110000,6;6;12,2;1;2;1,,,RWE,2458,6781.947965392,,,,,'',"SRID=4326;LINESTRING(8.09736662615603 50.8220270192031,8.04358108017958 50.7851108739646)",line,5,220.0,6.781947965392,0.43404466978508804,2476.832654823494,100000.0,-98.77639758822943,98.77639758822943,3.9880125690311727,normal,8.182630860989967
140089,113492,134319,380000;110000,12,4;3;2,,"AL1-EDS 380 kV, EDS-WDL 380 kV, AL1-EDS/AIC 2x 110 kV",Neckarwerke;EVS,,3797.89537790367,,,,,'',"SRID=4326;LINESTRING(9.39125828325447 48.7429114558362,9.37193814992516 48.7185740475079)",line,2,380.0,3.79789537790367,0.6076632604645872,3290.896534380867,100000.0,-171.473152106838,171.473152106838,5.2105300277724504,normal,8.171035217026017
179483,112335,48876,380000;380000;380000;380000;380000;380000;380000,3;3;3;3;3;6;3,3;3;3,50;50;50;50;50;50;50,"Pulgar;Pulgar;589,590 Pulgar-Vieselbach",50Hertz Transmission,590,2001.57979514777,,,,,'',"SRID=4326;LINESTRING(12.3155299240988 51.1901519645185,12.3374179015243 51.196962739796)",line,7,380.0,2.00157979514777,0.09150079063532664,8000.0,100000.0,-589.180381866465,589.180381866465,7.364754773330813,normal,8.094887344173689
169732,29231,113956,380000;110000,,,,,,,1007.79518405051,,,,,'',"SRID=4326;LINESTRING(8.33729389339185 49.0584581449158,8.34557545475348 49.0661180539271)",line,2,380.0,1.00779518405051,0.1612472294480816,3290.896534380867,100000.0,381.89002259303163,381.89002259303163,11.60443722867995,normal,8.088724394606494
90229,117163,112722,220000,6,2,50,220 kV Niederaußem 1a|2b,RWE,4548,433.687583715991,,,,,'',"SRID=4326;LINESTRING(6.69982205887943 51.0031125767597,6.69363617000146 51.0029048886754)",line,1,220.0,0.43368758371599103,0.16,495.3665309646989,100000.0,-111.10516188570507,111.10516188570507,22.42887941366041,normal,8.080000554885446
123983,113106,116137,220000;110000,12,,,,LEW,,1019.37502599731,,,,,'',"SRID=4326;LINESTRING(10.2005110866768 47.9585186581685,10.1966289273449 47.9673202507849)",line,2,220.0,1.01937502599731,0.1631000041595696,990.7330619293978,100000.0,113.8224703886262,113.8224703886262,11.488712223549221,normal,8.074129895779743
142841,112796,112789,380000;110000,12,4,,,RWE,4534,1516.57221916164,,,,,'',"SRID=4326;LINESTRING(7.11012648692268 51.5992870653501,7.0967555130762 51.6100754598429)",line,2,380.0,1.51657221916164,0.2426515550658624,3290.896534380867,100000.0,-287.63100015587463,287.63100015587463,8.740201861435553,normal,8.066312589451142
78698,116017,116051,380000,6,,,,,,2878.72697893686,,,,,'',"SRID=4326;LINESTRING(7.96630251971638 47.594674952299,7.99538619569198 47.5783674856311)",line,1,380.0,2.8787269789368604,0.9211926332597953,1645.4482671904334,100000.0,-97.71786398486832,97.71786398486832,5.938677376452522,normal,8.049918763947938
71762,112015,112348,380000;220000;110000;380000;220000,18;12,4;2;4,,"2 x 380 kV, 2 x 220 kV, 2 x 110 kV;380kV Trebur Nord, 220kV Kranichstein Ost; 380kV Ried Ost, 220kV Pfungstadt",RWE,Anlage 4591,18187.3559594024,,,,,'',"SRID=4326;LINESTRING(8.6733134792451 49.9422308722911,8.52894010953713 49.856341440482)",line,5,380.0,18.1873559594024,1.1639907814017536,8000.0,100000.0,-217.84445438202127,217.84445438202127,2.723055679775266,normal,8.044591376438923
159253,16792,143139,,,,50,,,,1284.19621507605,,,,,'',"SRID=4326;LINESTRING(9.2156749306645 48.852305664436,9.23106124924509 48.8588912355959)",line,1,220.0,1.28419621507605,0.410942788824336,495.3665309646989,100000.0,48.20361940167106,48.20361940167106,9.730899523590578,normal,8.037861152475699
181514,17145,16952,380000;380000;380000;220000;380000;220000,3;3;9;6,1;1;4;4,50,380kV Trebur Nord;380kV Trebur Nord,RWE,4134,2319.61569156209,,,,,'',"SRID=4326;LINESTRING(8.38848172706277 49.9823438035022,8.40373379697308 49.9644145833259)",line,6,380.0,2.31961569156209,0.12371283688331147,8000.0,100000.0,-535.68103437599,535.68103437599,6.696012929699875,normal,8.03420455612498
83582,118532,128173,220000;110000,6,2;1,50,,Amprion,2319,1386.06437367317,,,,,'',"SRID=4326;LINESTRING(7.94205213929546 50.8371650883706,7.93969055824504 50.8494754508434)",line,2,220.0,1.38606437367317,0.22177029978770718,990.7330619293978,100000.0,91.11714602815235,91.11714602815235,9.196942095654581,normal,7.998077495977331
165278,14084,134912,155000;320000,,,0,,,,7295.78267778818,,,,,'',"SRID=4326;LINESTRING(7.73464596239445 54.519907485727,7.68295192017405 54.4444834567265)",line,2,320.0,7.29578267778818,1.1673252284461089,1441.0662718973058,87721.91117321288,53.870201138841175,53.870201138841175,3.738218164520341,normal,7.909124893296468
178165,114212,16993,220000;380000;220000;380000;220000;380000,3;6;3;3;3,2;4;2;4,50;50;50,220 kV Frimmersdorf 3c;380 kV Neurath 4d;380 kV Neurath 4d,RWE,4535,3985.82350429988,,,,,'',"SRID=4326;LINESTRING(6.66198474961773 51.0370275895329,6.70247484431852 51.0089106741313)",line,6,380.0,3.98582350429988,0.21257725356266025,8000.0,100000.0,-393.208075873297,393.208075873297,4.915100948416212,normal,7.896594234852567
96927,113528,113529,220000,3,1,,,RWE,,74.3303603432887,,,,,'',"SRID=4326;LINESTRING(7.37078677015992 52.1978770689279,7.37185639416872 52.1977066547834)",line,1,220.0,0.0743303603432887,0.16,495.3665309646989,100000.0,544.6838148543742,544.6838148543742,109.95571577951233,overload,7.88355508606463
179918,24835,118359,110000;110000;110000,3;6;3,1;1;1,50;50;50,110 kV Rosengarten West;110 kV Rosengarten Ost|West;110 kV Rosengarten Ost,RWE,0240,252.335287113193,,,,,'',"SRID=4326;LINESTRING(8.41755868722372 49.6388189136666,8.41998183175876 49.641670956609)",line,3,110.0,0.25233528711319303,0.05333333333333334,743.0497964470483,100000.0,259.9757762599575,259.9757762599575,34.98766536281315,normal,7.872575914013906
178091,113141,21763,220000;110000;220000;110000;220000;220000;110000,12;12;6;12,2;1;2;1;2;2;1,50;50;50,,RWE,2444,13164.6696888891,,,,,'',"SRID=4326;LINESTRING(6.32189399165419 51.7172592493844,6.49904434781697 51.7487173754344)",line,7,220.0,13.1646696888891,0.6018134714920731,3467.5657167528925,80423.59018651099,102.94787333683627,102.94787333683627,2.9688802389371585,normal,7.869761710591667
134371,125876,125877,380000;110000,10,4;1,50;16.7,380 kV 467; 468; 110 kV Bahnstrom Eischleben - Wolfsberg 1|2,50Hertz;DB Energie GmbH,,4429.19006550593,,,,,'',"SRID=4326;LINESTRING(10.9996629635499 50.7893879666169,11.0037839849157 50.8284139665324)",line,2,380.0,4.42919006550593,0.7086704104809488,3290.896534380867,100000.0,-152.53393026660316,152.53393026660316,4.635026615788155,normal,7.841491509671809
178538,112021,23874,380000;380000;380000;380000;380000,3;3;6;3,3;4;3;3,50;50;50;50;50,"517;496;Neuenhagen (380 kV);517, 520;520",50Hertz,517;520,19919.5329025113,,,,,'',"SRID=4326;LINESTRING(13.5186145685364 52.6206132442322,13.7095318569489 52.5398286734852)",line,5,380.0,19.9195329025113,1.274850105760723,8000.0,100000.0,205.60073064795486,205.60073064795486,2.570009133099436,normal,7.814583880522714
71881,17202,112873,380000;220000;380000;220000,12;12,4;2;4;2,50,,RWE,4546,3495.37179801134,,,,,'',"SRID=4326;LINESTRING(7.10471844205027 51.481790311093,7.12125742177668 51.4510951846754)",line,4,380.0,3.49537179801134,0.2796297438409072,6581.793068761734,100000.0,-341.34006270349903,341.34006270349903,5.186125712817604,normal,7.794997841726405
179034,114476,118536,220000;220000;110000,6;12,1,50;50,,Amprion,2319,12773.190060188,,,,,'',"SRID=4326;LINESTRING(7.97075699571575 50.9534003501739,7.9395702738285 50.8498200561345)",line,3,220.0,12.773190060188,1.3624736064200533,1486.0995928940965,35523.62392338203,-44.018473056758694,44.018473056758694,2.9620136676731845,normal,7.768544196256874
132055,112951,113955,110000,6,,,DAXLA-LEOPO;ESSOX-HOCHS,,1060,4268.85501805175,,,,,'',"SRID=4326;LINESTRING(8.39752538696023 49.0902432462769,8.35827862101774 49.0642469702421)",line,1,110.0,4.268855018051751,1.3660336057765603,247.68326548234944,8857.761587147348,-11.569337742726765,11.569337742726765,4.671021160915381,normal,7.762364037975676
142463,112727,112726,380000,6,4,50,380 kV Paffendorf Süd; Selfkant weiß,RWE,4179,301.121927087025,,,,,'',"SRID=4326;LINESTRING(6.66661161232012 50.9744367790006,6.66352365353096 50.9763307843942)",line,1,380.0,0.301121927087025,0.16,1645.4482671904334,100000.0,-484.33271700889514,484.33271700889514,29.434697320255626,normal,7.748004514094212
139880,20702,116076,220000,6,,50,,,,1423.4498176279,,,,,'',"SRID=4326;LINESTRING(6.2110684891669 49.9586167664622,6.19084668002849 49.955168142347)",line,1,220.0,1.4234498176279,0.455503941640928,495.3665309646989,100000.0,-43.333076083718055,43.333076083718055,8.74767942019201,normal,7.743376449448807
118824,113956,113955,380000;110000,,,,,,,950.026374517304,,,,,'',"SRID=4326;LINESTRING(8.34557545475348 49.0661180539271,8.35827862101774 49.0642469702421)",line,2,380.0,0.950026374517304,0.15200421992276864,3290.896534380867,100000.0,380.195551205692,380.195551205692,11.552947570173918,normal,7.715553984293821
125335,17647,113401,220000,3,1,,Regensburg - Schwandorf,TenneT TSO GmbH,275,1122.87265181081,,,,,'',"SRID=4326;LINESTRING(12.0823055225582 49.2975904932612,12.0807454329576 49.2861351867559)",line,1,220.0,1.12287265181081,0.35931924857945924,495.3665309646989,100000.0,50.761115574543545,50.761115574543545,10.247183126338609,normal,7.713774049496948
161635,115164,115596,220000;220000,6;6,1;1,50;50,220kV Bixterheide Nord+Bigge Ost;220kV Bixterheide Nord+Bigge Ost,RWE,,3595.46025867097,,,,,'',"SRID=4326;LINESTRING(7.71725862091268 51.4100089603608,7.67741097187665 51.3894973414747)",line,2,220.0,3.5954602586709696,0.5752736413873552,990.7330619293978,84133.87389569325,-49.94582002160272,49.94582002160272,5.04129941160296,normal,7.6883290283775985
161611,20400,112518,380000;220000;110000;380000;220000,9;6,4;2;1;4;2,50;50,,RWE,4316,9474.28539777011,,,,,'',"SRID=4326;LINESTRING(7.543058921425 51.4532264010534,7.42857323643065 51.4573758688246)",line,5,380.0,9.47428539777011,0.6063542654572871,8000.0,100000.0,261.6062181212575,261.6062181212575,3.2700777265157184,normal,7.68116158051137
142817,115229,114867,220000;110000,12,4;1,50,,RWE,4197,4748.12765568428,,,,,'',"SRID=4326;LINESTRING(7.20011782562368 50.5205889638786,7.15620422194867 50.5527307687869)",line,2,220.0,4.74812765568428,0.7597004249094849,990.7330619293978,63709.323324080884,43.490563175008695,43.490563175008695,4.389735726625821,normal,7.677095454760917
85796,114792,17202,380000;220000;110000,18,4;2;1,,,RWE,4550,3958.5508586138,,,,,'',"SRID=4326;LINESTRING(7.14629239076675 51.5048312824945,7.10471844205027 51.481790311093)",line,3,380.0,3.9585508586138,0.4222454249188053,4936.3448015713,100000.0,-236.04041738368718,236.04041738368718,4.781684158459769,normal,7.656019213993055
140566,113028,113029,380000;110000,12,4;1,50,,RWE,4529,6590.51967243856,,,,,'',"SRID=4326;LINESTRING(6.20793856561332 50.9441646933566,6.1336619951666 50.9791984844974)",line,2,380.0,6.5905196724385595,1.0544831475901695,3290.896534380867,100000.0,-124.25943903747738,124.25943903747738,3.7758537146126034,normal,7.65327810977098
153507,114822,114823,220000,12,,,Anlage 326,EnBW,,252.468854439547,,,,,'',"SRID=4326;LINESTRING(9.2067129726929 48.9218333400564,9.20986821529684 48.9227736938957)",line,1,220.0,0.252468854439547,0.16,495.3665309646989,100000.0,-168.34075120847058,168.34075120847058,33.98306923978822,normal,7.650155959747657
131084,29012,113918,220000,6,2,50,,,,5808.07110625947,,,,,'',"SRID=4326;LINESTRING(8.31561235121278 49.0063693307387,8.37638353674847 48.9747842418892)",line,1,220.0,5.80807110625947,1.8585827540030304,495.3665309646989,26041.347847307683,19.749664502070296,19.749664502070296,3.9868790617745042,normal,7.647267955383497
109610,17701,118233,380000;110000,12,4;1,,,TenneT,3010,8792.38839291044,,,,,'',"SRID=4326;LINESTRING(9.74619344386414 50.9168529888981,9.81094282966296 50.8576705933844)",line,2,380.0,8.79238839291044,1.4067821428656704,3290.896534380867,100000.0,109.97427710035535,109.97427710035535,3.341772551990772,normal,7.624606264410314
80254,121708,134299,110000,6,1,50,110 kV Gleuel Ost|West,RWE,2351,6012.93204685186,,,,,'',"SRID=4326;LINESTRING(6.83558938850248 50.9129500759663,6.80447610684917 50.9661875964499)",line,1,110.0,6.01293204685186,1.9241382549925954,247.68326548234944,6288.529407179509,9.678679531292165,9.678679531292165,3.9076840788752816,normal,7.611214641460822
91672,112092,112407,380000,6,,50,"Anlage 372 ; MUHLHS-WDLNG, MULHS-PULVE",,,2166.8917725619,,,,,'',"SRID=4326;LINESTRING(9.29358545055896 48.8663994790317,9.30257246615588 48.8831811806587)",line,1,380.0,2.1668917725619,0.6934053672198079,1645.4482671904334,100000.0,-108.08178583283367,108.08178583283367,6.568531383692842,normal,7.571878450870659
127493,115795,114397,220000,6,,50,220kV Itterbach Ost+West,,,167.597618283265,,,,,'',"SRID=4326;LINESTRING(7.00055043772342 51.2487118670899,7.00144542924099 51.250121793599)",line,1,220.0,0.167597618283265,0.16,495.3665309646989,100000.0,241.37655766753863,241.37655766753863,48.72686033056596,normal,7.550145154703404
73036,112728,112727,380000;110000;380000;110000,12;12,4;1;4;1,50;50,380 kV Selfkant Weiß; 380 kV Paffendorf Süd; 110 kV Glesch Süd; Grefrath West;380 kV Selfkant Weiß; 380 kV Paffendorf Süd; 110 kV Glesch Süd; Grefrath West,RWE,4177,1838.38926381975,,,,,'',"SRID=4326;LINESTRING(6.68638353172359 50.9659612546528,6.66661161232012 50.9744367790006)",line,4,380.0,1.83838926381975,0.14707114110558,6581.793068761734,100000.0,-476.3242132823753,476.3242132823753,7.236997704213581,normal,7.5499018246641665
154532,115472,134475,220000,3,2,50,,Amprion,,329.932658724461,,,,,'',"SRID=4326;LINESTRING(7.31396545383045 52.4757945582336,7.30534456314174 52.4800010323376)",line,1,220.0,0.32993265872446104,0.16,495.3665309646989,100000.0,130.97043561453026,130.97043561453026,26.439096593682375,normal,7.538534887745531
169632,17024,112786,220000,6,2,,220kV Hochlarmark Ost+West,RWE,4340,247.437552714381,,,,,'',"SRID=4326;LINESTRING(7.14063446483707 51.5572476011295,7.13937473425833 51.5608313916517)",line,1,220.0,0.247437552714381,0.16,495.3665309646989,100000.0,-168.7816228776562,168.7816228776562,34.072068322614236,normal,7.53304433395988
103293,112865,112870,220000;110000,6;6,4;1,50,,TenneT,316;138,1153.74539853682,,,,,'',"SRID=4326;LINESTRING(9.78572271789284 53.7061889645288,9.77606331330576 53.6975393850698)",line,2,220.0,1.15374539853682,0.1845992637658912,990.7330619293978,100000.0,96.89310325225325,96.89310325225325,9.779940427501158,normal,7.503252177246224
73333,17672,114787,220000;220000;220000,6;3;3,2;2;2,,220kV Hochlarmark Ost;Hochlarmark Ost,RWE,2649,1171.95796177679,,,,,'',"SRID=4326;LINESTRING(7.0608429248286 51.6967174563455,7.06315816212402 51.6843808422435)",line,3,220.0,1.17195796177679,0.12500884925619093,1486.0995928940965,100000.0,143.72789511407635,143.72789511407635,9.671484724262271,normal,7.501484482362503
71928,17467,113157,220000;220000;220000,6;6;9,1;1;1,,,TenneT,207A,6051.61186995591,,,,,'',"SRID=4326;LINESTRING(10.0604130936781 54.3488018103611,9.99682977410136 54.3134085592386)",line,3,220.0,6.05161186995591,0.6455052661286305,1486.0995928940965,74980.02346328695,56.93936897180833,56.93936897180833,3.8314638698555905,normal,7.483830653614709
130683,46272,114246,220000,6,4,50,,RWE,4502,562.975104636761,,,,,'',"SRID=4326;LINESTRING(7.44924655271619 50.4025219054932,7.43969006773468 50.4050806613684)",line,1,220.0,0.562975104636761,0.18015203348376355,495.3665309646989,100000.0,82.94776181547725,82.94776181547725,16.744724689805157,normal,7.47804540985792
102686,112349,112350,380000,6,4,50,380 kV Ried Ost|West,RWE,4591,345.184745028939,,,,,'',"SRID=4326;LINESTRING(8.58343011804125 49.8152343529631,8.58323275817333 49.8183467567896)",line,1,380.0,0.34518474502893903,0.16,1645.4482671904334,100000.0,411.2875933697746,411.2875933697746,24.99547397330449,normal,7.411941904147399
130780,112024,112023,380000;220000,12,4;2,50,293;294;517;518,50Hertz,293;294;517;518,2112.45795319339,,,,,'',"SRID=4326;LINESTRING(13.4799348192012 52.6283285649822,13.5082534898809 52.6211091901889)",line,2,380.0,2.11245795319339,0.3379932725109424,3290.896534380867,100000.0,213.98260415529043,213.98260415529043,6.502258637418635,normal,7.382747378183953
101255,112602,113882,380000,6,4,50,,,,133.873184582546,,,,,'',"SRID=4326;LINESTRING(8.48113159045323 50.5925468683535,8.48275044442674 50.5919034758504)",line,1,380.0,0.133873184582546,0.16,1645.4482671904334,100000.0,-965.0072262399556,965.0072262399556,58.64707177258658,normal,7.368381084049283
180886,17748,114777,220000;110000;380000;220000;110000;380000,3;6;6;3;6;6,1;1;4;1;4,50;50;50,,RWE,1659,1505.99709651118,,,,,'',"SRID=4326;LINESTRING(7.03495438287882 52.2028584150601,7.01587039641033 52.1955271681998)",line,6,380.0,1.50599709651118,0.08031984514726294,8000.0,100000.0,640.6945840627509,640.6945840627509,8.008682300784386,normal,7.357469897104244
133590,116195,116194,220000,12,2;1,,Pirach - St. Peter;Pirach - Pleinting;St. Peter - Simbach;Altheim - St. Peter,TenneT TSO GmbH,256;257;230;233,4937.79070804428,,,,,'',"SRID=4326;LINESTRING(13.0525448836117 48.2698932875001,12.9981968089224 48.2953359501084)",line,1,220.0,4.93779070804428,1.5800930265741695,495.3665309646989,30631.107906942027,-20.390294446347454,20.390294446347454,4.116203492116935,normal,7.332346113155506
181701,141526,19958,110000;110000;110000,6;6;6,1;2;1,50,110kV;110kV Laer-Pöppinghausen Ost+West;110kV Elbestraße Ost+West,RWE,1691,1766.4235383593,,,,,'',"SRID=4326;LINESTRING(7.28513430054199 51.4891420320747,7.27894548135284 51.4722703560338)",line,3,110.0,1.7664235383592999,0.1884185107583253,743.0497964470483,64218.743430787676,53.45276941969584,53.45276941969584,7.193699490301257,normal,7.3199873635974155
73341,30069,113965,380000;380000,3;3,,50;50,Emsland Ost/West;380-kV-Emsland Ost,TenneT,305,443.600934199665,,,,,'',"SRID=4326;LINESTRING(7.27718346941648 52.7532334427173,7.27574474360549 52.7477279670077)",line,2,380.0,0.443600934199665,0.08,3290.896534380867,100000.0,-655.204987888336,655.204987888336,19.90961979640612,normal,7.309630572490715
97988,113224,113223,220000,6,1,50,220 kV Merheim Ost|West,RWE,2380,252.097268816898,,,,,'',"SRID=4326;LINESTRING(7.03985748062147 50.9482208706478,7.04002268080222 50.9504958561551)",line,1,220.0,0.25209726881689803,0.16,495.3665309646989,100000.0,160.81450063140102,160.81450063140102,32.463739590606515,normal,7.298496649470647
90673,112684,112685,380000,3,,,Grafenrheinfeld - Oberhaid,,423,390.598501477715,,,,,'',"SRID=4326;LINESTRING(10.6657833371238 49.976461760289,10.6606692282113 49.9752225594048)",line,1,380.0,0.39059850147771497,0.16,1645.4482671904334,100000.0,364.0626860682894,364.0626860682894,22.125441031939484,normal,7.295515285834565
162902,118528,118517,220000;110000;220000;110000,6;12,2;1;2;1,,,RWE,2458,2413.65536450814,,,,,'',"SRID=4326;LINESTRING(8.04358108017958 50.7851108739646,8.04780163487896 50.7687840513797)",line,4,220.0,2.41365536450814,0.1930924291606512,1981.4661238587955,100000.0,-117.66015617250547,117.66015617250547,5.938035213207119,normal,7.29062267594645
181777,17511,134273,380000;380000;380000;380000;380000,3;3;6;3;3,,50;50;50;50;50,561;562;561;562,50Hertz_Transmission,561,61754.073106295,,,,,'',"SRID=4326;LINESTRING(14.4719257134627 51.5537450011006,14.4282090197737 51.8888221394086)",line,5,380.0,61.754073106295,3.9522606788028805,8000.0,36536.05157535763,-140.80798424795304,140.80798424795304,1.760099803099413,normal,7.285446442632879
121440,116712,116711,380000;220000,9,4;2,50,RWE 4301 Pkt Waltrop - Gersteinwerk,RWE,4301,2732.38717638228,,,,,'',"SRID=4326;LINESTRING(7.36881856137242 51.6297474608662,7.402020384105 51.641982746592)",line,2,380.0,2.73238717638228,0.4371819482211648,3290.896534380867,100000.0,-181.72251105518234,181.72251105518234,5.521975825027593,normal,7.272707341281999
159276,16859,134279,380000,,,50,"903, 904",50Hertz,903;904,1818.0595003214,,,,,'',"SRID=4326;LINESTRING(13.2810384688502 52.5265496388475,13.3110023048904 52.5221080071124)",line,1,380.0,1.8180595003214,0.581779040102848,1645.4482671904334,100000.0,-115.47247733869476,115.47247733869476,7.01769114478825,normal,7.270668577941514
156149,114673,114676,220000;110000,9,2,,,RWE,4316,348.634478186035,,,,,'',"SRID=4326;LINESTRING(7.96854821809515 51.6671606555255,7.97137261117995 51.6697691522584)",line,2,220.0,0.348634478186035,0.08,990.7330619293978,100000.0,-240.42589585225872,240.42589585225872,24.26747477105918,normal,7.258221709770664
112914,112672,112673,380000;110000,9,3;1,,Redwitz - Remptendorf;Redwitz - Remptendorf;Windheim - Redwitz,TenneT TSO GmbH;E.ON Netz GmbH,413;414;168,385.280433769741,,,,,'',"SRID=4326;LINESTRING(11.3057130519685 50.2938843930392,11.3023823683896 50.2911414705003)",line,2,380.0,0.385280433769741,0.08,3290.896534380867,100000.0,722.8073378666488,722.8073378666488,21.963842688923503,normal,7.15807340315308
180405,18647,113747,220000;380000;220000;380000;220000;380000;380000;220000,3;12;6;3;6;3,2;4;4;2;4;2,,Dellmensingen - Obermooweiler;Dellmensingen Ost;Dellmensingen - Obermooweiler;Dellmensingen Ost;Dellmensingen - Obermooweiler;Dellmensingen Ost,EnBW;RWE,0304,75495.1909308628,,,,,'',"SRID=4326;LINESTRING(9.88562708565078 48.3041011089674,9.80615418037791 47.6549015670601)",line,8,380.0,75.49519093086279,3.0198076372345115,8000.0,47817.61534063774,-131.05328035366261,131.05328035366261,1.6381660044207826,normal,7.105099258591333
138557,114036,114037,380000;110000,10,4;1,50;16.7,380 kV 467; 468; 110 kV Bahnstrom Weimar - Eischleben,50Hertz;DB Energie GmbH,,3734.68406895347,,,,,'',"SRID=4326;LINESTRING(11.0850314819672 50.8866098823385,11.1157564697985 50.899162373573)",line,2,380.0,3.73468406895347,0.5975494510325552,3290.896534380867,100000.0,-150.16213389946742,150.16213389946742,4.56295518047085,normal,7.095007463157485
148855,114819,134318,380000,6,,,Anlage 315,EnBW,,1430.37788298727,,,,,'',"SRID=4326;LINESTRING(9.20551012852747 48.9234550866815,9.19488883025304 48.9134592121868)",line,1,380.0,1.43037788298727,0.4577209225559264,1645.4482671904334,100000.0,131.43159271818695,131.43159271818695,7.987585835354368,normal,7.093349662716228
150859,17137,112996,380000,6,4,50,380 kV Kirchberg Süd; Selfkant weiss,RWE,4529,496.04666021182,,,,,'',"SRID=4326;LINESTRING(6.45659082917129 50.8712553044483,6.45064485008756 50.8732803491044)",line,1,380.0,0.49604666021182,0.16,1645.4482671904334,100000.0,-288.77273878205045,288.77273878205045,17.549791417941297,normal,7.069513489484969
72117,113282,112162,380000;110000;380000;110000,12;12,4;2;1;4;1,50;50,380 kV Siegtal Nord|Süd; 110 kV Stockem Ost|West;380 kV Siegtal Nord|Süd; 110 kV Stockem Ost|West,RWE,4103,3727.2436135332,,,,,'',"SRID=4326;LINESTRING(7.10735096218934 50.817819045726,7.05869101987915 50.8101556507429)",line,4,380.0,3.7272436135332,0.298179489082656,6581.793068761734,100000.0,-299.267570623174,299.267570623174,4.546900327868812,normal,7.06289255445484
100527,112825,112842,220000,3,2,,220kV Polsum Süd,RWE,2422,483.925290306412,,,,,'',"SRID=4326;LINESTRING(7.02936731405964 51.6243730705648,7.03125575244991 51.6285663485415)",line,1,220.0,0.483925290306412,0.16,495.3665309646989,100000.0,-88.61625733671552,88.61625733671552,17.889027981793657,normal,7.060634765689673
169868,140523,140524,110000,6,1,,,E.ON Netz GmbH,1601;1602,1445.08848131123,,,,,'',"SRID=4326;LINESTRING(11.763170489226 48.4455309470333,11.7832109116846 48.446818592387)",line,1,110.0,1.44508848131123,0.46242831401959356,247.68326548234944,26166.21783995543,-19.53079794513633,19.53079794513633,7.885392623155701,normal,7.050182173845934
140031,115470,134475,110000,12,1,50,"110kV Rühle Ost,110kV Hanekenfähr-Holthausen,110kV Rühle Ost,110kV Hanekenfähr-Holthausen",RWE AG,,706.035528134021,,,,,'',"SRID=4326;LINESTRING(7.31295709492403 52.4699261417129,7.30534456314174 52.4800010323376)",line,1,110.0,0.7060355281340209,0.2259313690028867,247.68326548234944,53556.08675945039,-32.43718406998129,32.43718406998129,13.09623563255744,normal,6.995645972004134
180797,114724,36438,380000;220000;110000;380000;110000;220000,18;6;6;6,,50;50,,TenneT,,2465.7146217275,,,,,'',"SRID=4326;LINESTRING(9.35017401339832 51.6345861816834,9.38777953653319 51.6407781055605)",line,6,380.0,2.4657146217275,0.13150477982546666,8000.0,100000.0,-448.6062014745995,448.6062014745995,5.607577518432494,normal,6.969763808425703
127119,112143,112144,380000;110000,12,4;2,50,,Amprion,4516,790.525344731731,,,,,'',"SRID=4326;LINESTRING(6.94848291604599 51.0730053618564,6.95688970980089 51.0682516455514)",line,2,380.0,0.790525344731731,0.12648405515707695,3290.896534380867,100000.0,-393.48462899800876,393.48462899800876,11.9567608670516,normal,6.964921598717259
179866,134330,115656,110000;220000;110000;220000,6;9;3,1;2;1;2,50;50,,RWE,,393.185432199516,,,,,'',"SRID=4326;LINESTRING(6.62486154217348 51.2599257380206,6.62672389842241 51.2542525872206)",line,4,220.0,0.393185432199516,0.04,1981.4661238587955,100000.0,-415.98582324988695,415.98582324988695,20.993839775558595,normal,6.961406178909678
105960,114771,114772,380000;220000,9,4,,,RWE,4307,617.309116163351,,,,,'',"SRID=4326;LINESTRING(7.61228922232192 51.8968202494364,7.60418111839898 51.897144089017)",line,2,380.0,0.6173091161633509,0.09876945858613616,3290.896534380867,100000.0,-476.226456872908,476.226456872908,14.471024898462902,normal,6.957143889503371
180431,16777,112208,220000;220000;220000,3;3;3;3,2;2;2;2,,,TenneT,203,270.689937333958,,,,,'',"SRID=4326;LINESTRING(9.98468121228376 53.7412414837162,9.98045887636357 53.7450907669697)",line,3,220.0,0.270689937333958,0.05333333333333334,1486.0995928940965,100000.0,-430.3763738576424,430.3763738576424,28.960129988294277,normal,6.937689049947593
90766,17306,113303,380000;220000,6,,,380 kV; 220 kV,,,1370.25564564828,,,,,'',"SRID=4326;LINESTRING(9.40081810882864 48.6669725947836,9.4201526841997 48.6744465468642)",line,2,380.0,1.37025564564828,0.2192409033037248,3290.896534380867,100000.0,-264.5506278265403,264.5506278265403,8.038861904733555,normal,6.937520272472888
138169,118102,118106,380000,3,4,,HUEFF-WIESL-NEURO,,,2678.31243921856,,,,,'',"SRID=4326;LINESTRING(8.71891205289853 49.3051572910686,8.75391068586241 49.3086712448478)",line,1,380.0,2.67831243921856,0.8570599805499393,1645.4482671904334,100000.0,-87.34151346379005,87.34151346379005,5.308068032605107,normal,6.913514816636409
160878,113340,113160,380000;220000;110000;380000;220000;110000,18;18,4;2;1;4;2;1,50;50,380 kV Knechtsteden West; 220 kV Frixheim Nord; Neurath 1a; Osterath West; 110 kV Kaarst Ost|West,RWE,4570,876.216863122196,,,,,'',"SRID=4326;LINESTRING(6.638092258006 51.2232811829376,6.64272352245328 51.2159502725208)",line,6,380.0,0.8762168631221959,0.046731566033183784,8000.0,100000.0,-876.9977856305844,876.9977856305844,10.962472320382306,normal,6.8982172967022475
116567,114046,114045,220000,3,,,1 x 220 kV,,,115.789340698108,,,,,'',"SRID=4326;LINESTRING(8.77654805135917 49.9712240847055,8.77499315743388 49.9715436490467)",line,1,220.0,0.115789340698108,0.16,495.3665309646989,100000.0,311.1795860145095,311.1795860145095,62.81804816496271,watch,6.882476227417612
76028,17712,113482,220000;220000,3;6,,50;50,,EON_Netz,,177.33404821786,,,,,'',"SRID=4326;LINESTRING(9.52950909749613 53.6191122380472,9.52509082141858 53.6183462739183)",line,2,220.0,0.17733404821785997,0.08,990.7330619293978,100000.0,416.6228880823339,416.6228880823339,42.051981920436155,normal,6.865095437489991
160905,115620,28727,220000;110000;220000;110000;220000;110000,10;10;10,2;1;2;1;2;1,50;16.7;50;16.7;50;16.7,,markE,,15929.2176420198,,,,,'',"SRID=4326;LINESTRING(7.68254259793718 51.2741512561156,7.55518070138033 51.3752428329497)",line,6,220.0,15.929217642019799,0.849558274241056,2972.199185788193,56970.782896838515,-72.09386693301853,72.09386693301853,2.425606846194599,normal,6.862141178319078
141537,112617,112623,220000,3,2,50,,,,71.9086699225755,,,,,'',"SRID=4326;LINESTRING(8.63411755794769 52.0032843567084,8.6332929943484 52.0028683749861)",line,1,220.0,0.0719086699225755,0.16,495.3665309646989,100000.0,488.00552923604636,488.00552923604636,98.51402925540461,tight,6.840899214174135
163900,18203,27947,300000;300000;300000;300000,2;2;2;2,,0;0;0;0,HGÜ BorWin2;HGÜ BorWin2;HGÜ BorWin2;HGÜ BorWin2,TenneT,,54554.8437730624,,,,,'',"SRID=4326;LINESTRING(7.29690722031767 53.5330285207248,7.31133817564833 53.1257707770975)",line,4,300.0,54.5548437730624,4.364387501844992,2701.9992598074487,20621.45030933976,45.93984696617882,45.93984696617882,1.7002168597726637,normal,6.830401411260976
162979,17099,114200,110000;220000;110000;220000;220000;220000,3;6;3;6;3,2;2;1;2;2;2,50,,Tennet,2812,4254.43726238051,,,,,'',"SRID=4326;LINESTRING(8.70215267475532 51.7363241568211,8.70941928579665 51.6998988507236)",line,6,220.0,4.2544372623805105,0.22690332066029392,2972.199185788193,100000.0,-120.9370317019176,120.9370317019176,4.068941014457835,normal,6.75066981949907
155219,114867,114653,220000;110000,12,4;1,50,,RWE,4197,6124.52595987635,,,,,'',"SRID=4326;LINESTRING(7.15620422194867 50.5527307687869,7.0931991726979 50.5845581868254)",line,2,220.0,6.124525959876349,0.9799241535802159,990.7330619293978,49391.577728916556,34.05195761221436,34.05195761221436,3.437046659763232,normal,6.7487895693444555
147242,112660,112661,110000,6,1,,Brünnstadt - Heidenfeld - Schwebheim;Brünnstadt - Knetzgau,,151;152,71.1211050723802,,,,,'',"SRID=4326;LINESTRING(10.2385576135681 49.973013063045,10.2390716295737 49.9724528733883)",line,1,110.0,0.0711211050723802,0.16,247.68326548234944,75625.0,242.61067339841745,242.61067339841745,97.95198433206482,tight,6.729875489197466
180235,24254,118043,220000;220000;110000;110000,3;6;3,,50;50,Anlage 5230,,,2320.80839386512,,,,,'',"SRID=4326;LINESTRING(9.09181851974764 49.2947261816589,9.07351608242384 49.3119353454336)",line,4,220.0,2.3208083938651196,0.18566467150920957,1981.4661238587955,100000.0,-110.9760337166421,110.9760337166421,5.60070305418709,normal,6.72200998576779
119772,112399,112398,220000,6,2,50,3103 Dollern-(Niedervieland/Unterweser)-Alfstedt,transpower,,172.334202608849,,,,,'',"SRID=4326;LINESTRING(8.52176409755299 53.2071982443292,8.5199562380437 53.2060787679953)",line,1,220.0,0.17233420260884902,0.16,495.3665309646989,100000.0,208.95851355663893,208.95851355663893,42.18260631167467,normal,6.706899685608874
167104,115741,133875,220000,3,1,,Bixterheide Nord,RWE,2319,311.462808220801,,,,,'',"SRID=4326;LINESTRING(7.60247467868527 51.3461061573706,7.59764642214902 51.3474174508845)",line,1,220.0,0.31146280822080097,0.16,495.3665309646989,100000.0,121.86067050763415,121.86067050763415,24.6001017207031,normal,6.670149359253118
123546,112379,115170,220000,3,,,220kV Ürdingen West,RWE,,232.118777890897,,,,,'',"SRID=4326;LINESTRING(6.5866100785677 51.4380977503722,6.5835532913189 51.4379646444447)",line,1,220.0,0.23211877789089702,0.16,495.3665309646989,100000.0,-158.27759487744285,158.27759487744285,31.951612590621735,normal,6.669428515861307
105339,113374,114266,220000,6,2,50,220 kV Dünnwald Ost|West,RWE,2380,688.095744847441,,,,,'',"SRID=4326;LINESTRING(6.96998669748571 51.0604116548121,6.96529865951248 51.0657195854389)",line,1,220.0,0.688095744847441,0.2201906383511811,495.3665309646989,100000.0,62.73539070040801,62.73539070040801,12.66443870929962,normal,6.631114234691625
134861,18968,118550,380000;220000;110000,12,4;2;1,,HUEFF-WIESL-NEURO;WIESL-NEURO;LEIMN-WIESL-BAIER,EnBW,7580,1401.52629801125,,,,,'',"SRID=4326;LINESTRING(8.67371480490093 49.2904577458458,8.6725802743102 49.3045322560527)",line,3,380.0,1.40152629801125,0.14949613845453333,4936.3448015713,100000.0,-373.5504119938338,373.5504119938338,7.567348453352124,normal,6.629787977984576
94615,20416,115548,110000,6,1,,110kV Bochum-Linden+Bochum-Eppendorf,RWE,1795,498.412434479033,,,,,'',"SRID=4326;LINESTRING(7.17944505759209 51.4721618055413,7.17376044670386 51.4680844572818)",line,1,110.0,0.498412434479033,0.16,247.68326548234944,75625.0,40.580436656553964,40.580436656553964,16.384004215030764,normal,6.625792403985438
134097,118756,118757,380000;110000,12,4,50,RWE 4562 Ronsdorf - Bomig,RWE,4562,625.904983862969,,,,,'',"SRID=4326;LINESTRING(7.23290543517876 51.2260385877182,7.24167685510749 51.2272408394216)",line,2,380.0,0.625904983862969,0.10014479741807504,3290.896534380867,100000.0,-448.4285362167273,448.4285362167273,13.62633347879144,normal,6.623277976318454
88052,115536,134442,110000,6,1,50,110kV Steinenhaus-Witten+Prov Hattingen-Steinenhaus,RWE,1701,1054.15661253346,,,,,'',"SRID=4326;LINESTRING(7.29779802450451 51.444392652176,7.31439371687621 51.4460531775593)",line,1,110.0,1.05415661253346,0.3373301160107072,247.68326548234944,35869.907327266126,-22.773671392136087,22.773671392136087,9.194675041039057,normal,6.618928023392411
135769,112569,112599,220000,6,2,50,220 KV,RWE,4578,334.892864258225,,,,,'',"SRID=4326;LINESTRING(6.65756629606126 51.3847380852091,6.65436245460045 51.3824777472438)",line,1,220.0,0.334892864258225,0.16,495.3665309646989,100000.0,113.48164763592683,113.48164763592683,22.90862231142819,normal,6.617179314102819
181581,134715,25064,110000;380000;380000;110000;380000,3;12;6;3,4;2;2,50;50;50;50,,RWE,4511,3053.70432291851,,,,,'',"SRID=4326;LINESTRING(7.59314766923992 50.3860134235266,7.64047215701788 50.385161896931)",line,5,380.0,3.05370432291851,0.19543707666678464,8000.0,100000.0,-376.01859933188985,376.01859933188985,4.700232491648623,normal,6.5785916229161
119977,116051,115096,380000;220000,9;3,,,,,,3781.9578509994,,,,,'',"SRID=4326;LINESTRING(7.99538619569198 47.5783674856311,8.03509676181566 47.5606404696196)",line,2,380.0,3.7819578509994,0.6051132561599041,3290.896534380867,100000.0,-138.34786318883374,138.34786318883374,4.203956634414878,normal,6.578561770172448
178428,18243,113945,220000;220000;220000,3;12;3,,,,EON_Netz,,2814.37221043279,,,,,'',"SRID=4326;LINESTRING(9.49151373923216 53.6580866516413,9.45081739507535 53.6524280775149)",line,3,220.0,2.81437221043279,0.3001997024461643,1486.0995928940965,100000.0,72.7940873930688,72.7940873930688,4.898331696014152,normal,6.557769370140614
179101,114988,18114,110000;110000,6;6,1;1,,110kV Aldenrade Nord+Schacht 2/5;110kV Aldenrade Nord+ANK,RWE,2347,957.843301398498,,,,,'',"SRID=4326;LINESTRING(6.75133532002657 51.5181267782282,6.74124199044949 51.5130747832637)",line,2,110.0,0.957843301398498,0.1532549282237597,495.3665309646989,78953.4153337856,48.24097495139926,48.24097495139926,9.738440515440685,normal,6.542708067329343
162341,112732,117164,220000;220000,6;6,2;2,50;50,220 kV Niederaußem 3c|4d;220 kV Niederaußem 1a|3c,RWE,2352,3146.84143865198,,,,,'',"SRID=4326;LINESTRING(6.69948725677304 50.9749358400899,6.70028442175617 51.0031159685008)",line,2,220.0,3.14684143865198,0.5034946301843168,990.7330619293978,96128.13543270952,45.455714458336175,45.455714458336175,4.588088982294957,normal,6.525854348913606
119351,112720,112733,220000,3,2,50,220 kV Niederaußem 5e,RWE,4560,606.496317531106,,,,,'',"SRID=4326;LINESTRING(6.69706593775622 51.003909289926,6.70571994787732 51.0039985476298)",line,1,220.0,0.606496317531106,0.19407882160995393,495.3665309646989,100000.0,68.03769734490261,68.03769734490261,13.734819187804828,normal,6.511068051783722
169448,19825,112516,380000,6,4,50,,RWE,4327,4304.63029764393,,,,,'',"SRID=4326;LINESTRING(7.39127198709164 51.4876399434278,7.42265953708376 51.4625203479673)",line,1,380.0,4.30463029764393,1.3774816952460578,1645.4482671904334,100000.0,-63.94573838985895,63.94573838985895,3.8862199234646795,normal,6.484469151650119
178166,17430,17769,220000;220000;220000;220000;220000,3;3;6;3;3,2;2;2;2;2,50;50;50,"314;313, 314;313",50Hertz,314,56070.1075313608,,,,,'',"SRID=4326;LINESTRING(13.0786799718301 54.284850254914,13.6829073407056 54.1391577897017)",line,5,220.0,56.070107531360804,3.5884868820070914,2476.832654823494,13487.578913185045,39.58440097666768,39.58440097666768,1.5981863328384038,normal,6.463513771318367
96386,114235,114236,220000,9,2,,,RWE,,151.963553136855,,,,,'',"SRID=4326;LINESTRING(6.7318688278197 51.518809973085,6.73062708660246 51.5199484407151)",line,1,220.0,0.151963553136855,0.16,495.3665309646989,100000.0,-225.8893806931561,225.8893806931561,45.600452709885154,normal,6.451001372453145
179361,17277,113128,220000;220000;220000,3;3;6,,50;50;50,Mehrum/Gleidingen;Mehrum;Leitung 2027,TenneT,2,1312.39376191991,,,,,'',"SRID=4326;LINESTRING(10.3692308423588 52.1670931158588,10.3552149923206 52.1758109606876)",line,3,220.0,1.31239376191991,0.13998866793812373,1486.0995928940965,100000.0,114.12056539136378,114.12056539136378,7.67920036699023,normal,6.437345029966378
100594,115383,134489,380000,3,4,50,,Amprion,,198.570181554116,,,,,'',"SRID=4326;LINESTRING(7.31314789709038 52.4762526935278,7.32071015624695 52.4713640683905)",line,1,380.0,0.19857018155411602,0.16,1645.4482671904334,100000.0,581.0817176697847,581.0817176697847,35.31449327556003,normal,6.396490541732316
150823,112731,112729,380000;110000,12,4;1,50,,RWE,4179,577.899622876342,,,,,'',"SRID=4326;LINESTRING(6.69729437933298 50.9753744867717,6.69717301693809 50.9701700770486)",line,2,380.0,0.577899622876342,0.09246393966021473,3290.896534380867,100000.0,-461.4461283275029,461.4461283275029,14.021897179283915,normal,6.395311726229916
180626,113454,17024,220000;220000;110000;110000;110000,6;12;6;6,2;2;1;1;1,50,220kV Hochlarmark Ost+West;RWE 2613 Pöppinghausen - Wanne;110kV Pöppinghausen-Wanne + Herne-Wanne;110kV Pöppinghausen-Wanne + Herne-Wanne,RWE,4340,4269.34012373592,,,,,'',"SRID=4326;LINESTRING(7.19469406743275 51.5574297494537,7.14063446483707 51.5572476011295)",line,5,220.0,4.269340123735921,0.27323776791909893,2476.832654823494,100000.0,-95.25944854671397,95.25944854671397,3.8460187595315123,normal,6.3917183488518265
168064,112648,135166,380000;220000,12,2;1,,Irsching - Raitersaich;Ingolstadt - Raitersaich,TenneT TSO GmbH,424;425;265;266,1060.74492911603,,,,,'',"SRID=4326;LINESTRING(10.8383251791959 49.3722481872167,10.8250715239739 49.357164830329)",line,2,380.0,1.06074492911603,0.1697191886585648,3290.896534380867,100000.0,290.8414557340977,290.8414557340977,8.837757513662313,normal,6.390295527162372
162982,112987,9935,110000;220000;110000;220000;220000;220000,3;6;3;3;6,2;2;1;2;2;2,50,,Tennet,2812,16192.0702462963,,,,,'',"SRID=4326;LINESTRING(8.64028485169929 51.8949248929594,8.70215991015415 51.7572512644348)",line,6,220.0,16.1920702462963,0.8635770798024693,2972.199185788193,56045.952506139685,-66.7101714122783,66.7101714122783,2.244471761221734,normal,6.384283762875914
161990,112816,113866,220000;110000;220000;110000;220000;0,12;12;12,2;1;2;1;2;1,,220kV Emscher Nord+Süd,RWE,2316,3549.37267442715,,,,,'',"SRID=4326;LINESTRING(6.89898933715214 51.4958839780616,6.84796475951956 51.4952903704151)",line,6,220.0,3.5493726744271497,0.18929987596944797,2972.199185788193,100000.0,-125.22808040521527,125.22808040521527,4.213313865504146,normal,6.383125633203711
181520,134337,17476,220000;220000;220000;220000;220000,3;3;3;6;3,2;2;2,50;50;50,Leitung 2016;Leitung 2016;Leitung 2016;Leitung 2016;Leitung 2016,TenneT,2016,630.978086047555,,,,,'',"SRID=4326;LINESTRING(9.1136671111921 52.545902653156,9.12526385645653 52.5382634068284)",line,5,220.0,0.630978086047555,0.040382597507043524,2476.832654823494,100000.0,321.99285639843976,321.99285639843976,13.000186176138165,normal,6.359429613057963
42493,134449,134684,220000,6,,,,,,249.796015152249,,,,,'',"SRID=4326;LINESTRING(8.95872395324314 50.0826216715156,8.94961850031646 50.0888975021776)",line,1,220.0,0.249796015152249,0.16,495.3665309646989,100000.0,140.9833355638712,140.9833355638712,28.460407950717617,normal,6.346111729392494
177883,134530,134481,220000;220000;220000;220000,6;6,2;1,,OBR-KR-SSI,TenneT TSO GmbH,250;251,17934.8058011675,,,,,'',"SRID=4326;LINESTRING(11.2777395925792 47.495820585708,11.3387344042006 47.6295604918059)",line,4,220.0,17.9348058011675,1.4347844640934,1981.4661238587955,33733.289710927136,42.5123764453868,42.5123764453868,2.145501047607935,normal,6.309922454123628
140531,114208,117996,220000,3,1,,,RWE,Anlage 232,306.766650661853,,,,,'',"SRID=4326;LINESTRING(9.1379034592338 49.1485146685018,9.13889133655175 49.1458214420067)",line,1,220.0,0.30676665066185305,0.16,495.3665309646989,100000.0,-116.54020098355033,116.54020098355033,23.526054688554503,normal,6.294534278546972
19740,17476,134337,380000;220000,6,4,50,,TenneT,,902.259133040722,,,,,'',"SRID=4326;LINESTRING(9.12526385645653 52.5382634068284,9.1136671111921 52.545902653156)",line,2,380.0,0.9022591330407219,0.1443614612865155,3290.896534380867,100000.0,-321.99285639843976,321.99285639843976,9.784350648356616,normal,6.291750339494681
71453,133613,143137,380000,6,4,50,527; 528,50Hertz Transmission,,4289.84756078797,,,,,'',"SRID=4326;LINESTRING(12.9417261578462 52.5621020850187,12.9574803082665 52.5968671732783)",line,1,380.0,4.28984756078797,1.3727512194521503,1645.4482671904334,100000.0,-61.86325685565846,61.86325685565846,3.7596597893222503,normal,6.262801533572067
159464,134449,134684,110000,3,,,,,,156.544700107254,,,,,'',"SRID=4326;LINESTRING(8.95872395324314 50.0826216715156,8.94961850031646 50.0888975021776)",line,1,110.0,0.156544700107254,0.16,247.68326548234944,75625.0,106.6186475201776,106.6186475201776,43.0463670254604,normal,6.260528159190106
83062,116223,116052,220000,3,2,50,220 kV Niederstedem West,RWE,,209.141468484533,,,,,'',"SRID=4326;LINESTRING(6.57858893156427 49.7689413757301,6.57711973691709 49.7705765735541)",line,1,220.0,0.209141468484533,0.16,495.3665309646989,100000.0,163.08765604036157,163.08765604036157,32.92262311762512,normal,6.252354372207745
79226,115414,114158,220000;110000,16,2;1,50;16.7,,RWE;DB_Energie,2444,446.288805607379,,,,,'',"SRID=4326;LINESTRING(6.52570457179898 51.7530637742756,6.53078301759469 51.7505651862524)",line,2,220.0,0.446288805607379,0.08,990.7330619293978,100000.0,167.72608988551153,167.72608988551153,16.929493556909694,normal,6.246997191694744
113559,17712,122454,,,,,,,,256.309942651367,,,,,'',"SRID=4326;LINESTRING(9.52950909749613 53.6191122380472,9.52419187731376 53.6194887862203)",line,1,220.0,0.25630994265136703,0.16,495.3665309646989,100000.0,135.60032827441836,135.60032827441836,27.373736374628344,normal,6.246106515398694
180794,114971,18967,110000;110000;110000;110000;110000,3;3;3;3;6,1;1;1;1,50;50;50;50;50;50,,EnBW,,2842.00074644017,,,,,'',"SRID=4326;LINESTRING(8.54926458267186 49.3608693830211,8.5386920066933 49.386005322072)",line,5,110.0,2.84200074644017,0.18188804777217088,1238.416327411747,66524.43713704709,57.40579912409403,57.40579912409403,4.635420080747032,normal,6.239244179606497
162664,117878,118476,380000;220000;110000;380000;220000,12;9,4;2;1;4;2,50,380 kV Uchtelfangen Ost|West; 220 kV Osburg; 1110kV Hermeskeil Ost;380 kV Uchtelfangen Ost|West; 220 kV Osburg,Amprion,4553,15192.0200926967,,,,,'',"SRID=4326;LINESTRING(6.88673407088854 49.5261423379823,6.88956924375675 49.6468745560593)",line,5,380.0,15.192020092696701,0.9722892859325889,8000.0,100000.0,178.85977945052423,178.85977945052423,2.2357472431315526,normal,6.225479635854854
182184,23500,112457,380000;220000,6,2,,Irsching - Ottenhofen;Neufinsing - Zolling,TenneT TSO GmbH,421;258,31240.0838301626,,,,,'',"SRID=4326;LINESTRING(11.8075401848192 48.4553719666337,11.8233939144063 48.2294601586267)",line,2,380.0,31.2400838301626,4.998413412826016,3290.896534380867,28889.1670363774,58.94010497565201,58.94010497565201,1.7910044986188154,normal,6.2205356620769
178957,16806,113141,110000;220000;110000;110000;110000,6;12;3;3,1;2;1;1;1,50;50;50;50,Bocholt West+?;Bocholt West,RWE,2444,8137.49790382856,,,,,'',"SRID=4326;LINESTRING(6.22182697102296 51.6946440313514,6.32189399165419 51.7172592493844)",line,5,220.0,8.13749790382856,0.5207998658450278,2476.832654823494,92933.97171189399,69.09396625681808,69.09396625681808,2.7896097914512477,normal,6.1716953097640666
146535,121840,118468,380000,6,4;2,50,380 kV Gilzem Ost; Uchtelfangen West; 220 kV Niederstedem Ost|West,RWE,4530,514.720293243935,,,,,'',"SRID=4326;LINESTRING(6.51644976841587 49.8799258905646,6.51202358934796 49.8835778810427)",line,1,380.0,0.514720293243935,0.1647104938380592,1645.4482671904334,100000.0,244.54190204948324,244.54190204948324,14.861719260674974,normal,6.171043533319451
110833,116171,116173,220000;110000,15,,,,,,2129.3307006964,,,,,'',"SRID=4326;LINESTRING(10.2008655618879 47.9562415924745,10.209393089217 47.9380867506026)",line,2,220.0,2.1293307006964,0.340692912111424,990.7330619293978,100000.0,53.4897734268458,53.4897734268458,5.399009630573692,normal,6.1592935670273885
181713,141612,23500,380000;220000;220000;380000;220000;220000,6;3;6;3,2;2;2;2,,Irsching - Ottenhofen;Zolling - Irsching;Neufinsing - Zolling;Irsching - Ottenhofen;Neufinsing - Zolling;Zolling - Irsching,TenneT TSO GmbH,421;262,35322.7946630617,,,,,'',"SRID=4326;LINESTRING(11.6252229998292 48.7369986262738,11.8075401848192 48.4553719666337)",line,6,380.0,35.3227946630617,1.8838823820299575,8000.0,76650.22051132689,137.02820761005026,137.02820761005026,1.7128525951256284,normal,6.153329591256451
141026,113715,134375,380000,6,4,,Donau Ost;Donau West,RWE,4528,327.076611470601,,,,,'',"SRID=4326;LINESTRING(10.0763382225943 48.2648958880007,10.0828338243409 48.2674353670844)",line,1,380.0,0.327076611470601,0.16,1645.4482671904334,100000.0,-357.6960114540048,357.6960114540048,21.73851457905528,normal,6.151531954719811
162358,18151,134629,110000;110000;110000;110000,4;4;4;4,2;1;1;1,16.7;16.7;16.7;16.7,Dortmund - Datteln;Dortmund - Datteln;Dortmund - Datteln;Dortmund - Datteln,DB_Energie,,7120.77012221211,,,,,'',"SRID=4326;LINESTRING(7.35312358438307 51.5758058196046,7.33690104662821 51.631107816135)",line,4,110.0,7.12077012221211,0.5696616097769688,990.7330619293978,21240.680067483107,-29.084223376445376,29.084223376445376,2.9356266076157245,normal,6.148449735090187
107721,117161,112733,220000;0,6,2,50,220 kV Niederaußem 5e,RWE,4560,582.493872962993,,,,,'',"SRID=4326;LINESTRING(6.713945820934 51.0047709389774,6.70571994787732 51.0039985476298)",line,2,220.0,0.582493872962993,0.09319901967407888,990.7330619293978,100000.0,-132.30860698338898,132.30860698338898,13.35461710803567,normal,6.129796005670537
145632,17712,113485,110000,6,,,,,,648.378781194529,,,,,'',"SRID=4326;LINESTRING(9.52950909749613 53.6191122380472,9.51946943386514 53.6184496458588)",line,1,110.0,0.648378781194529,0.20748120998224928,247.68326548234944,58318.53400621288,30.37202124019557,30.37202124019557,12.262443803398561,normal,6.128674354906846
181739,141718,17992,110000;220000;110000;220000,3;6;3,2;1,,,,,13734.007566357,,,,,'',"SRID=4326;LINESTRING(10.3125633262114 47.6578405929951,10.2349076528962 47.5587644329148)",line,4,220.0,13.734007566357,1.09872060530856,1981.4661238587955,44051.23537881366,-45.05005246016966,45.05005246016966,2.2735716708816187,normal,6.116267614195918
119747,17169,113121,110000,2,1,16.7,Amstetten - Plochingen,DB_Energie,,120.807929035412,,,,,'',"SRID=4326;LINESTRING(9.39174688715465 48.7190549961078,9.39407782543673 48.7181751767291)",line,1,110.0,0.120807929035412,0.16,247.68326548234944,75625.0,132.6748713720818,132.6748713720818,53.56634454641288,normal,6.109230371139059
115927,112955,113031,380000;220000,12,,,,,,1198.42521160621,,,,,'',"SRID=4326;LINESTRING(9.39054017001634 48.6830158786037,9.38432176212508 48.692987752384)",line,2,380.0,1.19842521160621,0.1917480338569936,3290.896534380867,100000.0,254.34857306139702,254.34857306139702,7.728853532894462,normal,6.088337061046754
84001,16792,112092,380000;110000,10,,50;16.7,Anlage 336,EnBW,,6099.17757874423,,,,,'',"SRID=4326;LINESTRING(9.2156749306645 48.852305664436,9.29358545055896 48.8663994790317)",line,2,380.0,6.09917757874423,0.9758684125990769,3290.896534380867,100000.0,-101.9673516021391,101.9673516021391,3.0984672576867487,normal,6.072930581751195
82535,116137,134315,110000,6,,,,LEW,,253.092811471508,,,,,'',"SRID=4326;LINESTRING(10.1966289273449 47.9673202507849,10.1949421831812 47.9709449320067)",line,1,110.0,0.25309281147150803,0.16,247.68326548234944,75625.0,66.57717305700572,66.57717305700572,26.87996418625633,normal,6.064516254110715
104118,114248,114247,220000,6,4;1,50,,RWE,4197,615.642018783754,,,,,'',"SRID=4326;LINESTRING(7.42834901693573 50.4062189843163,7.43692101087138 50.4053556545743)",line,1,220.0,0.615642018783754,0.19700544601080128,495.3665309646989,100000.0,-62.44417382486045,62.44417382486045,12.605650547939497,normal,6.047339148863021
129655,118230,117962,380000;110000,12,,,,,,9535.45716076966,,,,,'',"SRID=4326;LINESTRING(9.64071468843664 50.4616547416771,9.57371123785626 50.3882417740258)",line,2,380.0,9.53545716076966,1.5256731457231456,3290.896534380867,94646.74685058878,84.4185492257489,84.4185492257489,2.5652143221096737,normal,6.040429294844405
130029,114210,117996,220000,3,2,,,RWE,Anlage 323,946.860082817508,,,,,'',"SRID=4326;LINESTRING(9.1471841340971 49.1480845518259,9.13889133655175 49.1458214420067)",line,1,220.0,0.946860082817508,0.30299522650160254,495.3665309646989,100000.0,44.5547688396164,44.5547688396164,8.994303420711217,normal,5.9921655847651465
182098,115414,21763,220000;110000;220000;110000,12;12,2;1;2;1,50;50,,RWE,2444,1864.79290286075,,,,,'',"SRID=4326;LINESTRING(6.52570457179898 51.7530637742756,6.49904434781697 51.7487173754344)",line,4,220.0,1.86479290286075,0.14918343222886,1981.4661238587955,100000.0,-112.56020938412715,112.56020938412715,5.680652726220844,normal,5.978864625866168
178238,19263,134913,380000;380000;380000,3;6;3,4;4;4,50;50;50,380kV KWE D;380kV Westfalen D+E;380kV KWE E,RWE,4204,1132.30853375278,,,,,'',"SRID=4326;LINESTRING(7.99290423854321 51.6836915356284,7.97134985795849 51.6781283421425)",line,3,380.0,1.13230853375278,0.12077957693362988,4936.3448015713,100000.0,385.74143436245214,385.74143436245214,7.814313016377337,normal,5.91703854011498
181298,114988,133819,110000;220000;110000;110000;220000;220000;220000;110000,3;12;3;3;3;12,1;2;1;1;2;2;2;1,,110kV Aldenrade Süd;110kV Aldenrade Nord;220kV Walsum Nord;220kV Walsum Süd,RWE,2486,3256.1873395256,,,,,'',"SRID=4326;LINESTRING(6.75133532002657 51.5181267782282,6.78777220612393 51.5053299121676)",line,8,220.0,3.2561873395256,0.130247493581024,3962.932247717591,100000.0,160.69291319759094,160.69291319759094,4.054899330921954,normal,5.8730098260979915
108622,112264,134275,380000,6,,50,KKW Krümmel - UW HH-OST,50Hertz_Transmission,,258.679528453953,,,,,'',"SRID=4326;LINESTRING(10.4194293536068 53.4152576748809,10.4150839352827 53.4128119834115)",line,1,380.0,0.25867952845395303,0.16,1645.4482671904334,100000.0,414.9987455992786,414.9987455992786,25.221014472115847,normal,5.802426745469177
127329,113741,113740,110000,3,,,NETEN-RTWST 110 kV,EnBW,,259.426859290021,,,,,'',"SRID=4326;LINESTRING(9.23922875204301 48.5413512945415,9.23936125354741 48.5436944599634)",line,1,110.0,0.259426859290021,0.16,247.68326548234944,75625.0,62.2771700397815,62.2771700397815,25.143874746039124,normal,5.799604277892196
178381,29888,133655,110000;110000;110000,3;6;3,1;1;1,50;50;50,Beeden -;Beeden - Otterbach;Beeden -,,,22715.6967326174,,,,,'',"SRID=4326;LINESTRING(7.46131749383219 49.4101888153078,7.72920582670852 49.4826134894634)",line,3,110.0,22.715696732617403,2.4230076514791894,743.0497964470483,4993.79355761144,-13.519868402983377,13.519868402983377,1.819510410692487,normal,5.760819484824523
182115,117879,117878,380000;220000;110000;380000;220000,12;9,4;2;1;4;2,50,380 kV Uchtelfangen Ost|West; 220 kV Osburg; 1110kV Hermeskeil Ost;380 kV Uchtelfangen Ost|West; 220 kV Osburg,Amprion,4553,11857.4699290258,,,,,'',"SRID=4326;LINESTRING(6.92265724994284 49.4332388789311,6.88673407088854 49.5261423379823)",line,5,380.0,11.8574699290258,0.7588780754576512,8000.0,100000.0,180.34283403031702,180.34283403031702,2.254285425378963,normal,5.757275814559155
72142,116712,113877,380000;380000,6;6,4;4,50;50,380kV Mengede Nord+Süd;380kV Mengede Nord+Süd,RWE,4349,4964.10399305323,,,,,'',"SRID=4326;LINESTRING(7.36881856137242 51.6297474608662,7.36990076179519 51.5869489505133)",line,2,380.0,4.96410399305323,0.7942566388885167,3290.896534380867,100000.0,105.80797414009302,105.80797414009302,3.21517170274693,normal,5.7415212695500015
162317,112538,112537,220000;110000;220000;110000,12;12,4;2;1;4;2;1,,,RWE,4182,772.940334782478,,,,,'',"SRID=4326;LINESTRING(6.75730714037234 51.568737768986,6.76048987142397 51.5753264552749)",line,4,220.0,0.7729403347824779,0.061835226782598236,1981.4661238587955,100000.0,-198.50951613110678,198.50951613110678,10.018314910401825,normal,5.7368815828435435
166489,2529,134327,380000;380000,6;3,,50;50,,50Hertz Transmission,,6250.98125683721,,,,,'',"SRID=4326;LINESTRING(13.2127413583972 52.5735584649325,13.2470743488531 52.5334412645957)",line,2,380.0,6.25098125683721,1.0001570010939536,3290.896534380867,100000.0,-95.21393905698415,95.21393905698415,2.893252281323917,normal,5.731928582066375
4956,134449,134684,220000,6,,,,,,222.779313508441,,,,,'',"SRID=4326;LINESTRING(8.95872395324314 50.0826216715156,8.94961850031646 50.0888975021776)",line,1,220.0,0.222779313508441,0.16,495.3665309646989,100000.0,140.9833355638712,140.9833355638712,28.460407950717617,normal,5.724139210870624
149204,20890,112567,220000,3,,,220kV Rheinhausen West,RWE,,330.944571703295,,,,,'',"SRID=4326;LINESTRING(6.72369716617659 51.355694573619,6.72535181992799 51.3600975917548)",line,1,220.0,0.330944571703295,0.16,495.3665309646989,100000.0,99.0981587455142,99.0981587455142,20.00501700276884,normal,5.719212194297652
178956,134311,17196,380000;380000;380000,3;6;3,4;4;4,50;50,Isar - Pleinting,TenneT TSO GmbH,451,63056.1376147054,,,,,'',"SRID=4326;LINESTRING(12.2950564157296 48.6054224466652,13.1032748124901 48.6667597238293)",line,3,380.0,63.056137614705406,6.725988012235244,4936.3448015713,21468.96481785605,67.86026371553353,67.86026371553353,1.3747067201207819,normal,5.718449818671111
114926,112147,112141,220000,6,,50,220 kV Niederaußem 4d; Stommeln Nord,RWE,,357.814620433137,,,,,'',"SRID=4326;LINESTRING(6.96506842130516 51.0517391654628,6.96076971317606 51.049985238354)",line,1,220.0,0.357814620433137,0.16,495.3665309646989,100000.0,-92.47390426342372,92.47390426342372,18.66777395786831,normal,5.7100335582362245
160621,112069,134327,110000;110000;110000,6,1,50;50;50,"671, 672;671, 672",Stromnetz Berlin,671;672,883.467924063611,,,,,'',"SRID=4326;LINESTRING(13.2636050477624 52.5291927529091,13.2470743488531 52.5334412645957)",line,3,110.0,0.883467924063611,0.09423657856678518,743.0497964470483,100000.0,66.9601760636178,66.9601760636178,9.011532791448595,normal,5.7053340423785786
153922,114234,114233,220000,6,2,,,RWE,,273.882860568917,,,,,'',"SRID=4326;LINESTRING(6.7391756345092 51.5133817513703,6.74045007440278 51.511040277144)",line,1,220.0,0.27388286056891703,0.16,495.3665309646989,100000.0,116.74552598378574,116.74552598378574,23.5675037949032,normal,5.704976375579809
178783,21171,118532,110000;220000;220000;110000,3;3;6,2;2,,220kV Siegerland West,Amprion,2320,3783.65143935074,,,,,'',"SRID=4326;LINESTRING(7.98513585397006 50.8422318469718,7.94205213929546 50.8371650883706)",line,4,220.0,3.78365143935074,0.3026921151480592,1981.4661238587955,100000.0,-72.11717104695924,72.11717104695924,3.639586373877291,normal,5.696695712422671
180770,115971,19966,220000;220000;220000,3;6;3,2;2;2,50;50;50,220 kV Kondelwald; 220kV Wengerohr;220 kV Kondelwald; 220kV Wengerohr;220 kV Kondelwald; 220kV Wengerohr,Amprion,2410,599.320352815004,,,,,'',"SRID=4326;LINESTRING(6.90988913548353 49.9736417664838,6.92009758457639 49.9705403656679)",line,3,220.0,0.599320352815004,0.0639275043002671,1486.0995928940965,100000.0,-180.26852632261335,180.26852632261335,12.130312610580184,normal,5.69613714815383
72914,112527,112528,220000;110000;220000;110000,6;6,1;2;1,50,Götterswick Süd + Wesel Ost;220 kV Wesel Ost; 110 kV Götterswick Süd,RWE,,4354.91505078397,,,,,'',"SRID=4326;LINESTRING(6.6471259859977 51.553729362063,6.5878823625046 51.5592379437335)",line,4,220.0,4.35491505078397,0.3483932040627176,1981.4661238587955,100000.0,-67.23118942664198,67.23118942664198,3.393002212710705,normal,5.69350806590074
124761,18772,112567,220000;110000,12,2;1,50,,RWE,2364,2745.75076587406,,,,,'',"SRID=4326;LINESTRING(6.73156290507367 51.3745978386711,6.72535181992799 51.3600975917548)",line,2,220.0,2.7457507658740603,0.43932012253984964,990.7330619293978,100000.0,-42.63863378670685,42.63863378670685,4.303745925635153,normal,5.683621846205782
130091,134913,114672,110000,6,1,,110kV Lippborg-Meschede+Lippborg-Niedereimer,RWE,1641,1952.35870834878,,,,,'',"SRID=4326;LINESTRING(7.97134985795849 51.6781283421425,7.99724166591133 51.656814276994)",line,1,110.0,1.9523587083487801,0.6247547866716097,247.68326548234944,19367.598709347916,12.991542568617502,12.991542568617502,5.2452241952306276,normal,5.678502861058637
180866,118476,18691,380000;220000;380000;220000;380000;380000;220000;110000;110000,9;9;6;12;3,4;2;4;2;4;4;2;1;1,50;50;50;50;50,380 kV Gilzem Ost; Uchtelfangen West; 220 kV Osburg;380 kV Gilzem Ost; Uchtelfangen West; 220 kV Osburg;380 kV Gilzem Ost; Uchtelfangen Ost;380 kV Uchtelfangen Ost|West;220 kV Osburg;110kV Mandern Ost;110kV Mandern Ost,Amprion,4553,12053.948267082,,,,,'',"SRID=4326;LINESTRING(6.88956924375675 49.6468745560593,6.81367542989554 49.7248084788809)",line,8,380.0,12.053948267082,0.48215793068328,8000.0,100000.0,176.78372417799793,176.78372417799793,2.209796552224974,normal,5.677167632463672
179977,116052,116223,220000;220000,3;3,2;2,50;50,220 kV Heisdorf - Quint Nord;220 kV Heisdorf - Trier Süd,Amprion,,411.698727123732,,,,,'',"SRID=4326;LINESTRING(6.57711973691709 49.7705765735541,6.57858893156427 49.7689413757301)",line,2,220.0,0.411698727123732,0.08,990.7330619293978,100000.0,-163.08765604036157,163.08765604036157,16.46131155881256,normal,5.675757346324134
112728,118803,118802,380000,3,4;2,50,380 kV Ried Ost|West,RWE,4591,580.408231988,,,,,'',"SRID=4326;LINESTRING(8.43110809537328 49.7059067789088,8.42596586919239 49.7021989531652)",line,1,380.0,0.580408231988,0.18573063423615999,1645.4482671904334,100000.0,-203.77454438887943,203.77454438887943,12.3841355849382,normal,5.6680106593721105
161266,24925,24934,20000;20000,6,,,UW5-Rh101,MVV_Energie_AG,,168.053845893358,,,,,'',"SRID=4326;LINESTRING(8.54671154709665 49.4408180776278,8.54432615076693 49.4356024755454)",line,2,20.0,0.16805384589335798,0.08,200.0,5000.0,-72.9621470217795,72.9621470217795,36.48107351088975,normal,5.666932904607897
137666,112167,16895,220000,6,2,50,220 kV Gremberghoven Ost|West,RWE,2381,1974.58198180831,,,,,'',"SRID=4326;LINESTRING(7.1631800892875 50.7974821474456,7.19312872837309 50.7982667363764)",line,1,220.0,1.9745819818083101,0.6318662341786593,495.3665309646989,76598.49091780234,-25.598647650249823,25.598647650249823,5.167617521595146,normal,5.633238044147634
138297,112538,112539,220000;110000,12,4;2,,,RWE,4182,358.430724399928,,,,,'',"SRID=4326;LINESTRING(6.75730714037234 51.568737768986,6.75701905066072 51.5655100490767)",line,2,220.0,0.358430724399928,0.08,990.7330619293978,100000.0,181.6402209382284,181.6402209382284,18.33392140810302,normal,5.616232975687035
100098,112763,118125,380000;220000;110000,9,4;2;1,,,RWE,4526,4480.42437228635,,,,,'',"SRID=4326;LINESTRING(7.07080534047467 51.506886075351,7.09913506043231 51.4826498494664)",line,3,380.0,4.48042437228635,0.4779119330438774,4936.3448015713,100000.0,-162.42978342622115,162.42978342622115,3.290486988966365,normal,5.597719007671684
162245,24995,118466,380000;220000;380000;220000,9;9,4;2;4;2,50;50,380 kV Gilzem Ost; Uchtelfangen West; 220 kV Osburg;380 kV Gilzem Ost; Uchtelfangen West; 220 kV Osburg,Amprion,4553,7750.35107829369,,,,,'',"SRID=4326;LINESTRING(6.70228727974128 49.828994204827,6.79342579283246 49.8192669865322)",line,4,380.0,7.75035107829369,0.6200280862634953,6581.793068761734,100000.0,-169.71131073439395,169.71131073439395,2.5784966036059624,normal,5.593001054987761
151532,114808,114813,220000;110000,6,,,"Anlage 313 ; HOHCK-PULVE, NWHEI-PULVE",,,9960.01981035571,,,,,'',"SRID=4326;LINESTRING(9.06058034233251 48.9085484414843,9.18480602735367 48.9221032708184)",line,2,220.0,9.96001981035571,1.5936031696569137,990.7330619293978,30371.42553526674,23.046516742871727,23.046516742871727,2.3262085044370995,normal,5.56953422369057
181639,134336,134407,380000;220000,6,,,Herbertingen - Grünkraut;Bludenz West,,4509,40709.7645875827,,,,,'',"SRID=4326;LINESTRING(9.4250726502889 48.0642166429476,9.64537374279896 47.7445822302288)",line,2,380.0,40.7097645875827,6.513562334013232,3290.896534380867,22169.128442351168,-48.75837943302299,48.75837943302299,1.4816138679424071,normal,5.5275091050082
181667,141288,16975,220000;220000;220000,3;3;6,1;1;1,50,LU SIT;Ludersheim - Sittling;Ludersheim - Sittling,TenneT TSO GmbH,221,28916.8856087744,,,,,'',"SRID=4326;LINESTRING(11.5659524184474 49.039205327539,11.7922769698549 48.8380989680246)",line,3,220.0,28.9168856087744,3.0844677982692694,1486.0995928940965,15691.523843159523,24.163988429908535,24.163988429908535,1.6260006089397083,normal,5.525837960234864
87691,115952,24862,220000,6,2,50,220 kV Leuscheid Nord+Süd,RWE,2371,10316.6956726887,,,,,'',"SRID=4326;LINESTRING(7.7251004641854 50.7610459591285,7.86403944877968 50.7684190499606)",line,1,220.0,10.3166956726887,3.3013426152603844,495.3665309646989,14660.701914509586,-11.239555702470641,11.239555702470641,2.2689372413962303,normal,5.505075072579602
172982,114822,142709,220000,6,,,Anlage 2473,Amprion,,736.817408656494,,,,,'',"SRID=4326;LINESTRING(9.2067129726929 48.9218333400564,9.20363409636617 48.9153968156394)",line,1,220.0,0.7368174086564939,0.23578157077007805,495.3665309646989,100000.0,49.373598274343735,49.373598274343735,9.96708400508839,normal,5.502372210804145
178984,115654,134330,220000;110000;220000;110000,6;6;12,2;1;2;1,50;50;50,220kV Fichtenhain Ost+West;110kV Krefeld Ost+West,RWE,2388,558.035010036848,,,,,'',"SRID=4326;LINESTRING(6.61324494707879 51.2614198864283,6.62486154217348 51.2599257380206)",line,4,220.0,0.558035010036848,0.04464280080294784,1981.4661238587955,100000.0,-245.6287204635088,245.6287204635088,12.396311877649488,normal,5.496839780177086
181784,17614,25228,380000;380000;380000;380000;380000;380000,6;6;3;3;3;3,3;4;3;4;4,50;50;50;50;50;50,"502,503 Ragow-Schönewalde-Marke-Bad Lauchstädt;501 Ragow-Schönewalde, 502 Ragow-Marke;502 Ragow-Marke;501 Ragow-Schönewalde;501;501",50Hertz,502;503,53805.8882627476,,,,,'',"SRID=4326;LINESTRING(13.1570839491827 51.8284536372352,13.90247491808 51.8747240229493)",line,6,380.0,53.8058882627476,2.8696473740132054,8000.0,50319.77144915071,-109.81190464449125,109.81190464449125,1.3726488080561405,normal,5.495808055816823
151533,114813,114820,220000;110000,6,,,"Anlage 313 ; HOHCK-PULVE, NWHEI-PULVE",,,1449.69684103766,,,,,'',"SRID=4326;LINESTRING(9.18480602735367 48.9221032708184,9.20427242972901 48.9243379794108)",line,2,220.0,1.44969684103766,0.23195149456602562,990.7330619293978,100000.0,60.47548126055236,60.47548126055236,6.10411457782379,normal,5.469068613896899
144946,25039,113958,380000,6,,,,,,314.160670838308,,,,,'',"SRID=4326;LINESTRING(8.31351971390848 49.009009190997,8.31164303220032 49.0123617812239)",line,1,380.0,0.314160670838308,0.16,1645.4482671904334,100000.0,328.0836337871768,328.0836337871768,19.938860450919698,normal,5.447260560331233
34545,17476,134337,380000;220000,6,4,50,Leitung 3004,TenneT,3004,743.702576846777,,,,,'',"SRID=4326;LINESTRING(9.12526385645653 52.5382634068284,9.1136671111921 52.545902653156)",line,2,380.0,0.743702576846777,0.11899241229548432,3290.896534380867,100000.0,-321.99285639843976,321.99285639843976,9.784350648356616,normal,5.440204339353526
179507,112271,16837,380000;380000;380000,3;3;6,4;4;4,50;50;50,B;A;Hamburg/Ost - Hamburg/Nord,50Hertz,B,524.737452039186,,,,,'',"SRID=4326;LINESTRING(10.1676086724284 53.5587348554912,10.1576904324052 53.5551238482492)",line,3,380.0,0.524737452039186,0.05597199488417984,4936.3448015713,100000.0,635.7874771799992,635.7874771799992,12.879721792886512,normal,5.432953002463103
176336,17814,113197,380000;380000,3;3,4;4,50;50,380-kV-Niedersachsen Süd,Amprion,4584,329.801580767195,,,,,'',"SRID=4326;LINESTRING(8.30760613267886 52.3475513668026,8.30623441143331 52.3503937046962)",line,2,380.0,0.329801580767195,0.08,3290.896534380867,100000.0,627.0284753800315,627.0284753800315,19.05342416053799,normal,5.430792605295688
132499,114621,114620,380000;220000,6,,,,RWE,4307,377.312851929458,,,,,'',"SRID=4326;LINESTRING(7.48140163115373 51.9564503708777,7.48561419084708 51.9542594611651)",line,2,380.0,0.377312851929458,0.08,3290.896534380867,100000.0,556.019072366909,556.019072366909,16.89567163713689,normal,5.408885569466171
134293,118480,118479,220000,3,,50,,,,284.730290892664,,,,,'',"SRID=4326;LINESTRING(7.80392933716593 49.720189380441,7.80371221436176 49.7176216855291)",line,1,220.0,0.284730290892664,0.16,495.3665309646989,100000.0,-106.63199491678932,106.63199491678932,21.525877961340953,normal,5.393283020480835
177984,24862,118511,380000;220000;110000;220000;110000;380000;220000;110000,6;6;12,4;2;4;2,50;50;50;50,,RWE,4564,10911.4547890742,,,,,'',"SRID=4326;LINESTRING(7.86403944877968 50.7684190499606,7.95874777800847 50.7246860711528)",line,8,380.0,10.911454789074199,0.43645819156296795,8000.0,100000.0,173.12025183404688,173.12025183404688,2.1640031479255857,normal,5.361318933885318
78168,112901,113374,220000;110000,10,2;1,50;16.7,220 kV Dünnwald Ost|West; 110 kV Bahnstrom Köln - Gerresheim 1|2,RWE,2380,1022.8667018145,,,,,'',"SRID=4326;LINESTRING(6.98124079136516 51.054545570423,6.96998669748571 51.0604116548121)",line,2,220.0,1.0228667018145,0.16365867229032,990.7330619293978,100000.0,75.30054960955823,75.30054960955823,7.600488214546366,normal,5.354663006305611
178874,25342,25343,380000;380000;380000;380000;380000;380000,3;3;3;3;3;6,,50;50;50;50;50;50,"551;552;Bärwalde;551;552;551, 552",50Hertz,551,45742.1102860608,,,,,'',"SRID=4326;LINESTRING(14.5080388276773 51.4136769977737,14.2192782027181 51.1206661514501)",line,6,380.0,45.7421102860608,2.439579215256576,8000.0,59190.535440273925,-111.30512153094269,111.30512153094269,1.3913140191367837,normal,5.349109151537186
83367,115718,115719,220000;110000,6,2,,,RWE,2614,661.160091763529,,,,,'',"SRID=4326;LINESTRING(7.16631862322715 51.3836231515928,7.16653071546573 51.3776830527177)",line,2,220.0,0.661160091763529,0.10578561468216463,990.7330619293978,100000.0,-104.03536171358363,104.03536171358363,10.500846868982096,normal,5.329349991569545
160906,28727,112630,220000;110000;220000;110000;220000;110000,10;10;10,2;1;2;1;2;1,50;16.7;50;16.7;50;16.7,,markE,,4184.69253526741,,,,,'',"SRID=4326;LINESTRING(7.55518070138033 51.3752428329497,7.51204056038073 51.4009298440604)",line,6,220.0,4.18469253526741,0.22318360188092853,2972.199185788193,100000.0,-96.05376593139204,96.05376593139204,3.2317405371309156,normal,5.318509467848297
180910,114798,135068,380000;380000;380000;380000,3;3;6;3,4;4;4,50,,TenneT,Leitung 3005,493.556027327005,,,,,'',"SRID=4326;LINESTRING(8.64750101837662 50.6075326537653,8.65581369184179 50.6048234466578)",line,4,380.0,0.493556027327005,0.04,6581.793068761734,100000.0,-867.3260720350684,867.3260720350684,13.177656346437566,normal,5.286346934289066
171582,16895,141726,220000,6,2,50,220 kV Leuscheid Nord+Süd,RWE,2371,9514.9815436277,,,,,'',"SRID=4326;LINESTRING(7.19312872837309 50.7982667363764,7.30069632401081 50.7587362242491)",line,1,220.0,9.5149815436277,3.044794093960864,495.3665309646989,15895.98459087858,11.080244303014215,11.080244303014215,2.236776933927299,normal,5.26269112750767
138652,112063,112064,380000;220000,6,4;2,50,"1 x 380 kV, 1 x 220 kV",RWE,,481.758202245125,,,,,'',"SRID=4326;LINESTRING(8.53116541615895 49.8530190929433,8.52590542084431 49.8557200669619)",line,2,380.0,0.481758202245125,0.08,3290.896534380867,100000.0,440.0879095547372,440.0879095547372,13.372888055185642,normal,5.2586121736160205
168561,28983,133752,380000;220000,6,4,,Vöhringen Ost; Füssen West,RWE,,19233.5683406973,,,,,'',"SRID=4326;LINESTRING(10.2589414104044 47.885919409229,10.363341501087 47.7382557787682)",line,2,380.0,19.2335683406973,3.077370934511568,3290.896534380867,46923.1701582048,-57.52869260646827,57.52869260646827,1.7481161138142993,normal,5.257184800355963
103847,114826,123553,220000,12,,50,,,,298.403741552738,,,,,'',"SRID=4326;LINESTRING(9.23701278790014 48.922185849389,9.24109949362219 48.9220828475054)",line,1,220.0,0.29840374155273797,0.16,495.3665309646989,100000.0,-99.72600073177296,99.72600073177296,20.1317599187741,normal,5.257119585497357
128846,112048,133613,380000,6,4,50,494; 498,50Hertz Transmission,494; 498,4199.65278269104,,,,,'',"SRID=4326;LINESTRING(12.9064615707604 52.5948972895548,12.9417261578462 52.5621020850187)",line,1,380.0,4.1996527826910395,1.3438888904611326,1645.4482671904334,100000.0,-52.43942992087594,52.43942992087594,3.1869388401019196,normal,5.253961400785502
91065,116173,116174,220000,6,,,,,,135.456397184396,,,,,'',"SRID=4326;LINESTRING(10.209393089217 47.9380867506026,10.2101229703853 47.9369584625071)",line,1,220.0,0.135456397184396,0.16,495.3665309646989,100000.0,204.7607147950964,204.7607147950964,41.33519363860458,normal,5.251003186097123
130517,113241,112813,110000,6,1,,110kV Rosendelle Nord+Süd,RWE,0134,5043.2585817845,,,,,'',"SRID=4326;LINESTRING(6.94800492248331 51.4460924661938,6.88127464958083 51.4528179806137)",line,1,110.0,5.0432585817845,1.61384274617104,247.68326548234944,7497.632609315954,-7.221412264610815,7.221412264610815,2.9155834369946287,normal,5.244969484229077
95083,118551,118550,380000;220000,6,4;2,,HUEFF-WIESL-NEURO;WIESL-NEURO,EnBW,7580,580.291661183076,,,,,'',"SRID=4326;LINESTRING(8.67009921732699 49.3092022842852,8.6725802743102 49.3045322560527)",line,2,380.0,0.5802916611830761,0.09284666578929217,3290.896534380867,100000.0,376.73278081446495,376.73278081446495,11.447724863988821,normal,5.238586800451941
179065,134441,114570,220000;220000;220000;220000,3;9;3;12,2,50;50;50;50,Anlage 342;2x 220 kV,EnBW,342,1222.31109498336,,,,,'',"SRID=4326;LINESTRING(9.20403323443474 49.0424158448298,9.20917498539209 49.0306373436926)",line,4,220.0,1.22231109498336,0.0977848875986688,1981.4661238587955,100000.0,-129.55870229606202,129.55870229606202,6.538527241826048,normal,5.221325812935263
178377,117338,134401,110000;110000,6;6,1;1,50,,RWE,2617,178.978884797296,,,,,'',"SRID=4326;LINESTRING(7.70300613027789 51.6784009857526,7.71587466201739 51.6746596100824)",line,2,110.0,0.17897888479729598,0.08,495.3665309646989,100000.0,-157.04197762901327,157.04197762901327,31.70217764272098,normal,5.219722715765626
94750,24050,112687,380000;110000,12,,,Grafenrheinfeld - Eltmann;Grafenrheinfeld - Oberhaid;Haßfurt - Heidenfeld - Schwebheim;Eltmann - Knetzgau,TenneT TSO GmbH;E.ON Netz GmbH,422;423;121;150,356.239245211567,,,,,'',"SRID=4326;LINESTRING(10.5557181313071 49.9778251322747,10.5618045107968 49.9785486873148)",line,2,380.0,0.35623924521156697,0.08,3290.896534380867,100000.0,-560.4868466884017,560.4868466884017,17.031433253304904,normal,5.18974354702079
162662,117877,117879,380000;220000;110000;380000;220000,12;9,4;2;1;4;2,50,380 kV Uchtelfangen Ost|West; 220 kV Osburg; 1110kV Hermeskeil Ost;380 kV Uchtelfangen Ost|West; 220 kV Osburg,Amprion,4553,8768.16117387482,,,,,'',"SRID=4326;LINESTRING(6.98600707259964 49.3790753754076,6.92265724994284 49.4332388789311)",line,5,380.0,8.76816117387482,0.5611623151279884,8000.0,100000.0,181.446708377625,181.446708377625,2.2680838547203126,normal,5.169253956868891
127270,112734,117165,220000,6,2,50,220 kV Frixheim Süd; Niederaußem 5e,RWE,,141.706440217779,,,,,'',"SRID=4326;LINESTRING(6.71453808020082 51.0050142870708,6.71618873453539 51.0057671601145)",line,1,220.0,0.141706440217779,0.16,495.3665309646989,100000.0,193.09688441018213,193.09688441018213,38.980607760103744,normal,5.1658668652627515
119258,113073,114659,380000,6,4,50,380 kV St.Peter Nord; Oerkhaus Ost,RWE,,309.213302999773,,,,,'',"SRID=4326;LINESTRING(6.93575136301875 51.142091074346,6.93504546686848 51.1393359703222)",line,1,380.0,0.309213302999773,0.16,1645.4482671904334,100000.0,-314.60433395024137,314.60433395024137,19.119673357304713,normal,5.151345235241759
180592,25064,118506,110000;380000;380000;110000,3;12;12;3,4;2,50,,RWE,4511,1391.96137891619,,,,,'',"SRID=4326;LINESTRING(7.64047215701788 50.385161896931,7.66135735909721 50.3862554935824)",line,4,380.0,1.39196137891619,0.1113569103132952,6581.793068761734,100000.0,-388.42711655748263,388.42711655748263,5.901539481710862,normal,5.146813374193523
157294,114136,134712,380000,12,4,50,,,,610.820961439671,,,,,'',"SRID=4326;LINESTRING(8.42696102286414 49.7075076778531,8.41527967252437 49.7093171652802)",line,1,380.0,0.610820961439671,0.19546270766069473,1645.4482671904334,100000.0,-177.02150970480002,177.02150970480002,10.758254345307394,normal,5.128932811243891
138050,115466,115462,380000;110000,12,4;2,,,RWE,4162,4215.99772004475,,,,,'',"SRID=4326;LINESTRING(6.99249641238059 51.5116731501039,6.99596103476838 51.4761522541902)",line,2,380.0,4.21599772004475,0.67455963520716,3290.896534380867,100000.0,101.33299391322792,101.33299391322792,3.0791911217680448,normal,5.0859935447945945
145049,116241,113566,380000;0,6,2;1,,Etzenricht - Mechlenreut - Redwitz;Mechlenreuth - Redwitz,TenneT TSO GmbH,437,22227.0370179059,,,,,'',"SRID=4326;LINESTRING(11.5660269448322 50.1689194526935,11.2710244276092 50.1647774676218)",line,2,380.0,22.2270370179059,3.556325922864944,3290.896534380867,40603.70256606646,-53.11837350087889,53.11837350087889,1.6141003810340795,normal,5.076857350154463
83467,114620,114622,380000,3,,,,,,388.594262914729,,,,,'',"SRID=4326;LINESTRING(7.48561419084708 51.9542594611651,7.48701816780464 51.957653872436)",line,1,380.0,0.388594262914729,0.16,1645.4482671904334,100000.0,-254.4012298490328,254.4012298490328,15.46090721426431,normal,5.075690817956308
84267,114768,114769,220000,12,2;1,50,,RWE,4330,289.370880395704,,,,,'',"SRID=4326;LINESTRING(7.61142198874663 51.5431990484595,7.61501165662197 51.5445454574479)",line,1,220.0,0.28937088039570397,0.16,495.3665309646989,100000.0,-98.85771572496482,98.85771572496482,19.956478596251728,normal,5.072027039288519
180838,134617,112880,110000;110000;110000,6;3;3,2;2;2,50,110kV Leithe Ost+West;110kV Leithe West;110kV Leithe Ost,RWE,4170,241.677414227414,,,,,'',"SRID=4326;LINESTRING(7.12549623603904 51.4486792678061,7.12132775986342 51.4463394826491)",line,3,110.0,0.241677414227414,0.05333333333333334,743.0497964470483,100000.0,173.71999218707134,173.71999218707134,23.379320338653923,normal,5.060762935721728
181331,118466,32709,380000;220000;110000;380000;220000,9;3;9,4;2;1;4;2,50;50,380 kV Gilzem Ost; Uchtelfangen West; 220 kV Osburg;380 kV Gilzem Ost; Uchtelfangen West; 220 kV Osburg,Amprion,4553,9462.64217905746,,,,,'',"SRID=4326;LINESTRING(6.79342579283246 49.8192669865322,6.82317865100844 49.7433557650403)",line,5,380.0,9.462642179057461,0.6056090994596774,8000.0,100000.0,-172.2502093922551,172.2502093922551,2.1531276174031886,normal,5.055136758628341
180685,113267,112504,380000;110000;110000,10;6,4;2;1,50;16.7,Oberbachern - Menzing;Karlsfeld - Augsburg;Karlsfeld/West - Puchheim - Oberbrunn;Karlsfeld/West - Puchheim - Argelsried - Oberbrunn,Stadtwerke München,439;440,5664.46024835082,,,,,'',"SRID=4326;LINESTRING(11.4078514099414 48.2228901916259,11.3985577095064 48.1957898559286)",line,3,380.0,5.66446024835082,0.6042090931574208,4936.3448015713,100000.0,-131.44988752702426,131.44988752702426,2.662899226269245,normal,5.050957873574316
71837,16893,17002,380000;380000,3;3,4,,Leitung 3013;Leitung 3013,TenneT,3013,1092.87504983231,,,,,'',"SRID=4326;LINESTRING(9.3897502251176 52.0263153405098,9.40954423099057 52.0343295221752)",line,2,380.0,1.0928750498323099,0.17486000797316958,3290.896534380867,100000.0,-225.00927277464,225.00927277464,6.8373244319263335,normal,5.049628988737504
182042,143137,133613,220000;220000;220000;220000,6;3;3;6,2;2;2;2,50;50;50;50,294; 295;294;295;294; 295,50Hertz Transmission,294;295,4014.92662581161,,,,,'',"SRID=4326;LINESTRING(12.9574803082665 52.5968671732783,12.9417261578462 52.5621020850187)",line,4,220.0,4.01492662581161,0.32119413006492875,1981.4661238587955,100000.0,61.86325685565846,61.86325685565846,3.1220951047693513,normal,5.034124812227388
178732,121705,115229,220000;110000;220000;110000,12;12,4;1;4;1,50;50,,RWE,4197,5512.49010655992,,,,,'',"SRID=4326;LINESTRING(7.26124674340356 50.491670340679,7.20011782562368 50.5205889638786)",line,4,220.0,5.51249010655992,0.4409992085247936,1981.4661238587955,100000.0,53.17954541462777,53.17954541462777,2.6838483269682927,normal,5.028785354130335
89482,24593,126023,110000,6,1,,"Law - Atf 1, Law - Atf 2",Thüringer_Energienetze,,204.863177350688,,,,,'',"SRID=4326;LINESTRING(10.9909064280074 50.5735635177019,10.9872718720153 50.5772233893206)",line,1,110.0,0.204863177350688,0.16,247.68326548234944,75625.0,-66.75177111621966,66.75177111621966,26.95045665932427,normal,5.0226492027180525
150348,18277,113990,220000;110000,6,2,50,,RWE,2476,494.279830959948,,,,,'',"SRID=4326;LINESTRING(8.10489500188887 52.2642974245414,8.11383194051205 52.2616579687788)",line,2,220.0,0.49427983095994804,0.08,990.7330619293978,100000.0,123.66415970138655,123.66415970138655,12.482086694528743,normal,5.013359876137356
180027,112909,113121,380000;110000;110000,8;2,1,50;16.7;16.7,RWE-Donauleitung; Amstetten - Plochingen;Amstetten - Plochingen,RWE;EVS;DB_Energie,,1222.84471719299,,,,,'',"SRID=4326;LINESTRING(9.40429795842416 48.7094925615485,9.39407782543673 48.7181751767291)",line,3,380.0,1.22284471719299,0.13043676983391891,4936.3448015713,100000.0,309.53124458230894,309.53124458230894,6.270454294112139,normal,5.008762263477034
115376,16956,112203,110000,6,1,,110kV Hassels Nord+Süd,RWE,,204.889023851769,,,,,'',"SRID=4326;LINESTRING(6.82809305750979 51.162560954334,6.82448243866657 51.1654887657659)",line,1,110.0,0.204889023851769,0.16,247.68326548234944,75625.0,66.28193868157891,66.28193868157891,26.760765832321574,normal,4.9878713400795665
113226,113302,113305,380000,3,,,,,,203.291466897266,,,,,'',"SRID=4326;LINESTRING(9.42053581566838 48.6763723623796,9.42294653456484 48.6754577485859)",line,1,380.0,0.203291466897266,0.16,1645.4482671904334,100000.0,-442.1157072699633,442.1157072699633,26.869012905818433,normal,4.972398095356949
141055,115703,115704,220000,6,2,,220kV Stratum Ost+West,RWE,2364,243.262643036812,,,,,'',"SRID=4326;LINESTRING(6.72283069808311 51.3518398549903,6.72388963214003 51.3539351437558)",line,1,220.0,0.243262643036812,0.16,495.3665309646989,100000.0,112.6357145274759,112.6357145274759,22.73785318279862,normal,4.95091941293833
178269,112151,16780,220000;220000;220000;380000,6;3;3;6,2;2;2;4,50;50;50;50,220 kV Eller Ost; Itterbach Ost;220 kV Eller Ost;220 kV Itterbach Ost;380 kV Opladen Nord|Süd,RWE,2354,1209.31356504683,,,,,'',"SRID=4326;LINESTRING(6.94841913566081 51.0725606389159,6.96562911753218 51.0692893895334)",line,4,380.0,1.20931356504683,0.0967450852037464,6581.793068761734,100000.0,-410.7945781198996,410.7945781198996,6.241377901556915,normal,4.947427064135075
149746,117450,117449,220000,6,2,50,,TenneT,2016,11732.066402705,,,,,'',"SRID=4326;LINESTRING(9.48937632100478 52.3618290642049,9.32068654470251 52.3511426488524)",line,1,220.0,11.732066402705001,3.7542612488656006,495.3665309646989,12892.01704186801,-9.603834851331774,9.603834851331774,1.938733089744444,normal,4.932376849721115
161527,112666,133930,380000;220000;380000;220000,12;9,3;2,,Großkrotzenburg - Grafenrheinfeld;Aschaffenburg - Grafenrheinfeld,,417;418;278,1611.26406608841,,,,,'',"SRID=4326;LINESTRING(10.1626630874632 49.9862934714093,10.1879002129437 49.981238407691)",line,4,380.0,1.6112640660884099,0.1289011252870728,6581.793068761734,100000.0,-337.5564748191728,337.5564748191728,5.128640042198699,normal,4.922645243370694
181124,19002,126468,110000;110000;110000;110000;110000;110000,3;3;6;3;3;6,1;1;1;1;1;1,50;50;50;50;50;50,"WS-ErH-Vib 3;WS-ErH-Vib 3,WN-ErH-Vib 4;WN-ErH-Vib 4;WS-ErH-Vib 3,WN-ErH-Vib 4",Thüringer_Energienetze,=E02,395.733432126152,,,,,'',"SRID=4326;LINESTRING(11.1293900411786 50.983597117412,11.134668521812 50.9813412538528)",line,6,110.0,0.39573343212615203,0.02666666666666667,1486.0995928940965,100000.0,218.56145628697115,218.56145628697115,14.707053102769164,normal,4.903626158913926
177195,112398,134325,220000;220000;220000,6;12;6,1;1;2,50;50;50,2143;2144;2143;2144;3103 Dollern-(Niedervieland/Unterweser)-Alfstedt,transpower,,198.422724303509,,,,,'',"SRID=4326;LINESTRING(8.51995124727139 53.2060742943914,8.5183764794936 53.2045627053171)",line,3,220.0,0.198422724303509,0.05333333333333334,1486.0995928940965,100000.0,402.1903019760284,402.1903019760284,27.0634824139064,normal,4.898660703286128
181543,21324,8902,220000;220000;220000,6;3;3,2;2;2,,Pirach - St. Peter;Pirach - Pleinting,,256;257,6115.67143408635,,,,,'',"SRID=4326;LINESTRING(12.7475855482068 48.1486110827785,12.7593590293877 48.1985915903112)",line,3,220.0,6.11567143408635,0.652338286302544,1486.0995928940965,74194.63339233298,37.0639174638545,37.0639174638545,2.494039944636185,normal,4.894053575517569
161151,46272,114287,380000;220000;380000;220000;380000,6;9;6,4;4;2;4,50;50;50,,RWE,4511,947.54021077284,,,,,'',"SRID=4326;LINESTRING(7.44924655271619 50.4025219054932,7.46645168853236 50.4020592380577)",line,5,380.0,0.94754021077284,0.06064257348946176,8000.0,100000.0,-586.4057765062659,586.4057765062659,7.330072206328323,normal,4.885985310031336
179665,24862,118520,110000;110000;110000,3;6;9,1;1;1,50;50,,RWE,0073,322.892339682024,,,,,'',"SRID=4326;LINESTRING(7.86403944877968 50.7684190499606,7.87212305549776 50.7704373686256)",line,3,110.0,0.32289233968202397,0.05333333333333334,743.0497964470483,100000.0,129.58705804309022,129.58705804309022,17.439888774981306,normal,4.880038500202053
180380,113407,114531,380000;110000;380000;110000;380000,6;9;3,1;3;1;1,,Philippsburg - Pulverdingen;Philippsburg - Pulverdingen;Philippsburg - Pulverdingen,EnBW,Anlage 337,18707.7403031573,,,,,'',"SRID=4326;LINESTRING(9.03429321166791 48.8979330498171,8.82197944853823 48.9393722647774)",line,5,380.0,18.7077403031573,1.1972953794020673,8000.0,100000.0,130.73300648490104,130.73300648490104,1.634162581061263,normal,4.871457393682751
79110,24657,124240,220000;110000,6,2;1,50,,EON_Netz,211;133A,1333.93610611934,,,,,'',"SRID=4326;LINESTRING(10.1789348023534 54.3388198058775,10.2009086810215 54.3400919563574)",line,2,220.0,1.33393610611934,0.2134297769790944,990.7330619293978,100000.0,56.84002175183611,56.84002175183611,5.737168157196987,normal,4.862572202372834
102974,16778,112140,220000,3,2,50,220 kV Frixheim Süd,RWE,,234.813360178722,,,,,'',"SRID=4326;LINESTRING(6.93481717657151 51.0334821635245,6.93024585813696 51.0327014477473)",line,1,220.0,0.234813360178722,0.16,495.3665309646989,100000.0,-114.14664472472191,114.14664472472191,23.042865754863907,normal,4.860197403723944
161989,114985,113866,220000;0;220000;110000;220000;110000,12;12;12,2;1;2;1;2;1,,220kV Emscher Nord+Süd,RWE,2316,1757.70196380366,,,,,'',"SRID=4326;LINESTRING(6.8236895855968 51.4977620628086,6.84796475951956 51.4952903704151)",line,6,220.0,1.75770196380366,0.0937441047361952,2972.199185788193,100000.0,142.20983397769115,142.20983397769115,4.784667012146386,normal,4.853555265481292
179531,134367,25406,220000;220000;220000,3;6;3,2;2,50;50,Otterbach - Beeden;Bexbach - Beeden,,,10481.2071801789,,,,,'',"SRID=4326;LINESTRING(7.23542955555306 49.3627899883735,7.31934050098583 49.3048721803483)",line,3,220.0,10.4812071801789,1.117995432552416,1486.0995928940965,43291.76899184767,-29.48251275859879,29.48251275859879,1.9838853936554302,normal,4.842091975187032
135423,22993,112509,380000,6,4,,380kV Mengede Nord+Waltrop Süd,RWE,,838.771357262562,,,,,'',"SRID=4326;LINESTRING(7.40354443263153 51.6444494890018,7.41755396216647 51.6446851717665)",line,1,380.0,0.838771357262562,0.26840683432401985,1645.4482671904334,100000.0,-130.73367819950167,130.73367819950167,7.945170979013915,normal,4.839384638187624
129693,113623,113625,380000,3,3,50,513,50Hertz,513,271.01058763281,,,,,'',"SRID=4326;LINESTRING(12.0140429179974 53.0708769828253,12.0122409873689 53.068684968509)",line,1,380.0,0.27101058763281,0.16,1645.4482671904334,100000.0,331.760098192781,331.760098192781,20.162292841892505,normal,4.835166269955906
104562,18639,114226,380000,6,,,,,,1665.11611987607,,,,,'',"SRID=4326;LINESTRING(6.72247756302745 51.4798054545034,6.72322784327022 51.491341849543)",line,1,380.0,1.6651161198760698,0.5328371583603423,1645.4482671904334,100000.0,-81.03924856690537,81.03924856690537,4.925055997371349,normal,4.827774463399935
174129,117927,143515,220000;220000;0,12;12;3,2;2;2,50;50;50,"Frimmersdorf 1a, Frimmersdorf 2b, Frimmersdorf 3c, Frimmersdorf 4d;220 kV Frimmersdorf 3c;Neurath 1a",RWE,4535,252.633784012601,,,,,'',"SRID=4326;LINESTRING(6.62089302374472 51.0534670510413,6.61697098862421 51.0544999065057)",line,3,220.0,0.252633784012601,0.05333333333333334,1486.0995928940965,100000.0,318.34973924341756,318.34973924341756,21.42183072827906,normal,4.825232279493524
89825,117483,112442,380000,3,4,,,,,169.872539110857,,,,,'',"SRID=4326;LINESTRING(8.81154048594759 50.2045310431543,8.8124858729526 50.2031170664485)",line,1,380.0,0.16987253911085698,0.16,1645.4482671904334,100000.0,-505.9899806146739,505.9899806146739,30.75088963317216,normal,4.824654738606931
179733,112690,16975,110000;220000;110000;220000,6;12;6,2;2;2,50;50,Rid Sit;Diet Sit;Ingolstadt - Sittling;Riedenburg - Sittling;Dietfurt - Sittling;Ingolstadt - Sittling,E.ON Netz GmbH,148;149,4141.87345851648,,,,,'',"SRID=4326;LINESTRING(11.7373124929794 48.8510072431187,11.7922769698549 48.8380989680246)",line,4,220.0,4.14187345851648,0.33134987668131843,1981.4661238587955,100000.0,58.34464682199503,58.34464682199503,2.9445190164731185,normal,4.821406964155548
129652,117964,118231,380000;110000,12,,,,,,4197.57200636336,,,,,'',"SRID=4326;LINESTRING(9.71865099535087 50.4967851562328,9.74634991831599 50.5287780826033)",line,2,380.0,4.19757200636336,0.6716115210181376,3290.896534380867,100000.0,-96.01909415879462,96.01909415879462,2.9177184136802157,normal,4.808958965106475
91957,112810,112811,220000;110000,18,2;1,,,RWE,2344,309.858820047669,,,,,'',"SRID=4326;LINESTRING(7.01942314352749 51.5587941675961,7.01990473035131 51.5615741476086)",line,2,220.0,0.30985882004766896,0.08,990.7330619293978,100000.0,-176.26899848822708,176.26899848822708,17.791775127091547,normal,4.802344563563658
154748,114677,114676,220000,3,2,,,RWE,4316,251.376270832092,,,,,'',"SRID=4326;LINESTRING(7.97297897857102 51.6718080865887,7.97137261117995 51.6697691522584)",line,1,220.0,0.25137627083209196,0.16,495.3665309646989,100000.0,105.39173238375277,105.39173238375277,21.275505266475758,normal,4.7709036010074435
125709,112547,134292,220000,3,1,50,220kV Wesel Ost,RWE,2339,718.076905038382,,,,,'',"SRID=4326;LINESTRING(6.6849759615049 51.6377994619084,6.68085430023769 51.6463728718929)",line,1,220.0,0.7180769050383821,0.22978460961228225,495.3665309646989,100000.0,43.54992487936027,43.54992487936027,8.791454843456865,normal,4.75798447775929
155144,16337,113114,380000,3,4,50,Leupolz - Oberottmarshausen,Lechwerke,K12,24141.4130525243,,,,,'',"SRID=4326;LINESTRING(10.7027361982684 47.8264651225073,10.7833729874781 48.0254629597391)",line,1,380.0,24.141413052524303,7.7252521768077775,1645.4482671904334,18691.94644978811,24.270875895272226,24.270875895272226,1.475031234905623,normal,4.756262420626247
17559,24664,24835,110000,6,3,50,110 kV Bürstadt Trafo 211|411,RWE,0774,205.48470791961,,,,,'',"SRID=4326;LINESTRING(8.41938493943566 49.6337976668968,8.41755868722372 49.6388189136666)",line,1,110.0,0.20548470791961002,0.16,247.68326548234944,75625.0,62.9950583004427,62.9950583004427,25.433715991172562,normal,4.753096928666808
160778,16790,16919,380000;380000,6;6,4;4,,380kV Scholven F;380kV Scholven F,RWE,4111,3615.63398086494,,,,,'',"SRID=4326;LINESTRING(7.00616821335541 51.5997745913503,7.02345294590051 51.6256937981523)",line,2,380.0,3.61563398086494,0.5785014369383904,3290.896534380867,100000.0,-102.20376667661179,102.20376667661179,3.105651168575554,normal,4.749935796154719
124343,24642,118231,380000,6,,,,,,2180.86875656708,,,,,'',"SRID=4326;LINESTRING(9.77418774638005 50.5288140188163,9.74634991831599 50.5287780826033)",line,1,380.0,2.18086875656708,0.6978780021014656,1645.4482671904334,100000.0,67.02930231288207,67.02930231288207,4.073619550940554,normal,4.713806597345836
168307,33441,134367,110000,6,1,50,,Evonik,,394.04022583339,,,,,'',"SRID=4326;LINESTRING(7.23233531154789 49.3579040467156,7.23542955555306 49.3627899883735)",line,1,110.0,0.39404022583339005,0.16,247.68326548234944,75625.0,-35.121814246432265,35.121814246432265,14.180132104619371,normal,4.710727352895225
141696,113021,116018,380000,3,,50,Koppelleitung Laufenburg (CH) - Sierentz (F),,,665.178932533042,,,,,'',"SRID=4326;LINESTRING(7.93988091125374 47.597648668576,7.94721143346675 47.5943204382307)",line,1,380.0,0.665178932533042,0.21285725841057346,1645.4482671904334,100000.0,-151.38651238666216,151.38651238666216,9.200320387170317,normal,4.691543154592364
72458,114771,134486,220000;220000,3;3,,,,,,275.674356992258,,,,,'',"SRID=4326;LINESTRING(7.61228922232192 51.8968202494364,7.60712388594649 51.8986079335929)",line,2,220.0,0.275674356992258,0.08,990.7330619293978,100000.0,-189.9018669530017,189.9018669530017,19.16781363722518,normal,4.666882394728617
155239,114625,115776,380000;110000,9,4;1,,,,,3789.15675263526,,,,,'',"SRID=4326;LINESTRING(8.46534118405203 48.0409069864203,8.48127343443659 48.0098721736989)",line,2,380.0,3.78915675263526,0.6062650804216416,3290.896534380867,100000.0,97.97024385605644,97.97024385605644,2.9770077190982875,normal,4.663048998635237
141,134373,134432,110000,,,50,,Stromnetz Berlin,,2244.75737513024,,,,,'',"SRID=4326;LINESTRING(13.4564293065004 52.5214534920595,13.4795013131177 52.5338834746152)",line,1,110.0,2.2447573751302397,0.7183223600416767,247.68326548234944,16844.80488578688,-9.78847186440878,9.78847186440878,3.952011794315726,normal,4.651678248721643
179528,24642,118231,110000;110000;110000;110000,12;6;6;6,1;1;1,,,,,3111.2467917909,,,,,'',"SRID=4326;LINESTRING(9.77418774638005 50.5288140188163,9.74634991831599 50.5287780826033)",line,4,110.0,3.1112467917909,0.248899743343272,990.7330619293978,48613.95129408467,32.585592379149254,32.585592379149254,3.2890385545114054,normal,4.649800431775943
168334,24978,114764,380000,6,4,50,,RWE,4332,9963.66900891965,,,,,'',"SRID=4326;LINESTRING(8.79127921302957 51.4266664167297,8.90793277020558 51.3900980435485)",line,1,380.0,9.96366900891965,3.1883740828542884,1645.4482671904334,45289.54139243617,-31.917438586574974,31.917438586574974,1.9397412378739378,normal,4.644879130407669
6086,134449,134684,220000,6,,,,,,177.08319423221,,,,,'',"SRID=4326;LINESTRING(8.95872395324314 50.0826216715156,8.94961850031646 50.0888975021776)",line,1,220.0,0.17708319423221,0.16,495.3665309646989,100000.0,140.9833355638712,140.9833355638712,28.460407950717617,normal,4.640170940219535
167898,200,112942,220000;110000,12,,,,,,560.073409463042,,,,,'',"SRID=4326;LINESTRING(8.40394268185539 49.089234984154,8.40932601585853 49.0923502415204)",line,2,220.0,0.5600734094630421,0.08961174551408674,990.7330619293978,100000.0,102.72948291333294,102.72948291333294,10.36903751988179,normal,4.611451893147246
114636,112677,134329,380000,6,3,,Redwitz - Remptendorf,TenneT TSO GmbH,413;414,202.892865548274,,,,,'',"SRID=4326;LINESTRING(11.1933452185293 50.1661928674853,11.1934192732072 50.1623792035131)",line,1,380.0,0.202892865548274,0.16,1645.4482671904334,100000.0,407.95732891007185,407.95732891007185,24.79308143832744,normal,4.5800104869517675
117963,112785,112774,110000,6,1,,110kV Herten Ost+West,RWE,4358,237.105988355613,,,,,'',"SRID=4326;LINESTRING(7.13979191187627 51.5587337944947,7.13808107041767 51.5605917525362)",line,1,110.0,0.237105988355613,0.16,247.68326548234944,75625.0,-53.29658658331439,53.29658658331439,21.518040986548783,normal,4.578496254359602
84501,23954,113432,220000,6,1,,220kV Cappenberg Nord+Elmenhorst Süd,RWE,2645,1603.53974780454,,,,,'',"SRID=4326;LINESTRING(7.32428203604725 51.621387925642,7.34371334412713 51.6131049439167)",line,1,220.0,1.60353974780454,0.5131327192974527,495.3665309646989,94322.57616755772,-23.448253542525226,23.448253542525226,4.733515907273963,normal,4.529368646580571
96810,114424,114425,220000,3,2,50,304,50Hertz Transmission,304,171.756047896269,,,,,'',"SRID=4326;LINESTRING(13.9643618464515 53.1733359931531,13.9669479164914 53.1733649615782)",line,1,220.0,0.171756047896269,0.16,495.3665309646989,100000.0,-141.4689854856127,141.4689854856127,28.55844645178383,normal,4.526614266331906
142973,113456,112779,220000,6,4,,220kV Herne 1A+2B,RWE,,1118.04788336448,,,,,'',"SRID=4326;LINESTRING(7.14981755960469 51.5520004900869,7.13369765115728 51.5524222689655)",line,1,220.0,1.11804788336448,0.3577753226766336,495.3665309646989,100000.0,29.830658426388545,29.830658426388545,6.021936598803918,normal,4.5194324329997775
86199,112527,121776,220000,3,1,,Götterswick Süd + Wesel Ost,,,244.40319773754,,,,,'',"SRID=4326;LINESTRING(6.6471259859977 51.553729362063,6.65066741434228 51.5537022721424)",line,1,220.0,0.24440319773754002,0.16,495.3665309646989,100000.0,102.33441945849408,102.33441945849408,20.658323294309664,normal,4.51706748974257
93314,112397,112396,220000;110000,6,,50,300,TenneT;EON_Netz,300,446.101067395657,,,,,'',"SRID=4326;LINESTRING(8.13113295389502 53.5569709576146,8.12445775268178 53.5575656730513)",line,2,220.0,0.446101067395657,0.08,990.7330619293978,100000.0,121.01139756594505,121.01139756594505,12.214329188760699,normal,4.505512014667609
138916,113110,113111,220000,3,,,,Lechwerke,,341.88227361835,,,,,'',"SRID=4326;LINESTRING(10.6418025411196 48.0258492685192,10.646394549189 48.0256512480816)",line,1,220.0,0.34188227361835,0.16,495.3665309646989,100000.0,75.68890274701894,75.68890274701894,15.279373557922655,normal,4.493255958814316
103631,113357,116109,220000,3,,,,,,131.309652286143,,,,,'',"SRID=4326;LINESTRING(10.1943466675341 47.9678562788865,10.1945325289664 47.9690426543353)",line,1,220.0,0.131309652286143,0.16,495.3665309646989,100000.0,-179.43350758354293,179.43350758354293,36.22237199475429,normal,4.468969409203493
145293,17194,115577,110000,6,2,,110kV Lirich West+Thyssen Ost,RWE,0907,315.340788047254,,,,,'',"SRID=4326;LINESTRING(6.92677863132666 51.4992058438157,6.92904076818332 51.5034438856652)",line,1,110.0,0.315340788047254,0.16,247.68326548234944,75625.0,-40.16382143442819,40.16382143442819,16.21579938241341,normal,4.444682284858286
81108,112527,121775,110000,3,1,,Götterswick Süd + Wesel Ost,,,241.404318693983,,,,,'',"SRID=4326;LINESTRING(6.6471259859977 51.553729362063,6.65058396085239 51.5533987522171)",line,1,110.0,0.241404318693983,0.16,247.68326548234944,75625.0,-50.778384882133665,50.778384882133665,20.501338587912098,normal,4.433276165172639
105758,113625,113624,380000,3,3,50,516,50Hertz,,231.797125768596,,,,,'',"SRID=4326;LINESTRING(12.0122409873689 53.068684968509,12.0103739288824 53.070450970458)",line,1,380.0,0.231797125768596,0.16,1645.4482671904334,100000.0,-347.67462173817995,347.67462173817995,21.129477521151525,normal,4.404950519262597
93837,112659,112661,380000;220000,9,4;2;1,,Grafenrheinfeld - Raitersaich;Bergrheinfeld - Raitersaich,TenneT TSO GmbH,433;434;278,3599.08970257417,,,,,'',"SRID=4326;LINESTRING(10.1899824722208 49.9790214611963,10.2390716295737 49.9724528733883)",line,2,380.0,3.59908970257417,0.5758543524118672,3290.896534380867,100000.0,-94.98063072692631,94.98063072692631,2.8861627746311234,normal,4.4038756937180565
139858,115581,115577,380000;220000;110000,18,4;2,,,RWE,4566,4369.11482612501,,,,,'',"SRID=4326;LINESTRING(6.98540358439177 51.5204730865673,6.92904076818332 51.5034438856652)",line,3,380.0,4.36911482612501,0.4660389147866677,4936.3448015713,100000.0,129.27480632272113,129.27480632272113,2.618836639644203,normal,4.40138199541067
109940,118032,118033,380000,3,,50,573,50Hertz Transmission,573,190.205642031176,,,,,'',"SRID=4326;LINESTRING(12.0441118661766 50.7959402823627,12.0468218138942 50.7960517435108)",line,1,380.0,0.19020564203117601,0.16,1645.4482671904334,100000.0,-415.05934447507167,415.05934447507167,25.22469729077392,normal,4.392278178646617
106140,113621,112595,380000,3,3,50,513,50Hertz,513,637.095331533385,,,,,'',"SRID=4326;LINESTRING(12.6114578857275 53.5855257872311,12.6186989357382 53.5890859469779)",line,1,380.0,0.6370953315333849,0.2038705060906832,1645.4482671904334,100000.0,-146.45510925159616,146.45510925159616,8.90062071059001,normal,4.387325399485664
71821,112458,133654,220000;220000,9;6,2;2,50;50,Neufinsing - Ottenhofen;Nfi-Oh,TenneT TSO GmbH,286;287,987.282222787021,,,,,'',"SRID=4326;LINESTRING(11.8270192453984 48.2267738769654,11.813089825957 48.2213167737546)",line,2,220.0,0.987282222787021,0.15796515564592337,990.7330619293978,100000.0,-63.247775264330116,63.247775264330116,6.383937075962578,normal,4.384283621830177
180160,134423,112720,380000;220000;380000;220000;380000;380000,12;6;3;3,4;2;2;4;2,50;50;50;50,380 kV Niederaußem 6f|7g|8h; 220 kV Niederaußem 5e;380 kV Niederaußem 6f; 220 kV Niederaußem 5e;380 kV Niederaußem 8h;380 kV Niederaußem 7g,RWE,4589,1962.60888925269,,,,,'',"SRID=4326;LINESTRING(6.66768113914568 50.9932912142426,6.69706593775622 51.003909289926)",line,6,380.0,1.96260888925269,0.1046724740934768,8000.0,100000.0,322.17737199613515,322.17737199613515,4.02721714995169,normal,4.373840783776068
73739,18224,119343,220000;220000,6;6,2,,Taucha-Eula,Vattenfall_Europe_Transmission,70;15,26571.4281401618,,,,,'',"SRID=4326;LINESTRING(12.5181586241793 51.1570964951171,12.4817730488932 51.365751747343)",line,2,220.0,26.5714281401618,4.251428502425888,990.7330619293978,11384.408786924841,-13.031376346422508,13.031376346422508,1.3153266855801324,normal,4.3626492760396
85513,113453,113454,220000;110000,12,2;1,50,RWE 2613 Pöppinghausen - Wanne,RWE,2613,1058.63924198281,,,,,'',"SRID=4326;LINESTRING(7.20909154615439 51.5596054827105,7.19469406743275 51.5574297494537)",line,2,220.0,1.0586392419828101,0.16938227871724962,990.7330619293978,100000.0,-59.83978635074605,59.83978635074605,6.03995048214212,normal,4.361117268303431
112085,115655,115565,220000;110000,9,2;1,50,,RWE,2388,267.912338203064,,,,,'',"SRID=4326;LINESTRING(6.53964489787253 51.2969849478234,6.5398553731436 51.2994006519051)",line,2,220.0,0.267912338203064,0.08,990.7330619293978,100000.0,181.10188152978824,181.10188152978824,18.27958392516975,normal,4.339056272009027
129654,117963,118230,380000;110000,12,,,,,,4012.73867825414,,,,,'',"SRID=4326;LINESTRING(9.68624543928613 50.4827326711601,9.64071468843664 50.4616547416771)",line,2,380.0,4.01273867825414,0.6420381885206624,3290.896534380867,100000.0,88.45348144514986,88.45348144514986,2.6878232275324656,normal,4.3327237588873615
178741,134375,117009,110000;110000;110000,6;12;6,1;1;1,,,LEW,63001,300.564905406347,,,,,'',"SRID=4326;LINESTRING(10.0828338243409 48.2674353670844,10.0782803802386 48.2667066519086)",line,3,110.0,0.300564905406347,0.05333333333333334,743.0497964470483,100000.0,122.4935661268578,122.4935661268578,16.485243211500837,normal,4.332300694552833
121380,112544,112546,380000;220000;110000,19,4;2;1,50;16.7,,RWE,4569,6149.80341238902,,,,,'',"SRID=4326;LINESTRING(6.76513083767632 51.6690419818275,6.67883903080991 51.6558062429181)",line,3,380.0,6.14980341238902,0.6559790306548289,4936.3448015713,100000.0,-107.844820441938,107.844820441938,2.1847100390477108,normal,4.297510044702707
160719,112568,16914,380000;220000;380000;220000,18;12,4;2;4;2,50;50,,RWE,4578,1153.58847939345,,,,,'',"SRID=4326;LINESTRING(6.72391541378869 51.3626524415938,6.70793587751872 51.3613273820765)",line,4,380.0,1.1535884793934499,0.092287078351476,6581.793068761734,100000.0,368.59094845226315,368.59094845226315,5.600160087099306,normal,4.296081670040236
143206,118033,118034,380000,3,,50,575,50Hertz Transmission,575,223.77064187923,,,,,'',"SRID=4326;LINESTRING(12.0468218138942 50.7960517435108,12.0465806162404 50.7980687866378)",line,1,380.0,0.22377064187923,0.16,1645.4482671904334,100000.0,-348.3426644327492,348.3426644327492,21.170076955839917,normal,4.275017224595394
134074,112548,112547,110000,6,1,,110kV Götterswick Nord+Lohberg Ltg,RWE,,325.057627656626,,,,,'',"SRID=4326;LINESTRING(6.68373143551028 51.6406280729317,6.6849759615049 51.6377994619084)",line,1,110.0,0.325057627656626,0.16,247.68326548234944,75625.0,-37.57457705948847,37.57457705948847,15.170414111875528,normal,4.269803331884304
162357,18151,134419,110000;110000;110000;110000,4;4;4;4,1;1;2;1,16.7;16.7;16.7;16.7,Dortmund - Datteln;Dortmund - Datteln;Dortmund - Datteln;Dortmund - Datteln,DB_Energie,,1603.1110719968,,,,,'',"SRID=4326;LINESTRING(7.35312358438307 51.5758058196046,7.35181058520026 51.5683678572978)",line,4,110.0,1.6031110719968,0.128248885759744,990.7330619293978,94347.79825430705,44.13919064829493,44.13919064829493,4.4552051752806445,normal,4.26232729576797
133845,17306,113159,380000,6,3,,"BZW-WDL/MEZ 380 kV, TRS-WDL 220 kV",,,1916.35764183911,,,,,'',"SRID=4326;LINESTRING(9.40081810882864 48.6669725947836,9.39382512934731 48.6495802731868)",line,1,380.0,1.9163576418391102,0.6132344453885152,1645.4482671904334,100000.0,-65.36570649328944,65.36570649328944,3.9725166568074446,normal,4.251925422241696
146651,18824,113407,380000,6,3;1,,Philippsburg - Pulverdingen,EnBW,Anlage 337,676.108261506463,,,,,'',"SRID=4326;LINESTRING(9.04558352922656 48.9028275892036,9.03429321166791 48.8979330498171)",line,1,380.0,0.676108261506463,0.21635464368206817,1645.4482671904334,100000.0,135.12280824187206,135.12280824187206,8.21191470653716,normal,4.241245323421043
113461,115540,115543,110000,9,2;1,50,,RWE,,353.500059425761,,,,,'',"SRID=4326;LINESTRING(7.30816593035618 51.4518635792888,7.31149508679912 51.4494470616901)",line,1,110.0,0.35350005942576096,0.16,247.68326548234944,75625.0,-34.69932509323148,34.69932509323148,14.009555722570301,normal,4.2406066943680605
160720,16914,112570,380000;220000;380000;220000,18;12,4;2;4;2,50;50,,RWE,4578,1186.44131417018,,,,,'',"SRID=4326;LINESTRING(6.70793587751872 51.3613273820765,6.70351269739271 51.3705244743615)",line,4,380.0,1.18644131417018,0.0949153051336144,6581.793068761734,100000.0,354.8757520747126,354.8757520747126,5.391779236558058,normal,4.217855457949518
174448,134655,143741,220000,6,1,,Raitersaich - Trennfeld,TenneT TSO GmbH,211,193.276731835712,,,,,'',"SRID=4326;LINESTRING(10.336396317904 49.4981127521291,10.3301466072624 49.5004778548285)",line,1,220.0,0.193276731835712,0.16,495.3665309646989,100000.0,118.20140192010942,118.20140192010942,23.861402523484728,normal,4.216383299858961
137965,117623,115741,220000,3,1,,220kV Bigge Ost,RWE,2319,82.4217673098161,,,,,'',"SRID=4326;LINESTRING(7.6025920884929 51.3453577551505,7.60247467868527 51.3461061573706)",line,1,220.0,0.08242176730981611,0.16,495.3665309646989,100000.0,262.192620885926,262.192620885926,52.929014072735264,normal,4.192025968777373
158593,17202,112764,110000,3,1,,110kV Gelsenkirchen Süd,RWE,2343,205.775937502064,,,,,'',"SRID=4326;LINESTRING(7.10471844205027 51.481790311093,7.09969695664252 51.4821947531063)",line,1,110.0,0.20577593750206402,0.16,247.68326548234944,75625.0,55.22145055228064,55.22145055228064,22.295188350629957,normal,4.171949023089199
171887,141943,116051,380000;220000,6,,50,Koppelleitung Laufenburg (CH) - Sierentz (F),,,3448.82450495573,,,,,'',"SRID=4326;LINESTRING(7.95405275173122 47.5881604265258,7.99538619569198 47.5783674856311)",line,2,380.0,3.44882450495573,0.5518119207929167,3290.896534380867,100000.0,-91.64276564733036,91.64276564733036,2.7847355481983143,normal,4.156607404371928
117788,114673,114675,380000,3,4,,,RWE,4316,358.816217588145,,,,,'',"SRID=4326;LINESTRING(7.96854821809515 51.6671606555255,7.97086802748486 51.6700574655284)",line,1,380.0,0.35881621758814497,0.16,1645.4482671904334,100000.0,-222.06589592422833,222.06589592422833,13.495768925230383,normal,4.137990241923369
72233,114237,18134,220000;110000;220000;110000,12;9,2;1;2;1,,,RWE,2377,675.020346121526,,,,,'',"SRID=4326;LINESTRING(6.72641084381644 51.5195524649234,6.71774903100173 51.5228051762102)",line,4,220.0,0.6750203461215261,0.05400162768972209,1981.4661238587955,100000.0,-158.51187090918373,158.51187090918373,7.999726515661576,normal,4.126461426987614
116051,16768,112303,380000,6,4,50,"C,D",50Hertz Transmission,C;D,216.911648531899,,,,,'',"SRID=4326;LINESTRING(9.90880362383627 53.4880478817913,9.91261864509603 53.4847192501925)",line,1,380.0,0.216911648531899,0.16,1645.4482671904334,100000.0,-345.0234835892116,345.0234835892116,20.96835801336566,normal,4.116428650904062
104898,118338,118375,110000,6,,50,,,,38.887912436785,,,,,'',"SRID=4326;LINESTRING(7.89862488351527 49.8603024871273,7.89836796534401 49.8599817793479)",line,1,110.0,0.038887912436785,0.16,247.68326548234944,75625.0,266.8757255144898,266.8757255144898,107.74879158459257,overload,4.110705406297578
180006,23711,118217,380000;380000;380000,6;12;6,,50;50;50,,TenneT,,2247.57579448642,,,,,'',"SRID=4326;LINESTRING(9.23493562375167 53.9168334545263,9.24764048653197 53.8981141560376)",line,3,380.0,2.24757579448642,0.23974141807855145,4936.3448015713,100000.0,172.10451612906797,172.10451612906797,3.4864767970479886,normal,4.1067517303061205
182090,143384,17647,380000;220000;380000;220000;220000;380000,6;6;3;3,2;2;1;1;2,50,Schwandorf - Etzenricht;Mechlenreuth - Schwandorf;Schwandorf - Etzenricht;Mechlenreuth - Schwandorf;Mechlenreuth - Schwandorf;Schwandorf - Etzenricht,TenneT TSO GmbH,457;248,36406.3856059658,,,,,'',"SRID=4326;LINESTRING(12.1302283592823 49.5858307294217,12.0823055225582 49.2975904932612)",line,6,380.0,36.4063856059658,1.9416738989848428,8000.0,74368.82170352913,-90.70507376539413,90.70507376539413,1.1338134220674267,normal,4.106492423636571
180195,114210,134340,220000;220000;220000,3;6;3,2;2;2,,,RWE,Anlage 232,450.565631452783,,,,,'',"SRID=4326;LINESTRING(9.1471841340971 49.1480845518259,9.15118600564182 49.1433394745617)",line,3,220.0,0.450565631452783,0.05333333333333334,1486.0995928940965,100000.0,-163.50628372867604,163.50628372867604,11.002377263979772,normal,4.092373513090492
100546,24288,118024,380000;220000,6,3;2,,,EnBW,Anlage 316,36472.2250267986,,,,,'',"SRID=4326;LINESTRING(9.69459398163278 49.2324914822377,9.22127592108988 49.2127750520271)",line,2,380.0,36.472225026798604,5.835556004287777,3290.896534380867,24744.85719850852,37.07018625997497,37.07018625997497,1.1264464219003218,normal,4.0817912460575565
179232,134019,112661,110000;110000;380000;220000;380000;220000;110000,3;3;9;15,1;1;4;2;4;2;1,,Brünnstadt - Heidenfeld - Schwebheim;Brünnstadt - Knetzgau;Grafenrheinfeld - Raitersaich;Bergrheinfeld - Raitersaich;Grafenrheinfeld - Raitersaich;Bergrheinfeld - Raitersaich;Brünnstadt - Heidenfeld - Schwebheim;Brünnstadt - Knetzgau,TenneT TSO GmbH,151,8730.90916228506,,,,,'',"SRID=4326;LINESTRING(10.2854514717084 49.8989376126005,10.2390716295737 49.9724528733883)",line,7,380.0,8.730909162285059,0.39912727599017417,8000.0,100000.0,-143.4584536775141,143.4584536775141,1.793230670968926,normal,4.080150891679951
178151,114971,30245,220000;220000;110000;220000;220000;220000,6;3;6;3;3;3,4;2;4;2;1;4;2;4;2;4;2,50;50;50;50;50;50,,EnBW,,6335.28487375772,,,,,'',"SRID=4326;LINESTRING(8.54926458267186 49.3608693830211,8.62319820898094 49.3566712908695)",line,6,220.0,6.33528487375772,0.33788185993374503,2972.199185788193,100000.0,-60.47547112886797,60.47547112886797,2.0347045183928536,normal,4.0545480604763355
176886,24462,113863,220000;220000;110000,6;12,2;2;1,50;50,220 kV Rheinau Ost|West;220 kV Rheinau Ost|West; 110 kV Heppenheim Ost|West,RWE,,191.961625672276,,,,,'',"SRID=4326;LINESTRING(8.58857172237427 49.8131644364975,8.58891913802619 49.8114532626763)",line,3,220.0,0.191961625672276,0.05333333333333334,1486.0995928940965,100000.0,-342.63542796214574,342.63542796214574,23.056020579003206,normal,4.0486458573056465
139326,113007,117961,380000;110000,12,4,,,TenneT TSO GmbH,,5004.5432121993,,,,,'',"SRID=4326;LINESTRING(9.12036295499608 50.1775820390891,9.12731798142032 50.2172295418905)",line,2,380.0,5.0045432121993,0.800726913951888,3290.896534380867,100000.0,-74.30478609028457,74.30478609028457,2.2578888553317555,normal,4.047302768077926
181073,24664,118349,380000;380000;380000,6;3;3,4;4;4,50;50;50,380 kV Soonwald Ost|West;380 kV Soonwald Ost;380 kV Soonwald West,RWE,4523,365.821771864961,,,,,'',"SRID=4326;LINESTRING(8.41938493943566 49.6337976668968,8.4269422480747 49.6341821536024)",line,3,380.0,0.365821771864961,0.05333333333333334,4936.3448015713,100000.0,639.1393359095777,639.1393359095777,12.94762342586222,normal,4.036502890257054
79091,112022,112023,380000,6,4,,517;518,Vattenfall_Europe_Transmission,517;518,445.160954724368,,,,,'',"SRID=4326;LINESTRING(13.5148195457871 52.6207600544191,13.5082534898809 52.6211091901889)",line,1,380.0,0.445160954724368,0.16,1645.4482671904334,100000.0,-179.475501179098,179.475501179098,10.907392517757392,normal,4.016327737663748
71799,117165,16993,380000;380000,6;6,4;4,50;50,380 kV Opladen Nord|Süd;380 kV Opladen Nord|Süd,RWE,4560,618.092980296655,,,,,'',"SRID=4326;LINESTRING(6.71618873453539 51.0057671601145,6.70247484431852 51.0089106741313)",line,2,380.0,0.618092980296655,0.09889487684746481,3290.896534380867,100000.0,-271.45196537726736,271.45196537726736,8.24857185697991,normal,3.969611044824998
158134,115096,115100,380000,3,,,,,,361.194314876103,,,,,'',"SRID=4326;LINESTRING(8.03509676181566 47.5606404696196,8.03960908931931 47.5609838760918)",line,1,380.0,0.36119431487610304,0.16,1645.4482671904334,100000.0,-211.10106051211233,211.10106051211233,12.829395169777213,normal,3.9561042023221797
136359,118491,118492,220000,3,,50,,,,170.849971829033,,,,,'',"SRID=4326;LINESTRING(8.06757696788051 49.5797572859285,8.06932814369537 49.5808056402293)",line,1,220.0,0.170849971829033,0.16,495.3665309646989,100000.0,-123.57205845583974,123.57205845583974,24.945580843984352,normal,3.9346653865180516
178963,30245,118158,220000;380000;220000;380000;220000;380000,3;6;3;9;6,3;3;3;3;3,50;50;50;50;50,,EnBW,,2586.7984843993,,,,,'',"SRID=4326;LINESTRING(8.62319820898094 49.3566712908695,8.62890041227211 49.3334068478495)",line,6,380.0,2.5867984843992997,0.1379625858346293,8000.0,100000.0,-245.87284322819536,245.87284322819536,3.0734105403524423,normal,3.925544400697001
161707,117163,112732,220000;220000;220000;0;220000;220000,6;3;6;6;3,4;2;2;4;2;2,50;50;50;50,220 kV Niederaußem 2b; Rommerskirchen Ost;220 kV Rommerskirchen Ost;220 kV Rommerskirchen Ost;220 kV Niederaußem 2b; Rommerskirchen Ost,RWE,4522,3172.22642691136,,,,,'',"SRID=4326;LINESTRING(6.69982205887943 51.0031125767597,6.69948725677304 50.9749358400899)",line,6,220.0,3.17222642691136,0.16918540943527252,2972.199185788193,100000.0,-81.66398253881546,81.66398253881546,2.747594539736714,normal,3.9248008945487083
180178,116076,20702,220000;220000,6,,50;50,,,,1447.8727672159,,,,,'',"SRID=4326;LINESTRING(6.19084668002849 49.955168142347,6.2110684891669 49.9586167664622)",line,2,220.0,1.4478727672159,0.231659642754544,990.7330619293978,100000.0,43.333076083718055,43.333076083718055,4.373839710096005,normal,3.91554611339347
181714,141612,134359,380000;380000;220000;220000,3;6;3,2;2;2,,Irsching - Ottenhofen;Irsching - Ottenhofen;Zolling - Irsching;Zol-Irs,TenneT TSO GmbH,421,4106.22939506924,,,,,'',"SRID=4326;LINESTRING(11.6252229998292 48.7369986262738,11.5825524147546 48.7661661002974)",line,4,380.0,4.10622939506924,0.32849835160553925,6581.793068761734,100000.0,-157.63889051407241,157.63889051407241,2.3950751545540436,normal,3.9050772168794268
113432,118660,118662,380000,3,3,50,450,50Hertz,450,243.600451495909,,,,,'',"SRID=4326;LINESTRING(10.3880041290116 51.0062370565876,10.3876428266044 51.008426169893)",line,1,380.0,0.243600451495909,0.16,1645.4482671904334,100000.0,293.93132070047454,293.93132070047454,17.86329759259802,normal,3.8943911246032106
86017,17101,115940,380000,6,4,50,,,,3486.46398093543,,,,,'',"SRID=4326;LINESTRING(6.21618618417619 50.9123734963262,6.21409867284264 50.9435797768194)",line,1,380.0,3.48646398093543,1.1156684738993377,1645.4482671904334,100000.0,42.57410836567832,42.57410836567832,2.5873866237297554,normal,3.8838351385680703
169605,24254,118039,220000;110000,6,,50,,RWE,,240.860615736049,,,,,'',"SRID=4326;LINESTRING(9.09181851974764 49.2947261816589,9.09672028486487 49.2944087595122)",line,2,220.0,0.240860615736049,0.08,990.7330619293978,100000.0,-178.25078935567728,178.25078935567728,17.991807905203423,normal,3.8827254123725545
107829,18639,114227,220000,12,,,,,,864.414602220744,,,,,'',"SRID=4326;LINESTRING(6.72247756302745 51.4798054545034,6.70952952333421 51.48521939438)",line,1,220.0,0.864414602220744,0.27661267271063805,495.3665309646989,100000.0,30.793036623666392,30.793036623666392,6.216212581762167,normal,3.872371710287579
79228,18639,114228,220000,12,,,,,,864.111170551976,,,,,'',"SRID=4326;LINESTRING(6.72247756302745 51.4798054545034,6.7089802933695 51.4850579524795)",line,1,220.0,0.864111170551976,0.2765155745766323,495.3665309646989,100000.0,30.790610966102694,30.790610966102694,6.215722912514837,normal,3.8710549870365214
180433,118756,25404,380000;110000;110000;110000;380000,12;3;3;6,4;2;2;4,50;50;50;50,RWE 4562 Ronsdorf - Bomig;110kV Lennep Ost;110kV Lennep West;380kV Dauersberg West+Leichlingen Ost,RWE,4562,1213.61451495792,,,,,'',"SRID=4326;LINESTRING(7.23290543517876 51.2260385877182,7.21580005085776 51.2210060089823)",line,5,380.0,1.2136145149579198,0.07767132895730687,8000.0,100000.0,389.25366764965827,389.25366764965827,4.865670845620728,normal,3.8663919996594758
1814,17247,24704,220000,6,2,,220kV LMG Ost+West,RWE,2437,1826.04743369017,,,,,'',"SRID=4326;LINESTRING(6.94758203197816 51.498785049034,6.96734279170469 51.4908672760057)",line,1,220.0,1.82604743369017,0.5843351787808544,495.3665309646989,82829.17366190553,18.349627308302786,18.349627308302786,3.704252540551721,normal,3.8482704301756887
178245,112158,121708,110000;380000,6;6,1;4,50;50,110 kV Gleuel Ost|West;380 kV Brauweiler West,RWE,2351,7091.97775086129,,,,,'',"SRID=4326;LINESTRING(6.83684873669928 50.8735055663137,6.83558938850248 50.9129500759663)",line,2,380.0,7.09197775086129,1.1347164401378063,3290.896534380867,100000.0,-59.818411419576556,59.818411419576556,1.8176934702941216,normal,3.800566507920266
115836,21183,116076,220000,6,,50,,,,916.02402128364,,,,,'',"SRID=4326;LINESTRING(6.17793029018481 49.953066215836,6.19084668002849 49.955168142347)",line,1,220.0,0.91602402128364,0.2931276868107648,495.3665309646989,100000.0,28.89165776349123,28.89165776349123,5.832379855624547,normal,3.792517929607467
179286,122794,118641,380000;380000,6;6,4;4,50;50,"415, 416;415, 416",50Hertz,415;416,16219.0145314074,,,,,'',"SRID=4326;LINESTRING(11.5347165249303 50.7959601557403,11.4292058913809 50.9138883450935)",line,2,380.0,16.2190145314074,2.595042325025184,3290.896534380867,55644.56448647659,-43.83239790824012,43.83239790824012,1.331928775344696,normal,3.7906883002166913
80474,116016,116011,380000,3,,50,,,,235.633097737011,,,,,'',"SRID=4326;LINESTRING(7.95504707836401 47.5967491628251,7.95193055314881 47.596434280668)",line,1,380.0,0.23563309773701102,0.16,1645.4482671904334,100000.0,294.63698337563875,294.63698337563875,17.906183333173086,normal,3.7886523768136366
161193,113180,113181,220000;110000;220000,12;6,2;1;2,50;50,220 kV Merheim Ost|West; 110 kV Springborn Ost|West;220 kV Merheim Ost|West,RWE,2380,242.592444235923,,,,,'',"SRID=4326;LINESTRING(7.03222117188576 50.972375486188,7.02982734131664 50.9739630534651)",line,3,220.0,0.24259244423592302,0.05333333333333334,1486.0995928940965,100000.0,257.9095368517637,257.9095368517637,17.354794933326048,normal,3.769459342589309
168846,21679,118552,220000;110000,6,1,,,RWE,2356,2000.96300085168,,,,,'',"SRID=4326;LINESTRING(6.78780467943068 51.5334788887412,6.81610942156634 51.5305575658666)",line,2,220.0,2.00096300085168,0.32015408013626884,990.7330619293978,100000.0,33.924398258600164,33.924398258600164,3.4241714102620415,normal,3.7629357734370927
129653,117963,117964,380000;110000,12,,,,,,2820.50978310438,,,,,'',"SRID=4326;LINESTRING(9.68624543928613 50.4827326711601,9.71865099535087 50.4967851562328)",line,2,380.0,2.82050978310438,0.4512815652967008,3290.896534380867,100000.0,-92.30272191431688,92.30272191431688,2.8047895444297906,normal,3.759494649482936
115318,113714,113716,220000,3,2,,Iller Ltg.,RWE,4521,52.3607151745869,,,,,'',"SRID=4326;LINESTRING(10.0648625143343 48.2723967367588,10.0649831580769 48.2728727902087)",line,1,220.0,0.0523607151745869,0.16,495.3665309646989,100000.0,-364.17980040194533,364.17980040194533,73.51723978863193,watch,3.752021489602918
141477,113994,113995,380000;220000,,,50,,,,247.418700250349,,,,,'',"SRID=4326;LINESTRING(8.26372464915717 49.0301894772969,8.26605173490069 49.0285583590402)",line,2,380.0,0.24741870025034898,0.08,3290.896534380867,100000.0,-555.7612354653074,555.7612354653074,16.88783678426601,normal,3.7335017611602064
140567,117152,113029,380000;110000,12,4;1,50,,RWE,4529,3420.67883420641,,,,,'',"SRID=4326;LINESTRING(6.1238093629619 51.0087542821067,6.1336619951666 50.9791984844974)",line,2,380.0,3.4206788342064103,0.5473086134730256,3290.896534380867,100000.0,82.46984175486193,82.46984175486193,2.505999228273441,normal,3.7246497793298863
137738,112213,112112,220000,3,,,,,,49.0730767577148,,,,,'',"SRID=4326;LINESTRING(9.50637011056058 53.5427945657796,9.50637118853892 53.5423429695029)",line,1,220.0,0.0490730767577148,0.16,495.3665309646989,100000.0,-385.02699347461066,385.02699347461066,77.72567773700655,watch,3.7236032851994323
138376,113741,113796,380000;110000,6,,,"RWE Herbertingen West 380 kV, NETEN-RTWST 110 kV",EnBW,,1838.27740901182,,,,,'',"SRID=4326;LINESTRING(9.23922875204301 48.5413512945415,9.22086485201586 48.5337150627567)",line,2,380.0,1.8382774090118201,0.29412438544189123,3290.896534380867,100000.0,-117.16504481858736,117.16504481858736,3.5602773771382092,normal,3.7140718255038934
106220,114660,114661,380000;110000,9,4;1,,Untermain Nord;Karlstein Süd;Rödermark Nord,RWE,4592,312.442257825176,,,,,'',"SRID=4326;LINESTRING(8.97930697380084 50.0615349603856,8.97700117812956 50.0591366918058)",line,2,380.0,0.312442257825176,0.08,3290.896534380867,100000.0,-449.1616323574865,449.1616323574865,13.648609965855083,normal,3.7109167485284176
156255,112549,132025,220000;110000,12,2;1,,,RWE,2444,308.168161330163,,,,,'',"SRID=4326;LINESTRING(6.67761175246875 51.6539158399316,6.67639911666671 51.6565924757544)",line,2,220.0,0.308168161330163,0.08,990.7330619293978,100000.0,-136.0437317796337,136.0437317796337,13.731623280512721,normal,3.688695868709904
117952,116819,117883,220000,6,,50,,,,205.24471342314,,,,,'',"SRID=4326;LINESTRING(7.01122305211946 49.3836917849041,7.01184378798079 49.3855041467169)",line,1,220.0,0.20524471342314002,0.16,495.3665309646989,100000.0,-97.64298569232554,97.64298569232554,19.71126016571431,normal,3.679749848991915
178795,17165,112685,110000;110000;110000,3;6;3,1;1;1,,Eltmann - Haßfurt;Eltmann - Knetzgau,,123,488.39791708027,,,,,'',"SRID=4326;LINESTRING(10.6643543700609 49.9799579297602,10.6606692282113 49.9752225594048)",line,3,110.0,0.48839791708027,0.05333333333333334,743.0497964470483,100000.0,68.73528393483153,68.73528393483153,9.250427664941807,normal,3.6788980244819243
180518,24254,118106,380000;380000;220000;220000,3;6;3,2;2,50;50,Elsenz;Elsenz,Badenwerk,,25303.6851795946,,,,,'',"SRID=4326;LINESTRING(9.09181851974764 49.2947261816589,8.75391068586241 49.3086712448478)",line,4,380.0,25.3036851795946,2.024294814367568,6581.793068761734,71333.48313452731,74.01170885893222,74.01170885893222,1.1244915798128614,normal,3.676760295460716
123248,115240,117877,220000;110000,6,2;1,50,220 kV Osburg,Amprion,,444.114343349779,,,,,'',"SRID=4326;LINESTRING(6.99145095305294 49.3772300821724,6.98600707259964 49.3790753754076)",line,2,220.0,0.444114343349779,0.08,990.7330619293978,100000.0,98.94890721036664,98.94890721036664,9.98744374369309,normal,3.670347848048035
102246,116409,116406,,,,,,,,306.041598917138,,,,,'',"SRID=4326;LINESTRING(6.5838501845203 51.0547770817799,6.58749258350282 51.0532408411193)",line,1,220.0,0.306041598917138,0.16,495.3665309646989,100000.0,67.96266028572529,67.96266028572529,13.719671402379925,normal,3.6631643721009297
160618,115654,134330,380000;380000,12;3,4;4,50;50,380kV Meerbusch West+ANK;380kV Meerbusch West,RWE,4123,632.873924355107,,,,,'',"SRID=4326;LINESTRING(6.61324494707879 51.2614198864283,6.62486154217348 51.2599257380206)",line,2,380.0,0.6328739243551069,0.1012598278968171,3290.896534380867,100000.0,-245.6287204635088,245.6287204635088,7.463884625279482,normal,3.65985317476599
121381,17282,112544,380000;220000;110000,19,4;2;1,50;16.7,,RWE,4569,6442.67909976893,,,,,'',"SRID=4326;LINESTRING(6.85737462656164 51.6792555260259,6.76513083767632 51.6690419818275)",line,3,380.0,6.44267909976893,0.6872191039753526,4936.3448015713,100000.0,-89.9140760605488,89.9140760605488,1.8214707374559416,normal,3.6561123077437387
180983,19263,114680,380000;380000;380000,3;6;3,4;4;4,50;50;50,380kV Geithe West;380kV Geithe West+Lippborg Tr412;380kV Lippborg Trafo 412,RWE,4345,973.036023615539,,,,,'',"SRID=4326;LINESTRING(7.99290423854321 51.6836915356284,7.9818783185962 51.6766515664854)",line,3,380.0,0.973036023615539,0.1037905091856575,4936.3448015713,100000.0,265.2942790990931,265.2942790990931,5.374306086046635,normal,3.652235917257241
179600,114405,25098,220000;220000;220000;220000,3;3;3;9,,50;50;50;50,220 kV Bienwald West; Eisbach Süd; Roxheim Süd,RWE,,851.616925646603,,,,,'',"SRID=4326;LINESTRING(8.345264098676 49.4142565599315,8.35237696477281 49.4212753934146)",line,4,220.0,0.8516169256466031,0.06812935405172825,1981.4661238587955,100000.0,-117.37921737764445,117.37921737764445,5.923856883763166,normal,3.6494469546556125
178302,114801,135068,380000;380000;380000,3;6;3,4;4;4,50;50;50,,TenneT,3002,435.367089953118,,,,,'',"SRID=4326;LINESTRING(8.6577627433617 50.6096344399067,8.65581369184179 50.6048234466578)",line,3,380.0,0.435367089953118,0.05333333333333334,4936.3448015713,100000.0,498.2561193753843,498.2561193753843,10.093624724447594,normal,3.648044189848734
161152,114287,118968,380000;220000;380000;380000;220000,9;6;6,4;2;4;4,50;50;50,,RWE,4511,620.142600242764,,,,,'',"SRID=4326;LINESTRING(7.46645168853236 50.4020592380577,7.47458234016893 50.4000093471793)",line,5,380.0,0.620142600242764,0.039689126415536895,8000.0,100000.0,-597.7350622200672,597.7350622200672,7.4716882777508395,normal,3.605195469418282
128642,17202,112875,110000,6,2,,110kV Leithe Ost+West,RWE,4170,117.947159269669,,,,,'',"SRID=4326;LINESTRING(7.10471844205027 51.481790311093,7.10406016380902 51.4787187524031)",line,1,110.0,0.117947159269669,0.16,247.68326548234944,75625.0,-79.87198113459424,79.87198113459424,32.24762923689978,normal,3.5954207211559632
144920,16919,112841,380000,6,4,,380kV Lippe Nord+Scholven B,Amprion,4337,239.240889707185,,,,,'',"SRID=4326;LINESTRING(7.02345294590051 51.6256937981523,7.02893441592422 51.6257019634984)",line,1,380.0,0.23924088970718502,0.16,1645.4482671904334,100000.0,-275.0712157614465,275.0712157614465,16.717098996440924,normal,3.5858011252078317
131200,112762,112844,380000;220000;110000,,4;2;1,,,RWE,4164,1926.56316266121,,,,,'',"SRID=4326;LINESTRING(7.0693190778371 51.5075587595865,7.04463157719892 51.5154688615766)",line,3,380.0,1.92656316266121,0.20550007068386242,4936.3448015713,100000.0,164.5571314337957,164.5571314337957,3.3335826010657743,normal,3.5796968459256053
97045,117083,114774,220000;110000;0,12,,,,RWE,,2026.96223747164,,,,,'',"SRID=4326;LINESTRING(7.59685643523532 51.9180159519976,7.60972902376217 51.9016197874555)",line,3,220.0,2.02696223747164,0.21620930533030824,1486.0995928940965,100000.0,-48.02725958534815,48.02725958534815,3.231765879958134,normal,3.5793731789961085
116793,113621,113622,380000,3,3,50,514,50Hertz,514,724.577498466127,,,,,'',"SRID=4326;LINESTRING(12.6114578857275 53.5855257872311,12.6079269676717 53.5909649547802)",line,1,380.0,0.7245774984661271,0.23186479950916067,1645.4482671904334,100000.0,-107.70627768395963,107.70627768395963,6.545710359394387,normal,3.5672949256686333
38071,33921,143494,110000,3,1,50,,AMPRION,,52.8092674893853,,,,,'',"SRID=4326;LINESTRING(8.0181674172051 49.8154662345685,8.01904741401554 49.816167665122)",line,1,110.0,0.052809267489385296,0.16,247.68326548234944,75625.0,-171.21601276649864,171.21601276649864,69.1270007414772,watch,3.55741953656776
112266,113622,18108,380000,6,3,50,512;514,50Hertz Transmission,512;514,41943.0188947094,,,,,'',"SRID=4326;LINESTRING(12.6079269676717 53.5909649547802,12.1870420174299 53.8158258984951)",line,1,380.0,41.9430188947094,13.421766046307008,1645.4482671904334,10758.643795592874,-15.544752884947028,15.544752884947028,0.9447123434326715,normal,3.551999467235949
168023,17389,17632,380000,6,4,50,Etzenricht - Hradec;Etzenricht - Přeštice,TenneT TSO GmbH,441;442,3933.1761105736,,,,,'',"SRID=4326;LINESTRING(12.1147630824386 49.6312498474851,12.1677595374271 49.6467726675772)",line,1,380.0,3.9331761105736,1.258616355383552,1645.4482671904334,100000.0,36.573677189977175,36.573677189977175,2.2227181443039785,normal,3.54742042125787
116865,118491,118493,220000,3,,50,,,,163.009894177868,,,,,'',"SRID=4326;LINESTRING(8.06757696788051 49.5797572859285,8.06756564910793 49.5812345509583)",line,1,220.0,0.16300989417786801,0.16,495.3665309646989,100000.0,115.78354646701317,115.78354646701317,23.37330829386699,normal,3.529635563106547
101432,117483,112443,380000,6,4,50,,,,128.858908325026,,,,,'',"SRID=4326;LINESTRING(8.81154048594759 50.2045310431543,8.81095882680112 50.2056397942199)",line,1,380.0,0.128858908325026,0.16,1645.4482671904334,100000.0,478.89638054093297,478.89638054093297,29.104310970446853,normal,3.5276551511908147
146345,112810,112827,220000,12,2;1,,,RWE,2356,237.295804100872,,,,,'',"SRID=4326;LINESTRING(7.01942314352749 51.5587941675961,7.0192884860664 51.5566518508266)",line,1,220.0,0.237295804100872,0.16,495.3665309646989,100000.0,81.54442030072761,81.54442030072761,16.46143112291506,normal,3.5051028170807466
181691,117623,23608,220000;220000;220000;220000;220000,6;6;6;6;6,1;1;1,,,Amprion,2319,51756.3155348239,,,,,'',"SRID=4326;LINESTRING(7.6025920884929 51.3453577551505,7.93815712118359 51.0106958747989)",line,5,220.0,51.756315534823905,3.31240419422873,2476.832654823494,14611.74336282037,21.87209594732559,21.87209594732559,0.8830671666384443,normal,3.501964884154204
143397,117469,115971,220000;110000,9,2;1,50,220 kV Wengerohr; 110 kV Pünderich,Amprion,,208.125057231705,,,,,'',"SRID=4326;LINESTRING(6.90904633608397 49.9718392918385,6.90988913548353 49.9736417664838)",line,2,220.0,0.208125057231705,0.08,990.7330619293978,100000.0,182.8376264955023,182.8376264955023,18.454781971183657,normal,3.489238584075726
121600,112812,112811,220000;110000,6,1,,Gladbeck West+Hugo Ost,RWE,2392,408.906189501335,,,,,'',"SRID=4326;LINESTRING(7.02030007890785 51.5652522861848,7.01990473035131 51.5615741476086)",line,2,220.0,0.408906189501335,0.08,990.7330619293978,100000.0,100.83529559257175,100.83529559257175,10.177847037445241,normal,3.4891049043836255
123007,16943,113071,220000,6,2,50,220 kV Eller Ost+West,RWE,2417,2783.44993748619,,,,,'',"SRID=4326;LINESTRING(6.84704114481397 51.2054462202835,6.87976467141975 51.1891573436675)",line,1,220.0,2.7834499374861896,0.8907039799955807,495.3665309646989,54339.040901377964,-12.977597881543687,12.977597881543687,2.619797073546841,normal,3.4859970198952808
178086,17430,113904,220000;220000;220000,3;6;3,2;2;2,50;50;50,318;220 kV Lüdershagen - Bentwisch - Güstrow;317,50Hertz Transmission,318,64963.8320560661,,,,,'',"SRID=4326;LINESTRING(13.0786799718301 54.284850254914,12.2188089462783 54.1129809662942)",line,3,220.0,64.9638320560661,6.929475419313717,1486.0995928940965,6984.655702089704,12.336008194591919,12.336008194591919,0.8300929664187732,normal,3.4773479181534643
172304,112711,142234,220000,6,4,50,220kV Fichtenhain Ost+Utfort West,RWE,4539,254.153483860189,,,,,'',"SRID=4326;LINESTRING(6.51791842407388 51.3215548511515,6.52172243798122 51.3225237613827)",line,1,220.0,0.254153483860189,0.16,495.3665309646989,100000.0,75.99110987436264,75.99110987436264,15.34038032936423,normal,3.4739952641097283
112874,114942,115706,380000;220000;110000,12,4;1,,380 KV,RWE,4142,6394.95333705235,,,,,'',"SRID=4326;LINESTRING(6.79245121058072 51.3260616712243,6.7250827745004 51.3432242535811)",line,3,380.0,6.394953337052351,0.6821283559522507,4936.3448015713,100000.0,-85.62974122253708,85.62974122253708,1.7346790928235012,normal,3.4707420884728206
82574,112080,112081,380000;110000,12,4;2,50,380 kV 3011; 220 kV 1046,TenneT,3011;1046,5011.67661743536,,,,,'',"SRID=4326;LINESTRING(8.7577714652905 50.2174866549455,8.68760504659474 50.2195027572366)",line,2,380.0,5.011676617435359,0.8018682587896575,3290.896534380867,100000.0,63.66694478936452,63.66694478936452,1.9346383006642447,normal,3.470167841167572
104188,134317,113456,220000;110000,9,4,50,,,,2341.16788770007,,,,,'',"SRID=4326;LINESTRING(7.18634668056332 51.5504792919462,7.14981755960469 51.5520004900869)",line,2,220.0,2.34116788770007,0.3745868620320112,990.7330619293978,100000.0,-28.44630981837515,28.44630981837515,2.8712385718689486,normal,3.463633699394667
180728,117130,22305,220000;220000;220000;220000;220000;220000;220000;220000;220000,3;3;3;12;3;3;3;3;3,2;2,50;50,,RWE,2472,1351.53632024909,,,,,'',"SRID=4326;LINESTRING(7.88108536742437 52.2655330929783,7.88965787318573 52.2773874121267)",line,8,220.0,1.35153632024909,0.0540614528099636,3962.932247717591,100000.0,160.00994870846165,160.00994870846165,4.037665513979395,normal,3.4524820797951747
181570,23550,17606,220000;220000;220000,3;6;3,1;1;1,50;50;50,220kV Herdecke Süd;220kV Herdecke Süd+Maschine 5;220kV Maschine 5,RWE,2319,419.222769668924,,,,,'',"SRID=4326;LINESTRING(7.45130171454935 51.4130023613852,7.46182245044468 51.4088696475804)",line,3,220.0,0.419222769668924,0.05333333333333334,1486.0995928940965,100000.0,-146.29550135603074,146.29550135603074,9.844259567498325,normal,3.446567578901723
104098,112596,112597,380000,12,4,50,"315, 316, 509, 513",50Hertz Transmission,315;316;509;513,316.655772911591,,,,,'',"SRID=4326;LINESTRING(13.1381055516683 53.905612771508,13.1429138740581 53.9059170678674)",line,1,380.0,0.31665577291159097,0.16,1645.4482671904334,100000.0,-204.77344745915283,204.77344745915283,12.444842632992588,normal,3.423514189122771
92017,113957,113960,110000,3,1,,,,,251.043298695823,,,,,'',"SRID=4326;LINESTRING(8.3235226230121 49.0435286779686,8.32162699809955 49.0416915451491)",line,1,110.0,0.25104329869582304,0.16,247.68326548234944,75625.0,-37.79452326640369,37.79452326640369,15.259215511714505,normal,3.417726163268455
163149,18203,27947,150000;150000;150000;150000,2;2;2,,0;0;0;0,HVDC BorWin1;HVDC BorWin1;HGÜ BorWin1,EON_Netz,,54540.5768292366,,,,,'',"SRID=4326;LINESTRING(7.29690722031767 53.5330285207248,7.31133817564833 53.1257707770975)",line,4,150.0,54.5405768292366,4.363246146338928,1350.9996299037243,5156.711137848387,11.48796602410888,11.48796602410888,0.8503308046744278,normal,3.4158756675552917
157327,112879,134617,220000,6,1,50,220kV Herdecke Nord+Süd,RWE,2314,169.240963117448,,,,,'',"SRID=4326;LINESTRING(7.1201015595006 51.4485596594196,7.12549623603904 51.4486792678061)",line,1,220.0,0.169240963117448,0.16,495.3665309646989,100000.0,-108.0539435029948,108.0539435029948,21.812927751207926,normal,3.410555711833015
178306,17324,112970,220000;220000;110000;220000;110000;220000;220000;220000;220000;220000,3;3;6;12;3;3;3;3;3,2;2;1;2;1;2;2;2;2,50;50;50;50;50;50;50;50;50,211;Maade schwarz;109;211;109;211;211;Voslapp (220 kV);Maade schwarz;211,TenneT,211,2004.34166523204,,,,,'',"SRID=4326;LINESTRING(8.08571803635628 53.6058223637495,8.05980258808562 53.6163549825499)",line,8,220.0,2.00434166523204,0.08017366660928159,3962.932247717591,100000.0,-122.70097584218264,122.70097584218264,3.0962168458179162,normal,3.406019548228295
112753,112063,112348,380000;220000,9,,,"1 x 380 kV, 2 x 220 kV",,,401.406556612832,,,,,'',"SRID=4326;LINESTRING(8.53116541615895 49.8530190929433,8.52894010953713 49.856341440482)",line,2,380.0,0.401406556612832,0.08,3290.896534380867,100000.0,331.82325675682466,331.82325675682466,10.083065611154264,normal,3.402796840304765
81703,115476,115475,380000;220000,9,4;2,,,RWE,4516,263.050617969198,,,,,'',"SRID=4326;LINESTRING(7.13497846908938 51.4184596787025,7.13484794387859 51.416085540635)",line,2,380.0,0.26305061796919804,0.08,3290.896534380867,100000.0,-479.1745509937884,479.1745509937884,14.560608210793777,normal,3.4003376725678875
92729,18642,114231,220000,6,2,,,RWE,,701.611952595225,,,,,'',"SRID=4326;LINESTRING(6.74539433981265 51.4986616754736,6.74266037915935 51.505397647206)",line,1,220.0,0.701611952595225,0.224515824830472,495.3665309646989,100000.0,-31.657164961440554,31.657164961440554,6.3906547944993335,normal,3.3971187718760603
147960,112878,134617,220000,6,2,50,220kV Gladbeck West+ANK,RWE,4170,129.646727686347,,,,,'',"SRID=4326;LINESTRING(7.120626085795 51.4503911568097,7.12549623603904 51.4486792678061)",line,1,220.0,0.129646727686347,0.16,495.3665309646989,100000.0,-137.87875514781334,137.87875514781334,27.8336840559862,normal,3.393063959997635
88403,112846,112845,380000;110000,6,4;2,,,RWE,4164,1275.2385224406,,,,,'',"SRID=4326;LINESTRING(7.00089062972152 51.5136403672592,7.01763441813375 51.5179383416467)",line,2,380.0,1.2752385224406,0.204038163590496,3290.896534380867,100000.0,-135.14691608563777,135.14691608563777,4.106689914852144,normal,3.376047734865446
156025,118661,118660,380000,3,3,,454,Vattenfall_Europe_Transmission,454,207.761712135876,,,,,'',"SRID=4326;LINESTRING(10.3907435414706 51.0069739699321,10.3880041290116 51.0062370565876)",line,1,380.0,0.207761712135876,0.16,1645.4482671904334,100000.0,292.77698494322715,292.77698494322715,17.793144323105178,normal,3.358790891573634
129640,18639,114225,220000,6,,,,,,1047.70848118086,,,,,'',"SRID=4326;LINESTRING(6.72247756302745 51.4798054545034,6.72324985199468 51.4899181884813)",line,1,220.0,1.04770848118086,0.33526671397787516,495.3665309646989,100000.0,-23.052269208467813,23.052269208467813,4.653578263265949,normal,3.3353189131977565
80626,112599,112600,220000,3,2,50,220 KV,,,209.607279338761,,,,,'',"SRID=4326;LINESTRING(6.65436245460045 51.3824777472438,6.65257534617422 51.3840078619821)",line,1,220.0,0.209607279338761,0.16,495.3665309646989,100000.0,86.44726935281844,86.44726935281844,17.451172808236997,normal,3.3208839201421005
103526,17282,112834,380000;220000;110000,13,4;2;1,50;16.7,,RWE,4569,8965.73774891216,,,,,'',"SRID=4326;LINESTRING(6.85737462656164 51.6792555260259,6.94963329859883 51.6340178557099)",line,3,380.0,8.965737748912161,0.9563453598839639,4936.3448015713,100000.0,70.97838273585344,70.97838273585344,1.4378732764627815,normal,3.305890635537138
161820,112778,20417,380000;220000;380000;220000;110000,12;18,3;2;3;2;1,,,RWE,4358,3898.13264881773,,,,,'',"SRID=4326;LINESTRING(7.14930147747396 51.5045007646985,7.1800050322344 51.4749493397565)",line,5,380.0,3.89813264881773,0.24948048952433471,8000.0,100000.0,166.28582702100658,166.28582702100658,2.0785728377625823,normal,3.302548851554181
141401,115467,115374,380000,6,4,50,,Amprion,,317.299565749258,,,,,'',"SRID=4326;LINESTRING(7.31265247621118 52.4668103563686,7.31021121459506 52.4643669907568)",line,1,380.0,0.317299565749258,0.16,1645.4482671904334,100000.0,197.1408437597355,197.1408437597355,11.980980969784554,normal,3.3017649535029894
159492,134449,134684,380000,6,4,,,,3024,469.198993030853,,,,,'',"SRID=4326;LINESTRING(8.95872395324314 50.0826216715156,8.94961850031646 50.0888975021776)",line,1,380.0,0.469198993030853,0.16,1645.4482671904334,100000.0,140.9833355638712,140.9833355638712,8.568080709373936,normal,3.296289301473156
167777,3474,133697,380000,6,3,,Aschaffenburg - Großkrotzenburg;Großkrotzenburg - Grafenrheinfeld,TenneT TSO GmbH,412;417,212.75379657661,,,,,'',"SRID=4326;LINESTRING(9.08395235006862 49.973238789439,9.09055903916706 49.9699836223947)",line,1,380.0,0.21275379657661,0.16,1645.4482671904334,100000.0,-280.37713746481006,280.37713746481006,17.03955955683419,normal,3.286822644593022
96471,112345,112379,380000;220000,9,4;2,50,,RWE,4577,269.429387364742,,,,,'',"SRID=4326;LINESTRING(6.58395304162033 51.4395795845707,6.5866100785677 51.4380977503722)",line,2,380.0,0.26942938736474203,0.08,3290.896534380867,100000.0,-452.3349680664701,452.3349680664701,13.745037661950384,normal,3.2791192479075786
172649,116192,142477,220000,6,1,,Altheim - St. Peter;Altheim - Simbach,TenneT TSO GmbH,233;234,57362.9793834003,,,,,'',"SRID=4326;LINESTRING(12.8651390676909 48.3295814903064,12.2491171864156 48.5828706733671)",line,1,220.0,57.3629793834003,18.356153402688097,495.3665309646989,2636.717995226181,-3.993358204838573,3.993358204838573,0.8061421099769758,normal,3.278323426024256
114650,115917,115960,380000,6,4,50,380 kV Siegtal Nord|Süd,RWE,4104,16742.9464798994,,,,,'',"SRID=4326;LINESTRING(7.45945111752322 50.7588585451834,7.68098554805522 50.7552326702946)",line,1,380.0,16.742946479899402,5.357742873567808,1645.4482671904334,26951.647999457222,-18.74337551993086,18.74337551993086,1.139104515995192,normal,3.2760509820028973
112492,116401,116406,220000,3,,,,,,299.892140349469,,,,,'',"SRID=4326;LINESTRING(6.5833926725461 51.0540472524168,6.58749258350282 51.0532408411193)",line,1,220.0,0.299892140349469,0.16,495.3665309646989,100000.0,61.59564590006994,61.59564590006994,12.43435760185813,normal,3.2612993777940753
71784,16780,16888,110000;110000;110000,6;6;6,1;1;1,50;50;50,110 kV Leverkusen Ost|West;110 kV Leverkusen Ost|West;110 kV Leverkusen Ost|West,RWE,0016,4012.04497738594,,,,,'',"SRID=4326;LINESTRING(6.96562911753218 51.0692893895334,6.97593065958018 51.0376050168943)",line,3,110.0,4.01204497738594,0.4279514642545002,743.0497964470483,28274.23437159734,-15.003393974765153,15.003393974765153,2.019163997689667,normal,3.2545773967682075
131932,113008,113009,380000;110000,12,4,,,TenneT TSO GmbH;E.ON Netz GmbH,,5481.30870528358,,,,,'',"SRID=4326;LINESTRING(9.11649687550782 50.1670149736167,9.09737048546752 50.1195925393835)",line,2,380.0,5.48130870528358,0.8770093928453728,3290.896534380867,100000.0,57.23513245667888,57.23513245667888,1.7391957437351284,normal,3.2504219715672087
135088,115610,116111,220000,3,2,,,,,201.418545265912,,,,,'',"SRID=4326;LINESTRING(9.7078201876333 49.2309035377435,9.71052977602479 49.2304865729926)",line,1,220.0,0.201418545265912,0.16,495.3665309646989,100000.0,-87.53908854735593,87.53908854735593,17.67157913896169,normal,3.2427874278966575
132244,18762,114736,110000,6,1,50,110kV Nehden - Olsberg + Nehden - Schmallenberg,RWE,1818,1137.90372999269,,,,,'',"SRID=4326;LINESTRING(8.62480359117333 51.427924536505,8.61509088090393 51.4362171521935)",line,1,110.0,1.13790372999269,0.36412919359766077,247.68326548234944,33229.96401483183,-10.558868303812243,10.558868303812243,4.263052767513152,normal,3.2391774092714374
87732,117928,113874,380000;220000,6,4,50,380 kV Neurath 2b; 220 kV Neurath 1a,RWE,,387.69217876852,,,,,'',"SRID=4326;LINESTRING(6.62041781495943 51.0544382842797,6.62509255786645 51.0563197648559)",line,2,380.0,0.38769217876852,0.08,3290.896534380867,100000.0,324.6257771534422,324.6257771534422,9.864356832917437,normal,3.231978235410932
178207,141537,141536,,,,,,,,255.988421689256,,,,,'',"SRID=4326;LINESTRING(8.72890818747401 49.3308645444075,8.73025068856248 49.3297788258821)",line,1,220.0,0.255988421689256,0.16,495.3665309646989,100000.0,-70.2265523871759,70.2265523871759,14.176684938809567,normal,3.231190429180858
180840,113877,18151,380000;380000;380000,6;12;6,4,50;50;50,380kV Datteln West+Mengede Nord;RWE 4349 Mengede - Pkt Waltrop;380kV Datteln Ost+Mengede Süd,RWE,4349,2229.41897997024,,,,,'',"SRID=4326;LINESTRING(7.36990076179519 51.5869489505133,7.35312358438307 51.5758058196046)",line,3,380.0,2.22941897997024,0.2378046911968256,4936.3448015713,100000.0,135.85520052661337,135.85520052661337,2.7521416349070464,normal,3.2263417997979946
136401,112549,112543,220000,6,2,,Pfalzdorf TR211+TR212,RWE,2444,289.578103014493,,,,,'',"SRID=4326;LINESTRING(6.67761175246875 51.6539158399316,6.67950854519116 51.6515834911858)",line,1,220.0,0.28957810301449305,0.16,495.3665309646989,100000.0,62.69455496326071,62.69455496326071,12.656195169497328,normal,3.2186617040946093
92358,114490,115087,380000;0,6,,50,,RWE,4554,319.218456021805,,,,,'',"SRID=4326;LINESTRING(8.25507405263416 47.6340379623389,8.25081729582883 47.634223075578)",line,2,380.0,0.31921845602180504,0.08,3290.896534380867,100000.0,-382.24863788909323,382.24863788909323,11.615334420138725,normal,3.21790623657653
173230,118825,142884,220000,6,2,50,357;358 Bad Lauchstädt - Wolkramshausen,50Hertz,357;358,33373.9182788002,,,,,'',"SRID=4326;LINESTRING(11.8997051689716 51.3997673870755,11.4592920444611 51.4296344126796)",line,1,220.0,33.3739182788002,10.679653849216063,495.3665309646989,4531.98209261743,-4.5033146149400025,4.5033146149400025,0.9090873794339812,normal,3.2157130484044956
168483,112399,2735,380000;110000,12,2;1,,3103 Dollern-(Niedervieland/Unterweser)-Alfstedt;1163 Farge-Surheide-Uthlede,transpower;EON_Netz,3103;1163,138.311986900234,,,,,'',"SRID=4326;LINESTRING(8.52176409755299 53.2071982443292,8.52295499412515 53.2085344541421)",line,2,380.0,0.138311986900234,0.08,3290.896534380867,100000.0,-816.0712759388906,816.0712759388906,24.79784057059157,normal,3.2124722587621783
161333,114418,134458,110000;220000,6;9,1;2;1,50;50;50,220kV Halle West,RWE,2434,1040.0651166101,,,,,'',"SRID=4326;LINESTRING(8.33466775124759 52.07052004268,8.31885598858892 52.0660524310109)",line,2,220.0,1.0400651166101,0.16641041865761602,990.7330619293978,100000.0,-44.430923939609016,44.430923939609016,4.484651380572912,normal,3.1974744874511503
180814,114932,134540,380000;380000;380000;380000,6;3;3;3,,50;50;50;50,,,,379.860664877267,,,,,'',"SRID=4326;LINESTRING(7.75222329755882 48.1040773731792,7.75270709244963 48.0978638783805)",line,4,380.0,0.37986066487726705,0.04,6581.793068761734,100000.0,-649.5775071440502,649.5775071440502,9.869309173924828,normal,3.177745103531139
145642,112036,112044,220000,3,2,50,294,50Hertz Transmission,294,240.412119265183,,,,,'',"SRID=4326;LINESTRING(13.2115235123665 52.680937765612,13.2086783681986 52.6796245910322)",line,1,220.0,0.24041211926518302,0.16,495.3665309646989,100000.0,72.98134611970764,72.98134611970764,14.73279714266939,normal,3.1740880131564104
42827,16337,133752,380000,3,4,50,Leupolz - Oberottmarshausen,Lechwerke,K12,30227.1641845257,,,,,'',"SRID=4326;LINESTRING(10.7027361982684 47.8264651225073,10.363341501087 47.7382557787682)",line,1,380.0,30.2271641845257,9.672692539048224,1645.4482671904334,14928.625035590008,15.172602204247257,15.172602204247257,0.9220953649399225,normal,3.1731960489091047
76033,16922,112591,220000;220000,3;3,,,,,,105.460070252681,,,,,'',"SRID=4326;LINESTRING(9.50180203270264 53.5429366535212,9.49973183010553 53.5460228584065)",line,2,220.0,0.105460070252681,0.08,990.7330619293978,100000.0,312.20537324989255,312.20537324989255,31.512562288159625,normal,3.1594999620211834
88950,112252,112249,380000,12,,,2x 380 kV ; 2x 110 kV,EVS,318,4781.60492099897,,,,,'',"SRID=4326;LINESTRING(8.94615294144137 48.7149499704762,8.93584037181121 48.6752096806812)",line,1,380.0,4.781604920998969,1.5301135747196701,1645.4482671904334,94372.07955393463,-29.48188628153286,29.48188628153286,1.7917236821958873,normal,3.1439040616580534
181276,11590,17099,380000;380000;380000;110000;380000;220000;110000;110000,6;12;12;6,4;2;1;4;4;1;4;2;1;1,50;50;50,,Tennet,3016,11632.5627123597,,,,,'',"SRID=4326;LINESTRING(8.67980452582509 51.8398006652564,8.70215267475532 51.7363241568211)",line,8,380.0,11.6325627123597,0.46530250849438803,8000.0,100000.0,-99.10393249032978,99.10393249032978,1.2387991561291223,normal,3.1419388262692003
181345,20669,29813,380000;380000;380000;380000,3;6;6;3,,,Energieableitungsstollen,Schluchseewerk AG,,6560.21333439182,,,,,'',"SRID=4326;LINESTRING(7.95805105631707 47.59569859905,7.9369390231021 47.6491061757899)",line,4,380.0,6.56021333439182,0.5248170667513457,6581.793068761734,100000.0,-101.94958295272824,101.94958295272824,1.5489636621454665,normal,3.133397676140627
104975,114621,114622,380000;110000,3;6,4;1,50,,RWE,4372,407.434150178273,,,,,'',"SRID=4326;LINESTRING(7.48140163115373 51.9564503708777,7.48701816780464 51.957653872436)",line,2,380.0,0.407434150178273,0.08,3290.896534380867,100000.0,301.61784251787617,301.61784251787617,9.165218030004734,normal,3.1323809392712296
162425,117162,112722,0;220000,3;6,2;2,50;50,220 kV Niederaußem 3c|4d,RWE,4560,479.892891932745,,,,,'',"SRID=4326;LINESTRING(6.70037883469253 51.0035738512695,6.69363617000146 51.0029048886754)",line,2,220.0,0.479892891932745,0.08,990.7330619293978,100000.0,-79.16904704142746,79.16904704142746,7.990956402247253,normal,3.1322129022993406
147045,112163,113282,380000,6,4,50,380 kV Siegtal Nord|Süd,RWE,4103,193.690579056505,,,,,'',"SRID=4326;LINESTRING(7.11011687494914 50.8178520768364,7.10735096218934 50.817819045726)",line,1,380.0,0.193690579056505,0.16,1645.4482671904334,100000.0,-287.7477694956165,287.7477694956165,17.487500229158798,normal,3.0961590278145916
93872,115702,115706,380000,1,4,,,RWE,,461.599068795,,,,,'',"SRID=4326;LINESTRING(6.71919413814994 51.3412993484022,6.7250827745004 51.3432242535811)",line,1,380.0,0.461599068795,0.16,1645.4482671904334,100000.0,134.05512502686622,134.05512502686622,8.147027633737912,normal,3.0920502696850978
73226,112711,134331,220000;110000;220000;110000;220000;220000;220000;110000,12;12;12;12;12,4;2;1;4;2;1;4;2;1;4;2;1;4;2;1,50;50;50;50,,RWE,4539,22242.1597362676,,,,,'',"SRID=4326;LINESTRING(6.51791842407388 51.3215548511515,6.33002076559644 51.2428787187495)",line,8,220.0,22.2421597362676,0.889686389450704,3962.932247717591,54401.191896261735,-38.87505115499451,38.87505115499451,0.980966837810164,normal,3.0860901430047445
178661,115620,134533,220000;220000;220000,3;6;3,2;2;1;2,50,220kV Südleitung;220kV Nordleitung+Südleitung;220kV Nordleitung,markE,,1591.40160905494,,,,,'',"SRID=4326;LINESTRING(7.68254259793718 51.2741512561156,7.70645615140123 51.2757581391634)",line,3,220.0,1.59140160905494,0.16974950496586028,1486.0995928940965,100000.0,48.14695223758214,48.14695223758214,3.2398200273925535,normal,3.084953037555234
181992,113918,113919,220000;110000,12,4;1,50,,EnBW,,4347.82403649215,,,,,'',"SRID=4326;LINESTRING(8.37638353674847 48.9747842418892,8.42509001179038 48.9614116911868)",line,2,220.0,4.34782403649215,0.695651845838744,990.7330619293978,69575.03281205897,18.20441266060579,18.20441266060579,1.8374689772796826,normal,3.0808654112149525
72887,114991,112540,220000;110000;220000;110000;220000;110000,12;12;12,1;4;2;2;1,,,RWE,2317,3141.37499407962,,,,,'',"SRID=4326;LINESTRING(6.78821197092343 51.5067242628662,6.77088993696281 51.5293205580786)",line,6,220.0,3.1413749940796203,0.1675399996842464,2972.199185788193,100000.0,-64.36905027340512,64.36905027340512,2.165704458206935,normal,3.0775263648596476
132047,112244,17365,380000;110000,9,,50,2x 380 kV ; 1x 110 kV,EnBW Transportnetze AG,,9507.00966459341,,,,,'',"SRID=4326;LINESTRING(8.87181474656616 48.6283303438213,8.78574560030169 48.5837418738739)",line,2,380.0,9.50700966459341,1.5211215463349457,3290.896534380867,94929.95503740213,-43.028206701612824,43.028206701612824,1.3074919327327907,normal,3.0752767530947698
157070,112822,112811,220000;110000,12,2;1,,,RWE,2344,377.344896960487,,,,,'',"SRID=4326;LINESTRING(7.01992566109743 51.564976875865,7.01990473035131 51.5615741476086)",line,2,220.0,0.377344896960487,0.08,990.7330619293978,100000.0,95.16063077604775,95.16063077604775,9.605072691399608,normal,3.075137579887452
116072,114755,114757,380000,,4,,,RWE,4316,232.772478660663,,,,,'',"SRID=4326;LINESTRING(7.73769655126779 51.5156659732194,7.74029915030895 51.5170028551141)",line,1,380.0,0.232772478660663,0.16,1645.4482671904334,100000.0,-241.31773241079512,241.31773241079512,14.665774501852908,normal,3.069043281503433
122885,112879,112880,220000,12,2,50,,RWE,2314,260.064833510211,,,,,'',"SRID=4326;LINESTRING(7.1201015595006 51.4485596594196,7.12132775986342 51.4463394826491)",line,1,220.0,0.260064833510211,0.16,495.3665309646989,100000.0,65.66604868407654,65.66604868407654,13.25605275677296,normal,3.0643112406574184
169447,19825,114470,380000,6,4,50,,RWE,4327,2453.12775481019,,,,,'',"SRID=4326;LINESTRING(7.39127198709164 51.4876399434278,7.39109624142941 51.5097332436579)",line,1,380.0,2.4531277548101897,0.7850008815392607,1645.4482671904334,100000.0,40.59877337323492,40.59877337323492,2.467338182716399,normal,3.057723889318845
149776,114693,134277,380000,3,4,50,380kV Bergkamen A,RWE,4344,6281.16283966287,,,,,'',"SRID=4326;LINESTRING(7.6044660640071 51.6884434925169,7.61693014142453 51.6369901699255)",line,1,380.0,6.28116283966287,2.0099721086921183,1645.4482671904334,71841.79291620149,25.24366213471921,25.24366213471921,1.5341510661907471,normal,3.0457356602753385
72460,114772,134486,220000;220000,3;3,2;2,,,Amprion,,110.551589254339,,,,,'',"SRID=4326;LINESTRING(7.60418111839898 51.897144089017,7.60712388594649 51.8986079335929)",line,2,220.0,0.110551589254339,0.08,990.7330619293978,100000.0,286.32458991990626,286.32458991990626,28.900276060466275,normal,3.030391020342441
128972,112517,112518,380000,3,,50,,,,337.365515943362,,,,,'',"SRID=4326;LINESTRING(7.42474524551043 51.4592583943398,7.42857323643065 51.4573758688246)",line,1,380.0,0.337365515943362,0.16,1645.4482671904334,100000.0,-171.42474618080382,171.42474618080382,10.418118247710563,normal,3.028564121845078
178154,141710,17081,220000;110000;220000,6;6,1;1,50;50,220kV Cappenberg Süd+Elmenhorst Süd,RWE,2601,3738.52284427012,,,,,'',"SRID=4326;LINESTRING(7.41473961780005 51.643750166611,7.44507423414899 51.6185050689451)",line,3,220.0,3.73852284427012,0.3987757700554795,1486.0995928940965,100000.0,28.918019694790242,28.918019694790242,1.9459005192561827,normal,3.027286962742699
173263,118569,142906,110000,6,2;1,50,Bergstraße West/Ost;Bergstraße-West,RWE,0171,105.001333011907,,,,,'',"SRID=4326;LINESTRING(8.57177474672438 49.4988578412847,8.57021629562079 49.498848263176)",line,1,110.0,0.10500133301190699,0.16,247.68326548234944,75625.0,-74.85172895922737,74.85172895922737,30.2207453593838,normal,3.0174369000838923
167152,1348,7114,380000;220000,12,2,50,Oberbachern - Ottenhofen;Oberbachern - Neufinsing,TenneT TSO GmbH,461;462;263;264,8330.36815158618,,,,,'',"SRID=4326;LINESTRING(11.7063884384813 48.2766481758593,11.5987011869984 48.2907165723889)",line,2,380.0,8.33036815158618,1.3328589042537888,3290.896534380867,100000.0,-44.44613389228969,44.44613389228969,1.3505782824816632,normal,3.01621200203563
156016,116861,116862,220000,3,2,,220kV Sterkrade Nord,RWE,2356,232.284941131465,,,,,'',"SRID=4326;LINESTRING(6.77392004424767 51.5307843423249,6.77057615543406 51.5310203942939)",line,1,220.0,0.232284941131465,0.16,495.3665309646989,100000.0,-71.40845196939027,71.40845196939027,14.41527586256711,normal,3.0109204245517587
148184,112519,112518,220000,6,2,50,,RWE,,249.844220260762,,,,,'',"SRID=4326;LINESTRING(7.42537092210582 51.4563314431164,7.42857323643065 51.4573758688246)",line,1,220.0,0.249844220260762,0.16,495.3665309646989,100000.0,-66.68940606435747,66.68940606435747,13.462638651522045,normal,3.002423129136293
147095,115099,115097,380000,3,,,,,,278.372673360253,,,,,'',"SRID=4326;LINESTRING(8.03912983811524 47.5611522747714,8.03541485525776 47.5610709851955)",line,1,380.0,0.27837267336025295,0.16,1645.4482671904334,100000.0,-200.83764877751736,200.83764877751736,12.205649535274858,normal,2.997560083381288
182093,32709,18691,380000;220000;380000;220000,9;9,4;2;4;2,50;50,380 kV Gilzem Ost; Uchtelfangen West; 220 kV Osburg;380 kV Gilzem Ost; Uchtelfangen West; 220 kV Osburg,Amprion,4553,2087.61954153377,,,,,'',"SRID=4326;LINESTRING(6.82317865100844 49.7433557650403,6.81367542989554 49.7248084788809)",line,4,380.0,2.0876195415337704,0.16700956332270164,6581.793068761734,100000.0,-174.57145066153146,174.57145066153146,2.652338790322596,normal,2.9902478638320718
179039,38498,115892,380000;380000;380000,6;3;3,2,50,305,TenneT,305,17265.4881817579,,,,,'',"SRID=4326;LINESTRING(9.19699766531584 54.851103446848,9.33223016559803 54.7210227584184)",line,3,380.0,17.265488181757902,1.8416520727208427,4936.3448015713,78407.86114755353,50.69850424848476,50.69850424848476,1.0270454412411951,normal,2.9835807564868664
119975,114746,133891,110000,6,1,50,110kV/s Arpe-Neheim+Arpe-Ostönnen,RWE,1692,446.124637911378,,,,,'',"SRID=4326;LINESTRING(8.20509646146523 51.1794826832141,8.21174758755098 51.1779651087715)",line,1,110.0,0.44612463791137796,0.16,247.68326548234944,75625.0,20.012153403602753,20.012153403602753,8.079735772471423,normal,2.9805120348666363
169097,117009,134375,220000,3,2,,Iller Ltg.,RWE,4521,127.344407705668,,,,,'',"SRID=4326;LINESTRING(10.0782803802386 48.2667066519086,10.0828338243409 48.2674353670844)",line,1,220.0,0.12734440770566802,0.16,495.3665309646989,100000.0,-122.4935661268578,122.4935661268578,24.727864817251252,normal,2.964000206551329
74567,113022,141706,380000;380000,6;6,,50;50,,,,5592.41978258373,,,,,'',"SRID=4326;LINESTRING(7.94334571330459 47.5952825639558,7.87476816564261 47.5995750444589)",line,2,380.0,5.59241978258373,0.8947871652133967,3290.896534380867,100000.0,-51.13067801994567,51.13067801994567,1.5537005641401955,normal,2.9301557000115124
170894,113530,141242,220000;220000;0,3;6,1;1,,220kV Amelsbüren,RWE,2304,76.8941075308246,,,,,'',"SRID=4326;LINESTRING(7.72945001695958 52.2805176626744,7.7283506816998 52.2811580026931)",line,3,220.0,0.0768941075308246,0.05333333333333334,1486.0995928940965,100000.0,584.6957154034826,584.6957154034826,39.344315697228616,normal,2.9146690698701967
83993,113026,115940,380000,3,4,50,,,,370.138990530477,,,,,'',"SRID=4326;LINESTRING(6.21937268187571 50.9433714827204,6.21409867284264 50.9435797768194)",line,1,380.0,0.370138990530477,0.16,1645.4482671904334,100000.0,-152.14622949943913,152.14622949943913,9.246491216598711,normal,2.911832776976029
154516,112785,112786,220000,3,2,,Hochlarmark West,RWE,2629,233.925763658395,,,,,'',"SRID=4326;LINESTRING(7.13979191187627 51.5587337944947,7.13937473425833 51.5608313916517)",line,1,220.0,0.233925763658395,0.16,495.3665309646989,100000.0,-68.30551594932955,68.30551594932955,13.788883923245347,normal,2.8984339431459194
176943,25039,113959,110000;110000;110000;110000,3;3,1;1;1;1,50;50;50;50,,EnBW,,100.128431661838,,,,,'',"SRID=4326;LINESTRING(8.31120577222738 49.0112842639883,8.31094948869659 49.0121686948696)",line,4,110.0,0.10012843166183799,0.04,990.7330619293978,100000.0,300.7252472532612,300.7252472532612,30.353811617794953,normal,2.8965710274991463
182198,23442,20669,220000;220000;220000;220000;220000;220000;220000;220000,3;3;6;12;3;12;3;6,,50;50;50;50;50;50;50,Öldruckkabel,Schluchseewerk AG,,2069.08896680195,,,,,'',"SRID=4326;LINESTRING(7.95921956532926 47.5783599699372,7.95805105631707 47.59569859905)",line,8,220.0,2.06908896680195,0.08276355867207799,3962.932247717591,100000.0,102.12961069471851,102.12961069471851,2.577122300123576,normal,2.8899353740256752
161300,2915,17840,380000;380000;380000,3,,50;50;50,380-kV-Transversale Berlin;380-kV-Transversale Berlin;Berlin/Mitte,50Hertz Transmission,919;920,3927.64472612254,,,,,'',"SRID=4326;LINESTRING(13.4221323629185 52.5168872616727,13.3686370100705 52.5031478804454)",line,3,380.0,3.92764472612254,0.4189487707864043,4936.3448015713,100000.0,89.22237686289982,89.22237686289982,1.8074583613871384,normal,2.8826450859693193
158197,112292,112371,380000,6,4,50,380kV Trebur Nord,RWE,4503,2567.86560066322,,,,,'',"SRID=4326;LINESTRING(8.43971907619226 50.0585753714553,8.47440662257326 50.0566146492183)",line,1,380.0,2.56786560066322,0.8217169922122304,1645.4482671904334,100000.0,37.28709565227195,37.28709565227195,2.266075232856688,normal,2.8823741530623184
106729,112069,134327,380000,6,3,50,"903, 904",50Hertz Transmission,903;904,1029.50170481773,,,,,'',"SRID=4326;LINESTRING(13.2636050477624 52.5291927529091,13.2470743488531 52.5334412645957)",line,1,380.0,1.02950170481773,0.32944054554167357,1645.4482671904334,100000.0,66.9601760636178,66.9601760636178,4.069418492138365,normal,2.8802949244499896
179474,113249,113295,110000;380000;220000;110000;380000;220000,3;18;15,1;2;1;2;1,50;50,Oberbachern - Ottenhofen;Oberbachern - Neufinsing;Oberbachern - Ottenhofen;Oberbachern - Neufinsing,E.ON Netz GmbH,1645,16138.4236537131,,,,,'',"SRID=4326;LINESTRING(11.3747928684966 48.2935220768734,11.5651679757575 48.2984498645738)",line,6,380.0,16.1384236537131,0.8607159281980321,8000.0,100000.0,81.08443137043176,81.08443137043176,1.013555392130397,normal,2.879838186700552
71815,16851,112396,220000;220000,3;3,2;2,50;50,300;300,TenneT,300,170.063875101913,,,,,'',"SRID=4326;LINESTRING(8.1226935314256 53.5604852248008,8.12445775268178 53.5575656730513)",line,2,220.0,0.170063875101913,0.08,990.7330619293978,100000.0,-181.4303095076216,181.4303095076216,18.312733921920007,normal,2.8761676167095533
138129,115702,115366,380000,6,4;2,,Meerbusch West,RWE,4123,322.808177331095,,,,,'',"SRID=4326;LINESTRING(6.71919413814994 51.3412993484022,6.72033167479422 51.3441235773954)",line,1,380.0,0.322808177331095,0.16,1645.4482671904334,100000.0,168.85636721025722,168.85636721025722,10.262028322444664,normal,2.870873066403557
162353,113431,113877,380000;380000,6;6,4;4,50;50,380kV Datteln Ost+West;380kV Datteln Ost+West,RWE,4200,4765.23189237257,,,,,'',"SRID=4326;LINESTRING(7.36677022286157 51.6279987836043,7.36990076179519 51.5869489505133)",line,2,380.0,4.76523189237257,0.7624371027796112,3290.896534380867,100000.0,53.75240000740078,53.75240000740078,1.6333664533611203,normal,2.861405470410799
117300,114819,114824,380000,3,,,,,,305.671155496238,,,,,'',"SRID=4326;LINESTRING(9.20551012852747 48.9234550866815,9.20969753539286 48.9233794752068)",line,1,380.0,0.30567115549623797,0.16,1645.4482671904334,100000.0,-176.0066187999898,176.0066187999898,10.696575657192628,normal,2.852960751334849
181197,112827,112829,220000;380000,6,2;4,,220kV Buer Süd+Scholven E,RWE,2356,2944.30171421669,,,,,'',"SRID=4326;LINESTRING(7.0192884860664 51.5566518508266,6.99547989710221 51.5388140601712)",line,2,380.0,2.94430171421669,0.4710882742746704,3290.896534380867,100000.0,68.38620412165098,68.38620412165098,2.0780417557100996,normal,2.8516383777158665
127253,126286,112684,380000,3,4,,Eltmann - Redwitz,,428,235.632440997369,,,,,'',"SRID=4326;LINESTRING(10.6626550439784 49.9771450691584,10.6657833371238 49.976461760289)",line,1,380.0,0.235632440997369,0.16,1645.4482671904334,100000.0,-221.50227621732245,221.50227621732245,13.461515663177469,normal,2.8482270201648494
180855,112630,16949,220000;220000;220000,3;3;6,2;2;2,,220kV Nordleitung;220kV Südleitung;220kV Nordleitung+Südleitung,markE,,367.525080941538,,,,,'',"SRID=4326;LINESTRING(7.51204056038073 51.4009298440604,7.50588445692725 51.4016290115256)",line,3,220.0,0.367525080941538,0.05333333333333334,1486.0995928940965,100000.0,-134.50403525374634,134.50403525374634,9.050808969795032,normal,2.8329267022773235
71782,16888,112147,220000;220000,3;6,,50,,RWE,,1755.89074226095,,,,,'',"SRID=4326;LINESTRING(6.97593065958018 51.0376050168943,6.96506842130516 51.0517391654628)",line,2,220.0,1.75589074226095,0.280942518761752,990.7330619293978,100000.0,-27.34368938829279,27.34368938829279,2.759945179889573,normal,2.797868782837996
161781,2529,19803,380000;380000,3;6,,50;50,,50Hertz Transmission,,5160.67871351566,,,,,'',"SRID=4326;LINESTRING(13.2127413583972 52.5735584649325,13.2312388958495 52.5394076648605)",line,2,380.0,5.16067871351566,0.8257085941625055,3290.896534380867,100000.0,-50.5335659764905,50.5335659764905,1.5355562062967634,normal,2.7919282587222365
180238,115345,25432,380000;380000;380000;380000;380000,6;3;3,4;4;4,50;50;50,,TenneT,3002,505.408572133676,,,,,'',"SRID=4326;LINESTRING(9.25550936909475 51.0547858904819,9.25935137191224 51.0600752450764)",line,5,380.0,0.505408572133676,0.03234614861655526,8000.0,100000.0,-544.3713905316616,544.3713905316616,6.80464238164577,normal,2.7835365302121065
168198,112240,134739,380000,6,3,,Schmölln - Dresden Süd - Röhrsdorf,50Hertz Transmission,591;592,253.406367151183,,,,,'',"SRID=4326;LINESTRING(13.8525578855161 50.9870264911628,13.854849157432 50.9824492876083)",line,1,380.0,0.253406367151183,0.16,1645.4482671904334,100000.0,202.4450119316519,202.4450119316519,12.303334961561708,normal,2.77889199688817
117339,112156,113854,380000,6,4,50,380 kV Sechtem Nord|Süd,RWE,,95.9067963331994,,,,,'',"SRID=4326;LINESTRING(6.89406261680791 50.847981186533,6.89268289436303 50.84797574162)",line,1,380.0,0.0959067963331994,0.16,1645.4482671904334,100000.0,-499.2414103158982,499.2414103158982,30.340753961736024,normal,2.7786713307889244
115918,117472,118354,220000,6,2,50,220 kV Rheinau West,RWE,2327,376.821863126593,,,,,'',"SRID=4326;LINESTRING(8.42315216605947 49.6398211735743,8.41949737032603 49.6377579874862)",line,1,220.0,0.376821863126593,0.16,495.3665309646989,100000.0,42.85953552970456,42.85953552970456,8.65208544595009,normal,2.766745242614812
138874,114180,114985,220000;110000,12,2;1,,,RWE,2316,187.642973391394,,,,,'',"SRID=4326;LINESTRING(6.82132234516009 51.4985981776625,6.8236895855968 51.4977620628086)",line,2,220.0,0.18764297339139402,0.08,990.7330619293978,100000.0,158.95021564777954,158.95021564777954,16.043697516082972,normal,2.7590450633663033
179223,118468,24814,220000;380000;220000;380000,6;12;6,2;4;2;4,50;50;50,220 kV Niederstedem Ost|West;380 kV Gilzem Ost; Uchtelfangen West; 220 kV Niederstedem Ost|West;380 kV Gilzem Ost; 380kV Uchtelfangen West,Amprion,,4998.9259150239,,,,,'',"SRID=4326;LINESTRING(6.51202358934796 49.8835778810427,6.47479750040959 49.9224757052015)",line,4,380.0,4.9989259150239,0.399914073201912,6581.793068761734,100000.0,100.9716821554929,100.9716821554929,1.534105996657978,normal,2.7484742950270475
130916,112533,112535,110000,6,1,,110kV Sternbusch Tr13+14,RWE,0274,1428.02196122856,,,,,'',"SRID=4326;LINESTRING(6.63344329674763 51.6162097502792,6.64638658268734 51.607116794193)",line,1,110.0,1.42802196122856,0.45696702759313923,247.68326548234944,26478.934516853675,-7.665140631526204,7.665140631526204,3.0947349699216726,normal,2.7452679595887166
138750,112834,112839,380000;220000,6;3,,,,RWE,4569,4780.95039780212,,,,,'',"SRID=4326;LINESTRING(6.94963329859883 51.6340178557099,7.01590579003252 51.627639270091)",line,2,380.0,4.78095039780212,0.7649520636483392,3290.896534380867,100000.0,51.41901483296518,51.41901483296518,1.5624622134356743,normal,2.741446353794799
91477,112455,133654,110000,6,1,,Neufinsing - Wörth;Neufinsing - Wörth - Stollnkirchen,E.ON Netz GmbH,1243;1244,297.27082801488,,,,,'',"SRID=4326;LINESTRING(11.8179392541696 48.2233460584519,11.813089825957 48.2213167737546)",line,1,110.0,0.29727082801488003,0.16,247.68326548234944,75625.0,-26.086448210236313,26.086448210236313,10.532180347119697,normal,2.7411336376844893
180948,133730,118812,380000;380000;380000,3;6;3,4;4;4,50;50;50,"547;547, 548;548",50Hertz,547,7441.4134123105,,,,,'',"SRID=4326;LINESTRING(14.6043681589076 52.1744772719338,14.5112016636857 52.1616045501195)",line,3,380.0,7.441413412310499,0.7937507639797866,4936.3448015713,100000.0,63.18873400126962,63.18873400126962,1.2800713187854271,normal,2.730583827090797
116994,112463,112454,220000,6,2,50,Oberbachern - Neufinsing,TenneT TSO GmbH,263;264,2387.10862769077,,,,,'',"SRID=4326;LINESTRING(11.7979039487248 48.240892079336,11.8150909658982 48.222739491945)",line,1,220.0,2.38710862769077,0.7638747608610464,495.3665309646989,63361.171856814704,-11.071932314847842,11.071932314847842,2.235098986862489,normal,2.726768563839311
115769,18772,114194,220000;110000,12,1,50,220 KV,RWE,2374,1578.56312572111,,,,,'',"SRID=4326;LINESTRING(6.73156290507367 51.3745978386711,6.72560891776231 51.3869259940974)",line,2,220.0,1.5785631257211101,0.2525701001153776,990.7330619293978,100000.0,28.505524232969037,28.505524232969037,2.8772154002265866,normal,2.7253914065442686
107631,17247,112914,220000;110000,12,2;1,,,RWE,4582,1088.55166322262,,,,,'',"SRID=4326;LINESTRING(6.94758203197816 51.498785049034,6.93064551860687 51.4978751413749)",line,2,220.0,1.08855166322262,0.1741682661156192,990.7330619293978,100000.0,-36.54703459547992,36.54703459547992,3.688888157654353,normal,2.7167585662139206
177498,115794,134542,220000;220000,3;6,,50;50,220kV Itterbach West;220kV Itterbach Ost,,,103.422764261048,,,,,'',"SRID=4326;LINESTRING(7.00105428956453 51.2474900770853,6.99978713416141 51.2479714553629)",line,2,220.0,0.103422764261048,0.08,990.7330619293978,100000.0,272.63144711853204,272.63144711853204,27.518153738363935,normal,2.708252833691981
171888,116018,141943,380000;220000,6,,50,Koppelleitung Laufenburg (CH) - Sierentz (F),,,867.410598930185,,,,,'',"SRID=4326;LINESTRING(7.94721143346675 47.5943204382307,7.95405275173122 47.5881604265258)",line,2,380.0,0.8674105989301849,0.13878569582882958,3290.896534380867,100000.0,-142.69375183966758,142.69375183966758,4.336014528226828,normal,2.70806986190431
180953,20220,115734,110000;220000;110000;220000,6;12;6,1;1;1,,Neufinsing - Marienberg;Marienberg - Mittergars;Neufinsing - Marienberg;Marienberg - Mittergars;Neufinsing - Marienberg,E.ON Netz GmbH,1239;1241,3303.62944198145,,,,,'',"SRID=4326;LINESTRING(12.1301723855397 47.9131911238412,12.0975848919475 47.9288446912511)",line,4,220.0,3.30362944198145,0.264290355358516,1981.4661238587955,100000.0,36.619003813154194,36.619003813154194,1.848076198337457,normal,2.697190928356679
88790,118031,118033,380000,6,,50,"573 Remptendorf - Weida, 575 Weida - Röhrsdorf",50Hertz Transmission,573;575,974.305214616105,,,,,'',"SRID=4326;LINESTRING(12.0515167688951 50.7879382900366,12.0468218138942 50.7960517435108)",line,1,380.0,0.974305214616105,0.3117776686771536,1645.4482671904334,100000.0,65.2317262798352,65.2317262798352,3.9643741818280884,normal,2.6966329145712833
112757,19443,116094,220000,3,2,50,,,,286.243863730939,,,,,'',"SRID=4326;LINESTRING(6.99666886670711 49.3756396415642,7.00421358778901 49.3767428818487)",line,1,220.0,0.28624386373093896,0.16,495.3665309646989,100000.0,-53.06446339394255,53.06446339394255,10.712161617096426,normal,2.6965321392436863
162980,15409,17099,220000;110000;220000;110000;220000;220000,6;3;3;6;3,2;1;2;2;2;2,50,,Tennet,2812,1266.88584213192,,,,,'',"SRID=4326;LINESTRING(8.7026453597337 51.7489921877656,8.70215267475532 51.7363241568211)",line,6,220.0,1.26688584213192,0.0675672449137024,2972.199185788193,100000.0,-97.75115983473582,97.75115983473582,3.2888495596843157,normal,2.691617547299301
151786,112810,112809,220000;110000,6,2,,Gladbeck West + Hugo Ost,RWE,2344,426.023841666876,,,,,'',"SRID=4326;LINESTRING(7.01942314352749 51.5587941675961,7.02187231031811 51.5555851787104)",line,2,220.0,0.426023841666876,0.08,990.7330619293978,100000.0,75.02960553985582,75.02960553985582,7.573140376857902,normal,2.687632099703852
104119,114246,114247,220000,6,4;1,50,,RWE,4197,197.945373588838,,,,,'',"SRID=4326;LINESTRING(7.43969006773468 50.4050806613684,7.43692101087138 50.4053556545743)",line,1,220.0,0.19794537358883801,0.16,495.3665309646989,100000.0,73.54373154663251,73.54373154663251,14.846326295684566,normal,2.68136382459372
145170,115259,115260,380000,6,4,50,"419, 420 Krümmel - Görries",50Hertz,419;420,370.84883301583,,,,,'',"SRID=4326;LINESTRING(11.3583115678104 53.5984354769964,11.3634670890575 53.5971056456015)",line,1,380.0,0.37084883301583,0.16,1645.4482671904334,100000.0,-139.80360207459935,139.80360207459935,8.496383925415712,normal,2.6800155211180803
102641,19443,117877,380000,6,4,50,380 kV Uchtelfangen Ost|West,Amprion,,696.261198488267,,,,,'',"SRID=4326;LINESTRING(6.99666886670711 49.3756396415642,6.98600707259964 49.3790753754076)",line,1,380.0,0.6962611984882671,0.22280358351624546,1645.4482671904334,100000.0,83.45196483559025,83.45196483559025,5.071685722340128,normal,2.6800133080684843
123419,112536,135069,380000;220000,12,4;2,,,RWE,4574,2458.9885172851,,,,,'',"SRID=4326;LINESTRING(6.65963403818225 51.5995478716066,6.6822465046727 51.5774856572847)",line,2,380.0,2.4589885172851,0.393438162765616,3290.896534380867,100000.0,-70.8204453520822,70.8204453520822,2.1520106941133603,normal,2.670594075676502
137881,29961,114741,380000;110000,12,4;1,50,,RWE,,2241.24792806616,,,,,'',"SRID=4326;LINESTRING(8.35462625732575 51.3544778306094,8.38013894379374 51.3417162880506)",line,2,380.0,2.24124792806616,0.3585996684905856,3290.896534380867,100000.0,-74.22214712891062,74.22214712891062,2.255377717089924,normal,2.6522304136055634
178460,17578,113453,220000;220000;110000;110000,6;12;6,2;2;1;1,50;50;50,220kV Hochlarmark Ost+West;RWE 2613 Pöppinghausen - Wanne;110kV Pöppinghausen-Wanne + Herne-Pöppinghausen,RWE,2613,4304.5463820233,,,,,'',"SRID=4326;LINESTRING(7.26402302448204 51.5735977986741,7.20909154615439 51.5596054827105)",line,4,220.0,4.3045463820233,0.34436371056186404,1981.4661238587955,100000.0,-31.43336379887174,31.43336379887174,1.5863689729732549,normal,2.646958572713519
92665,115366,115705,380000;220000;110000,15,4;2;1,,,RWE,4141,977.570352775756,,,,,'',"SRID=4326;LINESTRING(6.72033167479422 51.3441235773954,6.72384974694142 51.352641055629)",line,3,380.0,0.977570352775756,0.10427417096274731,4936.3448015713,100000.0,190.0672930767011,190.0672930767011,3.850365011297434,normal,2.6254445269963735
86334,114100,114101,220000;110000;20000,15,2;1,,,RWE,,773.618132585828,,,,,'',"SRID=4326;LINESTRING(7.44243738536811 50.4043580451322,7.43254917987816 50.4065513383138)",line,3,220.0,0.773618132585828,0.08251926747582165,1486.0995928940965,100000.0,67.81886429814699,67.81886429814699,4.563547734110707,normal,2.615011437386214
87509,114197,114198,380000;110000,12,4;1,50,,Tennet,3016,1219.20322868848,,,,,'',"SRID=4326;LINESTRING(8.70347926581194 51.7155714407611,8.70139463536361 51.7046792583323)",line,2,380.0,1.21920322868848,0.19507251659015679,3290.896534380867,100000.0,-107.23866284362282,107.23866284362282,3.2586458347526923,normal,2.5976237445947468
142522,114136,118803,380000,3,4,50,,RWE,,346.825633809132,,,,,'',"SRID=4326;LINESTRING(8.42696102286414 49.7075076778531,8.43110809537328 49.7059067789088)",line,1,380.0,0.346825633809132,0.16,1645.4482671904334,100000.0,143.15940422804374,143.15940422804374,8.700328480851317,normal,2.590526644158346
181904,134433,118641,380000;380000;380000,3;6;3,4;4;4,50;50;50,"415, 416",50Hertz,415,25403.6874750954,,,,,'',"SRID=4326;LINESTRING(11.1223691907243 50.9988751071947,11.4292058913809 50.9138883450935)",line,3,380.0,25.403687475095403,2.7097266640101765,4936.3448015713,53289.50772706339,39.02801483342015,39.02801483342015,0.7906257849126959,normal,2.588116414426397
180041,113485,122454,220000;220000,6;3,,,,EON_Netz,,358.228917373377,,,,,'',"SRID=4326;LINESTRING(9.51946943386514 53.6184496458588,9.52419187731376 53.6194887862203)",line,2,220.0,0.358228917373377,0.08,990.7330619293978,100000.0,83.52079342712621,83.52079342712621,8.430201497916512,normal,2.581172451651137
138530,118322,117467,220000,3,1,50,220 kV Windesheim,RWE,2362,236.581803254868,,,,,'',"SRID=4326;LINESTRING(7.81719898104836 49.8899005875659,7.81826617960589 49.8919222828629)",line,1,220.0,0.236581803254868,0.16,495.3665309646989,100000.0,60.15343812721397,60.15343812721397,12.143218075324645,normal,2.578624050898235
82944,112345,112715,110000,6,1,50,110 kV Neukirchen Ost+West,RWE,2303,43.684944629292,,,,,'',"SRID=4326;LINESTRING(6.58395304162033 51.4395795845707,6.58449041382329 51.4393552658584)",line,1,110.0,0.043684944629292,0.16,247.68326548234944,75625.0,-149.02525964983357,149.02525964983357,60.167673968451254,watch,2.5726293521569508
127115,113110,113109,220000,3,,,,LEW,,553.623088247548,,,,,'',"SRID=4326;LINESTRING(10.6418025411196 48.0258492685192,10.634381648389 48.0262077580738)",line,1,220.0,0.553623088247548,0.17715938823921537,495.3665309646989,100000.0,-28.844094409562203,28.844094409562203,5.822778206955147,normal,2.5654559844206712
180646,22305,115496,220000;380000;380000;380000;380000;110000;220000;380000;220000;110000,3;3;3;3;3;3;3;12,2;4;4;2;1,50;50,,RWE,4132,505.441477601785,,,,,'',"SRID=4326;LINESTRING(7.88965787318573 52.2773874121267,7.89782277779808 52.2815141603306)",line,8,380.0,0.5054414776017849,0.020217659104071396,8000.0,100000.0,-500.3989558711952,500.3989558711952,6.2549869483899405,normal,2.5588288153959757
72068,112166,16895,110000;110000;110000;110000,6;6;6;6,1;2;1;1,50;50;50;50,110 kV Siegburg Nord|Süd;110 kV Siegburg Nord|Süd;110 kV Siegburg Nord|Süd;110 kV Siegburg Nord|Süd,RWE,0075,3456.31381244494,,,,,'',"SRID=4326;LINESTRING(7.1435272864907 50.7969920834508,7.19312872837309 50.7982667363764)",line,4,110.0,3.45631381244494,0.2765051049955952,990.7330619293978,43760.49404293189,-16.93372781719425,16.93372781719425,1.7092119429442227,normal,2.554112880541948
147818,134588,112570,220000,6,,50,220 KV,,,1453.19047721955,,,,,'',"SRID=4326;LINESTRING(6.7232866567092 51.3763195129603,6.70351269739271 51.3705244743615)",line,1,220.0,1.45319047721955,0.465020952710256,495.3665309646989,100000.0,-14.075366150234636,14.075366150234636,2.8414043481750046,normal,2.549846180056319
71926,17404,116505,110000;110000,3;6,,,,,,693.731343405148,,,,,'',"SRID=4326;LINESTRING(10.6412605608381 48.0274331794465,10.6306120479623 48.0284496580635)",line,2,110.0,0.693731343405148,0.11099701494482368,495.3665309646989,100000.0,-23.949916944265848,23.949916944265848,4.83478706113324,normal,2.5476136399279317
6108,134913,134401,220000,6,2,50,220kV Haarstrang Ost,RWE,2620,23847.0923879877,,,,,'',"SRID=4326;LINESTRING(7.97134985795849 51.6781283421425,7.71587466201739 51.6746596100824)",line,1,220.0,23.8470923879877,7.631069564156064,495.3665309646989,6342.492306365531,3.9274466805228774,3.9274466805228774,0.7928365028768481,normal,2.547178132299256
149763,112264,112266,110000,6,,50,,,,225.888665757498,,,,,'',"SRID=4326;LINESTRING(10.4194293536068 53.4152576748809,10.4166524814006 53.4140699674987)",line,1,110.0,0.225888665757498,0.16,247.68326548234944,75625.0,30.91415039940247,30.91415039940247,12.481323814589926,normal,2.542021575927616
141800,17028,112442,380000,3,,50,,TenneT,,82.6895663528271,,,,,'',"SRID=4326;LINESTRING(8.80962878193478 50.2034694007106,8.8124858729526 50.2031170664485)",line,1,380.0,0.0826895663528271,0.16,1645.4482671904334,100000.0,-525.7306399615192,525.7306399615192,31.950602789791297,normal,2.5384205834441405
78212,112771,112772,380000;220000,6,,,,RWE,4550,3268.90455978552,,,,,'',"SRID=4326;LINESTRING(7.13676189442294 51.5250954773704,7.13163197516145 51.5499087419718)",line,2,380.0,3.26890455978552,0.5230247295656832,3290.896534380867,100000.0,-57.38238171646426,57.38238171646426,1.7436701858285526,normal,2.5306883674709093
180684,24862,118520,220000;220000;220000,3;9,2,50;50;50,,RWE,2471,336.480638719485,,,,,'',"SRID=4326;LINESTRING(7.86403944877968 50.7684190499606,7.87212305549776 50.7704373686256)",line,3,220.0,0.336480638719485,0.05333333333333334,1486.0995928940965,100000.0,129.58705804309022,129.58705804309022,8.719944387490653,normal,2.5291306640119817
100934,118322,118323,110000,6,1,50,110 kV Kreuznach Ost|West,RWE,,242.292344434694,,,,,'',"SRID=4326;LINESTRING(7.81719898104836 49.8899005875659,7.81809639801719 49.8920114639902)",line,1,110.0,0.242292344434694,0.16,247.68326548234944,75625.0,28.82732122625041,28.82732122625041,11.638784384609432,normal,2.5251313141649563
76143,112734,16993,220000;220000;220000;220000,3;6;3;3,2;2,50;50,220 kV Frixheim Süd;220 kV Frixheim Süd,RWE,2357,883.664149292923,,,,,'',"SRID=4326;LINESTRING(6.71453808020082 51.0050142870708,6.70247484431852 51.0089106741313)",line,4,220.0,0.8836641492929229,0.07069313194343384,1981.4661238587955,100000.0,-78.35508096708521,78.35508096708521,3.9543992210420957,normal,2.5040003073382087
105349,112873,134617,380000,6,4,50,380kV Oerkhaus West+Weitmar West,RWE,4546,255.425556206873,,,,,'',"SRID=4326;LINESTRING(7.12125742177668 51.4510951846754,7.12549623603904 51.4486792678061)",line,1,380.0,0.255425556206873,0.16,1645.4482671904334,100000.0,-180.6076301866022,180.6076301866022,10.976196200624752,normal,2.4968058810599145
161822,115566,112712,220000;0;220000;0;220000,6;6;6,2;1;1,50;50,220kV Utfort West;220kV Utfort West;220kV Utfort West,RWE,4540,131.549092354721,,,,,'',"SRID=4326;LINESTRING(6.52183184477761 51.3235495786934,6.52272548882226 51.3224954692993)",line,5,220.0,0.131549092354721,0.032,2476.832654823494,100000.0,-499.67280496517884,499.67280496517884,20.173862129607095,normal,2.493238640854456
144637,16790,112835,380000;220000,12,4;2,,Scholven B+D+E,RWE,4565,3495.94778174479,,,,,'',"SRID=4326;LINESTRING(7.00616821335541 51.5997745913503,7.01128952745049 51.6259004938275)",line,2,380.0,3.49594778174479,0.5593516450791663,3290.896534380867,100000.0,-54.40677240251546,54.40677240251546,1.653250773280579,normal,2.485127707932662
179454,24288,115610,380000;220000;380000;220000,3;3,4;2;4;2,,GOHFE-GROGH,EnBW,,791.392127423359,,,,,'',"SRID=4326;LINESTRING(9.69459398163278 49.2324914822377,9.7078201876333 49.2309035377435)",line,4,380.0,0.7913921274233591,0.06331137019386873,6581.793068761734,100000.0,-280.27894438140686,280.27894438140686,4.258397999652352,normal,2.4826164055629243
161295,134272,134432,380000;380000,3,,50;50,Berlin/Friedrichshain,50Hertz,921;922,2836.50187566316,,,,,'',"SRID=4326;LINESTRING(13.5242965535927 52.5352216190048,13.4795013131177 52.5338834746152)",line,2,380.0,2.83650187566316,0.4538403001061056,3290.896534380867,100000.0,60.73849396231248,60.73849396231248,1.8456518862796618,normal,2.481591511788148
82575,112079,112080,380000;110000,12,4;2,50,380 kV 3011; 220 kV 1046,TenneT,3011;1046,2131.2113829334,,,,,'',"SRID=4326;LINESTRING(8.78274588783042 50.2087121833965,8.7577714652905 50.2174866549455)",line,2,380.0,2.1312113829333996,0.34099382126934397,3290.896534380867,100000.0,71.41815950668095,71.41815950668095,2.1701733482215726,normal,2.4770791610839273
72426,17365,19306,380000;0;380000;380000,12;6;6,3,50;50;50,"Anlage 335 ; PULVE-OBJTT-ENGST 380 kV, OBJTT-ENGST 380 kV, TRSNG-WDLNG 220 kV;PULVE-OBJTT-ENGST 380 kV, OBJTT-ENGST 380 kV, TRSNG-WDLNG 220 kV;Anlage 335 ; PULVE-OBJTT-ENGST 380 kV, OBJTT-ENGST 380 kV",EnBW Transportnetze AG,0335,33591.1038377652,,,,,'',"SRID=4326;LINESTRING(8.78574560030169 48.5837418738739,8.87292810358388 48.3100689122305)",line,4,380.0,33.5911038377652,2.687288307021216,6581.793068761734,53734.46519404662,-45.59677456317419,45.59677456317419,0.692771317584929,normal,2.4549020401870685
109237,24621,118641,0,6,2,0,,50Hertz,,3554.6857774429,,,,,'',"SRID=4326;LINESTRING(11.4703710706553 50.9303732467952,11.4292058913809 50.9138883450935)",line,1,0.0,3.5546857774429,1.137499448781728,200.0,1.0,3.2253129171556107,3.2253129171556107,1.6126564585778054,normal,2.4450396432779153
132744,114788,114786,220000,3,3,,,RWE,2646,309.379937110739,,,,,'',"SRID=4326;LINESTRING(7.06244579810371 51.6871974691907,7.06262644930735 51.6844079656584)",line,1,220.0,0.30937993711073897,0.16,495.3665309646989,100000.0,44.86920717483578,44.86920717483578,9.05777931493585,normal,2.4415578801818163
154441,21183,116077,220000,6,,50,,,,939.687240956244,,,,,'',"SRID=4326;LINESTRING(6.17793029018481 49.953066215836,6.19075100945073 49.9554718615811)",line,1,220.0,0.939687240956244,0.3006999171059981,495.3665309646989,100000.0,18.05861273021514,18.05861273021514,3.6455052171261935,normal,2.415244702016891
109272,113608,113609,380000;110000,12,,,"BZW-WDL/MEZ 380 kV, TRS-WDL 220 kV",,,1568.44739383085,,,,,'',"SRID=4326;LINESTRING(9.27202049384839 48.5831004467479,9.25421292047671 48.5753783898707)",line,2,380.0,1.5684473938308499,0.25095158301293596,3290.896534380867,100000.0,-84.17627235475511,84.17627235475511,2.55785228965248,normal,2.412826130368803
167741,16840,112293,380000,3,4,,380 kV Hessen Ost,RWE,4127,313.579823427649,,,,,'',"SRID=4326;LINESTRING(8.43536479344461 50.0590049251188,8.44196513389715 50.0598143852472)",line,1,380.0,0.313579823427649,0.16,1645.4482671904334,100000.0,-145.26760014488826,145.26760014488826,8.82845137349286,normal,2.40801396430027
73868,21171,115149,220000;220000,6;3,2;2,50;50,220kV Eiserfeld Ltg;220kV Eiserfeld Ltg,Amprion,2442,575.375033589464,,,,,'',"SRID=4326;LINESTRING(7.98513585397006 50.8422318469718,7.98311763436217 50.8478856735907)",line,2,220.0,0.575375033589464,0.09206000537431423,990.7330619293978,100000.0,52.349889919656164,52.349889919656164,5.2839550764267065,normal,2.4015224994008095
126710,114831,114830,220000,6,,,Anlage 326,,,261.422131740417,,,,,'',"SRID=4326;LINESTRING(9.27258526466752 48.9163100935204,9.26921945696098 48.9171229816527)",line,1,220.0,0.261422131740417,0.16,495.3665309646989,100000.0,-51.13451620032961,51.13451620032961,10.322561780818734,normal,2.39730927543453
181863,142307,17196,380000;220000;220000;380000,6;3;3,2;1;1;2,,Pleinting - Plattling - Schwandorf;Pleinting - Schwandorf;Pleinting - Plattling - Schwandorf,TenneT TSO GmbH,465;226,18501.95961861,,,,,'',"SRID=4326;LINESTRING(12.8939821496887 48.7325601575412,13.1032748124901 48.6667597238293)",line,4,380.0,18.501959618609998,1.4801567694887998,6581.793068761734,97557.2337853586,-52.90830435834094,52.90830435834094,0.8038585200961788,normal,2.387873754671284
171321,125990,141544,380000,6,4,,"467, 468",50Hertz,,288.754788198444,,,,,'',"SRID=4326;LINESTRING(10.9880897880815 50.6660733618584,10.9896077111135 50.6686883965613)",line,1,380.0,0.28875478819844397,0.16,1645.4482671904334,100000.0,-154.87091201751014,154.87091201751014,9.412080288731824,normal,2.387623319228933
102408,18228,113858,220000;110000,6,,50,,Amprion,2431,12545.2272154436,,,,,'',"SRID=4326;LINESTRING(8.40328853596662 52.6096767147091,8.40206798768896 52.4960159800192)",line,2,220.0,12.5452272154436,2.007236354470976,990.7330619293978,24112.755775966518,-9.0753530797079,9.0753530797079,0.9160240460769679,normal,2.3871900381326165
181978,18089,113608,380000;380000;110000;110000,6;12;6,,,"BZW-WDL/MEZ 380 kV, TRS-WDL 110 kV, MEZ-WEN 110 kV;BZW-WDL/MEZ 380 kV, TRS-WDL 220 kV, MEZ-WEN 110 kV, MEZ-NUR 110 kV;MEZ-NUR 110 kV",,,6376.48727023747,,,,,'',"SRID=4326;LINESTRING(9.34910136301771 48.608850702881,9.27202049384839 48.5831004467479)",line,4,380.0,6.37648727023747,0.5101189816189976,6581.793068761734,100000.0,-78.4712463046372,78.4712463046372,1.1922472415165188,normal,2.382464736536992
179737,24862,115951,110000;380000;110000;380000,6;12;6,2;4;4,50;50;50,380 kV Siegtal Nord+Süd,RWE,4104,10285.9728072195,,,,,'',"SRID=4326;LINESTRING(7.86403944877968 50.7684190499606,7.72442115816755 50.7587573945618)",line,4,380.0,10.2859728072195,0.82287782457756,6581.793068761734,100000.0,64.12572567715546,64.12572567715546,0.9742896047812053,normal,2.361249908995323
162424,117162,112733,0;220000,3;6,2;2,50;50,220 kV Niederaußem 3c|4d,RWE,4560,376.860392039104,,,,,'',"SRID=4326;LINESTRING(6.70037883469253 51.0035738512695,6.70571994787732 51.0039985476298)",line,2,220.0,0.376860392039104,0.08,990.7330619293978,100000.0,72.96674008692162,72.96674008692162,7.3649243061317575,normal,2.355345723348813
161301,17840,40474,380000;380000;380000,3,,50;50;50,380-kV-Transversale Berlin;380-kV-Transversale Berlin;Berlin/Mitte,50Hertz Transmission,919;920,2353.42335652285,,,,,'',"SRID=4326;LINESTRING(13.3686370100705 52.5031478804454,13.3367531453491 52.5148502758919)",line,3,380.0,2.35342335652285,0.2510318246957707,4936.3448015713,100000.0,96.0867961596147,96.0867961596147,1.9465171097656933,normal,2.3552501234515866
173941,17389,143384,380000;220000;380000;220000,6;6,2;2;1,,Schwandorf - Etzenricht;Mechlenreuth - Schwandorf;Schwandorf - Etzenricht;Mechlenreuth - Schwandorf,TenneT TSO GmbH,457;248,6007.45297203922,,,,,'',"SRID=4326;LINESTRING(12.1147630824386 49.6312498474851,12.1302283592823 49.5858307294217)",line,4,380.0,6.0074529720392205,0.48059623776313765,6581.793068761734,100000.0,-79.39757758387289,79.39757758387289,1.2063213892382423,normal,2.348676733876109
86803,17404,113109,110000,6,,,,,,551.094610710328,,,,,'',"SRID=4326;LINESTRING(10.6412605608381 48.0274331794465,10.634381648389 48.0262077580738)",line,1,110.0,0.551094610710328,0.17635027542730494,247.68326548234944,68613.44543228603,-13.147662142713047,13.147662142713047,5.308256137978763,normal,2.3301167969905747
90919,113451,134317,220000,3,4,,,RWE,,751.620993635819,,,,,'',"SRID=4326;LINESTRING(7.18416572247134 51.5588702900879,7.18634668056332 51.5504792919462)",line,1,220.0,0.751620993635819,0.24051871796346208,495.3665309646989,100000.0,-20.514433833329626,20.514433833329626,4.141263599980989,normal,2.321350695300345
141216,116004,116007,380000,3,,50,,,,234.075798342793,,,,,'',"SRID=4326;LINESTRING(7.87205918528106 47.6008844352531,7.87505335995456 47.6002661671729)",line,1,380.0,0.23407579834279302,0.16,1645.4482671904334,100000.0,-181.2997294164967,181.2997294164967,11.018257640275861,normal,2.317385823389811
180935,112988,112621,380000;220000;110000;380000;220000;110000,12;12,4;2;1;4;2;1,,,,,11483.1952431855,,,,,'',"SRID=4326;LINESTRING(8.62656461287034 51.9061874834157,8.66044663993607 51.9959151786273)",line,6,380.0,11.4831952431855,0.61243707963656,8000.0,100000.0,73.43182212650179,73.43182212650179,0.9178977765812723,normal,2.3171258727152906
77118,21282,117292,220000,12,,,,RWE,2459,829.146822530528,,,,,'',"SRID=4326;LINESTRING(8.02041677489431 50.9236178111588,8.03262325068083 50.9206291557378)",line,1,220.0,0.829146822530528,0.26532698320976894,495.3665309646989,100000.0,-18.94804834818853,18.94804834818853,3.8250562288268153,normal,2.309758830367182
160610,16961,18071,220000;220000;220000,3;3;3,1,,220 kV;220 kV,,,6402.92255925682,,,,,'',"SRID=4326;LINESTRING(8.77239711773549 49.9746382876172,8.67933147722094 49.9738296903815)",line,3,220.0,6.40292255925682,0.6829784063207275,1486.0995928940965,70866.0765143888,17.107046434733356,17.107046434733356,1.1511372802019502,normal,2.304432784732165
87507,113022,116018,220000,3,,50,,,,308.440873949371,,,,,'',"SRID=4326;LINESTRING(7.94334571330459 47.5952825639558,7.94721143346675 47.5943204382307)",line,1,220.0,0.308440873949371,0.16,495.3665309646989,100000.0,-42.35766785257722,42.35766785257722,8.550773054870707,normal,2.2987578125876516
164360,22993,17081,380000;380000;380000,6;3;3,4;4;4,,380kV Stummhafen 1A + ANK;380kV Stummhafen 1A;380kV Stummhafen 1A + ANK,RWE,4902,4166.10720077994,,,,,'',"SRID=4326;LINESTRING(7.40354443263153 51.6444494890018,7.44507423414899 51.6185050689451)",line,3,380.0,4.1661072007799405,0.44438476808319366,4936.3448015713,100000.0,68.99734974918914,68.99734974918914,1.3977417000373722,normal,2.295258825660768
176641,20669,116011,380000;380000,3;3,,50;50,,,,192.725891422215,,,,,'',"SRID=4326;LINESTRING(7.95440383618387 47.5959579052396,7.95193936369289 47.5964330988548)",line,2,380.0,0.192725891422215,0.08,3290.896534380867,100000.0,428.1853750118657,428.1853750118657,13.011207448745344,normal,2.2931127998630463
102692,114567,114568,220000,3,,50,,,,143.799870393653,,,,,'',"SRID=4326;LINESTRING(9.20969906252884 49.0309357816209,9.20772744014326 49.0310832624229)",line,1,220.0,0.143799870393653,0.16,495.3665309646989,100000.0,84.28942557382469,84.28942557382469,17.015567323386925,normal,2.286142528533298
10323,17389,17632,110000,6,2,,Etzenricht - Weiden,E.ON Netz GmbH,113;114,3931.3954671593,,,,,'',"SRID=4326;LINESTRING(12.1147630824386 49.6312498474851,12.1677595374271 49.6467726675772)",line,1,110.0,3.9313954671593,1.258046549490976,247.68326548234944,9618.086075507967,3.517687753110428,3.517687753110428,1.420236343484864,normal,2.2661603608583545
78545,114267,114268,380000,6,4,,,Lechwerke,L11;A12,382.457894836045,,,,,'',"SRID=4326;LINESTRING(11.031706318892 48.3970926799858,11.03276237834 48.393713742993)",line,1,380.0,0.382457894836045,0.16,1645.4482671904334,100000.0,-115.13589658561641,115.13589658561641,6.997235882852058,normal,2.266145791683655
101438,112568,112567,380000,6,4,,Meerbusch West+ANK,RWE,4578,300.090053810399,,,,,'',"SRID=4326;LINESTRING(6.72391541378869 51.3626524415938,6.72535181992799 51.3600975917548)",line,1,380.0,0.300090053810399,0.16,1645.4482671904334,100000.0,-141.69083152902883,141.69083152902883,8.611077865788074,normal,2.2598355978496185
150923,116712,113431,220000,3,2,,220kV Cappenberg Nord,RWE,2601,239.532423722709,,,,,'',"SRID=4326;LINESTRING(7.36881856137242 51.6297474608662,7.36677022286157 51.6279987836043)",line,1,220.0,0.23953242372270903,0.16,495.3665309646989,100000.0,52.05557413269224,52.05557413269224,10.508496412003632,normal,2.256533894551023
149525,115240,118475,380000;220000;110000,12,4;2;1,,"380kV Bliestal Süd, 380kV Bürstadt Ltg.",Amprion,,1610.5862473881,,,,,'',"SRID=4326;LINESTRING(6.99145095305294 49.3772300821724,7.00996792600449 49.3852219929488)",line,3,380.0,1.6105862473881,0.17179586638806402,4936.3448015713,100000.0,-115.40060334663815,115.40060334663815,2.3377743651518164,normal,2.2432693968682482
105995,112397,134323,220000;110000,3;6,2;1,50,300,TenneT;EON_Netz,300,442.589904728467,,,,,'',"SRID=4326;LINESTRING(8.13113295389502 53.5569709576146,8.14199774997251 53.5639678630319)",line,2,220.0,0.442589904728467,0.08,990.7330619293978,100000.0,-60.58744126440519,60.58744126440519,6.115415301313808,normal,2.2409330465446664
167231,115472,134489,220000;110000,3;6,2;1,50,"110kV Rühle Ost,110kV Hanekenfähr-Holthausen,220kV Benteler",Amprion,,111.966819925426,,,,,'',"SRID=4326;LINESTRING(7.31396545383045 52.4757945582336,7.32071015624695 52.4713640683905)",line,2,220.0,0.111966819925426,0.08,990.7330619293978,100000.0,207.4127753796784,207.4127753796784,20.935283513780547,normal,2.221869117121596
161485,128127,114236,220000;110000;220000;110000,12;12,2;1;2;1,,,RWE,2486,205.863607597163,,,,,'',"SRID=4326;LINESTRING(6.73357068612546 51.5202530781326,6.73062708660246 51.5199484407151)",line,4,220.0,0.205863607597163,0.04,1981.4661238587955,100000.0,-233.56071431742674,233.56071431742674,11.787267594692974,normal,2.2065293098589187
92281,19868,115645,380000,6,4,,,Lechwerke,12A,7108.89548094999,,,,,'',"SRID=4326;LINESTRING(10.9367106687494 48.4013136327884,11.0316811660641 48.3952091779948)",line,1,380.0,7.1088954809499905,2.274846553903997,1645.4482671904334,63476.808909236854,-17.344186030800486,17.344186030800486,1.0540705761850113,normal,2.206129309861317
173197,115100,142860,380000;220000,12,,,,,7640,158.025018875442,,,,,'',"SRID=4326;LINESTRING(8.03960908931931 47.5609838760918,8.04127881776128 47.5622523706167)",line,2,380.0,0.15802501887544199,0.08,3290.896534380867,100000.0,-493.2513047455518,493.2513047455518,14.988356503840972,normal,2.1990314754605573
85886,16780,112144,380000,6,4,50,380 kV Neurath 2b; Oerkhaus Ost,RWE,4516,446.326946512739,,,,,'',"SRID=4326;LINESTRING(6.96562911753218 51.0692893895334,6.95688970980089 51.0682516455514)",line,1,380.0,0.446326946512739,0.16,1645.4482671904334,100000.0,97.59170506240534,97.59170506240534,5.93101023036361,normal,2.1887041119335358
122458,112530,112548,220000,6,2,,,RWE,,496.876820049175,,,,,'',"SRID=4326;LINESTRING(6.67952579284462 51.6372135582809,6.68373143551028 51.6406280729317)",line,1,220.0,0.49687682004917505,0.16,495.3665309646989,100000.0,-26.79593543127856,26.79593543127856,5.409314872180598,normal,2.1820138553397403
124287,114064,114066,380000,3,4,50,535,50Hertz,535,230.688709783093,,,,,'',"SRID=4326;LINESTRING(11.5134632836233 51.5802763726576,11.5161813161785 51.5799075493535)",line,1,380.0,0.230688709783093,0.16,1645.4482671904334,100000.0,172.71799737118496,172.71799737118496,10.496713923804919,normal,2.1788442592557313
78616,17028,112443,380000,6,4,50,,,,80.7709110923299,,,,,'',"SRID=4326;LINESTRING(8.80962878193478 50.2034694007106,8.81095882680112 50.2056397942199)",line,1,380.0,0.0807709110923299,0.16,1645.4482671904334,100000.0,459.1557211940878,459.1557211940878,27.90459781382772,normal,2.1674782798137238
98016,112244,112243,380000;110000,12,,50,2x 380 kV ; 2x 110 kV,EnBW Transportnetze AG,,4975.28394760491,,,,,'',"SRID=4326;LINESTRING(8.87181474656616 48.6283303438213,8.90670603085358 48.6579424707003)",line,2,380.0,4.97528394760491,0.7960454316167856,3290.896534380867,100000.0,39.89973332326757,39.89973332326757,1.2124274618306743,normal,2.1673736668762924
72150,18143,134387,380000;110000;110000,3;3;3,,50;50,403,EON_edis,403,1496.86860609865,,,,,'',"SRID=4326;LINESTRING(12.2135797746946 54.1119882391833,12.2149354780939 54.100274941625)",line,3,380.0,1.49686860609865,0.15966598465052267,4936.3448015713,100000.0,116.8642131676112,116.8642131676112,2.3674240326650575,normal,2.1662815059974743
163000,22282,134387,400000;400000;400000,1;1;1,,0;0;0,Kontek;Kontek,,,7135.89514115972,,,,,'',"SRID=4326;LINESTRING(12.1741304519572 54.1615406822138,12.2149354780939 54.100274941625)",line,3,400.0,7.13589514115972,0.7611621483903702,5196.152422706632,100000.0,53.62844419036505,53.62844419036505,1.0320798896509362,normal,2.1635343866000323
96690,114787,114788,220000,3,3,,,RWE,,315.995134577638,,,,,'',"SRID=4326;LINESTRING(7.06315816212402 51.6843808422435,7.06244579810371 51.6871974691907)",line,1,220.0,0.315995134577638,0.16,495.3665309646989,100000.0,-38.85393615625787,38.85393615625787,7.843472202409797,normal,2.1537636273597225
180985,116007,116004,380000;380000;380000,3;3;3,,50;50;50,Koppelleitung Laufenburg (CH) - Sierentz (F);Koppelleitung Laufenburg (CH) - Sierentz (F),,,795.665465379842,,,,,'',"SRID=4326;LINESTRING(7.87505335995456 47.6002661671729,7.87205918528106 47.6008844352531)",line,3,380.0,0.795665465379842,0.08487098297384982,4936.3448015713,100000.0,181.2997294164967,181.2997294164967,3.6727525467586206,normal,2.1499400417064827
122148,112596,113729,380000,3,3,,509,50Hertz Transmission GmbH,509,299.783292607242,,,,,'',"SRID=4326;LINESTRING(13.1381055516683 53.905612771508,13.1357494503411 53.90793134802)",line,1,380.0,0.299783292607242,0.16,1645.4482671904334,100000.0,134.91573301442767,134.91573301442767,8.199329976189,normal,2.1498442525313237
180869,127059,134329,380000;380000;380000,6;3;3,4;4;4,,Altenfeld - Redwitz;Altenfeld - Redwitz;Altenfeld - Redwitz,TenneT TSO GmbH,459;460,394.785636612481,,,,,'',"SRID=4326;LINESTRING(11.1879073567884 50.1653563612768,11.1934192732072 50.1623792035131)",line,3,380.0,0.394785636612481,0.05333333333333334,4936.3448015713,100000.0,318.87640710171473,318.87640710171473,6.45976770099634,normal,2.1494278718461586
141733,112813,112814,220000;110000,12,2;1,,,RWE,2412,683.75228722682,,,,,'',"SRID=4326;LINESTRING(6.88127464958083 51.4528179806137,6.88362033045072 51.4586218829388)",line,2,220.0,0.68375228722682,0.10940036595629121,990.7330619293978,100000.0,-40.717093013353804,40.717093013353804,4.109794512566233,normal,2.1413048933518932
147551,114476,116161,220000;110000,12,,50,,RWE,2413,1525.31680534703,,,,,'',"SRID=4326;LINESTRING(7.97075699571575 50.9534003501739,7.99050349279668 50.9504281707463)",line,2,220.0,1.5253168053470298,0.24405068885552478,990.7330619293978,100000.0,22.848587895696326,22.848587895696326,2.3062304846473953,normal,2.136414713733734
178888,17025,112780,220000;110000;220000;110000;110000,6;12;6,2;1;2;1;1,,110kV Gelsenkirchen Nord+Süd,RWE,4526,1399.96390707559,,,,,'',"SRID=4326;LINESTRING(7.07533546119909 51.5190966998987,7.07051329817581 51.5083032799067)",line,5,220.0,1.39996390707559,0.08959769005283777,2476.832654823494,100000.0,-60.23549964476737,60.23549964476737,2.4319567786488148,normal,2.129065556514515
160647,134299,112159,380000;110000;380000,6;3,4;4,50;50,380 kV Brauweiler West;380 kV Brauweiler West,RWE,4189,10632.2321070495,,,,,'',"SRID=4326;LINESTRING(6.80447610684917 50.9661875964499,6.84125811727138 50.8751601680121)",line,3,380.0,10.6322321070495,1.1341047580852799,4936.3448015713,100000.0,-42.765332443461816,42.765332443461816,0.8663360069549654,normal,2.125797858658566
181770,113386,21049,380000;220000;380000;220000,3;3;6,2;1;2;1,,ETZ - MH - RED;MH - SD;Etzenricht - Mechlenreuth - Redwitz;Mechlenreuth - Schwandorf,TenneT TSO GmbH,437,36815.2405304444,,,,,'',"SRID=4326;LINESTRING(12.2089151712336 50.0074876437129,11.8108074888515 50.1837765401381)",line,4,380.0,36.8152405304444,2.945219242435552,6581.793068761734,49028.608097979246,-38.46606578368889,38.46606578368889,0.5844314061810167,normal,2.123071105142967
71817,113609,113740,380000;110000;380000;110000,12,,,"BZW-WDL/MEZ 400 kV, TRS-WDL 220 kV, NET-RTW 110 kV, MEZ-NET 110 kV;BZW-WDL/MEZ 380 kV, NET-RTW 110 kV, MEZ-NET 110 kV",EnBW,,3738.84477194635,,,,,'',"SRID=4326;LINESTRING(9.25421292047671 48.5753783898707,9.23936125354741 48.5436944599634)",line,4,380.0,3.7388447719463502,0.299107581755708,6581.793068761734,100000.0,-89.73300961613029,89.73300961613029,1.3633520330807396,normal,2.121094077225505
80413,115542,115543,220000,3,2,50,,RWE,,202.152280248244,,,,,'',"SRID=4326;LINESTRING(7.31442054035339 51.4494158788985,7.31149508679912 51.4494470616901)",line,1,220.0,0.202152280248244,0.16,495.3665309646989,100000.0,56.91428634980733,56.91428634980733,11.48932816251633,normal,2.1153406176578113
79465,118502,134485,380000,6,4,,380kV Hessen Ost+Nassau Ltg,Amprion,4113,12239.2807362739,,,,,'',"SRID=4326;LINESTRING(8.12387169179043 50.3098499933696,8.06615996783315 50.4059652083518)",line,1,380.0,12.2392807362739,3.916569835607648,1645.4482671904334,36868.99661208176,13.474069815236492,13.474069815236492,0.818869245779642,normal,2.115293392676014
161708,117163,16993,220000;220000;220000;0;220000;220000,6;3;6;3;6,4;2;2;4;2;2,50;50;50;50,220 kV Niederaußem 2b; Rommerskirchen Ost;220 kV Rommerskirchen Ost;220 kV Rommerskirchen Ost;220 kV Niederaußem 2b; Rommerskirchen Ost,RWE,4522,332.936727824979,,,,,'',"SRID=4326;LINESTRING(6.69982205887943 51.0031125767597,6.70247484431852 51.0089106741313)",line,6,220.0,0.332936727824979,0.02666666666666667,2972.199185788193,100000.0,218.5135707864605,218.5135707864605,7.351915437945764,normal,2.1128270867493186
72498,20128,114942,220000;110000;220000;110000,12;12,4;1;4;1,,380 KV;380 KV,RWE,4594,2982.17708033179,,,,,'',"SRID=4326;LINESTRING(6.82245774286282 51.3425063568576,6.79245121058072 51.3260616712243)",line,4,220.0,2.98217708033179,0.23857416642654322,1981.4661238587955,100000.0,-30.282223646938,30.282223646938,1.5282735991451142,normal,2.1118122823181076
99702,113328,118217,380000,6,,,,TenneT,,238.27479440801,,,,,'',"SRID=4326;LINESTRING(9.25120257612809 53.8976641888984,9.24764048653197 53.8981141560376)",line,1,380.0,0.23827479440801,0.16,1645.4482671904334,100000.0,-162.29763448632195,162.29763448632195,9.863429785212364,normal,2.1080034947727446
137449,115383,134475,380000,6,4,50,380-kV Niedersachsen Süd;380-kV Bramgau,RWE,4583,71.1512625161052,,,,,'',"SRID=4326;LINESTRING(7.31314789709038 52.4762526935278,7.30534456314174 52.4800010323376)",line,1,380.0,0.07115126251610521,0.16,1645.4482671904334,100000.0,504.63937790463655,504.63937790463655,30.668808492308127,normal,2.1079903838917997
179053,134292,112542,220000;220000;220000,3;6;3,2;1;2;1;2;1,50;50;50,,RWE,2317,408.75996745041,,,,,'',"SRID=4326;LINESTRING(6.68085430023769 51.6463728718929,6.6849759615049 51.640564073356)",line,3,220.0,0.40875996745041,0.05333333333333334,1486.0995928940965,100000.0,91.2068637968444,91.2068637968444,6.137331860728398,normal,2.103324153400318
92671,118215,112781,220000;0,6,2,,220kV Herne 2B+ANK,RWE,4526,1772.18275538573,,,,,'',"SRID=4326;LINESTRING(7.0747165153902 51.5203494437465,7.09084747311561 51.5257388859106)",line,2,220.0,1.77218275538573,0.2835492408617168,990.7330619293978,100000.0,20.247051864441534,20.247051864441534,2.0436435042362997,normal,2.083770461252505
178856,18089,113159,380000;110000;380000;110000,6;6;12,,,"BZW-WDL/MEZ 380 kV, TRS-WDL 110 kV, MEZ-WEN 110 kV;NUR-WEN 110 kV;BZW-WDL/MEZ 380 kV, TRS-WDL 220 kV, MEZ-WEN 110 kV, NUR-WEN 110 kV",,,5689.4954776399,,,,,'',"SRID=4326;LINESTRING(9.34910136301771 48.608850702881,9.39382512934731 48.6495802731868)",line,4,380.0,5.6894954776399,0.455159638211192,6581.793068761734,100000.0,72.12769679442455,72.12769679442455,1.095866977902335,normal,2.0827373351421983
135627,113022,113021,380000,3,,50,,,,368.92629339765,,,,,'',"SRID=4326;LINESTRING(7.94334571330459 47.5952825639558,7.93988091125374 47.597648668576)",line,1,380.0,0.36892629339765,0.16,1645.4482671904334,100000.0,109.02884453408493,109.02884453408493,6.626087656967136,normal,2.0807684747414332
179210,46564,19306,380000;380000;0;380000;380000;380000,6;12;3;6;3;3;6,3;3,50,"ENGST-TRSNG 380 kV, ENGST-KUHMO-VILLI 380 kV;ENGST-KUHMO-VILLI 380 kV, ENGST-TRSNG 380 kV",EnBW,345,31052.9208567436,,,,,'',"SRID=4326;LINESTRING(8.68226899774941 48.1063073219325,8.87292810358388 48.3100689122305)",line,6,380.0,31.0529208567436,1.6561557790263253,8000.0,87189.86572923386,47.98042785143802,47.98042785143802,0.5997553481429754,normal,2.0795846851640367
177476,115466,133839,110000;110000,3;3,1;1,,Altendorf West+Vogelheim Ost;Altendorf West+Vogelheim Ost,RWE,,148.252429132065,,,,,'',"SRID=4326;LINESTRING(6.99249985008436 51.5116783152477,6.9931398721779 51.5129495732473)",line,2,110.0,0.14825242913206502,0.08,495.3665309646989,100000.0,-74.38814412445981,74.38814412445981,15.016788473697046,normal,2.075938254016942
177420,114692,134401,220000;380000,3;3,2;4;2,50,220kV Cappenberg Nord;380kV Waltrop Süd,RWE,4301,364.948831526328,,,,,'',"SRID=4326;LINESTRING(7.70345692899315 51.6813617214864,7.70567720889593 51.6783861580722)",line,2,380.0,0.36494883152632795,0.08,3290.896534380867,100000.0,-219.34553448743623,219.34553448743623,6.665221230624403,normal,2.073663246178891
177890,116025,113717,380000;380000;380000,6;6;9,4;4;4,,Günzburg Nord; Süd;Vöhringen - Gundremmingen;Günzburg Nord; Süd,Amprion,,38024.2629755356,,,,,'',"SRID=4326;LINESTRING(10.4102799226065 48.5111657478565,10.05467606817 48.3111891480546)",line,3,380.0,38.024262975535606,4.0559213840571315,4936.3448015713,35602.26797481881,27.87285036650331,27.87285036650331,0.5646455320064157,normal,2.068964887048664
114339,113106,116171,220000;110000,6,,,,,,253.234764805164,,,,,'',"SRID=4326;LINESTRING(10.2005110866768 47.9585186581685,10.2008655618879 47.9562415924745)",line,2,220.0,0.253234764805164,0.08,990.7330619293978,100000.0,90.71147656804779,90.71147656804779,9.155995701949443,normal,2.0667647858622815
139648,114574,116465,380000;220000,12,4,50,380 kV Neurath 2b|3c; 220 kV Neurath 1a,RWE,4585,2517.04811394558,,,,,'',"SRID=4326;LINESTRING(6.61820346778407 51.0534726413374,6.60879226770999 51.0346787720857)",line,2,380.0,2.51704811394558,0.40272769823129284,3290.896534380867,100000.0,-54.00924745906366,54.00924745906366,1.641171239958922,normal,2.0639731125984655
127995,114816,114819,220000,3,,,,,,190.372562100032,,,,,'',"SRID=4326;LINESTRING(9.20584178653036 48.9217453894164,9.20551012852747 48.9234550866815)",line,1,220.0,0.190372562100032,0.16,495.3665309646989,100000.0,-58.35901823058875,58.35901823058875,11.7809772325429,normal,2.0530277311588816
122697,24325,112653,380000,3,,,GRFLD-HOEPF,,7610,42030.6222556127,,,,,'',"SRID=4326;LINESTRING(9.44693626102865 49.5902534699018,9.9846530205936 49.6042378376978)",line,1,380.0,42.030622255612705,13.449799121796065,1645.4482671904334,10736.219826955828,-8.977066234126722,8.977066234126722,0.5455696428217014,normal,2.052384990377193
106427,113826,115260,380000,3,4,50,420 Krümmel - Wessin,50Hertz,420,502.461086871881,,,,,'',"SRID=4326;LINESTRING(11.3701638498375 53.5949592749993,11.3634670890575 53.5971056456015)",line,1,380.0,0.502461086871881,0.16078754779900192,1645.4482671904334,100000.0,82.9524730312059,82.9524730312059,5.0413297510012525,normal,2.0523479679841
172981,134318,142709,220000,6,,,Anlage 2473,Amprion,,260.388410205596,,,,,'',"SRID=4326;LINESTRING(9.19488883025304 48.9134592121868,9.20363409636617 48.9153968156394)",line,1,220.0,0.260388410205596,0.16,495.3665309646989,100000.0,-43.89974090714954,43.89974090714954,8.86207245807609,normal,2.050860236895364
171144,115099,141419,380000;220000;380000,6;12,2,50,,RWE,4554,172.951578746631,,,,,'',"SRID=4326;LINESTRING(8.03912983811524 47.5611522747714,8.04094736168949 47.5625400318202)",line,3,380.0,0.17295157874663097,0.05333333333333334,4936.3448015713,100000.0,632.5148774040084,632.5148774040084,12.813425780198155,normal,2.0440398235379336
81308,112530,112531,380000;110000,18,4;2;1,,,RWE,4575,3773.65913514006,,,,,'',"SRID=4326;LINESTRING(6.67952579284462 51.6372135582809,6.63551175752084 51.6248958433637)",line,2,380.0,3.77365913514006,0.6037854616224096,3290.896534380867,100000.0,42.88345602726507,42.88345602726507,1.3030934147959456,normal,2.0368824199036135
181807,16777,112208,220000;380000;380000;380000;380000,3;3;3;3;3,2;4;4;4;4,50;50;50;50;50,G;G;H;H,TenneT,203,457.410143014346,,,,,'',"SRID=4326;LINESTRING(9.98468121228376 53.7412414837162,9.98045887636357 53.7450907669697)",line,5,380.0,0.45741014301434596,0.032,8000.0,100000.0,-430.3763738576424,430.3763738576424,5.37970467322053,normal,2.0263248660329896
179287,122794,134644,380000;380000;380000;380000;380000,3;6;3,4;4;4,50,"415, 416",50Hertz Transmission GmbH,415,35759.1200155277,,,,,'',"SRID=4326;LINESTRING(11.5347165249303 50.7959601557403,11.6464021163032 50.5348701790715)",line,5,380.0,35.7591200155277,2.288583680993773,8000.0,63095.79203907331,44.97136256703107,44.97136256703107,0.5621420320878884,normal,2.0261770720303103
176005,16821,115171,220000;220000;110000,3;3;6,1;1;1,50;50,220kV Utfort West;220kV Ürdingen West;110 kV Kamp Nord+Süd,RWE,2339,110.75255723265,,,,,'',"SRID=4326;LINESTRING(6.61496850446239 51.4743645104917,6.61390464383322 51.4736231963444)",line,3,220.0,0.11075255723265001,0.05333333333333334,1486.0995928940965,100000.0,-285.1774411502084,285.1774411502084,19.18965878961323,normal,2.0156388720785676
82572,112082,112083,380000;110000,12,4;2,50,380 kV 3011; 220 kV 1046,TenneT,3011;1046,3000.11921226686,,,,,'',"SRID=4326;LINESTRING(8.68559273052678 50.2180240414727,8.65154864738381 50.2021889777225)",line,2,380.0,3.00011921226686,0.4800190739626976,3290.896534380867,100000.0,47.33942900475019,47.33942900475019,1.4384964252197738,normal,1.994222353739383
118360,117998,134340,220000,3,2,,,,Anlage 316,1694.48554245045,,,,,'',"SRID=4326;LINESTRING(9.13992916019949 49.1582245575912,9.15118600564182 49.1433394745617)",line,1,220.0,1.6944855424504501,0.5422353735841441,495.3665309646989,89260.13011670344,9.91107039865191,9.91107039865191,2.0007549519646894,normal,1.9831628994914279
136766,25253,115549,220000;0,6,2,,220kV Welper Ost+ANK,RWE,2641,1614.28518407045,,,,,'',"SRID=4326;LINESTRING(7.19597955354401 51.4115752344278,7.17920262035811 51.4218244823956)",line,2,220.0,1.61428518407045,0.258285629451272,990.7330619293978,100000.0,-20.427969619762898,20.427969619762898,2.0619045033160153,normal,1.9814710684235695
74321,117130,17453,220000;220000;220000;220000;220000,6;6;6;6;6,2;1;1;1;1,50;50;50,220kV Amelsbüren + Nike Süd;220kV Amelsbüren + Nike Süd,RWE,2311,11633.4076825676,,,,,'',"SRID=4326;LINESTRING(7.88108536742437 52.2655330929783,7.72582111141909 52.2772383183027)",line,5,220.0,11.6334076825676,0.7445380916843265,2476.832654823494,65006.74786229864,19.27109145629837,19.27109145629837,0.7780538349560675,normal,1.9734127272707849
147468,126286,112685,380000,3,4,,Grafenrheinfeld - Eltmann,,422,255.652332711597,,,,,'',"SRID=4326;LINESTRING(10.6626550439784 49.9771450691584,10.6606692282113 49.9752225594048)",line,1,380.0,0.255652332711597,0.16,1645.4482671904334,100000.0,142.56040985096695,142.56040985096695,8.663925368762015,normal,1.9723878754179094
131135,112292,112293,380000,6,,50,,,4114,210.525185049432,,,,,'',"SRID=4326;LINESTRING(8.43971907619226 50.0585753714553,8.44196513389715 50.0598143852472)",line,1,380.0,0.210525185049432,0.16,1645.4482671904334,100000.0,169.08706862377997,169.08706862377997,10.276048903834115,normal,1.9632833575523156
134773,112559,112560,380000,3,4,,380kV Essen West,RWE,4139,365.525452338862,,,,,'',"SRID=4326;LINESTRING(6.92701587570138 51.5640134850371,6.93224281301356 51.5635094445823)",line,1,380.0,0.365525452338862,0.16,1645.4482671904334,100000.0,103.675999682451,103.675999682451,6.30077540264912,normal,1.9629391667931848
172995,112907,142719,110000,2,1,16.7,Amstetten - Plochingen,DB_Energie,,24.9425635750302,,,,,'',"SRID=4326;LINESTRING(9.40268323670096 48.7104179384119,9.40304183804189 48.7102124299298)",line,1,110.0,0.024942563575030198,0.16,247.68326548234944,75625.0,-197.033828932325,197.033828932325,79.55072319828008,watch,1.9598573968626232
80860,113328,130685,380000,6,2,50,309 AKW Brunsbüttel - UW Wilster,TenneT,309,435.811073358139,,,,,'',"SRID=4326;LINESTRING(9.25120257612809 53.8976641888984,9.24465313905463 53.8969921668424)",line,1,380.0,0.435811073358139,0.16,1645.4482671904334,100000.0,-89.1052003599846,89.1052003599846,5.415253833056068,normal,1.958859213734087
179276,17209,112809,220000;0;220000;220000;110000;110000,6;6;12;6,1;1;2;1;1,,Gladbeck West+ANK;110kV Hugo Ost+West,RWE,2344,2287.35523175728,,,,,'',"SRID=4326;LINESTRING(7.03697897511226 51.5407302473396,7.02187231031811 51.5555851787104)",line,6,220.0,2.28735523175728,0.12199227902705494,2972.199185788193,100000.0,-48.82099814168539,48.82099814168539,1.6425883694177323,normal,1.9548170867047658
179538,116194,116197,220000;220000;220000,3;6;3,1;1;1,,St. Peter - Simbach;Altheim - Simbach,,234,2835.16984973251,,,,,'',"SRID=4326;LINESTRING(12.9981968089224 48.2953359501084,13.0008188115737 48.2716667436463)",line,3,220.0,2.83516984973251,0.3024181173048011,1486.0995928940965,100000.0,21.558330238330427,21.558330238330427,1.4506652408367042,normal,1.9500041245136797
161302,18981,40474,380000;380000;380000,3,,50;50;50,380-kV-Transversale Berlin;380-kV-Transversale Berlin;Berlin/Mitte,50Hertz Transmission,919;920,1552.34861493066,,,,,'',"SRID=4326;LINESTRING(13.315511845505 52.5220163794265,13.3367531453491 52.5148502758919)",line,3,380.0,1.55234861493066,0.1655838522592704,4936.3448015713,100000.0,-102.67250254049898,102.67250254049898,2.0799297186010395,normal,1.9489231837072416
160759,17196,134547,110000;110000,6;9,2;1;1,,,E.ON Netz GmbH,117;118,23458.7599933337,,,,,'',"SRID=4326;LINESTRING(13.1032748124901 48.6667597238293,12.8527399810302 48.764456415926)",line,2,110.0,23.4587599933337,3.753401598933392,495.3665309646989,3223.7424323148553,3.016216177332022,3.016216177332022,0.6088857419289325,normal,1.9466006743850481
180278,17672,113523,380000;380000;380000;380000,3;3;6,4;4;4,,380kV;Hamaland+Münsterland,RWE,,488.023974059102,,,,,'',"SRID=4326;LINESTRING(7.0608429248286 51.6967174563455,7.05034019116645 51.6950828585471)",line,4,380.0,0.488023974059102,0.04,6581.793068761734,100000.0,-322.0372163574514,322.0372163574514,4.892849304027693,normal,1.9446582973059732
182044,16792,143139,220000;220000;110000;110000,6;10;3;4,4;2;2,50;16.7;16.7,"Anlage 373 ; NWH-SEE 220 kV, NWH-MUL 220 kV, Bahnstrom Neckarwestheim - Stuttgart-Zazenhausen;Bahnstrom Neckarwestheim - Stuttgart-Zazenhausen",EnBW,Neckarwestheim - Stuttgart-Zazenhausen,1215.1872338614,,,,,'',"SRID=4326;LINESTRING(9.2156749306645 48.852305664436,9.23106124924509 48.8588912355959)",line,4,220.0,1.2151872338614,0.097214978708912,1981.4661238587955,100000.0,48.20361940167106,48.20361940167106,2.4327248808976445,normal,1.934835938027117
167877,1056,16859,380000,6,3,50,"903, 904",50Hertz Transmission,903;904,298.615672732958,,,,,'',"SRID=4326;LINESTRING(13.2773172915853 52.5285740598557,13.2810384688502 52.5265496388475)",line,1,380.0,0.29861567273295797,0.16,1645.4482671904334,100000.0,-121.66966891318901,121.66966891318901,7.394317484130771,normal,1.9321265069944116
104829,112773,112779,110000,6,1,,110kV Herten Ost+West,RWE,4534,298.643110529699,,,,,'',"SRID=4326;LINESTRING(7.13723297095793 51.5539739525955,7.13369765115728 51.5524222689655)",line,1,110.0,0.298643110529699,0.16,247.68326548234944,75625.0,18.264971381082713,18.264971381082713,7.374325974551689,normal,1.9270585557069815
180976,112768,112765,110000;110000,6;6,1;1,50;50,110kV Vohwinkelstr West;110kV Rotthausen West,RWE,0795,509.13611425682,,,,,'',"SRID=4326;LINESTRING(7.14165007704147 51.5134773488544,7.14185561157848 51.5131476764497)",line,2,110.0,0.50913611425682,0.0814617782810912,495.3665309646989,100000.0,-23.180544533707437,23.180544533707437,4.679473295978356,normal,1.9257781675871117
181551,24835,24664,220000;220000;220000,3;6;3,2;2;2,50;50;50,220 kV Windesheim;220 kV Rheinau Ost; Windesheim;220 kV Rheinau Ost,RWE,2400,407.987695022444,,,,,'',"SRID=4326;LINESTRING(8.41755868722372 49.6388189136666,8.41938493943566 49.6337976668968)",line,3,220.0,0.407987695022444,0.05333333333333334,1486.0995928940965,100000.0,-83.29925064521349,83.29925064521349,5.6052266647212265,normal,1.917892866392277
4345,16949,34462,220000,3,1,,220kV Herdecke Nord,RWE,,63.6588800351865,,,,,'',"SRID=4326;LINESTRING(7.50588445692725 51.4016290115256,7.50860468408202 51.4035597224991)",line,1,220.0,0.0636588800351865,0.16,495.3665309646989,100000.0,153.85489434156517,153.85489434156517,31.058798833651778,normal,1.916785634015045
73831,112409,134285,220000;110000;220000;110000,12;12,2;2,,,,2007;2020,12030.7812851922,,,,,'',"SRID=4326;LINESTRING(8.74326052934848 50.1623379810729,8.87265547824942 50.130380977449)",line,4,220.0,12.030781285192202,0.9624625028153762,1981.4661238587955,50287.67339862206,-14.781236259065865,14.781236259065865,0.7459747144341901,normal,1.9151515889770618
82570,112084,112074,380000;110000,12,4;2,50,380 kV 3011; 220 kV 1046,TenneT,3011;1046,6664.00590802669,,,,,'',"SRID=4326;LINESTRING(8.64712965483816 50.2001594934033,8.60081503407176 50.1502571433277)",line,2,380.0,6.66400590802669,1.0662409452842705,3290.896534380867,100000.0,30.917635551674927,30.917635551674927,0.9394897478140138,normal,1.9133035765162276
96118,113977,113996,220000,3,,50,207,50Hertz Transmission,207,194.517951026399,,,,,'',"SRID=4326;LINESTRING(12.5639280240447 51.0780562430251,12.5667175624965 51.0781506631211)",line,1,220.0,0.19451795102639902,0.16,495.3665309646989,100000.0,-53.122993660199846,53.122993660199846,10.723977164292016,normal,1.9061088246947877
162354,113431,134629,380000;380000,6;6,4;4,50;50,380kV Datteln Ost+West;380kV Datteln Ost+West,RWE,4200,2252.43814261735,,,,,'',"SRID=4326;LINESTRING(7.36677022286157 51.6279987836043,7.33690104662821 51.631107816135)",line,2,380.0,2.25243814261735,0.36039010281877604,3290.896534380867,100000.0,52.68061286675119,52.68061286675119,1.6007982115628032,normal,1.8879892751384784
179688,112346,16821,380000;220000;380000;220000,6;3;3,4;4;4,50;50,380kV Meerbusch West+220kV Mündelheim Nord;380kV Meerbusch West;220kV Mündelheim Nord,RWE,4540,490.311874587424,,,,,'',"SRID=4326;LINESTRING(6.61109267348956 51.4709955464056,6.61743907747453 51.4757023682985)",line,4,380.0,0.490311874587424,0.04,6581.793068761734,100000.0,311.03286524554187,311.03286524554187,4.725655486219321,normal,1.8854675910185703
161296,134373,134432,380000;380000,3,,50;50,Berlin/Friedrichshain,50Hertz,921;922,1874.52671112366,,,,,'',"SRID=4326;LINESTRING(13.4564293065004 52.5214534920595,13.4795013131177 52.5338834746152)",line,2,380.0,1.87452671112366,0.29992427377978564,3290.896534380867,100000.0,-58.10973727969973,58.10973727969973,1.7657722347880564,normal,1.8644577813923333
97562,20669,116009,380000,3,,50,,,,307.346084900487,,,,,'',"SRID=4326;LINESTRING(7.95805105631707 47.59569859905,7.96409976080819 47.5968970925726)",line,1,380.0,0.30734608490048704,0.16,1645.4482671904334,100000.0,-114.4269351354546,114.4269351354546,6.954149663473533,normal,1.8637064973560915
160910,116109,116136,220000;220000,3;3,,,,,,239.202884694361,,,,,'',"SRID=4326;LINESTRING(10.1945325289664 47.9690426543353,10.196154976201 47.9671737924085)",line,2,220.0,0.239202884694361,0.08,990.7330619293978,100000.0,-85.84698978973681,85.84698978973681,8.664996969269861,normal,1.8583674986537535
100913,114811,114821,380000,6,,,Anlage 332,EnBW,,823.525179702882,,,,,'',"SRID=4326;LINESTRING(9.19507287273587 48.9215583904941,9.20574189387077 48.9239206761284)",line,1,380.0,0.8235251797028821,0.26352805750492225,1645.4482671904334,100000.0,-50.866510448474564,50.866510448474564,3.091346684227758,normal,1.8571931069769427
88000,24462,118843,220000,12,4;2,50,220 kV Biblis 3c; Kranichstein Ost; Marxheim Ost; Pfungstadt Ost,RWE,4591,27.6394061000404,,,,,'',"SRID=4326;LINESTRING(8.58865797571245 49.8154725692226,8.58603011196808 49.8157771846991)",line,1,220.0,0.0276394061000404,0.16,495.3665309646989,100000.0,337.32448130681104,337.32448130681104,68.09593709326512,watch,1.8565903199589866
167153,1348,112463,380000;220000,12,2,50,Oberbachern - Ottenhofen;Oberbachern - Neufinsing,TenneT TSO GmbH,461;462;263;264,9123.61440754143,,,,,'',"SRID=4326;LINESTRING(11.7063884384813 48.2766481758593,11.7979039487248 48.240892079336)",line,2,380.0,9.12361440754143,1.4597783052066289,3290.896534380867,98919.13003842077,26.36678542510986,26.36678542510986,0.8012037190974884,normal,1.854683058128071
161653,121825,121824,380000;380000,6;6,4;4,50;50,380 kV Soonwald Ost|West,RWE,4523,90.8710568536503,,,,,'',"SRID=4326;LINESTRING(7.81856972034039 49.9218400424908,7.81831684458792 49.9226523480746)",line,2,380.0,0.0908710568536503,0.08,3290.896534380867,100000.0,699.8216284063608,699.8216284063608,21.265379239217616,normal,1.849588508991079
155582,112569,112600,380000;220000,6,4;2,50,380kV Meerbusch West+220kV Mündelheim Nord,RWE,4578,355.574907725505,,,,,'',"SRID=4326;LINESTRING(6.65756629606126 51.3847380852091,6.65257534617422 51.3840078619821)",line,2,380.0,0.355574907725505,0.08,3290.896534380867,100000.0,199.92891698874527,199.92891698874527,6.0752112653811805,normal,1.8482350990871221
108750,118103,118551,380000,3,4,,HUEFF-WIESL-NEURO,,,477.882222742269,,,,,'',"SRID=4326;LINESTRING(8.67537547214826 49.3066212395299,8.67009921732699 49.3092022842852)",line,1,380.0,0.477882222742269,0.16,1645.4482671904334,100000.0,77.55447872551113,77.55447872551113,4.713273596740522,normal,1.8410524238375756
82561,117083,134633,110000,6,,,,RWE,,1070.16675687999,,,,,'',"SRID=4326;LINESTRING(7.59685643523532 51.9180159519976,7.59136525042599 51.9284404818717)",line,1,110.0,1.0701667568799902,0.3424533622015969,247.68326548234944,35333.278441801136,6.258386014428649,6.258386014428649,2.526769825260818,normal,1.838551412825344
168377,6875,17111,380000,6,4,,OH-FO,Stadtwerke München,429;430,6747.9641665567,,,,,'',"SRID=4326;LINESTRING(11.7753029649971 48.2070603513884,11.868165812601 48.2067732154364)",line,1,380.0,6.7479641665567,2.159348533298144,1645.4482671904334,66872.02078464214,14.648557494718103,14.648557494718103,0.8902472224016007,normal,1.822718977988232
172336,112901,142256,220000,6,2,50,220 kV Dünnwald Ost|West,RWE,,262.150869054983,,,,,'',"SRID=4326;LINESTRING(6.98124079136516 51.054545570423,6.98511826589643 51.0539594108093)",line,1,220.0,0.26215086905498297,0.16,495.3665309646989,100000.0,-38.68701882332459,38.68701882332459,7.809776479647054,normal,1.8182511092147589
181580,16965,133930,380000;220000;0;220000,12;3;3,4;2,,Bergrheinfeld - Grafenrheinfeld;Bergrheinfeld - Eltmann;Bergrheinfeld - Eltmann,,487;234,1705.50466929461,,,,,'',"SRID=4326;LINESTRING(10.1602433058051 49.9891799219394,10.1879002129437 49.981238407691)",line,4,380.0,1.70550466929461,0.1364403735435688,6581.793068761734,100000.0,-120.0704127425345,120.0704127425345,1.8242811873318885,normal,1.8156860207559251
147439,112240,134274,380000,12,3,,,Vattenfall_Europe_Transmission,Anlage 160/9023;9024,606.250898889195,,,,,'',"SRID=4326;LINESTRING(13.8525578855161 50.9870264911628,13.8412077523003 50.9902383236964)",line,1,380.0,0.606250898889195,0.1940002876445424,1645.4482671904334,100000.0,-62.83983468617299,62.83983468617299,3.819010049673006,normal,1.8098396675924902
122379,114425,114427,220000,3,2,50,306,50Hertz Transmission,306,280.446602884577,,,,,'',"SRID=4326;LINESTRING(13.9669479164914 53.1733649615782,13.9659389287643 53.1758219835894)",line,1,220.0,0.28044660288457696,0.16,495.3665309646989,100000.0,-36.20311118306685,36.20311118306685,7.308348247218741,normal,1.806688917964422
180077,134324,112555,110000;380000;220000;110000;380000;220000,6;15;12,1;4;2;1;4;2,50,110kV Eppinghoven Tr11+ANK,RWE,4576,3043.34484734826,,,,,'',"SRID=4326;LINESTRING(6.71804677656335 51.5287926233631,6.70390642898174 51.5583998700378)",line,6,380.0,3.04334484734826,0.1623117251919072,8000.0,100000.0,103.30995261245147,103.30995261245147,1.2913744076556435,normal,1.8041433905397248
171581,115952,141726,220000,6,2,50,220 kV Leuscheid Nord+Süd,RWE,2371,30837.2957982911,,,,,'',"SRID=4326;LINESTRING(7.7251004641854 50.7610459591285,7.30069632401081 50.7587362242491)",line,1,220.0,30.8372957982911,9.867934655453151,495.3665309646989,4904.775081101041,2.5771479013087975,2.5771479013087975,0.5202507113853543,normal,1.800399603187894
179891,19193,115097,380000;220000;220000;380000;380000,6;3;3;3;3,4;2;2;4;4,50;50;50;50,,,,1244.14132946105,,,,,'',"SRID=4326;LINESTRING(8.04859694251943 47.5517010412919,8.03541485525776 47.5610709851955)",line,5,380.0,1.24414132946105,0.07962504508550719,8000.0,100000.0,178.14704742120517,178.14704742120517,2.226838092765065,normal,1.8000043735500235
160890,32873,112099,110000;110000;220000;110000,6;3;3;6,,50,,Westfalen Weser Netz GmbH,,9653.48026510911,,,,,'',"SRID=4326;LINESTRING(9.07488433108084 52.1701627020749,8.94229225184481 52.1910951828615)",line,4,220.0,9.65348026510911,0.7722784212087288,1981.4661238587955,62671.698018244395,-15.040801090890787,15.040801090890787,0.759074349532641,normal,1.7958838503545667
116791,116014,116017,380000,3,,,,,,505.580144244215,,,,,'',"SRID=4326;LINESTRING(7.96135343132158 47.5977439550664,7.96630251971638 47.594674952299)",line,1,380.0,0.5055801442442149,0.16178564615814878,1645.4482671904334,100000.0,-72.17729298386253,72.17729298386253,4.386482056169633,normal,1.7948532787356966
83820,112752,112756,380000,3,4,50,380kV Gersteinwerk Ost+Gütersloh Süd,RWE,4373,267.331557668547,,,,,'',"SRID=4326;LINESTRING(7.83143009177938 51.753842257322,7.83447906368521 51.752343780904)",line,1,380.0,0.267331557668547,0.16,1645.4482671904334,100000.0,124.38134555234903,124.38134555234903,7.559116140717534,normal,1.790857072218143
162525,117473,118359,220000;110000;220000;110000,9;9,2;1;1,50;50,220 kV Windesheim; 110 kV Rosengarten Ost|West;220 kV Windesheim; 110 kV Rosengarten Ost|West,RWE,2327,259.783961444866,,,,,'',"SRID=4326;LINESTRING(8.4226650096809 49.6400981393981,8.41998183175876 49.641670956609)",line,4,220.0,0.259783961444866,0.04,1981.4661238587955,100000.0,153.4864603970454,153.4864603970454,7.746105701678059,normal,1.788887564745052
89687,116827,116828,380000;110000,6;3,4;1,50,,,,4493.78005382926,,,,,'',"SRID=4326;LINESTRING(8.28731988824138 50.7578392437795,8.32089181687103 50.7294840874106)",line,2,380.0,4.49378005382926,0.7190048086126817,3290.896534380867,100000.0,-34.45404866804225,34.45404866804225,1.0469502249035083,normal,1.7836017332975218
167413,114680,134913,380000,6,4,,,RWE,4316,275.739215108712,,,,,'',"SRID=4326;LINESTRING(7.9818783185962 51.6766515664854,7.97134985795849 51.6781283421425)",line,1,380.0,0.275739215108712,0.16,1645.4482671904334,100000.0,120.44715526335904,120.44715526335904,7.320020790992104,normal,1.782613825159398
115902,117998,118023,380000;220000,6,3;2,,,EnBW,Anlage 316,8159.15378894939,,,,,'',"SRID=4326;LINESTRING(9.13992916019949 49.1582245575912,9.21188457378358 49.2049862588445)",line,2,380.0,8.159153788949391,1.3054646062319026,3290.896534380867,100000.0,-26.47740590243086,26.47740590243086,0.8045651276427075,normal,1.781913668403246
91670,112021,112022,380000,3,3,50,517,50Hertz,517,256.321693337531,,,,,'',"SRID=4326;LINESTRING(13.5186145685364 52.6206132442322,13.5148195457871 52.6207600544191)",line,1,380.0,0.25632169333753096,0.16,1645.4482671904334,100000.0,-128.35308137625208,128.35308137625208,7.800493271989167,normal,1.7799802108859084
168161,134547,134534,380000;220000,6,2;1,,Pleinting - Plattling - Schwandorf,TenneT TSO GmbH,465;226,7719.13587877968,,,,,'',"SRID=4326;LINESTRING(12.8527399810302 48.764456415926,12.7609118382856 48.8070913485694)",line,2,380.0,7.71913587877968,1.2350617406047488,3290.896534380867,100000.0,27.032570130958167,27.032570130958167,0.8214348232629545,normal,1.7788336506313407
96092,16902,112528,220000;110000,12,2;1,50,220 kV Wesel Ost; 110 kV Götterswick Süd; Wallach Ost|West,RWE,2435,686.316711239013,,,,,'',"SRID=4326;LINESTRING(6.57732652813241 51.5563829497114,6.5878823625046 51.5592379437335)",line,2,220.0,0.6863167112390129,0.10981067379824207,990.7330619293978,100000.0,33.67236528584172,33.67236528584172,3.3987323709846375,normal,1.7759963494590976
90240,16942,118850,380000,6,3,50,Markersbach-Zwönitz-Röhrsdorf,50Hertz,577;578,25939.2590343396,,,,,'',"SRID=4326;LINESTRING(12.8133593629663 50.8578738927588,12.8259720721456 50.6568443390441)",line,1,380.0,25.9392590343396,8.300562890988672,1645.4482671904334,17396.410568344076,-8.85457590715019,8.85457590715019,0.5381254509003303,normal,1.772361733636864
180888,20298,115549,220000;110000;380000;380000;220000;110000,9;3;12,3;1;3;3;1,,Weitmar West,RWE,4360,4665.71075375466,,,,,'',"SRID=4326;LINESTRING(7.16756105010482 51.3899465895675,7.17920262035811 51.4218244823956)",line,6,380.0,4.66571075375466,0.2488379068669152,8000.0,100000.0,81.64087144327814,81.64087144327814,1.0205108930409768,normal,1.7700071070752548
118422,114098,114099,220000;110000;20000,15,2;1,,,RWE,,2168.85034882067,,,,,'',"SRID=4326;LINESTRING(7.42875784022154 50.4289987577002,7.42799013997973 50.4096137519024)",line,3,220.0,2.16885034882067,0.23134403720753816,1486.0995928940965,100000.0,-22.723370509142306,22.723370509142306,1.5290610816257477,normal,1.7635714306565884
73197,116968,112542,220000;110000;220000;110000,9;9,2;1;2;1,,,RWE,2317,596.382264432761,,,,,'',"SRID=4326;LINESTRING(6.68624968274625 51.6352534663495,6.6849759615049 51.640564073356)",line,4,220.0,0.596382264432761,0.04771058115462088,1981.4661238587955,100000.0,-74.28220622394122,74.28220622394122,3.7488506782685103,normal,1.7534873577874357
180674,115741,115742,220000;220000;220000,6;6;6,1;1;1,50;50,220kV Bixterheide Nord+Bigge Ost;220kV Bixterheide Nord+Bigge Ost;220kV Bixterheide Nord+Bigge Ost,RWE,2318,251.231442368565,,,,,'',"SRID=4326;LINESTRING(7.60247467868527 51.3461061573706,7.60374426767631 51.3481142927638)",line,3,220.0,0.25123144236856504,0.05333333333333334,1486.0995928940965,100000.0,116.26580337809057,116.26580337809057,7.823553948471877,normal,1.7534792226059694
84764,112596,113728,380000,9,4,50,"315, 316, 513",50Hertz Transmission,315;316;513,265.78598639268,,,,,'',"SRID=4326;LINESTRING(13.1381055516683 53.905612771508,13.1344120385462 53.9046147697348)",line,1,380.0,0.26578598639268003,0.16,1645.4482671904334,100000.0,122.39739682888273,122.39739682888273,7.438544211291042,normal,1.7532147522844068
130735,116015,115097,380000;220000,12,,,,,,6655.83785995902,,,,,'',"SRID=4326;LINESTRING(7.96666328313449 47.5950181356223,8.03541485525776 47.5610709851955)",line,2,380.0,6.6558378599590196,1.0649340575934432,3290.896534380867,100000.0,-28.296424280781217,28.296424280781217,0.8598393776638368,normal,1.7501759474519405
162798,18071,28780,220000;220000,3;3,1,,220 kV;220 kV,,,9971.14925457924,,,,,'',"SRID=4326;LINESTRING(8.67933147722094 49.9738296903815,8.56023905306821 49.9921018160486)",line,2,220.0,9.97114925457924,1.5953838807326783,990.7330619293978,30337.526024001414,7.200089553320253,7.200089553320253,0.7267436436711294,normal,1.740746544038911
169288,34462,112630,110000,4,1,16.7,Finnentrop - Hagen,DB_Energie,475,340.870701480156,,,,,'',"SRID=4326;LINESTRING(7.50860468408202 51.4035597224991,7.51204056038073 51.4009298440604)",line,1,110.0,0.340870701480156,0.16,247.68326548234944,75625.0,-14.634087185163015,14.634087185163015,5.90838753545337,normal,1.7330433880435525
181896,142477,20715,220000;220000;220000,3;6;3,1;1;1,,Altheim - St. Peter;Altheim - Simbach,TenneT TSO GmbH,233;234,2154.19395951815,,,,,'',"SRID=4326;LINESTRING(12.2491171864156 48.5828706733671,12.2208353638142 48.5857329874726)",line,3,220.0,2.15419395951815,0.22978068901526935,1486.0995928940965,100000.0,-22.39911010870066,22.39911010870066,1.5072415210799994,normal,1.7314180486261759
126631,112777,112778,220000,6,3;2,,,RWE,4358,245.74698406735,,,,,'',"SRID=4326;LINESTRING(7.14691896567742 51.5061492479909,7.14930147747396 51.5045007646985)",line,1,220.0,0.24574698406735002,0.16,495.3665309646989,100000.0,38.86025775906576,38.86025775906576,7.844748348942259,normal,1.7237684236961497
167824,33441,134367,220000,6,2,,Barbara Ltg. | Otterbach Süd,RWE,,201.735501012169,,,,,'',"SRID=4326;LINESTRING(7.23233531154789 49.3579040467156,7.23542955555306 49.3627899883735)",line,1,220.0,0.201735501012169,0.16,495.3665309646989,100000.0,-46.4420684250344,46.4420684250344,9.375293953467354,normal,1.7228674203514722
122813,113100,134375,220000,3,2,,,LEW,,203.865561805739,,,,,'',"SRID=4326;LINESTRING(10.0863772552205 48.2655086522828,10.0828338243409 48.2674353670844)",line,1,220.0,0.203865561805739,0.16,495.3665309646989,100000.0,45.96010121912519,45.96010121912519,9.277998884910621,normal,1.7214183976351367
180982,114812,18824,110000;380000;220000;110000;380000;380000;220000;110000;380000;220000;220000,3;12;6;12;12;3,2,50,Anlage 332;Anlage 332;Anlage 332;Anlage 332,,380000,11068.4971129473,,,,,'',"SRID=4326;LINESTRING(9.18475877596972 48.9216782753004,9.04558352922656 48.9028275892036)",line,8,380.0,11.0684971129473,0.44273988451789204,8000.0,100000.0,-55.28568006181733,55.28568006181733,0.6910710007727167,normal,1.7211804069726628
162981,9935,15409,220000;110000;220000;220000;220000;110000,6;3;3;3;6,2;2;2;2;2;1,50,,Tennet,2812,862.07105933609,,,,,'',"SRID=4326;LINESTRING(8.70215991015415 51.7572512644348,8.7026453597337 51.7489921877656)",line,6,220.0,0.86207105933609,0.04597712316459147,2972.199185788193,100000.0,-82.21099026330947,82.21099026330947,2.76599868058668,normal,1.719591897038826
97009,113028,115940,380000,3,4,50,,,,436.551123733018,,,,,'',"SRID=4326;LINESTRING(6.20793856561332 50.9441646933566,6.21409867284264 50.9435797768194)",line,1,380.0,0.436551123733018,0.16,1645.4482671904334,100000.0,77.93873142769581,77.93873142769581,4.7366260600082235,normal,1.7158199971082213
122919,114135,118803,380000,3,4;2,50,380 kV Ried Ost|West,RWE,4591,279.899499511199,,,,,'',"SRID=4326;LINESTRING(8.42749956287697 49.7049502925717,8.43110809537328 49.7059067789088)",line,1,380.0,0.279899499511199,0.16,1645.4482671904334,100000.0,114.06240761971942,114.06240761971942,6.931995973017035,normal,1.7106887721083521
129641,114225,114226,220000,6,,,,,,157.157094419434,,,,,'',"SRID=4326;LINESTRING(6.72324985199468 51.4899181884813,6.72322784327022 51.491341849543)",line,1,220.0,0.157157094419434,0.16,495.3665309646989,100000.0,-57.98697935843755,57.98697935843755,11.705873476254263,normal,1.7086620605955871
93574,112879,112878,110000,6,2,50,110kV Leithe Ost+West,RWE,4170,205.759870591384,,,,,'',"SRID=4326;LINESTRING(7.1201015595006 51.4485596594196,7.120626085795 51.4503911568097)",line,1,110.0,0.20575987059138398,0.16,247.68326548234944,75625.0,22.55501380639402,22.55501380639402,9.106393910977141,normal,1.7038970568904102
137904,112411,112413,380000,3,3,50,503,50Hertz,503,390.678178424017,,,,,'',"SRID=4326;LINESTRING(12.1224651710457 51.5127767432251,12.1171522649608 51.5115855435674)",line,1,380.0,0.39067817842401703,0.16,1645.4482671904334,100000.0,84.83149838525509,84.83149838525509,5.155525097735403,normal,1.7002484908898836
180956,134330,115656,380000;110000;380000;220000;220000;110000,3;3;9;6;6,4;4;2;2,50;50;50;50,380kV Knechtsteden West;110kV Willich Nord;220kV Neurath 1a+Osterath West,RWE,0929,383.778833934301,,,,,'',"SRID=4326;LINESTRING(6.62486154217348 51.2599257380206,6.62672389842241 51.2542525872206)",line,6,380.0,0.383778833934301,0.02666666666666667,8000.0,100000.0,-415.98582324988695,415.98582324988695,5.199822790623587,normal,1.6889962594441754
135384,116053,118464,220000,3,2,50,220 kV Heisdorf - Quint Nord,RWE,,66.2819528350346,,,,,'',"SRID=4326;LINESTRING(6.56763801909321 49.7990491424165,6.56844524520752 49.7993590637094)",line,1,220.0,0.0662819528350346,0.16,495.3665309646989,100000.0,130.31350784353802,130.31350784353802,26.306482109269613,normal,1.6882918019406243
176043,16922,112112,380000;380000;380000;380000,3;3;3;3,,50;50;50;50,3105;3105;3105;3105,TenneT,,105.57401422411,,,,,'',"SRID=4326;LINESTRING(9.50481276611818 53.5425627779944,9.50636237799485 53.542344010904)",line,4,380.0,0.10557401422411,0.04,6581.793068761734,100000.0,-1100.356982321229,1100.356982321229,16.718194735469627,normal,1.6779160972536005
179934,112161,134254,380000;380000;380000,3;3;6,4;4;4,50;50;50,380 kV Siegtal Nord|Süd;380 kV Siegtal Nord|Süd;380 kV Siegtal Nord|Süd,RWE,4511,295.840702991582,,,,,'',"SRID=4326;LINESTRING(6.98049006928222 50.7952649799725,6.97272311704149 50.7957293597724)",line,3,380.0,0.295840702991582,0.05333333333333334,4936.3448015713,100000.0,-319.4387204252691,319.4387204252691,6.471158990425218,normal,1.6770634674140474
128675,115115,118534,220000;110000,6,,,,RWE,,2712.94852474086,,,,,'',"SRID=4326;LINESTRING(7.98138137058103 50.8504859493042,7.94299078893584 50.8488866780788)",line,2,220.0,2.71294852474086,0.43407176395853764,990.7330619293978,100000.0,12.625896017004479,12.625896017004479,1.2743993818492587,normal,1.671790640566452
174536,143801,134534,380000;220000,6,2;1,,Pleinting - Plattling - Schwandorf,TenneT TSO GmbH,465;226,53702.456273446,,,,,'',"SRID=4326;LINESTRING(12.2700370424425 49.1369252114596,12.7609118382856 48.8070913485694)",line,2,380.0,53.702456273445996,8.59239300375136,3290.896534380867,16805.562773601752,-13.722453517065116,13.722453517065116,0.4169822227378775,normal,1.668724748588525
160609,16999,18071,220000;220000;220000,3;3;3,1,,220 kV;220 kV,,,6536.13172906697,,,,,'',"SRID=4326;LINESTRING(8.59070820517917 49.970800538242,8.67933147722094 49.9738296903815)",line,3,220.0,6.5361317290669705,0.6971873844338102,1486.0995928940965,69421.79546077976,-12.246786922560815,12.246786922560815,0.8240892455068154,normal,1.6644204800394993
104476,114198,114199,380000;110000,12,4;1,50,,TenneT,3016,557.745440914462,,,,,'',"SRID=4326;LINESTRING(8.70139463536361 51.7046792583323,8.70692942532366 51.7010168630964)",line,2,380.0,0.5577454409144621,0.08923927054631393,3290.896534380867,100000.0,-123.02673763863181,123.02673763863181,3.7383957943781865,normal,1.6570048536440376
119841,114986,114991,220000,6,1,,,RWE,2316,107.808962698653,,,,,'',"SRID=4326;LINESTRING(6.78957992543808 51.506351152621,6.78821197092343 51.5067242628662)",line,1,220.0,0.107808962698653,0.16,495.3665309646989,100000.0,-80.01789127678461,80.01789127678461,16.153269604418814,normal,1.65383889322465
154118,114674,134536,380000,6,4,,,RWE,4199,1978.2727698073,,,,,'',"SRID=4326;LINESTRING(7.95967115628901 51.670771248863,7.9283780164626 51.6740334900314)",line,1,380.0,1.9782727698073,0.633047286338336,1645.4482671904334,100000.0,24.728080361346993,24.728080361346993,1.5028172477017248,normal,1.6400898725868434
162799,18071,118682,220000;220000,3;3,1,,220 kV;220 kV,,,6354.50190690801,,,,,'',"SRID=4326;LINESTRING(8.67933147722094 49.9738296903815,8.76886431157645 49.9750736798365)",line,2,220.0,6.35450190690801,1.0167203051052816,990.7330619293978,47604.0458294852,-8.140830757451354,8.140830757451354,0.8216976974198819,normal,1.639543793754547
152636,114211,117926,380000,3,4,50,380 kV Neurath 5e,RWE,,418.281525183756,,,,,'',"SRID=4326;LINESTRING(6.66199993114603 51.0376159615181,6.65624720989806 51.0365834812297)",line,1,380.0,0.418281525183756,0.16,1645.4482671904334,100000.0,76.99207581975953,76.99207581975953,4.679094284211184,normal,1.6350905248498153
170907,114653,141251,220000;220000;220000,6;3,2;2;2,50;50;50,220 kV Berggeist West; Nette Ost;220 kV Nette Ost;220 kV Nette Ost,RWE,2419,1624.7406306613,,,,,'',"SRID=4326;LINESTRING(7.0931991726979 50.5845581868254,7.07419999744228 50.5929348134556)",line,3,220.0,1.6247406306613,0.17330566727053864,1486.0995928940965,100000.0,25.13218814225171,25.13218814225171,1.6911510010784787,normal,1.6319304170321927
79797,114677,114675,380000,3,4,,,RWE,4316,242.206589500683,,,,,'',"SRID=4326;LINESTRING(7.97297897857102 51.6718080865887,7.97086802748486 51.6700574655284)",line,1,380.0,0.24220658950068302,0.16,1645.4482671904334,100000.0,123.75173231178316,123.75173231178316,7.520852206620055,normal,1.63119241435048
93709,113486,113485,220000;110000,6;6,,,,EON_Netz,,5269.5992899605,,,,,'',"SRID=4326;LINESTRING(9.44332841004623 53.6205294461743,9.51946943386514 53.6184496458588)",line,2,220.0,5.2695992899604995,0.84313588639368,990.7330619293978,57404.744337262026,-8.750469932011672,8.750469932011672,0.8832318480389275,normal,1.6213596939452828
155773,21040,115565,110000,3,1,50,110kV St.Tönis Ost,RWE,,43.5462041154425,,,,,'',"SRID=4326;LINESTRING(6.5423956321992 51.2994795565908,6.5398553731436 51.2994006519051)",line,1,110.0,0.0435462041154425,0.16,247.68326548234944,75625.0,94.03592711475312,94.03592711475312,37.96620128195716,normal,1.618298872854931
104605,114490,114493,380000,3,,50,,,,353.276715235039,,,,,'',"SRID=4326;LINESTRING(8.25507405263416 47.6340379623389,8.25637634030155 47.6309723602763)",line,1,380.0,0.35327671523503895,0.16,1645.4482671904334,100000.0,87.93752961927595,87.93752961927595,5.344290147111543,normal,1.6168019417819883
104059,114811,117950,380000,3,,,,,,654.971797767189,,,,,'',"SRID=4326;LINESTRING(9.19507287273587 48.9215583904941,9.19132617934886 48.9162358880407)",line,1,380.0,0.654971797767189,0.20959097528550047,1645.4482671904334,100000.0,52.615304883268934,52.615304883268934,3.197627414510479,normal,1.610913427258818
128777,114755,114756,380000,,,,,,,320.012361937752,,,,,'',"SRID=4326;LINESTRING(7.73769655126779 51.5156659732194,7.73531556660724 51.5181419828072)",line,1,380.0,0.320012361937752,0.16,1645.4482671904334,100000.0,-95.2945919402759,95.2945919402759,5.791406137793035,normal,1.607932380250306
156240,112439,112438,380000;220000,12,,,"2 x 380 kV, 2 x 220 kV",,,313.13979025328,,,,,'',"SRID=4326;LINESTRING(8.77860734931648 49.9687442834315,8.77515701014171 49.9704873626605)",line,2,380.0,0.31313979025328004,0.08,3290.896534380867,100000.0,194.02792096488432,194.02792096488432,5.895898547335758,normal,1.6061669080662566
112021,115951,115960,380000;110000,12,4,50,,RWE,4104,3249.08444928498,,,,,'',"SRID=4326;LINESTRING(7.72442115816755 50.7587573945618,7.68098554805522 50.7552326702946)",line,2,380.0,3.24908444928498,0.5198535118855968,3290.896534380867,100000.0,36.53416824136446,36.53416824136446,1.110158519408992,normal,1.6060702555846567
128731,113742,113796,380000,3,,,RWE Herbertingen West 380 kV,EnBW,,240.908519016959,,,,,'',"SRID=4326;LINESTRING(9.21822308642833 48.5324240526464,9.22086485201586 48.5337150627567)",line,1,380.0,0.24090851901695898,0.16,1645.4482671904334,100000.0,122.38657025821776,122.38657025821776,7.437886240397587,normal,1.6054215405953238
125130,112543,134292,110000,6,1,50,,RWE,,290.187307295214,,,,,'',"SRID=4326;LINESTRING(6.67950854519116 51.6515834911858,6.68085430023769 51.6463728718929)",line,1,110.0,0.290187307295214,0.16,247.68326548234944,75625.0,15.588627475417658,15.588627475417658,6.2937750134469805,normal,1.6035746177226933
152618,114744,114745,380000,3,4,50,380kV Sauerland Nord,RWE,4331,213.671872841801,,,,,'',"SRID=4326;LINESTRING(8.19365686547961 51.1889378778491,8.1907717462816 51.1882708597483)",line,1,380.0,0.213671872841801,0.16,1645.4482671904334,100000.0,-135.89698688996066,135.89698688996066,8.258964417155562,normal,1.5993515163651744
177416,114677,134913,220000;380000,3;6,2;4,50,220kV Haarstrang Ost,RWE,1810,230.314952024061,,,,,'',"SRID=4326;LINESTRING(7.97298241627478 51.6718132335563,7.97396600601855 51.6737908745848)",line,2,380.0,0.230314952024061,0.08,3290.896534380867,100000.0,-253.62109442931268,253.62109442931268,7.706747744259536,normal,1.5973791090252725
86433,114743,114746,380000;110000,12,4;1,50,,RWE,4308,1201.21535527721,,,,,'',"SRID=4326;LINESTRING(8.19278028942536 51.1862723938824,8.20509646146523 51.1794826832141)",line,2,380.0,1.20121535527721,0.1921944568443536,3290.896534380867,100000.0,65.93186386535388,65.93186386535388,2.003462071096622,normal,1.5807508915678352
181553,16830,6875,380000;380000;380000,3;6;3,4;4;4,,OH-FO;OH-FO;OH-FO,Stadtwerke München,430,10587.1922869437,,,,,'',"SRID=4326;LINESTRING(11.6393123199254 48.1788296516804,11.7753029649971 48.2070603513884)",line,3,380.0,10.5871922869437,1.1293005106073282,4936.3448015713,100000.0,31.843121347446825,31.843121347446825,0.6450749011153103,normal,1.580369242104075
138167,112046,112047,380000,3,3,,493,50Hertz Transmission,493,221.384365967261,,,,,'',"SRID=4326;LINESTRING(12.9073643776209 52.5968660535415,12.9041526309856 52.5964457887893)",line,1,380.0,0.221384365967261,0.16,1645.4482671904334,100000.0,129.94847829060214,129.94847829060214,7.897451465459094,normal,1.5793713703666996
83737,112516,112517,380000,3,4,50,,RWE,4327,389.549828980432,,,,,'',"SRID=4326;LINESTRING(7.42265953708376 51.4625203479673,7.42474524551043 51.4592583943398)",line,1,380.0,0.389549828980432,0.16,1645.4482671904334,100000.0,-78.45789658790237,78.45789658790237,4.7681776542186585,normal,1.568634277167556
180792,134289,114560,220000;220000;220000,3,,,,,,379.667700261142,,,,,'',"SRID=4326;LINESTRING(6.57570814260083 51.0547386703184,6.5867615345246 51.0520914788793)",line,3,220.0,0.379667700261142,0.05333333333333334,1486.0995928940965,100000.0,72.38148505270826,72.38148505270826,4.87056758502634,normal,1.5675564918616234
107835,117473,118355,220000,3,2,50,220 kV Windesheim,RWE,2400,126.826574081831,,,,,'',"SRID=4326;LINESTRING(8.4226650096809 49.6400981393981,8.42163643868058 49.6391596720556)",line,1,220.0,0.126826574081831,0.16,495.3665309646989,100000.0,-64.99537075114192,64.99537075114192,13.12066251722074,normal,1.5666771743284005
179983,18085,134476,220000;220000;220000,6;6;12,2,50,220 kV Frimmersdorf 5e; Norf West; Zons Nord,RWE,2398,2967.92202003477,,,,,'',"SRID=4326;LINESTRING(6.77245043554116 51.1470617901331,6.80133711744184 51.1238419585396)",line,3,220.0,2.96792202003477,0.3165783488037088,1486.0995928940965,100000.0,-16.888842022766415,16.888842022766415,1.136454252697582,normal,1.5663095924456971
180722,17540,113649,220000;110000;380000;110000;380000;220000;380000,6;3;3;3;3;3,2;4;2;4;2;4,50;50;50;50;50;50,,TenneT;EON_Netz,212;155,2065.04184688703,,,,,'',"SRID=4326;LINESTRING(9.20228237891015 53.8955293484024,9.23672901010189 53.8966012605722)",line,7,380.0,2.0650418468870297,0.09440191300054993,8000.0,100000.0,110.96062121723482,110.96062121723482,1.3870077652154353,normal,1.5535336130398494
122140,116241,116362,380000;110000;0,12,2;1,,Etzenricht - Mechlenreut - Redwitz;Münchberg - Untersteinach,TenneT TSO GmbH;E.ON Netz GmbH,437;116,3726.49670177319,,,,,'',"SRID=4326;LINESTRING(11.5660269448322 50.1689194526935,11.6148067224013 50.1808238626332)",line,3,380.0,3.7264967017731903,0.39749298152247364,4936.3448015713,100000.0,49.21191789615531,49.21191789615531,0.9969303173572993,normal,1.5484164902632171
176028,16895,112177,110000;110000;110000;110000,6;6;6;6,2;2;1;1,50;50;50;50,110 kV Beuel West; Ittenbach Süd;110 kV Beuel Ost; Ittenbach Nord;110 kV Beuel West; Ittenbach Süd;110 kV Beuel Ost; Ittenbach Nord,RWE,,443.790789045965,,,,,'',"SRID=4326;LINESTRING(7.19200427713968 50.7966016050264,7.18930339134996 50.7929982131423)",line,4,110.0,0.44379078904596503,0.04,990.7330619293978,100000.0,41.627123807908006,41.627123807908006,4.20164880001496,normal,1.543148575897649
171311,141536,141537,220000,6,2,50,Elsenz,Badenwerk,,114.679812988011,,,,,'',"SRID=4326;LINESTRING(8.73025068856248 49.3297788258821,8.72890818747401 49.3308645444075)",line,1,220.0,0.114679812988011,0.16,495.3665309646989,100000.0,70.2265523871759,70.2265523871759,14.176684938809567,normal,1.5391229952325027
150613,114135,118802,380000,6,4,50,,,,324.109838833559,,,,,'',"SRID=4326;LINESTRING(8.42749956287697 49.7049502925717,8.42596586919239 49.7021989531652)",line,1,380.0,0.32410983883355904,0.16,1645.4482671904334,100000.0,-89.71213676916001,89.71213676916001,5.452139611921163,normal,1.5306359313890172
81919,118510,118509,380000,3,4,50,3702 II,TenneT,,50.6409122028523,,,,,'',"SRID=4326;LINESTRING(8.46507528272793 50.6008152931588,8.46452542394252 50.6005066546635)",line,1,380.0,0.0506409122028523,0.16,1645.4482671904334,100000.0,508.27280321468214,508.27280321468214,30.889625237659203,normal,1.525958932267075
170906,19255,141251,220000;220000;220000,6;3,2;2;2,50;50;50,220 kV Nette Ost;220 kV Berggeist West; Nette Ost;220 kV Nette Ost,RWE,4501,5489.98798112507,,,,,'',"SRID=4326;LINESTRING(7.01282481004237 50.6177866237957,7.07419999744228 50.5929348134556)",line,3,220.0,5.48998798112507,0.5855987179866742,1486.0995928940965,82650.45416493106,-12.12138667446021,12.12138667446021,0.8156510325700635,normal,1.5254800538445374
173231,134710,142884,220000,6,2,50,357;358 Bad Lauchstädt - Wolkramshausen,50Hertz,357;358,55962.4231042997,,,,,'',"SRID=4326;LINESTRING(10.7348307076817 51.4402351843076,11.4592920444611 51.4296344126796)",line,1,220.0,55.962423104299695,17.907975393375903,495.3665309646989,2702.7064163770847,1.8666446455100194,1.8666446455100194,0.376820905093211,normal,1.5232577393245899
180859,113457,113884,380000;110000;380000;220000;110000,12;12,4;2,50;50,RWE 4313 Mengede - Pöppinghausen,RWE,4313,5540.9081681324,,,,,'',"SRID=4326;LINESTRING(7.27162444089182 51.5796189417744,7.34245166031058 51.5682737606608)",line,5,380.0,5.5409081681323995,0.35461812276047355,8000.0,100000.0,-64.7860260199029,64.7860260199029,0.8098253252487863,normal,1.5209135232989162
180924,119199,25098,220000;110000;220000;220000;110000;110000;220000,6;3;3;12;3;3,,50;50;50;50;50;50,,,,547.415752652016,,,,,'',"SRID=4326;LINESTRING(8.3548909842498 49.4263675669048,8.35237696477281 49.4212753934146)",line,7,220.0,0.5474157526520159,0.025024720121235015,3467.5657167528925,100000.0,120.42433346301506,120.42433346301506,3.472878188903746,normal,1.5162109803573076
173938,113181,143382,220000;110000;220000,12;6,2;1;2,50;50,220 kV Merheim Ost|West; 110 kV Springborn Ost|West;220 kV Merheim Ost|West,RWE,2380,95.9352963571875,,,,,'',"SRID=4326;LINESTRING(7.02982734131664 50.9739630534651,7.02898084039609 50.9748723143237)",line,3,220.0,0.09593529635718749,0.05333333333333334,1486.0995928940965,100000.0,245.6245281149849,245.6245281149849,16.528133732722768,normal,1.5141117643336375
162983,112987,112988,220000;110000;220000;110000;220000;220000,6;3;3;6;3,2;1;2;2;2;2,50,,Tennet,2812,1570.0093386155,,,,,'',"SRID=4326;LINESTRING(8.64028485169929 51.8949248929594,8.62656461287034 51.9061874834157)",line,6,220.0,1.5700093386154998,0.08373383139282665,2972.199185788193,100000.0,47.18637313253504,47.18637313253504,1.5875912138782768,normal,1.4985424806565621
178807,16965,133930,110000;110000;380000;110000;110000;380000,3;3;6;3;3,2;2;4;2;2;4,50;50,Bergrheinfeld - Grafenrheinfeld;Grafenrheinfeld - Schwebheim;Bergrheinfeld - Grafenrheinfeld;Bergrheinfeld - Grafenrheinfeld;Grafenrheinfeld - Schwebheim;Bergrheinfeld - Grafenrheinfeld;Bergrheinfeld - Grafenrheinfeld;Grafenrheinfeld - Schwebheim;Bergrheinfeld - Grafenrheinfeld;Bergrheinfeld - Grafenrheinfeld;Grafenrheinfeld - Schwebheim;Bergrheinfeld - Grafenrheinfeld;Bergrheinfeld - Grafenrheinfeld;Grafenrheinfeld - Schwebheim;Bergrheinfeld - Grafenrheinfeld,,182,1710.17095286141,,,,,'',"SRID=4326;LINESTRING(10.1602433058051 49.9891799219394,10.1879002129437 49.981238407691)",line,6,380.0,1.71017095286141,0.09120911748594186,8000.0,100000.0,-120.0704127425345,120.0704127425345,1.5008801592816812,normal,1.4963951018230615
180476,113394,17435,220000;110000;220000;110000;220000;110000;110000,9;3;3;9;3,1;1;1;1;1,50;50;50;50;50,Regensburg - Schwandorf;Ponholz - Regensburg;Schwandorf - Wutzlhofen;Regensburg - Schwandorf;Regensburg - Wutzlhofen;Ponholz - Regensburg;Regensburg - Schwandorf;Regensburg - Wutzlhofen;Ponholz - Regensburg;Regensburg - Wutzlhofen;Ponholz - Regensburg,TenneT TSO GmbH;E.ON Netz GmbH,275;112;113,16717.0465198132,,,,,'',"SRID=4326;LINESTRING(12.1083314376915 49.1404008755141,12.1501592655784 49.0128096687949)",line,7,220.0,16.717046519813202,0.7642078409057464,3467.5657167528925,63333.55588531499,18.039517866795606,18.039517866795606,0.5202357890332421,normal,1.4954319552949251
169249,18149,113940,220000,6,4;2,50,,EnBW,5160,4817.94039110323,,,,,'',"SRID=4326;LINESTRING(8.50103282348084 48.9231456598707,8.45067151579931 48.9525751678648)",line,1,220.0,4.81794039110323,1.5417409251530336,495.3665309646989,31393.082463057664,-4.204255696286737,4.204255696286737,0.8487161391584493,normal,1.4945435572408754
139806,112772,112779,220000,3,2,,220kV Herne 1A,RWE,4550,312.982901801058,,,,,'',"SRID=4326;LINESTRING(7.13163197516145 51.5499087419718,7.13369765115728 51.5524222689655)",line,1,220.0,0.31298290180105803,0.16,495.3665309646989,100000.0,-27.093459598215297,27.093459598215297,5.469376291016731,normal,1.4893197673592407
161299,2915,19088,380000;380000;380000,3,,50;50;50,380-kV-Transversale Berlin;380-kV-Transversale Berlin;Berlin/Mitte,50Hertz Transmission,919;920,1415.39109353914,,,,,'',"SRID=4326;LINESTRING(13.4221323629185 52.5168872616727,13.4431581653011 52.5176969628457)",line,3,380.0,1.41539109353914,0.15097504997750827,4936.3448015713,100000.0,-82.19565853627014,82.19565853627014,1.665111774811724,normal,1.4683974969883582
180789,113948,24981,220000;220000;220000,3;3;6,,,,TenneT,,191.731764397245,,,,,'',"SRID=4326;LINESTRING(9.48356691606238 53.6356800744779,9.48789396427305 53.6365575607186)",line,3,220.0,0.191731764397245,0.05333333333333334,1486.0995928940965,100000.0,-124.33055171476165,124.33055171476165,8.366232808975797,normal,1.4675000939834475
114798,25088,114098,220000,6,1,,,RWE,,888.398856070081,,,,,'',"SRID=4326;LINESTRING(7.4334935458531 50.4365410616211,7.42875784022154 50.4289987577002)",line,1,220.0,0.8883988560700811,0.28428763394242595,495.3665309646989,100000.0,-11.428307461991416,11.428307461991416,2.3070406956512426,normal,1.4666533755685536
177148,46272,114100,220000;110000,6;15,2;2;1,50,,RWE,,197.004340183365,,,,,'',"SRID=4326;LINESTRING(7.4449154721891 50.4035527569325,7.44244568471915 50.4043558540588)",line,2,220.0,0.197004340183365,0.08,990.7330619293978,100000.0,80.67597779372049,80.67597779372049,8.143059002856782,normal,1.4643015831432007
140310,112816,115712,110000,6,1,,110kV Lirich West+Thyssen West,RWE,2316,143.690660734789,,,,,'',"SRID=4326;LINESTRING(6.89898933715214 51.4958839780616,6.90107172181226 51.49579773933)",line,1,110.0,0.143690660734789,0.16,247.68326548234944,75625.0,26.967005484256486,26.967005484256486,10.887697815086433,normal,1.4617872618693983
96080,112772,112773,380000,3,4,,,RWE,4550,595.144642639974,,,,,'',"SRID=4326;LINESTRING(7.13163197516145 51.5499087419718,7.13723297095793 51.5539739525955)",line,1,380.0,0.595144642639974,0.19044628564479169,1645.4482671904334,100000.0,-51.24548787072136,51.24548787072136,3.1143785491489138,normal,1.4543039640373168
100218,16983,112703,220000,12,1,,Raitersaich - Trennfeld;Trennfeld - Aschaffenburg,TenneT TSO GmbH,211;217;218,3016.37809580528,,,,,'',"SRID=4326;LINESTRING(9.59430201034526 49.7983668593581,9.5679285128778 49.820682739465)",line,1,220.0,3.0163780958052797,0.9652409906576895,495.3665309646989,50142.91816080203,-5.180959934335196,5.180959934335196,1.0458841303318502,normal,1.4541769265543518
87731,117928,114574,380000;220000,6,4,50,380 kV Neurath 2b; 220 kV Neurath 1a,RWE,,187.54685581798,,,,,'',"SRID=4326;LINESTRING(6.62041781495943 51.0544382842797,6.61820346778407 51.0534726413374)",line,2,380.0,0.18754685581798,0.08,3290.896534380867,100000.0,-278.35820448187667,278.35820448187667,8.4584307520396,normal,1.4539172401431046
109151,112764,112875,380000;220000;110000,12,4;2;1,,,RWE,4546,490.125042388942,,,,,'',"SRID=4326;LINESTRING(7.09969695664252 51.4821947531063,7.10406016380902 51.4787187524031)",line,3,380.0,0.490125042388942,0.05333333333333334,4936.3448015713,100000.0,-178.6359427264461,178.6359427264461,3.6187898112300436,normal,1.443390639821228
178290,116362,25355,380000;110000;0;110000;110000;380000;220000,12;3;3;6,2;1;1;1;2;1,,Etzenricht - Mechlenreut - Redwitz;Marktleugast - Münchberg;Münchberg - Untersteinach;Münchberg - Untersteinach;Marktleugast - Münchberg;Etzenricht - Mechlenreuth - Redwitz,TenneT TSO GmbH;E.ON Netz GmbH,437;115;116,11653.6750428664,,,,,'',"SRID=4326;LINESTRING(11.6148067224013 50.1808238626332,11.7714326395937 50.2096882325532)",line,7,380.0,11.6536750428664,0.5327394305310355,8000.0,100000.0,45.452796780975916,45.452796780975916,0.5681599597621989,normal,1.4419602575449912
152959,112545,134292,220000,3,2,,Schermbeck Nord,RWE,4569,898.448481056659,,,,,'',"SRID=4326;LINESTRING(6.67875324170028 51.6541448437123,6.68085430023769 51.6463728718929)",line,1,220.0,0.8984484810566591,0.2875035139381309,495.3665309646989,100000.0,11.099310824747022,11.099310824747022,2.2406259064639933,normal,1.436324027787697
161538,2528,134365,110000;110000;110000,,,50;50;50,,Vattenfall Europe AG,,310.927485547323,,,,,'',"SRID=4326;LINESTRING(13.2116341848095 52.5757701932049,13.2117552739978 52.5799677159934)",line,3,110.0,0.31092748554732297,0.05333333333333334,743.0497964470483,100000.0,39.19834415071245,39.19834415071245,5.275332062284716,normal,1.4282164505069186
139442,112349,118843,220000,3,4,50,220 kV Biblis 3c,RWE,4591,195.333718598302,,,,,'',"SRID=4326;LINESTRING(8.58343011804125 49.8152343529631,8.58603011196808 49.8157771846991)",line,1,220.0,0.195333718598302,0.16,495.3665309646989,100000.0,39.640226701453955,39.640226701453955,8.002201243644137,normal,1.4277960283758295
123433,112559,112837,380000;110000,,,,,,,394.374484226995,,,,,'',"SRID=4326;LINESTRING(6.92701587570138 51.5640134850371,6.93046253178349 51.5668470868676)",line,2,380.0,0.394374484226995,0.08,3290.896534380867,100000.0,-140.7721578820298,140.7721578820298,4.277623328820758,normal,1.4220784071750638
88782,112459,112463,380000,6,2,,Oberbachern - Ottenhofen,TenneT TSO GmbH,461;462,2236.20144214105,,,,,'',"SRID=4326;LINESTRING(11.8224260695192 48.2292075683419,11.7979039487248 48.240892079336)",line,1,380.0,2.23620144214105,0.715584461485136,1645.4482671904334,100000.0,-19.881771199053986,19.881771199053986,1.208289047762144,normal,1.4190149568779848
179150,141844,114612,380000;380000,3;3,4;3,,ENGST-TRSNG 1x 380 kV;ENGST-KUHMO-VILLI 1x 380 kV,EnBW,308,1623.85031866292,,,,,'',"SRID=4326;LINESTRING(8.61917405719393 48.0640737058079,8.62544558152092 48.0557058380683)",line,2,380.0,1.62385031866292,0.2598160509860672,3290.896534380867,100000.0,48.3666558225614,48.3666558225614,1.469710618892516,normal,1.4177458051962393
72734,17850,134387,380000;380000;380000;380000;0,3;3;3;6,,50;50;50;50,546;546;546;546,50Hertz Transmission,546,7220.60510317385,,,,,'',"SRID=4326;LINESTRING(12.1304479092303 54.1408589702475,12.2149354780939 54.100274941625)",line,5,380.0,7.22060510317385,0.46211872660312636,8000.0,100000.0,53.81393243975574,53.81393243975574,0.6726741554969466,normal,1.4170848524730255
179506,134401,114692,380000;380000;380000,3;3;6,4;4;4,50;50;50,380kV Mengede Nord;380kV Bergkamen A;380kV Bergkamen A+Mengede Nord,RWE,4301,371.873723172417,,,,,'',"SRID=4326;LINESTRING(7.71587466201739 51.6746596100824,7.70345349128939 51.6813668673683)",line,3,380.0,0.371873723172417,0.05333333333333334,4936.3448015713,100000.0,219.34553448743623,219.34553448743623,4.443480820416268,normal,1.404928597393762
168075,24664,118343,380000;220000,6,4,50,380 kV Bürstadt Ltg.; 220 kV Roxheim Nord,RWE,4542,259.769760454931,,,,,'',"SRID=4326;LINESTRING(8.41938493943566 49.6337976668968,8.41651945515918 49.6290553427121)",line,2,380.0,0.259769760454931,0.08,3290.896534380867,100000.0,-199.60977298166816,199.60977298166816,6.065513482307695,normal,1.4007028080947177
72465,112835,142794,220000;220000,6;6,2;2,,220kV Scholven D+E;220kV Scholven D+E,RWE,4565,677.891032896127,,,,,'',"SRID=4326;LINESTRING(7.01128952745049 51.6259004938275,7.01999072821642 51.6285363949302)",line,2,220.0,0.677891032896127,0.10846256526338031,990.7330619293978,100000.0,-26.79218765319069,26.79218765319069,2.704279152753254,normal,1.399566324327933
162217,23442,29726,220000;220000,12;12,,50,Öldruckkabel,Schluchseewerk AG,,720.991389467318,,,,,'',"SRID=4326;LINESTRING(7.95921956532926 47.5783599699372,7.95753364593255 47.5721900910276)",line,2,220.0,0.720991389467318,0.11535862231477088,990.7330619293978,100000.0,-25.535232743151283,25.535232743151283,2.577407954209465,normal,1.3992761031333671
75040,113078,133613,220000;220000,6;3,2;2,50;50,(521;) 526;526,50Hertz Transmission,521;526,416.889112018758,,,,,'',"SRID=4326;LINESTRING(12.947868245972 52.5618885544643,12.9417261578462 52.5621020850187)",line,2,220.0,0.416889112018758,0.08,990.7330619293978,100000.0,-39.73801595839946,39.73801595839946,4.010971015846779,normal,1.3976778095602054
86235,112595,113622,380000,3,3,50,512,50Hertz,512,803.525277380423,,,,,'',"SRID=4326;LINESTRING(12.6186989357382 53.5890859469779,12.6079269676717 53.5909649547802)",line,1,380.0,0.8035252773804229,0.2571280887617353,1645.4482671904334,100000.0,38.74883156763653,38.74883156763653,2.354910351195623,normal,1.388792453357831
77964,114756,114757,380000;110000,9,4;2,,,Amprion,,367.172168864242,,,,,'',"SRID=4326;LINESTRING(7.73531556660724 51.5181419828072,7.74029915030895 51.5170028551141)",line,2,380.0,0.367172168864242,0.08,3290.896534380867,100000.0,-146.02314047051922,146.02314047051922,4.437184182029938,normal,1.3877049320449737
134225,113026,113027,380000;110000,9,4;2,50,,RWE,4529,379.82620798019,,,,,'',"SRID=4326;LINESTRING(6.21937268187571 50.9433714827204,6.2140153990158 50.9438998573728)",line,2,380.0,0.37982620798019,0.08,3290.896534380867,100000.0,-141.5019037016796,141.5019037016796,4.29979801015838,normal,1.3843524543110879
180964,116137,134315,220000;220000;220000,3;3;6,,,,LEW,,261.623879556277,,,,,'',"SRID=4326;LINESTRING(10.1966289273449 47.9673202507849,10.1949421831812 47.9709449320067)",line,3,220.0,0.26162387955627703,0.05333333333333334,1486.0995928940965,100000.0,88.03593131504888,88.03593131504888,5.923959049312691,normal,1.3767262139374712
102755,114547,114548,380000;110000,6;6,4;1,,,TenneT;Eon_Netz,,2851.16689967279,,,,,'',"SRID=4326;LINESTRING(9.09572953293802 51.1638940657093,9.05721094136484 51.1653018593389)",line,2,380.0,2.8511668996727897,0.4561867039476464,3290.896534380867,100000.0,33.43401979740701,33.43401979740701,1.015954754217064,normal,1.3698892039557122
92301,113451,113452,380000;220000,6,4,,380kV Recklinghausen + 220kV Herne 4,RWE,4302,3292.35861746123,,,,,'',"SRID=4326;LINESTRING(7.18416572247134 51.5588702900879,7.1401650720453 51.5525898399415)",line,2,380.0,3.2923586174612303,0.5267773787937968,3290.896534380867,100000.0,-30.94209906477907,30.94209906477907,0.9402331170706455,normal,1.3697658069985401
161537,2528,134365,110000;110000;110000,,,50;50;50,,Vattenfall Europe AG,,296.362288295152,,,,,'',"SRID=4326;LINESTRING(13.2116341848095 52.5757701932049,13.2117552739978 52.5799677159934)",line,3,110.0,0.296362288295152,0.05333333333333334,743.0497964470483,100000.0,39.19834415071245,39.19834415071245,5.275332062284716,normal,1.3692762804315302
112846,116012,116016,380000,3,,50,,,,226.329022178862,,,,,'',"SRID=4326;LINESTRING(7.95241411626625 47.5957385406719,7.95504707836401 47.5967491628251)",line,1,380.0,0.226329022178862,0.16,1645.4482671904334,100000.0,110.05174078277044,110.05174078277044,6.688252859549413,normal,1.3645719398146527
72191,17111,112460,380000;380000,9;6,2;2,,Irsching - Ottenhofen;Oberbachern - Ottenhofen;Irsching - Ottenhofen;Oberbachern - Ottenhofen,TenneT TSO GmbH,421;461,4331.54449276907,,,,,'',"SRID=4326;LINESTRING(11.868165812601 48.2067732154364,11.8270468236777 48.227229589515)",line,2,380.0,4.33154449276907,0.6930471188430513,3290.896534380867,100000.0,-26.75643669109995,26.75643669109995,0.8130439961137755,normal,1.3607437420680049
181909,18435,113730,220000;220000;220000,3;6;3,2;2;2,50;50;50,315;316,50Hertz Transmission,315,61537.318958068,,,,,'',"SRID=4326;LINESTRING(14.0336979384638 53.5078673879307,13.3984708281663 53.7933318754816)",line,3,220.0,61.537318958068,6.563980688860586,1486.0995928940965,7373.574404650108,-4.872407871296583,4.872407871296583,0.327865500710342,normal,1.3559741648048815
181973,142794,112839,220000,3,2,,220kV Schermbeck Nord,Amprion,4569,292.920384223755,,,,,'',"SRID=4326;LINESTRING(7.01999072821642 51.6285363949302,7.01590579003252 51.627639270091)",line,1,220.0,0.292920384223755,0.16,495.3665309646989,100000.0,-26.087992548129435,26.087992548129435,5.2664019301676515,normal,1.3529572116815278
72651,18151,113884,380000;380000,3;3,4;4,50;50,380kV Recklinghausen;380kV Recklinghausen,RWE,,932.593137998053,,,,,'',"SRID=4326;LINESTRING(7.35312358438307 51.5758058196046,7.34245166031058 51.5682737606608)",line,2,380.0,0.932593137998053,0.1492149020796885,3290.896534380867,100000.0,67.4681882801842,67.4681882801842,2.0501461402789842,normal,1.350764813011353
103462,112017,112016,380000;220000;110000,15,,,"2 x 380 kV, 2 x 220 kV, 1 x 110 kV",,,382.097946332236,,,,,'',"SRID=4326;LINESTRING(8.68344926042734 49.9426911688183,8.67812153214029 49.9424484759701)",line,3,380.0,0.382097946332236,0.05333333333333334,4936.3448015713,100000.0,-205.86638523009125,205.86638523009125,4.170421506304856,normal,1.3495592246986563
137062,113577,113592,380000;220000;110000,12,2;1,,Etzenricht - Mechlenreuth - Redwitz;Mechlenreuth - Schwandorf;Arzberg - Waldsassen - Wiesau;Arzberg - Mitterteich,TenneT TSO GmbH;E.ON Netz GmbH,437;248;133;134,9792.18011512019,,,,,'',"SRID=4326;LINESTRING(12.2286014811905 49.9227230807646,12.2286885279416 49.9974878947144)",line,3,380.0,9.79218011512019,1.0444992122794872,4936.3448015713,100000.0,-28.002038204363867,28.002038204363867,0.5672626068472865,normal,1.3494166602892799
139903,112064,112348,380000,3,,,,,,227.620668572449,,,,,'',"SRID=4326;LINESTRING(8.52590542084431 49.8557200669619,8.52894010953713 49.856341440482)",line,1,380.0,0.227620668572449,0.16,1645.4482671904334,100000.0,-108.26465279791253,108.26465279791253,6.579644888062755,normal,1.349339626053402
179881,112741,17186,220000;220000;220000,6;3;3,2;2;2,50;50;50,,RWE,,1267.01959411648,,,,,'',"SRID=4326;LINESTRING(7.5190655655656 51.5354806746451,7.50007032580989 51.5351685513289)",line,3,220.0,1.26701959411648,0.13514875670575785,1486.0995928940965,100000.0,24.49526088702525,24.49526088702525,1.6482920124701796,normal,1.3490709944755674
130862,112540,116862,220000;110000,9,4;2,,,RWE,4182,189.132744342485,,,,,'',"SRID=4326;LINESTRING(6.77088993696281 51.5293205580786,6.77057615543406 51.5310203942939)",line,2,220.0,0.189132744342485,0.08,990.7330619293978,100000.0,-76.82754926578994,76.82754926578994,7.7546164772348005,normal,1.3432876633422532
181780,112952,134340,220000,3,2,,,,,199.239764206221,,,,,'',"SRID=4326;LINESTRING(9.14901085822735 49.1406397687914,9.15118600564182 49.1433394745617)",line,1,220.0,0.199239764206221,0.16,495.3665309646989,100000.0,36.57365498115905,36.57365498115905,7.383150191825411,normal,1.3414285088681497
73627,117926,135159,380000;380000;380000,9;6;6,4;4;4,50;50;50,380 kV Neurath 4d|5e;380 kV Neurath 4d|5e;380 kV Neurath 4d|5e,RWE,4195,1534.89536277656,,,,,'',"SRID=4326;LINESTRING(6.65624720989806 51.0365834812297,6.62457270588092 51.036785995792)",line,3,380.0,1.53489536277656,0.16372217202949974,4936.3448015713,100000.0,70.81329565973293,70.81329565973293,1.4345289582930303,normal,1.334330494868302
178570,114197,17099,380000;380000;110000;380000;110000,6;6;12,4;4;2;1;1;4;1,50;50;50,,Tennet,3016,2204.08412473052,,,,,'',"SRID=4326;LINESTRING(8.70347926581194 51.7155714407611,8.70215267475532 51.7363241568211)",line,5,380.0,2.20408412473052,0.1410613839827533,8000.0,100000.0,91.53405870420129,91.53405870420129,1.144175733802516,normal,1.3323082991211421
179832,21679,116861,220000;110000;220000;110000;110000,6;6;6,1;2;1,,110kV Wehofen Ost+West,RWE,2356,910.659352376678,,,,,'',"SRID=4326;LINESTRING(6.78780467943068 51.5334788887412,6.77392004424767 51.5307843423249)",line,5,220.0,0.910659352376678,0.0582821985521074,2476.832654823494,100000.0,-50.70516667979863,50.70516667979863,2.0471777364955654,normal,1.3254419359976917
181793,118086,118037,380000,3,2,,Großgartach - Obrigheim 1x 220 kV,,Anlage 323,127.967535441283,,,,,'',"SRID=4326;LINESTRING(9.09625594569451 49.2923272848766,9.09751241928241 49.2915052867572)",line,1,380.0,0.127967535441283,0.16,1645.4482671904334,100000.0,-181.01315128331018,181.01315128331018,11.000841223187535,normal,1.3246923901554275
168274,24835,118355,220000,6,2,50,220 kV Rheinau Ost; Windesheim,RWE,2400,171.137640446082,,,,,'',"SRID=4326;LINESTRING(8.41755868722372 49.6388189136666,8.42163643868058 49.6391596720556)",line,1,220.0,0.171137640446082,0.16,495.3665309646989,100000.0,41.49394511177018,41.49394511177018,8.376412720286739,normal,1.323268981578034
161536,2528,2529,110000;110000;110000,,,50;50;50,,Vattenfall Europe AG,,214.624318223599,,,,,'',"SRID=4326;LINESTRING(13.2116341848095 52.5757701932049,13.2127413583972 52.5735584649325)",line,3,110.0,0.214624318223599,0.05333333333333334,743.0497964470483,100000.0,-50.42671874751908,50.42671874751908,6.786452131288972,normal,1.3195226384305787
94958,113997,113996,220000,3,,50,203,50Hertz Transmission,203,142.183992309418,,,,,'',"SRID=4326;LINESTRING(12.5653764676089 51.0791246518849,12.5667175624965 51.0781506631211)",line,1,220.0,0.142183992309418,0.16,495.3665309646989,100000.0,-49.131302165527494,49.131302165527494,9.918171514302148,normal,1.3185436637035939
93975,118049,134318,380000,6,,,,,,34.4086637485054,,,,,'',"SRID=4326;LINESTRING(9.19002245437702 48.9163242616185,9.19488883025304 48.9134592121868)",line,1,380.0,0.034408663748505396,0.16,1645.4482671904334,100000.0,-640.3055864529327,640.3055864529327,38.91374765286547,normal,1.3164491282733923
180188,113566,134329,380000;380000;380000;110000;0;110000;110000,3;6;12;3;3,2;2;2;1;1;1,,Etzenricht - Mechlenreuth - Redwitz;Etzenricht - Mechlenreuth - Redwitz;RED-NEUS;KRON-RED,TenneT TSO GmbH,437,5332.62923452112,,,,,'',"SRID=4326;LINESTRING(11.2710244276092 50.1647774676218,11.1934192732072 50.1623792035131)",line,7,380.0,5.332629234521121,0.2437773364352512,8000.0,100000.0,-56.99088278786901,56.99088278786901,0.7123860348483627,normal,1.3148619542122018
146629,17306,113300,380000,3,,,EDS-WDL 1x 380 kV,,,299.103490159677,,,,,'',"SRID=4326;LINESTRING(9.40081810882864 48.6669725947836,9.40674047768168 48.6701078832782)",line,1,380.0,0.299103490159677,0.16,1645.4482671904334,100000.0,82.58923366462612,82.58923366462612,5.019254346151241,normal,1.3134103876166399
105615,24995,118464,380000;220000,12,4;2,50,380 kV Gilzem Ost; Uchtelfangen West; 220 kV Heisdorf - Quint Nord; Niederstedem Ost,Amprion,4553,10425.1576576367,,,,,'',"SRID=4326;LINESTRING(6.70228727974128 49.828994204827,6.56844524520752 49.7993590637094)",line,2,380.0,10.425157657636701,1.6680252252218721,3290.896534380867,86569.43421271861,-17.72423962830592,17.72423962830592,0.5385839221359924,normal,1.3118922698851425
178279,17028,112079,380000;380000;110000;110000,6;12;6,4;4;2;2,50;50;50,380 kV 3011; 220 kV 1046,TenneT,3011;1046,1975.6881882198,,,,,'',"SRID=4326;LINESTRING(8.80962878193478 50.2034694007106,8.78274588783042 50.2087121833965)",line,4,380.0,1.9756881882197999,0.158055055057584,6581.793068761734,100000.0,78.96027618343182,78.96027618343182,1.19967728183662,normal,1.3082184870236324
76029,16922,112213,380000;380000;220000,3;3;3,2,50,3101,EON_Netz,,94.302445897191,,,,,'',"SRID=4326;LINESTRING(9.50180203270264 53.5429366535212,9.50637011056058 53.5427945657796)",line,3,380.0,0.094302445897191,0.05333333333333334,4936.3448015713,100000.0,-715.3299888466182,715.3299888466182,14.491086372631825,normal,1.305895035719915
126865,112843,114782,,,,,,,,281.244221405703,,,,,'',"SRID=4326;LINESTRING(7.0522095852727 51.6554570927607,7.05333858792178 51.653017257823)",line,1,220.0,0.281244221405703,0.16,495.3665309646989,100000.0,26.088902445142725,26.088902445142725,5.266585611736028,normal,1.3052266218885311
138049,115461,115462,380000;110000,12,4;2,,,RWE,4162,679.280910992656,,,,,'',"SRID=4326;LINESTRING(6.99470707646328 51.4701590931572,6.99596103476838 51.4761522541902)",line,2,380.0,0.679280910992656,0.10868494575882495,3290.896534380867,100000.0,-82.79381514240126,82.79381514240126,2.51584376103692,normal,1.3041270433803702
117453,115720,115716,220000,6,2,,220kV Laer West+Pöppinghausen Ost,RWE,,175.585806050102,,,,,'',"SRID=4326;LINESTRING(7.16840918255636 51.3789433521959,7.1671749871875 51.3803324617719)",line,1,220.0,0.17558580605010202,0.16,495.3665309646989,100000.0,39.911116334012675,39.911116334012675,8.056885929755486,normal,1.3033348959849778
90651,114030,112952,380000;220000,6,4;2,,,,,731.210093691863,,,,,'',"SRID=4326;LINESTRING(9.1420737981088 49.1358794929282,9.14901085822735 49.1406397687914)",line,2,380.0,0.731210093691863,0.11699361499069807,3290.896534380867,100000.0,78.14921106731876,78.14921106731876,2.374708844561756,normal,1.303289228153782
181020,18277,114348,110000;220000;220000;220000;110000;220000,6;6;6;12,2;2;2;2,50;50;50;50;50,,RWE,2312,223.819034846826,,,,,'',"SRID=4326;LINESTRING(8.10489500188887 52.2642974245414,8.11013995452585 52.2621248731303)",line,6,220.0,0.22381903484682603,0.02666666666666667,2972.199185788193,100000.0,-191.22497727227517,191.22497727227517,6.433787418643832,normal,1.299472743874913
156485,17364,114652,380000,6,4,50,380 kV Liessem Ost; Weißenthurm Ost,RWE,4110,7355.08044059902,,,,,'',"SRID=4326;LINESTRING(7.13690143578002 50.6428910425134,7.07416845323536 50.5936908899782)",line,1,380.0,7.35508044059902,2.3536257409916868,1645.4482671904334,61352.15021023601,-10.052316883391171,10.052316883391171,0.6109166166952961,normal,1.2968964296940182
143278,18640,114225,220000,,,,,,,392.908423413914,,,,,'',"SRID=4326;LINESTRING(6.72821305185359 51.4878547710568,6.72324985199468 51.4899181884813)",line,1,220.0,0.392908423413914,0.16,495.3665309646989,100000.0,-19.336435129524432,19.336435129524432,3.9034601493701633,normal,1.2935830857127577
169030,117882,134367,380000,6,4,50,"380kV Bliestal Süd, 380kV Bürstadt Ltg.",Amprion,,182.341417486633,,,,,'',"SRID=4326;LINESTRING(7.22217128618576 49.3626572540495,7.23542955555306 49.3627899883735)",line,1,380.0,0.182341417486633,0.16,1645.4482671904334,100000.0,-126.72342353411969,126.72342353411969,7.701452914742627,normal,1.2899681375491752
103840,112517,112514,380000,3,,50,,,,356.222171206285,,,,,'',"SRID=4326;LINESTRING(7.42474524551043 51.4592583943398,7.41989227685103 51.4603225664995)",line,1,380.0,0.356222171206285,0.16,1645.4482671904334,100000.0,69.49720187449104,69.49720187449104,4.22360296949086,normal,1.2869445765787149
111277,19530,118552,220000;110000,9,2;1,,,RWE,2469,1128.37065713556,,,,,'',"SRID=4326;LINESTRING(6.81213749497652 51.5196177643219,6.81610942156634 51.5305575658666)",line,2,220.0,1.1283706571355598,0.1805393051416896,990.7330619293978,100000.0,-16.876694394363234,16.876694394363234,1.7034552537791368,normal,1.2867164026250317
159128,18014,113749,380000;220000;110000,12,,,Dellmensingen Ost; GRKA-WNGEN,EnBW,0339,3602.76678836575,,,,,'',"SRID=4326;LINESTRING(9.80132391851607 47.6525066550395,9.75450401598147 47.647653657793)",line,3,380.0,3.60276678836575,0.3842951240923467,4936.3448015713,100000.0,-41.341665751051806,41.341665751051806,0.8374955035128875,normal,1.2785688740744248
150684,115053,133655,220000,6,2,50,,,,470.408934403138,,,,,'',"SRID=4326;LINESTRING(7.72188871755009 49.4870110593911,7.72920582670852 49.4826134894634)",line,1,220.0,0.470408934403138,0.16,495.3665309646989,100000.0,16.413593757641507,16.413593757641507,3.3134240469732466,normal,1.2774593253867577
103463,112015,112016,380000;220000;110000,15,,,"2 x 380 kV, 2 x 220 kV, 1 x 110 kV",,,344.69280928037,,,,,'',"SRID=4326;LINESTRING(8.6733134792451 49.9422308722911,8.67812153214029 49.9424484759701)",line,3,380.0,0.34469280928037,0.05333333333333334,4936.3448015713,100000.0,211.84946825430484,211.84946825430484,4.291626228922877,normal,1.2710320243654987
122008,115052,118486,380000;220000,12,4;2,50,,RWE,,204.941002163355,,,,,'',"SRID=4326;LINESTRING(7.72187335635873 49.4877081799202,7.72327212308763 49.4893231435121)",line,2,380.0,0.204941002163355,0.08,3290.896534380867,100000.0,-224.19422160058767,224.19422160058767,6.812557589045153,normal,1.2700692321307967
80806,112986,112988,380000;110000,12,4;1,,,,3021,1718.12270538927,,,,,'',"SRID=4326;LINESTRING(8.64051661704259 51.8937826846339,8.62656461287034 51.9061874834157)",line,2,380.0,1.71812270538927,0.2748996328622832,3290.896534380867,100000.0,41.75288719207026,41.75288719207026,1.2687389820939918,normal,1.268664710343104
94326,112813,134312,220000;110000,18,2;1,,,RWE,2412,1126.9295600231,,,,,'',"SRID=4326;LINESTRING(6.88127464958083 51.4528179806137,6.87291862288804 51.4457783048362)",line,2,220.0,1.1269295600231,0.180308729603696,990.7330619293978,100000.0,16.65337143006429,16.65337143006429,1.6809140695913358,normal,1.2685512527797664
169276,113454,134317,110000,6,1,,,RWE,1588,258.244238257413,,,,,'',"SRID=4326;LINESTRING(7.19469406743275 51.5574297494537,7.18634668056332 51.5504792919462)",line,1,110.0,0.258244238257413,0.16,247.68326548234944,75625.0,13.669608167058838,13.669608167058838,5.518987381096593,normal,1.2678068108897995
179518,135069,112555,380000;220000;380000;220000;380000,12;12;6,4;2;4;2;4,,,RWE,4576,2203.54771167152,,,,,'',"SRID=4326;LINESTRING(6.6822465046727 51.5774856572847,6.70390642898174 51.5583998700378)",line,5,380.0,2.2035477116715203,0.1410270535469773,8000.0,100000.0,-87.07252375969033,87.07252375969033,1.088406546996129,normal,1.2671869608261834
178650,118103,118105,380000;110000;380000;110000;20000,9;12,4;1;4;1,,HUEFF-WIESL-NEURO;LEIMN-WIESL-BAIER;HUEFF-WIESL-NEURO;LEIMN-WIESL-BAIER,,,2481.2934391295,,,,,'',"SRID=4326;LINESTRING(8.67537547214826 49.3066212395299,8.70945189464147 49.3079588687383)",line,5,380.0,2.4812934391295,0.158802780104288,8000.0,100000.0,-80.74871807845496,80.74871807845496,1.009358975980687,normal,1.2590783258050764
181873,118086,118088,380000,3,,,,,,4993.78814645637,,,,,'',"SRID=4326;LINESTRING(9.09625594569451 49.2923272848766,9.13915615989751 49.3186293752102)",line,1,380.0,4.99378814645637,1.5980122068660385,1645.4482671904334,90362.26342925869,11.545720212204312,11.545720212204312,0.7016762813162382,normal,1.2565082933546092
82397,115704,115705,110000,6,1,,110kV Lintorf West+Schwarzbach Süd,RWE,,142.754446464304,,,,,'',"SRID=4326;LINESTRING(6.72388963214003 51.3539351437558,6.72384974694142 51.352641055629)",line,1,110.0,0.14275444646430402,0.16,247.68326548234944,75625.0,-23.312175856627302,23.312175856627302,9.412091612741026,normal,1.255963898181221
72354,113904,113853,220000;220000,3;3,2;2,50;50,317;317,50Hertz Transmission,317,354.402611761144,,,,,'',"SRID=4326;LINESTRING(12.2188089462783 54.1129809662942,12.2186639581915 54.1126099873513)",line,2,220.0,0.35440261176114396,0.08,990.7330619293978,100000.0,40.928134027752584,40.928134027752584,4.131096013697909,normal,1.2532112704173521
88566,113474,112111,220000,6,1,50,202A,TenneT,,64.3947068128474,,,,,'',"SRID=4326;LINESTRING(9.45967747872262 53.8646574512707,9.45870783720494 53.8645210451315)",line,1,220.0,0.0643947068128474,0.16,495.3665309646989,100000.0,99.37988280357413,99.37988280357413,20.06188884219475,normal,1.251987996431142
175929,1056,112069,110000;380000;110000;110000,6;6,3;1,50;50;50;50,"671, 672;903, 904;671, 672",Stromnetz Berlin,671;672,902.130122010988,,,,,'',"SRID=4326;LINESTRING(13.2768681339432 52.5285740598557,13.2636140309152 52.5291927529091)",line,4,380.0,0.902130122010988,0.07217040976087905,6581.793068761734,100000.0,127.83201914080936,127.83201914080936,1.9422065963684128,normal,1.248789072494869
167535,115159,134630,220000;110000,9,2,,,RWE,2634,653.206398951063,,,,,'',"SRID=4326;LINESTRING(7.47584977320329 51.6138250909337,7.46153667522325 51.6146353231095)",line,2,220.0,0.6532063989510629,0.10451302383217007,990.7330619293978,100000.0,-24.587568968914564,24.587568968914564,2.4817551683428873,normal,1.247619704639799
180247,19193,115096,380000;380000;220000;220000;380000,3;6;3;3;3,4;4;2;2;2,50;50;50;50,,,,1237.14126531623,,,,,'',"SRID=4326;LINESTRING(8.04859694251943 47.5517010412919,8.03509676181566 47.5606404696196)",line,5,380.0,1.23714126531623,0.07917704098023873,8000.0,100000.0,-123.74134167717591,123.74134167717591,1.5467667709646988,normal,1.2454547942058372
147076,118465,118464,380000;220000,9,4;2,50,380 kV Gilzem Ost; Uchtelfangen West; 220 kV Niederstedem Ost,RWE,,292.746993874413,,,,,'',"SRID=4326;LINESTRING(6.56672443244926 49.8017565524384,6.56844524520752 49.7993590637094)",line,2,380.0,0.292746993874413,0.08,3290.896534380867,100000.0,-159.5520080493573,159.5520080493573,4.84828393668641,normal,1.2448909909967574
82056,114845,114808,220000,3,,,Anlage 313,,,2103.68955017415,,,,,'',"SRID=4326;LINESTRING(9.04710139098889 48.8918369730262,9.06058034233251 48.9085484414843)",line,1,220.0,2.10368955017415,0.673180656055728,495.3665309646989,71897.49076211319,5.420716736154223,5.420716736154223,1.0942840093773951,normal,1.2393768565358172
160969,11590,113085,380000;220000;110000;380000;110000,12;12,4;2;1;4;1,50,,Tennet,3016,2251.51673949581,,,,,'',"SRID=4326;LINESTRING(8.67980452582509 51.8398006652564,8.66425468825698 51.8577993552681)",line,5,380.0,2.25151673949581,0.14409707132773183,8000.0,100000.0,83.81428846652162,83.81428846652162,1.0476786058315202,normal,1.235340449427657
149962,115460,113244,380000;110000,6;6,4;2,,,RWE,4125,1405.40732278861,,,,,'',"SRID=4326;LINESTRING(6.98791195015962 51.4664128837356,6.96864497377735 51.4680699634858)",line,2,380.0,1.40540732278861,0.2248651716461776,3290.896534380867,100000.0,46.01483101438486,46.01483101438486,1.3982460564668548,normal,1.2272674858729244
109036,19322,114111,220000,6,1,50,210,,,5520.05633068342,,,,,'',"SRID=4326;LINESTRING(8.40896371492883 53.1902439664928,8.40591322626264 53.2353967921498)",line,1,220.0,5.5200563306834205,1.7664180258186946,495.3665309646989,27400.082705546272,3.2326933553136747,3.2326933553136747,0.6525861464677848,normal,1.2235226822130403
101466,20945,115556,220000,6,,,220kV Welper Ost,RWE,,337.4695746817,,,,,'',"SRID=4326;LINESTRING(7.17590440489993 51.4755782474736,7.17649213365133 51.4719931932614)",line,1,220.0,0.3374695746817,0.16,495.3665309646989,100000.0,-20.822085709282234,20.822085709282234,4.203369506763481,normal,1.2222534801655096
133073,114548,134440,110000,6,,,,Eon_Netz,,364.033631354974,,,,,'',"SRID=4326;LINESTRING(9.05721094136484 51.1653018593389,9.05027317411042 51.1666862060406)",line,1,110.0,0.36403363135497396,0.16,247.68326548234944,75625.0,9.630807553791081,9.630807553791081,3.888356177408925,normal,1.2071254599322723
121740,116009,116017,380000,3,,,,,,296.11413780046,,,,,'',"SRID=4326;LINESTRING(7.96409976080819 47.5968970925726,7.96630251971638 47.594674952299)",line,1,380.0,0.29611413780046003,0.16,1645.4482671904334,100000.0,-76.56610341384152,76.56610341384152,4.653206359661277,normal,1.2069052201757648
152089,115890,114101,220000;110000,15,2;1,,,RWE,,244.230777901203,,,,,'',"SRID=4326;LINESTRING(7.42912596982497 50.4068427544573,7.43254917987816 50.4065513383138)",line,2,220.0,0.244230777901203,0.08,990.7330619293978,100000.0,-54.68617179216761,54.68617179216761,5.519768532370296,normal,1.206165964489097
169248,18149,133872,220000,6,4;2,50,,EnBW,5160,11630.2311425031,,,,,'',"SRID=4326;LINESTRING(8.50103282348084 48.9231456598707,8.64163377912628 48.8900324453403)",line,1,220.0,11.630231142503101,3.7216739656009925,495.3665309646989,13004.900603157523,2.3533623752146817,2.3533623752146817,0.4750749653255013,normal,1.2048344067554646
95485,118338,118339,220000;110000,,,50,220 kV Windesheim,RWE,2327,188.838796171935,,,,,'',"SRID=4326;LINESTRING(7.89862488351527 49.8603024871273,7.89633166425797 49.8611534700947)",line,2,220.0,0.188838796171935,0.08,990.7330619293978,100000.0,-68.88349728326747,68.88349728326747,6.952780716646386,normal,1.2026713529262538
173129,113007,142811,380000;110000,12,4,,,TenneT TSO GmbH,,778.582257468101,,,,,'',"SRID=4326;LINESTRING(9.12036295499608 50.1775820390891,9.117860671677 50.1704899588736)",line,2,380.0,0.7785822574681011,0.12457316119489617,3290.896534380867,100000.0,68.60071568888237,68.60071568888237,2.0845600878724855,normal,1.200324223859006
97134,114942,112792,380000;110000,9,4;1,,380 KV,RWE,4153,1585.05434400488,,,,,'',"SRID=4326;LINESTRING(6.79245121058072 51.3260616712243,6.79451212550554 51.3123012393228)",line,2,380.0,1.58505434400488,0.2536086950407808,3290.896534380867,100000.0,41.26234639656445,41.26234639656445,1.253832989444846,normal,1.1908235316335463
149963,113244,113241,380000;110000,6;6,4;2,,,RWE,4125,3067.94987762475,,,,,'',"SRID=4326;LINESTRING(6.96864497377735 51.4680699634858,6.94800492248331 51.4460924661938)",line,2,380.0,3.0679498776247502,0.49087198041996005,3290.896534380867,100000.0,27.91373858034296,27.91373858034296,0.8482107622868342,normal,1.190157733933019
167362,134547,134534,110000,6,1,,Kagers - Straubing - Plattling,E.ON Netz GmbH,132,7411.86446912025,,,,,'',"SRID=4326;LINESTRING(12.8527399810302 48.764456415926,12.7609118382856 48.8070913485694)",line,1,110.0,7.41186446912025,2.37179663011848,247.68326548234944,5101.617839551261,1.3790984202901675,1.3790984202901675,0.5567991917437174,normal,1.1857835824503073
120960,134299,112729,110000,6,1,50,110 kV Glesch Süd; Grefrath Ost,RWE,2321,7207.57033011098,,,,,'',"SRID=4326;LINESTRING(6.80447610684917 50.9661875964499,6.69717301693809 50.9701700770486)",line,1,110.0,7.20757033011098,2.3064225056355134,247.68326548234944,5246.2200531059925,1.39382831433391,1.39382831433391,0.5627462604788849,normal,1.1846129207212017
121062,17256,114622,380000;110000,6;6,4;1,50,,RWE,4372,4207.50465010394,,,,,'',"SRID=4326;LINESTRING(7.54572442438118 51.9703292911584,7.48701816780464 51.957653872436)",line,2,380.0,4.20750465010394,0.6732007440166303,3290.896534380867,100000.0,-23.59151039414975,23.59151039414975,0.7168718356132744,normal,1.1829107802063414
149262,16903,112534,220000;110000,12,4;2,,,RWE,4574,1069.07795731932,,,,,'',"SRID=4326;LINESTRING(6.61430625728039 51.6186756053732,6.62901433290233 51.6137687514164)",line,2,220.0,1.0690779573193199,0.17105247317109118,990.7330619293978,100000.0,-16.103198720585077,16.103198720585077,1.6253821881370334,normal,1.1818203899648363
132403,112047,112048,380000,3,4,,494,50Hertz Transmission,494,231.537785106356,,,,,'',"SRID=4326;LINESTRING(12.9041526309856 52.5964457887893,12.9064615707604 52.5948972895548)",line,1,380.0,0.231537785106356,0.16,1645.4482671904334,100000.0,-93.33647802760997,93.33647802760997,5.672404285731812,normal,1.1813554522901184
143083,112734,117161,220000,3,2,50,220 kV Niederaußem 5e,RWE,,48.3499865300276,,,,,'',"SRID=4326;LINESTRING(6.71453808020082 51.0050142870708,6.713945820934 51.0047709389774)",line,1,220.0,0.0483499865300276,0.16,495.3665309646989,100000.0,-123.52941952751273,123.52941952751273,24.93697329267402,normal,1.1774612062906498
113315,117927,117928,220000,3,2,50,220 kV Neurath 1a,RWE,,111.819279560264,,,,,'',"SRID=4326;LINESTRING(6.62089302374472 51.0534670510413,6.62041781495943 51.0544382842797)",line,1,220.0,0.111819279560264,0.16,495.3665309646989,100000.0,54.93328466653624,54.93328466653624,11.08942191947379,normal,1.17545282123375
123958,18041,114490,380000,6,,50,,RWE,4554,57.6015655455328,,,,,'',"SRID=4326;LINESTRING(8.25887692141771 47.6342498336695,8.25507405263416 47.6340379623389)",line,1,380.0,0.0576015655455328,0.16,1645.4482671904334,100000.0,-344.81420502025725,344.81420502025725,20.955639377773927,normal,1.1735927206401777
172335,115236,142256,220000,6,2,50,220 kV Dünnwald Ost|West,RWE,,119.557379451585,,,,,'',"SRID=4326;LINESTRING(6.98713769221624 51.0542066582955,6.98511826589643 51.0539594108093)",line,1,220.0,0.11955737945158501,0.16,495.3665309646989,100000.0,51.38126328991799,51.38126328991799,10.372372794313701,normal,1.1713874323354878
180410,118086,24254,380000;380000,3;6,,,,,,262.561435691554,,,,,'',"SRID=4326;LINESTRING(9.09625594569451 49.2923272848766,9.09181851974764 49.2947261816589)",line,2,380.0,0.262561435691554,0.08,3290.896534380867,100000.0,164.84184612437502,164.84184612437502,5.009025485980146,normal,1.1678169393391185
180701,20476,17578,110000;110000;220000;110000;110000;110000;220000;220000;110000;220000,6;3;6;6;6;3;3;12;3,1;1;1;1;1;1;1;1;1,50;50;50;50;50;50;50;50;50,110kV Derne-Pöppinghausen Nord;2601 Gersteinwerk - Pöppinghausen;110kV Derne-Pöppinghausen Süd;Elmenhorst Süd;2601 Gersteinwerk - Pöppinghausen;Cappenberg Nord,RWE,1788,3042.45659863139,,,,,'',"SRID=4326;LINESTRING(7.29713403778859 51.5909819123183,7.26402302448204 51.5735977986741)",line,8,220.0,3.0424565986313903,0.12169826394525561,3962.932247717591,100000.0,33.094877060546594,33.094877060546594,0.8351108470150415,normal,1.1665267380172548
92902,112151,112143,110000,6,1,50,110 kV Hülsberg Nord+Süd,RWE,,48.4269189035002,,,,,'',"SRID=4326;LINESTRING(6.94841913566081 51.0725606389159,6.94848291604599 51.0730053618564)",line,1,110.0,0.048426918903500205,0.16,247.68326548234944,75625.0,60.71307793001406,60.71307793001406,24.51238593442262,normal,1.1592120152877505
86891,113009,113010,380000,6,,,,TenneT TSO GmbH,,264.839564526648,,,,,'',"SRID=4326;LINESTRING(9.09737048546752 50.1195925393835,9.09449425959082 50.1187688690083)",line,1,380.0,0.26483956452664803,0.16,1645.4482671904334,100000.0,81.17957227533057,81.17957227533057,4.933583990090609,normal,1.1591223098215009
180470,27239,134273,380000;110000;110000;110000;110000;380000;380000;380000,3;3;6;3;3;3;3,1,50;50;50;50;50;50;50;50,,50Hertz,,13199.0927882992,,,,,'',"SRID=4326;LINESTRING(14.4291278148799 51.8132595180845,14.4282090197737 51.8888221394086)",line,8,380.0,13.1990927882992,0.527963711531968,8000.0,100000.0,34.88153421735262,34.88153421735262,0.4360191777169078,normal,1.156836522344412
120881,16961,114045,380000;220000,15,,,"2 x 380 kV, 3 x 220 kV",,,79.8098987993417,,,,,'',"SRID=4326;LINESTRING(8.77239711773549 49.9746382876172,8.77499315743388 49.9715436490467)",line,2,380.0,0.0798098987993417,0.08,3290.896534380867,100000.0,-493.41477381240617,493.41477381240617,14.993323814880581,normal,1.151262459274703
25326,16961,18071,110000,6,,,110 kV,,,6435.95760433988,,,,,'',"SRID=4326;LINESTRING(8.77239711773549 49.9746382876172,8.67933147722094 49.9738296903815)",line,1,110.0,6.4359576043398805,2.0595064333887616,247.68326548234944,5875.194077490872,1.418269824438489,1.418269824438489,0.5726143111350244,normal,1.148851763988474
180801,134617,112873,220000;220000;220000,3;6;3,2;2;2,50;50;50,220kV Herne 1A;220kV Bochum West+Herne 1A;220kV Bochum West,RWE,4546,98.5019540688283,,,,,'',"SRID=4326;LINESTRING(7.12549623603904 51.4486792678061,7.12125742177668 51.4510951846754)",line,3,220.0,0.09850195406882829,0.05333333333333334,1486.0995928940965,100000.0,180.6076301866022,180.6076301866022,12.153130991367735,normal,1.1417549575406654
98304,112519,112520,220000;110000,12,2,50,,RWE,,298.908108842614,,,,,'',"SRID=4326;LINESTRING(7.42537092210582 51.4563314431164,7.42128466554142 51.4554590642949)",line,2,220.0,0.29890810884261404,0.08,990.7330619293978,100000.0,43.234384567203406,43.234384567203406,4.363878246175295,normal,1.1412588737909666
179955,113734,134376,380000;380000,3;6,2;2,50;50,Dellmensingen - Niederstotzingen - Rotensohl;Dellmensingen - Niederstotzingen (-Rotensohl),EnBW,0329,201.818977246289,,,,,'',"SRID=4326;LINESTRING(10.2350870622995 48.5299357479294,10.2315271378528 48.5297331193394)",line,2,380.0,0.201818977246289,0.08,3290.896534380867,100000.0,-203.71270956887065,203.71270956887065,6.190188826680816,normal,1.1379809365182696
80084,112036,112043,220000,3,2,50,293,50Hertz Transmission,293,195.001770260678,,,,,'',"SRID=4326;LINESTRING(13.2115235123665 52.680937765612,13.2106470261438 52.6792569691444)",line,1,220.0,0.195001770260678,0.16,495.3665309646989,100000.0,31.55058573582753,31.55058573582753,6.3691395691155215,normal,1.1346473535835682
179595,112648,16963,220000;380000;220000;380000,3;9;6,2;2,50;50,Irsching - Raitersaich,TenneT TSO GmbH,286,633.798580118622,,,,,'',"SRID=4326;LINESTRING(10.8383251791959 49.3722481872167,10.8430899849666 49.3785786326225)",line,4,380.0,0.633798580118622,0.05070388640948976,6581.793068761734,100000.0,-152.09449266816443,152.09449266816443,2.3108367443216924,normal,1.1344075994308758
140344,116094,116090,220000,6,2,50,,,,184.057935073892,,,,,'',"SRID=4326;LINESTRING(7.00421358778901 49.3767428818487,7.00170117960238 49.3764485707419)",line,1,220.0,0.184057935073892,0.16,495.3665309646989,100000.0,33.18651213746748,33.18651213746748,6.699385215395676,normal,1.1318441620285422
130661,114565,114570,220000,3,2,50,2x 220 kV,EVS,322,170.065855298275,,,,,'',"SRID=4326;LINESTRING(9.20985285410549 49.0291622671803,9.20917498539209 49.0306373436926)",line,1,220.0,0.170065855298275,0.16,495.3665309646989,100000.0,35.17343218120139,35.17343218120139,7.100486202146738,normal,1.1152026029436366
162216,23442,29726,220000;220000,12;12,,50,Öldruckkabel,Schluchseewerk AG,,539.948090757079,,,,,'',"SRID=4326;LINESTRING(7.95921956532926 47.5783599699372,7.95753364593255 47.5721900910276)",line,2,220.0,0.539948090757079,0.08639169452113263,990.7330619293978,100000.0,-25.535232743151283,25.535232743151283,2.577407954209465,normal,1.1127925556540528
178007,16956,112203,220000;220000;220000,6;3;3,1,,220kV Eller West+Itterbach West;220kV Itterbach West;220kV Eller West,RWE,2355,207.222405448434,,,,,'',"SRID=4326;LINESTRING(6.82809305750979 51.162560954334,6.82448243866657 51.1654887657659)",line,3,220.0,0.20722240544843398,0.05333333333333334,1486.0995928940965,100000.0,87.64553875250103,87.64553875250103,5.8976894396301,normal,1.1106657802838387
74676,122545,134389,380000;380000,6;3,4;4,,521; 522;522,,,206.326424264562,,,,,'',"SRID=4326;LINESTRING(13.3083903765891 52.2273244517529,13.3041225501447 52.2308385418574)",line,2,380.0,0.20632642426456202,0.08,3290.896534380867,100000.0,-194.48244763842268,194.48244763842268,5.909710184036875,normal,1.1085418322333922
108463,17081,112511,110000,6,2;1,50,110kV Lünen Nord+Süd,RWE,2634,181.787423638599,,,,,'',"SRID=4326;LINESTRING(7.44507423414899 51.6185050689451,7.45026404711253 51.6182173498848)",line,1,110.0,0.18178742363859898,0.16,247.68326548234944,75625.0,16.415406752472787,16.415406752472787,6.627580075103052,normal,1.1069918303273822
152449,112763,112780,220000;110000,6,2;1,,,RWE,,157.734943017593,,,,,'',"SRID=4326;LINESTRING(7.07080534047467 51.506886075351,7.07051329817581 51.5083032799067)",line,2,220.0,0.157734943017593,0.08,990.7330619293978,100000.0,74.79138341681679,74.79138341681679,7.549095340692952,normal,1.1056817285352782
170931,16780,141269,110000;110000,6;6,1;2,50;50,110 kV Hülsberg Nord|Süd;110 kV Hülsberg Nord|Süd,RWE,,26.1964061888937,,,,,'',"SRID=4326;LINESTRING(6.96562911753218 51.0692893895334,6.9613060794248 51.068980125616)",line,2,110.0,0.0261964061888937,0.08,495.3665309646989,100000.0,-210.78823793936328,210.78823793936328,42.55197409660779,normal,1.1003581984996231
109476,20897,114194,220000,6,1,50,,RWE,2374,457.89015144125,,,,,'',"SRID=4326;LINESTRING(6.72031079656384 51.3915332301309,6.72560891776231 51.3869259940974)",line,1,220.0,0.45789015144125,0.16,495.3665309646989,100000.0,-14.258851031823117,14.258851031823117,2.8784445739712763,normal,1.085145651239399
179227,46272,114290,380000;380000;380000;380000,,,,380kV Soonwald West;380kV Soonwald Ost;380kV Metternich,RWE,4133,142.949557626069,,,,,'',"SRID=4326;LINESTRING(7.44924655271619 50.4025219054932,7.4526020923025 50.398698973836)",line,4,380.0,0.142949557626069,0.04,6581.793068761734,100000.0,-533.5160326553845,533.5160326553845,8.105937501857037,normal,1.0830525664486592
148154,112043,112044,220000,3,2,50,295,50Hertz Transmission,295,138.08092131489,,,,,'',"SRID=4326;LINESTRING(13.2106470261438 52.6792569691444,13.2086783681986 52.6796245910322)",line,1,220.0,0.13808092131489,0.16,495.3665309646989,100000.0,41.430760383880106,41.430760383880106,8.363657573553867,normal,1.0817842544014789
161119,113391,113392,220000;220000,6;6,2;1,50;50,220 kV Merheim Ost|West;220 kV Merheim Ost|West,RWE,2380,86.3449624512972,,,,,'',"SRID=4326;LINESTRING(7.05489914123335 50.9279135700905,7.05556075044011 50.927246291513)",line,2,220.0,0.0863449624512972,0.08,990.7330619293978,100000.0,-128.99631462770512,128.99631462770512,13.020289680904758,normal,1.078324976079144
160967,112986,113084,380000;220000;110000;380000;110000,12;12,4;2;1;4;1,50,,Tennet,3016,4038.02844826446,,,,,'',"SRID=4326;LINESTRING(8.64051661704259 51.8937826846339,8.66253531280317 51.8606735846137)",line,5,380.0,4.03802844826446,0.25843382068892545,8000.0,100000.0,-53.064488595477854,53.064488595477854,0.6633061074434732,normal,1.0725758090184154
179784,134655,143741,20000;20000,3;3,1;1,,,,,865.98387160779,,,,,'',"SRID=4326;LINESTRING(10.336396317904 49.4981127521291,10.3301466072624 49.5004778548285)",line,2,20.0,0.86598387160779,0.1385574194572464,200.0,2886.8897931765027,3.4123442074231733,3.4123442074231733,1.7061721037115867,normal,1.0642904675179494
180264,7114,113295,380000;220000;380000;220000;110000;380000;220000;110000,12;15;3;18,2;2;1;1;2;1,50;50;50,Oberbachern - Ottenhofen;Oberbachern - Neufinsing;Oberbachern - Ottenhofen;Oberbachern - Neufinsing;Oberbachern - Ottenhofen;Oberbachern - Neufinsing,TenneT TSO GmbH,461;462;263;264,2860.32164708059,,,,,'',"SRID=4326;LINESTRING(11.5987011869984 48.2907165723889,11.5651679757575 48.2984498645738)",line,8,380.0,2.86032164708059,0.1144128658832236,8000.0,100000.0,-62.727331932399544,62.727331932399544,0.7840916491549943,normal,1.0591121936219434
72081,17786,113826,380000;380000,3;3,4,50;50,423,50Hertz Transmission,423,515.513732019355,,,,,'',"SRID=4326;LINESTRING(11.3705935827954 53.6009899381067,11.3701638498375 53.5949592749993)",line,2,380.0,0.5155137320193549,0.08248219712309679,3290.896534380867,100000.0,-82.95416066724654,82.95416066724654,2.5207161574544346,normal,1.047999031547984
127744,18824,114845,220000;110000,6,,50,Anlage 9333,,,1026.75090697,,,,,'',"SRID=4326;LINESTRING(9.04558352922656 48.9028275892036,9.04710139098889 48.8918369730262)",line,2,220.0,1.02675090697,0.1642801451152,990.7330619293978,100000.0,14.63945794000221,14.63945794000221,1.4776389829458882,normal,1.0438543764737955
122900,21884,116091,220000;110000,12,2;1,50,Uchtelfangen - Heinitz,RWE,2411,4931.11663479845,,,,,'',"SRID=4326;LINESTRING(7.04940254090013 49.3447125433596,7.00225301468142 49.3737145866656)",line,2,220.0,4.93111663479845,0.788978661567752,990.7330619293978,61345.131823750526,-5.793399724173471,5.793399724173471,0.5847588969011639,normal,1.0409950965491939
176644,20669,116015,220000;380000,6;3,,50,,,,424.055281505876,,,,,'',"SRID=4326;LINESTRING(7.96101664206233 47.5949535900829,7.96665429998164 47.5950181356223)",line,2,380.0,0.424055281505876,0.08,3290.896534380867,100000.0,-96.87395234383584,96.87395234383584,2.943694866482979,normal,1.0406215497457443
12413,17600,21884,220000;110000,9,2;1,50,,RWE,2411,7175.47494425134,,,,,'',"SRID=4326;LINESTRING(7.11705826498691 49.3217400877132,7.04940254090013 49.3447125433596)",line,2,220.0,7.175474944251341,1.1480759910802145,990.7330619293978,42157.488159351604,-4.900833883051599,4.900833883051599,0.49466744084501396,normal,1.0393649591167649
138452,112815,112816,220000,3,2,,220kV Osterfeld West,RWE,2412,96.1394349200074,,,,,'',"SRID=4326;LINESTRING(6.89868768287973 51.49502918955,6.89898933715214 51.4958839780616)",line,1,220.0,0.0961394349200074,0.16,495.3665309646989,100000.0,-55.44279882165881,55.44279882165881,11.192277910598246,normal,1.0273884586737974
181862,134547,142307,380000;380000;220000;110000,3;6;3,2;2;1;2,,Pleinting - Plattling - Schwandorf;Pleinting - Plattling - Schwandorf;PLA DK1,TenneT TSO GmbH,465,4479.35854834814,,,,,'',"SRID=4326;LINESTRING(12.8527399810302 48.764456415926,12.8939821496887 48.7325601575412)",line,4,380.0,4.47935854834814,0.3583486838678512,6581.793068761734,100000.0,-39.32947512292895,39.32947512292895,0.5975495539292031,normal,1.016424645071246
179168,112458,17111,380000;380000;220000;220000,6;12;6,2;2;2,50,Oberbachern - Ottenhofen;Neufinsing - Ottenhofen,TenneT TSO GmbH,462,4242.21529853824,,,,,'',"SRID=4326;LINESTRING(11.8270192453984 48.2267738769654,11.868165812601 48.2067732154364)",line,4,380.0,4.24221529853824,0.33937722388305924,6581.793068761734,100000.0,40.35927456176314,40.35927456176314,0.6131957376982096,normal,1.015908467111355
149961,115461,115460,380000;110000,6;6,4;2,,,RWE,4125,678.054791899416,,,,,'',"SRID=4326;LINESTRING(6.99470707646328 51.4701590931572,6.98791195015962 51.4664128837356)",line,2,380.0,0.6780547918994161,0.10848876670390657,3290.896534380867,100000.0,64.33947386256244,64.33947386256244,1.9550743449510168,normal,1.0120154180616083
137906,114099,115890,220000;110000,12,2;1,,,RWE,,370.154765179624,,,,,'',"SRID=4326;LINESTRING(7.42799013997973 50.4096137519024,7.42912596982497 50.4068427544573)",line,2,220.0,0.37015476517962403,0.08,990.7330619293978,100000.0,-31.72796990524862,31.72796990524862,3.20247411986637,normal,1.0085350013655456
126987,113302,113303,380000,3,,,,,,214.69444349153,,,,,'',"SRID=4326;LINESTRING(9.42053581566838 48.6763723623796,9.4201526841997 48.6744465468642)",line,1,380.0,0.21469444349153,0.16,1645.4482671904334,100000.0,-85.27972393838901,85.27972393838901,5.1827654286574605,normal,1.0080093074239
178200,25355,21049,380000;380000;220000;0;380000;110000;0;110000;110000;110000,3;6;3;12;3;3;3,2;2;1;1;2;1;2;1;2,,Etzenricht - Mechlenreuth - Redwitz;Etzenricht - Mechlenreuth - Redwitz;Etzenricht - Mechlenreuth - Redwitz;Mechlenreuth - Redwitz;Mechlenreuth - Münchberg;Mechlenreuth - Münchberg,TenneT TSO GmbH,437,5706.58732588683,,,,,'',"SRID=4326;LINESTRING(11.7714326395937 50.2096882325532,11.8108074888515 50.1837765401381)",line,8,380.0,5.706587325886829,0.2282634930354732,8000.0,100000.0,42.09353455311427,42.09353455311427,0.5261691819139284,normal,1.0013474275108099
174147,118492,143528,380000;220000;380000;220000;380000;220000;380000;220000,12;12;12;12,4;2;4;2;4;2;4;2,50;50;50;50,,RWE,,244.041329587301,,,,,'',"SRID=4326;LINESTRING(8.06932814369537 49.5808056402293,8.07311026458779 49.5799158659973)",line,8,380.0,0.244041329587301,0.02,8000.0,100000.0,-366.8380235324675,366.8380235324675,4.585475294155843,normal,1.001308307225576
119375,112020,112021,380000,3,,50,520,50Hertz,520,261.904418349273,,,,,'',"SRID=4326;LINESTRING(13.5164494490386 52.6186499651463,13.5186145685364 52.6206132442322)",line,1,380.0,0.26190441834927297,0.16,1645.4482671904334,100000.0,70.76285559522027,70.76285559522027,4.3005214448975835,normal,1.0003959985409148
108638,18041,114493,380000;110000,6,,50,Herbertingen - Tiengen,,5200,136.081640252929,,,,,'',"SRID=4326;LINESTRING(8.25887692141771 47.6342498336695,8.25637634030155 47.6309723602763)",line,2,380.0,0.136081640252929,0.08,3290.896534380867,100000.0,-256.8766754009813,256.8766754009813,7.805674615331193,normal,0.9958884331068216
178680,25190,19958,220000;220000;110000;220000;220000;110000;110000,3;12;6;3;6;6,2;2;1;2;2;1;1,50,220kV Pöppinghausen Ost;220kV/d Pöppinghausen West+Ost;110kV Laer-Witten Ost+West;110kV Elbestr West+Ost,RWE,2652,3827.48555874525,,,,,'',"SRID=4326;LINESTRING(7.25561044527564 51.4900204782344,7.27894548135284 51.4722703560338)",line,7,220.0,3.82748555874525,0.17497076839978284,3467.5657167528925,100000.0,-21.915193807986455,21.915193807986455,0.6320051470721179,normal,0.9949819732875781
176682,21040,115655,220000;110000,6;3,2;1,50;50,220kV Fichtenhain West+Utfort West;110 kV Krefeld Ost,RWE,2388,189.545891046648,,,,,'',"SRID=4326;LINESTRING(6.54083067790369 51.2985241649685,6.5396483355763 51.2969901372723)",line,2,220.0,0.18954589104664799,0.08,990.7330619293978,100000.0,-56.756853940032045,56.756853940032045,5.728773584026883,normal,0.9943525696341674
86398,112371,120907,380000;110000,12,4;2,50,,RWE,4503,2005.71426353265,,,,,'',"SRID=4326;LINESTRING(8.47440662257326 50.0566146492183,8.50205416190413 50.058965176349)",line,2,380.0,2.00571426353265,0.32091428216522405,3290.896534380867,100000.0,29.65832305692473,29.65832305692473,0.9012232000330724,normal,0.9918098585584239
179413,27239,134273,380000;110000;380000;380000;110000;380000;110000;110000,3;3;3;3;3;6;3,,50;50;50;50;50;50;50;50,,50Hertz,,8676.66518087528,,,,,'',"SRID=4326;LINESTRING(14.4291278148799 51.8132595180845,14.4282090197737 51.8888221394086)",line,8,380.0,8.676665180875279,0.34706660723501115,8000.0,100000.0,34.88153421735262,34.88153421735262,0.4360191777169078,normal,0.9896402864160956
179456,18126,18642,220000;220000;220000,6;6;12,,,,,,1536.46832082186,,,,,'',"SRID=4326;LINESTRING(6.72890611185741 51.4960799377527,6.74539433981265 51.4986616754736)",line,3,220.0,1.5364683208218601,0.16388995422099842,1486.0995928940965,100000.0,-15.730856348206146,15.730856348206146,1.0585331173916261,normal,0.9852537156674215
92176,114826,114827,220000,6,,,,,,62.4650409340114,,,,,'',"SRID=4326;LINESTRING(9.23701278790014 48.922185849389,9.23679054469885 48.9227402851052)",line,1,220.0,0.062465040934011395,0.16,495.3665309646989,100000.0,-79.82804905983242,79.82804905983242,16.114946018733182,normal,0.9764322748207375
87698,112413,112412,380000,3,3,50,504,50Hertz,504,415.599111817053,,,,,'',"SRID=4326;LINESTRING(12.1171522649608 51.5115855435674,12.1189289529298 51.5151643598664)",line,1,380.0,0.41559911181705295,0.16,1645.4482671904334,100000.0,-45.9893373554978,45.9893373554978,2.7949427686367545,normal,0.9713903026456263
181525,134728,18594,380000;380000;380000;380000;380000,3;3;6;3;3,3;3;3;3;3,50;50;50;50;50,Philippsburg - Pulverdingen 1x 380 kV;Philippsburg - Pulverdingen 1x 380 kV;Philippsburg - Pulverdingen 2x 380 kV;Philippsburg - Pulverdingen 1x 380 kV;Philippsburg - Pulverdingen 1x 380 kV,EnBW,Anlage 337,5149.93286890723,,,,,'',"SRID=4326;LINESTRING(8.43851130984995 49.2523505812136,8.4969155546084 49.2219301497986)",line,5,380.0,5.14993286890723,0.32959570361006274,8000.0,100000.0,-42.7220422050123,42.7220422050123,0.5340255275626538,normal,0.9700259520312368
179880,17080,112741,220000;220000;220000,3;6;3,2;2;2,50;50;50,,RWE,,339.59111776505,,,,,'',"SRID=4326;LINESTRING(7.52228468101973 51.5321934905208,7.5190655655656 51.5354806746451)",line,3,220.0,0.33959111776505,0.05333333333333334,1486.0995928940965,100000.0,49.114608153522084,49.114608153522084,3.3049338273402062,normal,0.9662450992552838
85167,112830,115581,380000;220000;110000,9,4;2;1,,,RWE,4566,462.748344106325,,,,,'',"SRID=4326;LINESTRING(6.99201976629084 51.5210694404674,6.98540358439177 51.5204730865673)",line,3,380.0,0.46274834410632504,0.05333333333333334,4936.3448015713,100000.0,125.39535239735056,125.39535239735056,2.5402470337452048,normal,0.9660993690119908
81985,112158,112159,380000,6,4,50,380 kV Brauweiler West,RWE,4189,359.582411408836,,,,,'',"SRID=4326;LINESTRING(6.83684873669928 50.8735055663137,6.84125811727138 50.8751601680121)",line,1,380.0,0.35958241140883596,0.16,1645.4482671904334,100000.0,51.32631848384639,51.32631848384639,3.1192909255959136,normal,0.9581763069753686
161780,19803,134327,380000;380000,3;6,,50;50,,50Hertz Transmission,,1024.69312919633,,,,,'',"SRID=4326;LINESTRING(13.2312388958495 52.5394076648605,13.2470743488531 52.5334412645957)",line,2,380.0,1.02469312919633,0.1639509006714128,3290.896534380867,100000.0,-44.68037308049365,44.68037308049365,1.3576960750271536,normal,0.9577434507074902
82395,115542,134442,380000,6,4,50,380kV Schwerterheide Nord+Witten West,RWE,4317,237.603634098017,,,,,'',"SRID=4326;LINESTRING(7.31442054035339 51.4494158788985,7.31439371687621 51.4460531775593)",line,1,380.0,0.23760363409801702,0.16,1645.4482671904334,100000.0,73.89508266358868,73.89508266358868,4.490878512380271,normal,0.9573518140887638
79408,113027,113028,380000;110000,9,4;1,50,,RWE,4529,426.850438638309,,,,,'',"SRID=4326;LINESTRING(6.2140153990158 50.9438998573728,6.20793856561332 50.9441646933566)",line,2,380.0,0.426850438638309,0.08,3290.896534380867,100000.0,-88.58305722545535,88.58305722545535,2.691760628145088,normal,0.9568388712535564
103179,118102,118105,380000;110000;20000,12,4;1,,HUEFF-WIESL-NEURO;LEIMN-WIESL-BAIER,,,753.93062900622,,,,,'',"SRID=4326;LINESTRING(8.71891205289853 49.3051572910686,8.70945189464147 49.3079588687383)",line,3,380.0,0.75393062900622,0.0804192670939968,4936.3448015713,100000.0,84.03512478394882,84.03512478394882,1.702375505803391,normal,0.956495583230618
178762,21552,117152,110000;110000;380000;110000;110000;110000;110000,3;3;6;6;3;3;6,4;2,50;50;50,,RWE,4529,5423.5754525536,,,,,'',"SRID=4326;LINESTRING(6.09615121098497 51.0541500275668,6.1238093629619 51.0087542821067)",line,7,380.0,5.4235754525536,0.24793487783102175,8000.0,100000.0,40.98557490886945,40.98557490886945,0.5123196863608681,normal,0.9529017506193547
22851,19255,142074,220000,6,2,50,220 kV Berggeist West; Nette Ost,RWE,,771.124926579194,,,,,'',"SRID=4326;LINESTRING(7.01282481004237 50.6177866237957,7.00912196109902 50.6247584629973)",line,1,220.0,0.7711249265791941,0.24675997650534212,495.3665309646989,100000.0,8.197713925722772,8.197713925722772,1.6548784411732818,normal,0.9459531687851603
7558,134475,134489,380000,3,4,50,380-kV Kernkraftwerk Emsland,RWE AG,,225.15451301012,,,,,'',"SRID=4326;LINESTRING(7.30534456314174 52.4800010323376,7.32071015624695 52.4713640683905)",line,1,380.0,0.22515451301012002,0.16,1645.4482671904334,100000.0,76.44233976514813,76.44233976514813,4.645684783251906,normal,0.943385128385025
161298,19088,134373,380000;380000;380000,3,,50;50;50,380-kV-Transversale Berlin;380-kV-Transversale Berlin;Berlin/Mitte,50Hertz Transmission,919;920,853.720697327234,,,,,'',"SRID=4326;LINESTRING(13.4431581653011 52.5176969628457,13.4564293065004 52.5214534920595)",line,3,380.0,0.853720697327234,0.09106354104823829,4936.3448015713,100000.0,-75.06357512432893,75.06357512432893,1.5206307124339302,normal,0.9385253792373777
131052,20890,115705,380000;220000,9,4;2,,,RWE,4141,223.373747707825,,,,,'',"SRID=4326;LINESTRING(6.72369716617659 51.355694573619,6.72384974694142 51.352641055629)",line,2,380.0,0.223373747707825,0.08,3290.896534380867,100000.0,-153.00891899949764,153.00891899949764,4.649460030145979,normal,0.9373888378132869
178969,112841,16919,380000;380000;380000;380000;380000,3;6;6;6;3,4;4;4;4;4,50;50,380kV Kusenhorst;380kV Scholven F;380kV Scholven F;380kV Kusenhorst+Scholven F;380kV Kusenhorst,Amprion,4579,313.101205055159,,,,,'',"SRID=4326;LINESTRING(7.02893441592422 51.6257019634984,7.02345294590051 51.6256937981523)",line,5,380.0,0.31310120505515904,0.032,8000.0,100000.0,275.0712157614465,275.0712157614465,3.4383901970180815,normal,0.93658885337928
154268,113009,113011,110000,6,1,,,E.ON Netz GmbH,,81.5802793621387,,,,,'',"SRID=4326;LINESTRING(9.09737048546752 50.1195925393835,9.0962755289677 50.1193490685039)",line,1,110.0,0.0815802793621387,0.16,247.68326548234944,75625.0,-29.514773386913955,29.514773386913955,11.916337314689212,normal,0.9345172246826973
94029,16793,112515,380000;220000,6,4;2,50,,,,207.66488370682,,,,,'',"SRID=4326;LINESTRING(7.41683165937165 51.4569414435079,7.41658261384975 51.4607823586596)",line,2,380.0,0.20766488370682,0.08,3290.896534380867,100000.0,161.6407231222028,161.6407231222028,4.911753421400502,normal,0.9267921068736876
99701,118217,130685,380000,6,,,,TenneT,,231.544271580587,,,,,'',"SRID=4326;LINESTRING(9.24764048653197 53.8981141560376,9.24465313905463 53.8969921668424)",line,1,380.0,0.23154427158058702,0.16,1645.4482671904334,100000.0,73.19243412633736,73.19243412633736,4.448175952156298,normal,0.9264166558327488
117614,112765,114792,380000;220000;110000,12,4;2;1,,,RWE,4550,975.844274255,,,,,'',"SRID=4326;LINESTRING(7.14185561157848 51.5131476764497,7.14629239076675 51.5048312824945)",line,3,380.0,0.975844274255,0.10409005592053333,4936.3448015713,100000.0,-67.11610877740969,67.11610877740969,1.3596317006876382,normal,0.9259034609164978
155328,112853,112074,380000,6,4,50,380 kV 3011,TenneT,3011,941.674566302871,,,,,'',"SRID=4326;LINESTRING(8.59447355698657 50.1431793804418,8.60081503407176 50.1502571433277)",line,1,380.0,0.9416745663028709,0.3013358612169187,1645.4482671904334,100000.0,-22.930207365762236,22.930207365762236,1.3935538310733437,normal,0.9246937305460525
154850,118493,118492,380000;220000,9,4;2,50,,RWE,,134.800506862049,,,,,'',"SRID=4326;LINESTRING(8.06756564910793 49.5812345509583,8.06932814369537 49.5808056402293)",line,2,380.0,0.134800506862049,0.08,3290.896534380867,100000.0,-239.3556049228529,239.3556049228529,7.273264364960781,normal,0.9197542506805845
161130,18638,114222,220000;110000;220000;110000,12;12,2;2,,,RWE,2369,2270.55766255054,,,,,'',"SRID=4326;LINESTRING(6.7321841585071 51.4594337108542,6.72505789116703 51.4782495738368)",line,4,220.0,2.27055766255054,0.1816446130040432,1981.4661238587955,100000.0,-15.293920407177808,15.293920407177808,0.7718486944098617,normal,0.9146102220885856
161752,16840,112292,380000;380000,3;6,4;4,,,RWE,4503,100.425553770988,,,,,'',"SRID=4326;LINESTRING(8.43536479344461 50.0590049251188,8.43971907619226 50.0585753714553)",line,2,380.0,0.100425553770988,0.08,3290.896534380867,100000.0,-314.35466876866826,314.35466876866826,9.552250138663489,normal,0.9141214145829218
180657,134243,17127,220000;220000;220000,3;6;3,2;2;2,50;50;50,330;329;330;329,50Hertz Transmission,330,19989.4613052185,,,,,'',"SRID=4326;LINESTRING(11.5622475867608 52.123944710899,11.6388595619847 52.2687327303489)",line,3,220.0,19.9894613052185,2.1322092058899735,1486.0995928940965,22699.461134630117,4.454564300338998,4.454564300338998,0.29974870605165704,normal,0.9124411968223607
180302,17209,112798,220000;220000;110000;220000;0;110000,6;6;6;3,1;1;1;1,,Gladbeck West+Nordstern West;Gladbeck West+ANK;110kV Nordstern West,RWE,2343,1536.94409880352,,,,,'',"SRID=4326;LINESTRING(7.03697897511226 51.5407302473396,7.04127008140575 51.5275610822341)",line,6,220.0,1.5369440988035201,0.08197035193618775,2972.199185788193,100000.0,29.087935154159528,29.087935154159528,0.9786670857473417,normal,0.9111001509038205
122251,113919,134420,110000,6,1,50,2x 110 kV,,,3080.79137731413,,,,,'',"SRID=4326;LINESTRING(8.42509001179038 48.9614116911868,8.44551903667631 48.9860892546231)",line,1,110.0,3.0807913773141298,0.9858532407405215,247.68326548234944,12273.632118824413,1.602783252873864,1.602783252873864,0.6471100297198248,normal,0.9100249685065429
108510,116266,118756,380000,6,,50,380kV Leichlingen Ost+Dauersberg Ost,RWE,,446.268348489086,,,,,'',"SRID=4326;LINESTRING(7.23200828770451 51.2300214641094,7.23290543517876 51.2260385877182)",line,1,380.0,0.44626834848908603,0.16,1645.4482671904334,100000.0,-40.434646216858106,40.434646216858106,2.4573635660937168,normal,0.9067344395003997
130151,25711,118043,220000;110000,9,2,50,,,Anlage 5230,6304.26167046978,,,,,'',"SRID=4326;LINESTRING(9.07622954998237 49.363395746433,9.07351608242384 49.3119353454336)",line,2,220.0,6.3042616704697805,1.008681867275165,990.7330619293978,47983.41436507319,-4.509432870168529,4.509432870168529,0.45516123802173897,normal,0.9050689906012002
143796,112508,112513,220000;110000,6,1,,,RWE,,42.1235735604088,,,,,'',"SRID=4326;LINESTRING(7.45678078550964 51.6598757476734,7.45658225783185 51.6602453704463)",line,2,220.0,0.0421235735604088,0.08,990.7330619293978,100000.0,-215.03876428140555,215.03876428140555,21.7050154622507,normal,0.8955604192301969
97751,115115,115149,220000;110000,12,2;1,,,RWE,,312.789118407054,,,,,'',"SRID=4326;LINESTRING(7.98138137058103 50.8504859493042,7.98311763436217 50.8478856735907)",line,2,220.0,0.312789118407054,0.08,990.7330619293978,100000.0,-32.506079080829586,32.506079080829586,3.2810128509818575,normal,0.8929406793037967
72878,115612,115717,380000;110000;380000;110000,12;9,4;2;4;2,50;50,,RWE,4339,7331.01152058954,,,,,'',"SRID=4326;LINESTRING(7.2501655752163 51.4009148805987,7.16882294657622 51.3793047770536)",line,4,380.0,7.33101152058954,0.5864809216471631,6581.793068761734,100000.0,-27.716361649943178,27.716361649943178,0.4211065489355714,normal,0.892739516549125
18656,25433,30245,220000,6,2,50,,,,2821.75637367031,,,,,'',"SRID=4326;LINESTRING(8.66380454839086 49.3600814094953,8.62319820898094 49.3566712908695)",line,1,220.0,2.82175637367031,0.9029620395744992,495.3665309646989,53601.36736513024,-3.2956742264472307,3.2956742264472307,0.6653001404897274,normal,0.891974618307585
142880,113355,17597,380000,6,2,,Kriegenbrunn - Redwitz;Raitersaich - Kriegenbrunn,TenneT TSO GmbH,432;438,2594.08176229556,,,,,'',"SRID=4326;LINESTRING(10.9354551599652 49.5636823602756,10.972912001999 49.5585470545105)",line,1,380.0,2.59408176229556,0.8301061639345793,1645.4482671904334,100000.0,11.465185225051355,11.465185225051355,0.6967818711570863,normal,0.8913850610954323
126245,16919,112842,220000,3,3,,220kV Scholven D,RWE,2638,285.652572856216,,,,,'',"SRID=4326;LINESTRING(7.02345294590051 51.6256937981523,7.03125575244991 51.6285663485415)",line,1,220.0,0.28565257285621604,0.16,495.3665309646989,100000.0,-17.49372706726371,17.49372706726371,3.5314713396554356,normal,0.8873401899447223
117323,112844,112798,220000;110000,6,1,,Gladbeck West+Gelsenkirchen Nord,RWE,2343,1535.08577170422,,,,,'',"SRID=4326;LINESTRING(7.04463157719892 51.5154688615766,7.04127008140575 51.5275610822341)",line,2,220.0,1.53508577170422,0.24561372347267518,990.7330619293978,100000.0,-9.432092031180783,9.432092031180783,0.9520316211929283,normal,0.8856059677346982
72459,114774,134486,220000;0;220000;220000,6;3;3,,,,,,274.925960977362,,,,,'',"SRID=4326;LINESTRING(7.60972902376217 51.9016197874555,7.60712388594649 51.8986079335929)",line,4,220.0,0.27492596097736205,0.04,1981.4661238587955,100000.0,-72.2136023949771,72.2136023949771,3.64445304037523,normal,0.885194300401038
85962,115951,115952,110000,6,1,50,,,,259.540691917296,,,,,'',"SRID=4326;LINESTRING(7.72442115816755 50.7587573945618,7.7251004641854 50.7610459591285)",line,1,110.0,0.259540691917296,0.16,247.68326548234944,75625.0,9.482457795962421,9.482457795962421,3.8284612315231956,normal,0.8834064195980496
134173,118758,118757,380000,6,4,50,RWE 4562 Ronsdorf - Bomig,RWE,4562,93.6374340317237,,,,,'',"SRID=4326;LINESTRING(7.24300106166781 51.2274309825729,7.24167685510749 51.2272408394216)",line,1,380.0,0.0936374340317237,0.16,1645.4482671904334,100000.0,162.12145727280136,162.12145727280136,9.852722841880661,normal,0.8819096934719476
95366,112575,112576,380000,6,2,50,307,TenneT,,21414.1857735014,,,,,'',"SRID=4326;LINESTRING(8.59854148791918 53.0859140895399,8.42338968062059 53.2315016435464)",line,1,380.0,21.414185773501398,6.8525394475204475,1645.4482671904334,21072.47993329689,4.661080416863186,4.661080416863186,0.2832711614095214,normal,0.8808866457029677
181164,17138,17137,380000;380000;380000;380000;380000;380000;380000;380000;380000,3;10;3;3;3;3;3;3;3,4,50;50;50;50;50;50;50;50;50,380 kV Hambach 1a|2b|3c,RWE,4152,4180.21446882836,,,,,'',"SRID=4326;LINESTRING(6.48813238147576 50.8810659271143,6.45659082917129 50.8712553044483)",line,8,380.0,4.18021446882836,0.16720857875313438,8000.0,100000.0,42.77217719715898,42.77217719715898,0.5346522149644872,normal,0.879420802400676
130164,116409,116400,220000,3,,,,,,185.546440424466,,,,,'',"SRID=4326;LINESTRING(6.5838501845203 51.0547770817799,6.58209514594971 51.0560403793379)",line,1,220.0,0.185546440424466,0.16,495.3665309646989,100000.0,-25.480112754594497,25.480112754594497,5.143688796450053,normal,0.8754753763888545
181190,134617,112878,380000;220000;380000,6;3,4;2;4,50;50,380kV Eiberg Nord,RWE,4170,365.507897387617,,,,,'',"SRID=4326;LINESTRING(7.12549623603904 51.4486792678061,7.120626085795 51.4503911568097)",line,3,380.0,0.365507897387617,0.05333333333333334,4936.3448015713,100000.0,137.87875514781334,137.87875514781334,2.793134610530545,normal,0.8701352968214765
147047,112778,114792,380000;220000,6,4;2,,,RWE,,210.897592160536,,,,,'',"SRID=4326;LINESTRING(7.14930147747396 51.5045007646985,7.14629239076675 51.5048312824945)",line,2,380.0,0.210897592160536,0.08,3290.896534380867,100000.0,-148.19191914807737,148.19191914807737,4.503086547993144,normal,0.8617191810506944
119837,114674,114675,380000;110000,12,4;1,,,RWE,4199,777.484608091719,,,,,'',"SRID=4326;LINESTRING(7.95967115628901 51.670771248863,7.97086802748486 51.6700574655284)",line,2,380.0,0.777484608091719,0.12439753729467505,3290.896534380867,100000.0,-49.29193448660607,49.29193448660607,1.4978269286694428,normal,0.86154888609288
171335,17389,141554,380000;220000;110000,12,2;1,,Etzenricht - Mechlenreuth - Redwitz;Mechlenreuth - Schwandorf;Etzenricht - Latsch;Etzenricht - Windischeschenbach,TenneT TSO GmbH;E.ON Netz GmbH,437;248;111;112,3416.7005518273,,,,,'',"SRID=4326;LINESTRING(12.1147630824386 49.6312498474851,12.0945594222421 49.6606932787427)",line,3,380.0,3.4167005518273,0.36444805886157866,4936.3448015713,100000.0,28.613934863530588,28.613934863530588,0.5796583507380282,normal,0.8610204193907187
160861,115099,134765,380000;110000;380000;380000,9;3;9;6,2;2;2,50;50,,RWE,4554,157.858076801467,,,,,'',"SRID=4326;LINESTRING(8.03912983811524 47.5611522747714,8.03923340987373 47.5592429674638)",line,4,380.0,0.15785807680146702,0.04,6581.793068761734,100000.0,-380.69533201339766,380.69533201339766,5.784067168872871,normal,0.8477812099890366
168680,17223,112837,380000,3,4,,380kV Kusenhorst,RWE,4139,111.735969231458,,,,,'',"SRID=4326;LINESTRING(6.9319405673101 51.5650443480733,6.93046253178349 51.5668470868676)",line,1,380.0,0.111735969231458,0.16,1645.4482671904334,100000.0,-131.58694556425488,131.58694556425488,7.997027204564546,normal,0.8470669525448017
146076,117883,118475,380000,6,,,,Amprion,,138.465485643389,,,,,'',"SRID=4326;LINESTRING(7.01184378798079 49.3855041467169,7.00996792600449 49.3852219929488)",line,1,380.0,0.138465485643389,0.16,1645.4482671904334,100000.0,107.03623931442863,107.03623931442863,6.5049896401295335,normal,0.843575450711887
172305,142234,112712,220000,6,4,50,220kV Fichtenhain Ost+Utfort West,RWE,4539,37.5724659101952,,,,,'',"SRID=4326;LINESTRING(6.52172243798122 51.3225237613827,6.52272548882226 51.3224954692993)",line,1,220.0,0.037572465910195196,0.16,495.3665309646989,100000.0,113.07177078977438,113.07177078977438,22.825880175952413,normal,0.841905595125426
181935,134546,114209,380000,3,4,,,,Anlage 349,5858.8821688599,,,,,'',"SRID=4326;LINESTRING(9.2072916949477 49.1755857808212,9.14324394359789 49.149929091438)",line,1,380.0,5.8588821688599,1.8748422940351679,1645.4482671904334,77019.81145796116,-7.190351274688855,7.190351274688855,0.43698434147469256,normal,0.8414327862734119
168022,17632,113388,380000,6,4,50,Etzenricht - Hradec;Etzenricht - Přeštice,TenneT TSO GmbH,441;442,585.378490278865,,,,,'',"SRID=4326;LINESTRING(12.1677595374271 49.6467726675772,12.176078513664 49.6488443529047)",line,1,380.0,0.585378490278865,0.1873211168892368,1645.4482671904334,100000.0,29.791300233905638,29.791300233905638,1.810527916795198,normal,0.8343332211441779
169781,16999,18071,110000,6,,,,,,6559.7631938809,,,,,'',"SRID=4326;LINESTRING(8.59070820517917 49.970800538242,8.67933147722094 49.9738296903815)",line,1,110.0,6.5597631938809,2.099124222041888,247.68326548234944,5764.308692617498,-1.0168890021612051,1.0168890021612051,0.4105602371564628,normal,0.8304976151720356
118897,17165,126286,380000,6,4,,Grafenrheinfeld - Eltmann;Eltmann - Redwitz,,422;428,201.210338339284,,,,,'',"SRID=4326;LINESTRING(10.6643543700609 49.9799579297602,10.6626550439784 49.9771450691584)",line,1,380.0,0.201210338339284,0.16,1645.4482671904334,100000.0,-73.82512591613543,73.82512591613543,4.4866269811198745,normal,0.8225318158924464
137298,115465,112831,380000,6,4,,Büscherhof West+Kusenhorst,RWE,,244.806502033565,,,,,'',"SRID=4326;LINESTRING(6.99135016207806 51.5166333508078,6.99148068728884 51.5188433443926)",line,1,380.0,0.24480650203356502,0.16,1645.4482671904334,100000.0,-60.88497409033611,60.88497409033611,3.7002059137535728,normal,0.8102714528160299
80909,24814,115907,220000,6,,50,,Amprion,,44.4125118115105,,,,,'',"SRID=4326;LINESTRING(6.47479750040959 49.9224757052015,6.47091425649538 49.9237176650895)",line,1,220.0,0.0444125118115105,0.16,495.3665309646989,100000.0,-92.30622543455746,92.30622543455746,18.63392451137064,normal,0.8097285747098678
136542,112020,112022,380000,3,3,50,518,50Hertz,518,258.251452315412,,,,,'',"SRID=4326;LINESTRING(13.5164494490386 52.6186499651463,13.5148195457871 52.6207600544191)",line,1,380.0,0.258251452315412,0.16,1645.4482671904334,100000.0,-57.59022578103179,57.59022578103179,3.499971827091582,normal,0.8040241012125415
180318,112776,17024,220000;110000;110000;110000;220000,9;6;6;3,2;1;1;1;2,,110kV Bochum-Wanne Ost+West;110kV Bochum-Wanne Ost+West;Hochlarmark West,RWE,2629,264.314040110054,,,,,'',"SRID=4326;LINESTRING(7.1378237929203 51.5537614789583,7.14063446483707 51.5572476011295)",line,5,220.0,0.264314040110054,0.032,2476.832654823494,100000.0,-84.34363851009819,84.34363851009819,3.405302265611027,normal,0.7986445675282552
104426,116090,116096,110000,6,2,50,,RWE,,173.428346243768,,,,,'',"SRID=4326;LINESTRING(7.00170117960238 49.3764485707419,7.00173486642554 49.3748776729487)",line,1,110.0,0.17342834624376802,0.16,247.68326548234944,75625.0,12.33922882159049,12.33922882159049,4.981858099117244,normal,0.7967469445743611
113064,114743,114745,380000;110000,9,4;1,50,,RWE,4308,261.716136602824,,,,,'',"SRID=4326;LINESTRING(8.19278028942536 51.1862723938824,8.1907717462816 51.1882708597483)",line,2,380.0,0.261716136602824,0.08,3290.896534380867,100000.0,-111.99670151130769,111.99670151130769,3.4032276718896664,normal,0.7911578912472643
178310,32236,24981,220000;220000;220000;220000;220000;220000;220000,3;3;3;3;3;3;9,,,,,,553.61331044563,,,,,'',"SRID=4326;LINESTRING(9.49768906298036 53.6395187511948,9.48789396427305 53.6365575607186)",line,7,220.0,0.55361331044563,0.025308037048943084,3467.5657167528925,100000.0,62.17084173967963,62.17084173967963,1.7929246860214612,normal,0.7899328290171782
179856,134324,18134,220000;110000;220000;110000,9;3;6,2;1;1,,,RWE,2377,93.4871074660414,,,,,'',"SRID=4326;LINESTRING(6.71804677656335 51.5287926233631,6.71774903100173 51.5228051762102)",line,4,220.0,0.0934871074660414,0.04,1981.4661238587955,100000.0,174.46303296305697,174.46303296305697,8.804744671753452,normal,0.7868956237308857
72440,19255,141251,110000;110000;110000;11000,6;6;9,1,50;50;50,110 kV Villip Nord|Süd;Villip Nord;110 kV Villip Nord|Süd; 11 kV Gelsdorf West,RWE,0793,5205.87747135927,,,,,'',"SRID=4326;LINESTRING(7.01282481004237 50.6177866237957,7.07419999744228 50.5929348134556)",line,4,110.0,5.20587747135927,0.4164701977087416,990.7330619293978,29053.699560183497,-4.260970254196213,4.260970254196213,0.43008257399810695,normal,0.7851143721403566
97481,17055,112621,220000;110000,6,2,50,,TenneT,2812,300.72562367133,,,,,'',"SRID=4326;LINESTRING(8.65934958571703 51.9996166017244,8.66044663993607 51.9959151786273)",line,2,220.0,0.30072562367133004,0.08,990.7330619293978,100000.0,-29.57093922101306,29.57093922101306,2.984753447454887,normal,0.7847581840373128
167950,17024,112773,380000;110000,9,4;1,,,RWE,4534,329.574593964217,,,,,'',"SRID=4326;LINESTRING(7.14063446483707 51.5572476011295,7.13723297095793 51.5539739525955)",line,2,380.0,0.329574593964217,0.08,3290.896534380867,100000.0,90.56728381386935,90.56728381386935,2.7520550363005634,normal,0.7839477471560959
132339,115555,115557,220000,3,3,,220kV Welper Ost,RWE,4360,334.189958453665,,,,,'',"SRID=4326;LINESTRING(7.17439214201165 51.4688632542149,7.17651441187038 51.4715711726703)",line,1,220.0,0.334189958453665,0.16,495.3665309646989,100000.0,-13.401758409303799,13.401758409303799,2.705422666162895,normal,0.7800391911079801
181000,114808,18824,110000;220000;110000;220000,3;6;3,,50,"Anlage 313; HOHCK-PULVE;Anlage 313 ; HOHCK-PULVE, NWHEI-PULVE;Anlage 313; NWHEI-PULVE",,,1006.23975721369,,,,,'',"SRID=4326;LINESTRING(9.06058034233251 48.9085484414843,9.04558352922656 48.9028275892036)",line,4,220.0,1.00623975721369,0.08049918057709521,1981.4661238587955,100000.0,-22.17896547871412,22.17896547871412,1.1193209518778857,normal,0.7793408711967675
180524,17578,113443,110000;110000;110000,3;3;6,1;1;1,50;50;50,110kV Hillerheide West;110kV Hillerheide Ost+West,RWE,4304,975.125029917969,,,,,'',"SRID=4326;LINESTRING(7.26402302448204 51.5735977986741,7.2589125609693 51.5834201530232)",line,3,110.0,0.975125029917969,0.10401333652458337,743.0497964470483,100000.0,-8.507829768378272,8.507829768378272,1.1449878337978339,normal,0.7793150188163623
181278,122818,112177,380000;110000;380000;110000;110000;380000;380000;380000,12;12;6;6;6;6,4;1;4;1;1;4;4;4,50;50;50;50;50;50,380 kV Siegtal Nord|Süd; 110 kV Ittenbach Nord|Süd;380 kV Siegtal Nord|Süd; 110 kV Ittenbach Nord|Süd;110 kV Ittenbach Nord|Süd;380 kV Siegtal Nord|Süd;380 kV Siegtal Nord|Süd;380 kV Siegtal Nord|Süd,RWE,4104,4278.13924605999,,,,,'',"SRID=4326;LINESTRING(7.24024503037613 50.7728319928662,7.1892999536462 50.792992966923)",line,8,380.0,4.27813924605999,0.1711255698423996,8000.0,100000.0,-37.38541525184491,37.38541525184491,0.4673176906480614,normal,0.7774173823617587
89436,112718,112717,220000,6,2,50,220 kV Frixheim Süd; Niederaußem 5e,RWE,,45.5069554422911,,,,,'',"SRID=4326;LINESTRING(6.85369637035836 51.0241340637737,6.85419107258533 51.0238523934622)",line,1,220.0,0.0455069554422911,0.16,495.3665309646989,100000.0,-86.51737405087623,86.51737405087623,17.465324894354172,normal,0.7772400127936703
98642,25539,113265,220000,6,,50,,TenneT,,5133.53547210437,,,,,'',"SRID=4326;LINESTRING(9.92380225520108 51.8975528192857,9.8524162497002 51.8987652474175)",line,1,220.0,5.133535472104369,1.642731351073398,495.3665309646989,29463.12552467836,-2.120885346797675,2.120885346797675,0.42814465940348617,normal,0.77655650952263
158478,19781,115164,220000;110000,12,1,50,220kV Bixterheide Nord+Bigge Ost,RWE,,358.955061272351,,,,,'',"SRID=4326;LINESTRING(7.72438959855813 51.4093614295578,7.71725862091268 51.4100089603608)",line,2,220.0,0.358955061272351,0.08,990.7330619293978,100000.0,-24.979775572508967,24.979775572508967,2.5213426837560298,normal,0.7733363118381461
180754,16942,26525,220000;220000;220000;220000,3;3;3;6,2;2;2;2,50;50;50;50,"Röhrsdorf;Röhrsdorf;225;225, 226 Röhrsdorf - Niederwiesa",50Hertz,225,17881.6012175297,,,,,'',"SRID=4326;LINESTRING(12.8133593629663 50.8578738927588,13.0025690963871 50.8659701797538)",line,4,220.0,17.8816012175297,1.430528097402376,1981.4661238587955,33833.6591136428,-5.205541412491486,5.205541412491486,0.26271160277794614,normal,0.7718960701710904
31375,20416,20417,110000,3,1,,110kV Bochum-Linden+Bochum-Eppendorf,RWE,1795,58.4216955904856,,,,,'',"SRID=4326;LINESTRING(7.17944505759209 51.4721618055413,7.1800050322344 51.4749493397565)",line,1,110.0,0.0584216955904856,0.16,247.68326548234944,75625.0,-33.64369787593288,33.64369787593288,13.583355262380623,normal,0.7712470476318165
146016,17074,112412,380000,6,3,50,502;504,50Hertz,502;504,27754.2528951473,,,,,'',"SRID=4326;LINESTRING(12.2621828656311 51.741067578294,12.1189289529298 51.5151643598664)",line,1,380.0,27.7542528951473,8.881360926447137,1645.4482671904334,16258.769483177077,3.7756419074589305,3.7756419074589305,0.22945977596158373,normal,0.7707062103450365
173105,16919,142794,220000,3,2,,220kV Schermbeck Nord,Amprion,4569,199.308631929269,,,,,'',"SRID=4326;LINESTRING(7.02345294590051 51.6256937981523,7.01999072821642 51.6285363949302)",line,1,220.0,0.199308631929269,0.16,495.3665309646989,100000.0,21.004806620905647,21.004806620905647,4.240255509390178,normal,0.770646300597001
178617,18127,114831,0;220000;110000;220000,1;12;6,,,Fernmelde-Luftkabel;Anlage 326; MARBA-PFABR,,,8618.36606301442,,,,,'',"SRID=4326;LINESTRING(9.37886825131938 48.8797896192998,9.27258526466752 48.9163100935204)",line,4,220.0,8.61836606301442,0.6894692850411537,1981.4661238587955,70198.92118488072,-6.74272643651596,6.74272643651596,0.34028976601350486,normal,0.7703052327004273
181900,16965,112694,220000;110000;220000;110000;110000,6;12;3,1,,Bergrheinfeld - Schweinfurt;Grafenrheinfeld - Schwebheim;Schweinfurt - Zeuzleben;Schweinfurt - Zeuzleben,,271;126,4668.59782690917,,,,,'',"SRID=4326;LINESTRING(10.1602433058051 49.9891799219394,10.1913950730051 50.0247526615761)",line,5,220.0,4.668597826909171,0.29879026092218697,2476.832654823494,100000.0,10.987169934034702,10.987169934034702,0.4435975887445524,normal,0.769615994796041
81187,115645,114268,380000,3,4,,,Lechwerke,12A,183.239977754201,,,,,'',"SRID=4326;LINESTRING(11.0316811660641 48.3952091779948,11.03276237834 48.393713742993)",line,1,380.0,0.183239977754201,0.16,1645.4482671904334,100000.0,-75.14289606482677,75.14289606482677,4.566712765338506,normal,0.7683787395497018
180489,16993,112720,380000;380000;380000;380000;380000;380000;380000,3;3;3;9;3;3;3,2;2;4;4;4,50;50;50;50;50,380 kV Niederaußem 6f|7g;380 kV Niederaußem 6f|7g;380 kV Niederaußem 8h;380 kV Niederaußem 6f|7g|8h;380 kV Niederaußem 8h,RWE,4589,280.826074994848,,,,,'',"SRID=4326;LINESTRING(6.70247484431852 51.0089106741313,6.69706593775622 51.003909289926)",line,7,380.0,0.280826074994848,0.022857142857142857,8000.0,100000.0,-245.52064288871912,245.52064288871912,3.069008036108989,normal,0.7595955731750107
177885,134313,20128,110000;220000;110000;220000;220000;220000;110000,6;9;6;3;9,1;4;1;4;4;4;1,,110kV Breitscheid Ost+Rath Nord;Meerbusch Ost+ANK;220kV Meerbusch Ost,RWE,4140,4393.61473932697,,,,,'',"SRID=4326;LINESTRING(6.86625798894964 51.3743071499273,6.82245774286282 51.3425063568576)",line,7,220.0,4.393614739326971,0.20085095951209012,3467.5657167528925,100000.0,-15.622586901176128,15.622586901176128,0.45053470293867925,normal,0.7592481990466038
180299,130685,17540,380000;380000;380000;380000;380000,3;6;3;3;3,2;2;2;2;2,50;50;50;50;50,309 AKW Brunsbüttel - UW Wilster;309 AKW Brunsbüttel - UW Wilster;309 AKW Brunsbüttel - UW Wilster;309 AKW Brunsbüttel - UW Wilster;309 AKW Brunsbüttel - UW Wilster,TenneT,309,2592.76072156019,,,,,'',"SRID=4326;LINESTRING(9.24465313905463 53.8969921668424,9.20228237891015 53.8955293484024)",line,5,380.0,2.59276072156019,0.16593668617985216,8000.0,100000.0,47.48399237114731,47.48399237114731,0.5935499046393413,normal,0.7591033842838336
180177,113655,17905,380000;380000;380000,3;3;6,4;4;4,,,Lechwerke,A12,311.99381957891,,,,,'',"SRID=4326;LINESTRING(10.8402931184888 48.2335590561114,10.8409361207181 48.2379249509995)",line,3,380.0,0.31199381957891,0.05333333333333334,4936.3448015713,100000.0,-136.1757429053645,136.1757429053645,2.7586351517020864,normal,0.7491018025161632
143909,20839,116197,220000;110000,12,1,,,,230;234;142,986.713142387372,,,,,'',"SRID=4326;LINESTRING(13.0028160127263 48.2619224446526,13.0008188115737 48.2716667436463)",line,2,220.0,0.9867131423873721,0.15787410278197953,990.7330619293978,100000.0,-10.73381946625207,10.73381946625207,1.0834219507471117,normal,0.7437492190069737
178946,112207,134014,220000;220000;110000;110000;110000;110000;220000;110000,3;3;3;3;3;3;12,1;1;1;1;1,50;50;50;50;50;50;50,,TenneT,209,2017.48379710341,,,,,'',"SRID=4326;LINESTRING(9.97965389603747 53.7481725630403,9.98835987036985 53.7661313909231)",line,8,220.0,2.0174837971034103,0.08069935188413642,3962.932247717591,100000.0,26.591463113888324,26.591463113888324,0.6710047371918456,normal,0.7410732690721911
79991,115300,144140,220000,3,2,50,220 kV Olefin West,RWE,2389,64.7336742683299,,,,,'',"SRID=4326;LINESTRING(6.9289790539233 50.84381694694,6.92901461946779 50.8439864934191)",line,1,220.0,0.0647336742683299,0.16,495.3665309646989,100000.0,58.38988582432813,58.38988582432813,11.787208496023553,normal,0.7393490787821073
133689,112411,112412,380000,3,3,50,502,50Hertz,502,360.458353234911,,,,,'',"SRID=4326;LINESTRING(12.1224651710457 51.5127767432251,12.1189289529298 51.5151643598664)",line,1,380.0,0.360458353234911,0.16,1645.4482671904334,100000.0,38.84216102975728,38.84216102975728,2.3605823290986483,normal,0.7266383885909078
180610,134484,134281,220000;220000;110000;110000;110000;220000;110000,3;3;6,1;1;1,50;50;50;50;50;50;50,206;206;Cloppenburg 110 kV;Cloppenburg 110 kV;206;Cloppenburg 110 kV,TenneT,,55191.6931793533,,,,,'',"SRID=4326;LINESTRING(8.08222963208456 52.8583105237352,8.05324040764567 53.3334140108585)",line,7,220.0,55.1916931793533,2.523048831056151,3467.5657167528925,19183.140414979483,-6.242912241529408,6.242912241529408,0.1800373158428678,normal,0.7253287457087407
140783,112520,141177,220000,6,,50,,,,270.908534471203,,,,,'',"SRID=4326;LINESTRING(7.42128466554142 51.4554590642949,7.41978508220404 51.4575607808948)",line,1,220.0,0.270908534471203,0.16,495.3665309646989,100000.0,14.936763795214691,14.936763795214691,3.0152953139821888,normal,0.722862855153618
182080,17627,32873,220000;110000;110000;110000,3;6;6;3,,50,,TenneT,,6632.62300260002,,,,,'',"SRID=4326;LINESTRING(9.14530446159731 52.2049661331425,9.07488433108084 52.1701627020749)",line,4,220.0,6.63262300260002,0.5306098402080016,1981.4661238587955,91215.79799769066,-7.047349866255415,7.047349866255415,0.3556634040521011,normal,0.7228615275358876
182160,17647,143802,380000;380000;220000;380000;220000,3;3;3;6,2;2;1;2;1,50;50,Schwandorf;Pleinting - Plattling - Schwandorf;Pleinting - Schwandorf;Pleinting - Plattling - Schwandorf,TenneT TSO GmbH,465,20982.4324401301,,,,,'',"SRID=4326;LINESTRING(12.0823055225582 49.2975904932612,12.2506558312704 49.1852986566762)",line,5,380.0,20.982432440130097,1.3428756761683263,8000.0,100000.0,18.632133434054452,18.632133434054452,0.23290166792568068,normal,0.7197228908137728
103268,114825,114824,380000,3,,,,,,156.874368903105,,,,,'',"SRID=4326;LINESTRING(9.20755756872303 48.923193367787,9.20969753539286 48.9233794752068)",line,1,380.0,0.156874368903105,0.16,1645.4482671904334,100000.0,-81.11900730067012,81.11900730067012,4.929903231730222,normal,0.7183946627640763
103520,113577,113585,380000;220000;110000,12,2;1,,Etzenricht - Mechlenreuth - Redwitz;Mechlenreuth - Schwandorf;Windischeschenbach - Mitterteich;Arzberg - Waldsassen - Wiesau,TenneT TSO GmbH;E.ON Netz GmbH,437;248;118;133,4087.7245267525,,,,,'',"SRID=4326;LINESTRING(12.2286014811905 49.9227230807646,12.2188913217899 49.8865017748905)",line,3,380.0,4.0877245267525,0.4360239495202667,4936.3448015713,100000.0,21.75768676856982,21.75768676856982,0.4407651337816612,normal,0.7170502435521598
154053,113734,134376,380000,6,2,50,Dellmensingen - Niederstotzingen,EnBW,,59.6275807464427,,,,,'',"SRID=4326;LINESTRING(10.2350870622995 48.5299357479294,10.2315271378528 48.5297331193394)",line,1,380.0,0.059627580746442706,0.16,1645.4482671904334,100000.0,-203.71270956887065,203.71270956887065,12.380377653361633,normal,0.7170406152391529
92214,115300,115301,220000,6,2,50,220 kV Godorf Ost; Olefin West,RWE,4501,36.9688992443105,,,,,'',"SRID=4326;LINESTRING(6.9289790539233 50.84381694694,6.92909269080674 50.8441529722133)",line,1,220.0,0.0369688992443105,0.16,495.3665309646989,100000.0,97.84183723132722,97.84183723132722,19.751402469760254,normal,0.7170141821843212
168350,45702,116505,220000;110000,6,,,,LEW,,1310.70104635002,,,,,'',"SRID=4326;LINESTRING(10.6123957060974 48.0313556047632,10.6306120479623 48.0284496580635)",line,2,220.0,1.3107010463500202,0.20971216741600324,990.7330619293978,100000.0,-8.461592855728284,8.461592855728284,0.8540739358440104,normal,0.7153304463806215
98015,24290,112243,380000;110000,12,,50,2x 380 kV ; 2x 110 kV,EnBW Transportnetze AG,,894.677815534442,,,,,'',"SRID=4326;LINESTRING(8.91867012227771 48.6610977783956,8.90670603085358 48.6579424707003)",line,2,380.0,0.8946778155344419,0.1431484504855107,3290.896534380867,100000.0,-36.51904468157663,36.51904468157663,1.109698961971381,normal,0.7091517965474359
177950,115161,18151,380000;380000;110000;380000;110000;380000;110000;380000;110000,6;9;3;3;9;9,4;2;4;2;4;2,50;50;50;50;50;50,380kV Witten West;380kV Trafo 411;Mengede Tr 411,RWE,4327,5659.94268900258,,,,,'',"SRID=4326;LINESTRING(7.37178973917464 51.5306055701446,7.35312358438307 51.5758058196046)",line,8,380.0,5.6599426890025795,0.2263977075601032,8000.0,100000.0,-29.828036590662244,29.828036590662244,0.37285045738327804,normal,0.7069658085816513
181075,17734,112970,220000;220000;220000;220000;220000,3;3;6;3;3,2;2;2;2;2,50;50;50;50;50,211;211;211;211;211,TenneT,211,329.44213495499,,,,,'',"SRID=4326;LINESTRING(8.06008866646723 53.620245097212,8.05980258808562 53.6163549825499)",line,5,220.0,0.32944213495499003,0.032,2476.832654823494,100000.0,61.38251688408668,61.38251688408668,2.4782666186408533,normal,0.7057097323123975
79698,112776,113452,220000,3,2,,220kV Herne 4,RWE,,206.999181390483,,,,,'',"SRID=4326;LINESTRING(7.1378237929203 51.5537614789583,7.1401650720453 51.5525898399415)",line,1,220.0,0.20699918139048298,0.16,495.3665309646989,100000.0,18.563659736814397,18.563659736814397,3.7474594217462975,normal,0.7050367621717845
71871,16919,112835,380000;380000,3;3,,,380kV Scholven B;380kV Scholven B,RWE,4565,618.383831402102,,,,,'',"SRID=4326;LINESTRING(7.02345294590051 51.6256937981523,7.01128952745049 51.6259004938275)",line,2,380.0,0.6183838314021021,0.09894141302433633,3290.896534380867,100000.0,47.796994274096335,47.796994274096335,1.4524003952949747,normal,0.6992262412359143
154679,17105,112599,220000,6,2,50,220 KV,,,290.988602468829,,,,,'',"SRID=4326;LINESTRING(6.65671831878072 51.3795300647971,6.65436245460045 51.3824777472438)",line,1,220.0,0.290988602468829,0.16,495.3665309646989,100000.0,-13.506707374155713,13.506707374155713,2.726608789627379,normal,0.6963984703906819
137061,113386,113592,380000;220000;110000,12,2;1,,Etzenricht - Mechlenreuth - Redwitz;Mechlenreuth - Schwandorf;Arzberg - Waldsassen - Wiesau;Arzberg - Mitterteich,TenneT TSO GmbH;E.ON Netz GmbH,437;248;133;134,1800.58202290333,,,,,'',"SRID=4326;LINESTRING(12.2089151712336 50.0074876437129,12.2286885279416 49.9974878947144)",line,3,380.0,1.80058202290333,0.1920620824430219,4936.3448015713,100000.0,33.27436186155441,33.27436186155441,0.6740688343116301,normal,0.6941744612990713
180621,17558,16811,220000;110000;220000;110000;110000;220000,3;3;3;6;3;6,2,50;50;50;50;50;50,Meißen;Meißen;Meißen;Meißen;Meißen;A08 - A09,EON_WestfalenWeser,,11004.8679535375,,,,,'',"SRID=4326;LINESTRING(8.93225449594203 52.1933143275816,8.9590597654776 52.2785291264413)",line,6,220.0,11.004867953537499,0.5869262908553333,2972.199185788193,82463.50649834788,8.276264534250116,8.276264534250116,0.27845591822458376,normal,0.6920498991696258
116775,112460,112457,380000,,2,,Irsching - Ottenhofen,TenneT TSO GmbH,421,368.324379481252,,,,,'',"SRID=4326;LINESTRING(11.8270468236777 48.227229589515,11.8233939144063 48.2294601586267)",line,1,380.0,0.36832437948125196,0.16,1645.4482671904334,100000.0,-36.04737766774724,36.04737766774724,2.190732968426734,normal,0.6869851835093312
179791,18243,113948,220000;220000;220000;220000,3;3;3;9,,,,TenneT,,2682.02321414687,,,,,'',"SRID=4326;LINESTRING(9.49151373923216 53.6580866516413,9.48356691606238 53.6356800744779)",line,4,220.0,2.68202321414687,0.2145618571317496,1981.4661238587955,100000.0,-10.428471039494735,10.428471039494735,0.5263007484168271,normal,0.6860132301042189
141139,17133,112628,380000,6,4,,Meitingen Nord; Süd,Amprion,,116.289674439353,,,,,'',"SRID=4326;LINESTRING(10.8675276212215 48.5394888829655,10.8637362727954 48.5391765820159)",line,1,380.0,0.11628967443935301,0.16,1645.4482671904334,100000.0,101.81575227660028,101.81575227660028,6.187721261540992,normal,0.6807136612940192
127933,115379,115380,380000,3,4,50,,Amprion,4310,436.804860437004,,,,,'',"SRID=4326;LINESTRING(7.41693017203317 52.4732004474675,7.41294883869396 52.4701047584297)",line,1,380.0,0.436804860437004,0.16,1645.4482671904334,100000.0,-30.885878708053482,30.885878708053482,1.877049514342401,normal,0.6802836662691748
103396,112815,115712,220000,9,1,,,RWE,4184,185.101043693286,,,,,'',"SRID=4326;LINESTRING(6.89868768287973 51.49502918955,6.90107172181226 51.49579773933)",line,1,220.0,0.18510104369328598,0.16,495.3665309646989,100000.0,-19.7839485945428,19.7839485945428,3.993800016326225,normal,0.6782592284908722
144898,118009,118011,220000;110000,6,2,50,,EVS AG,Anlage 320,6304.85064334527,,,,,'',"SRID=4326;LINESTRING(9.1518429768236 49.1461589700587,9.20235874867925 49.1778762830105)",line,2,220.0,6.3048506433452705,1.0087761029352433,990.7330619293978,47978.93195444476,3.356836371398475,3.356836371398475,0.3388234934707057,normal,0.6737635950761577
156664,122544,122545,380000,3,4,50,525=521,50Hertz Transmission,,80.0262375558052,,,,,'',"SRID=4326;LINESTRING(13.307201366479 52.2273143822645,13.3083903765891 52.2273244517529)",line,1,380.0,0.0800262375558052,0.16,1645.4482671904334,100000.0,143.82273731437905,143.82273731437905,8.740641695162692,normal,0.672901227917373
161840,117314,123032,220000;220000;110000,6;6,1;1,50;50,220 kV Saar Nord;220 kV Saar Nord; 110 kV Konz,Amprion,2326,13444.2431739717,,,,,'',"SRID=4326;LINESTRING(6.60767215838222 49.4936902517399,6.53552001375091 49.5948716432114)",line,3,220.0,13.4442431739717,1.4340526052236482,1486.0995928940965,33750.505262986335,-3.7327645675298156,3.7327645675298156,0.2511786279586056,normal,0.6707212701795112
147384,112535,112536,380000;220000;110000;25000,18,4;2,,,RWE,4574,1244.38168716862,,,,,'',"SRID=4326;LINESTRING(6.64638658268734 51.607116794193,6.65963403818225 51.5995478716066)",line,4,380.0,1.24438168716862,0.0995505349734896,6581.793068761734,100000.0,-54.531603747087765,54.531603747087765,0.8285220027032402,normal,0.6698020969280899
160768,17208,112791,380000;380000,3;3,4;4,,380 KV;380kV Meerbusch West,RWE,4153,4145.47817412463,,,,,'',"SRID=4326;LINESTRING(6.8088998503319 51.2686076725866,6.80415392311305 51.3047482476709)",line,2,380.0,4.14547817412463,0.6632765078599409,3290.896534380867,100000.0,-13.441562520155603,13.441562520155603,0.4084468283863696,normal,0.6690842260128931
78873,118356,118355,220000,3,2,50,220 kV Rheinau Ost,RWE,2400,126.468705322772,,,,,'',"SRID=4326;LINESTRING(8.42291806509643 49.6399513669051,8.42163643868058 49.6391596720556)",line,1,220.0,0.126468705322772,0.16,495.3665309646989,100000.0,27.80970202065913,27.80970202065913,5.613964667031759,normal,0.6685541403812839
117448,113153,117450,220000;110000,12,2;1,50,,TenneT;EON_Netz,2016;1105,1855.55666541091,,,,,'',"SRID=4326;LINESTRING(9.51644489613504 52.3634766837904,9.48937632100478 52.3618290642049)",line,2,220.0,1.85555666541091,0.2968890664657456,990.7330619293978,100000.0,-6.2740548158024545,6.2740548158024545,0.6332739924500027,normal,0.6644733776268265
81306,114821,114825,380000,6,,,Anlage 332,EnBW,,154.402502153559,,,,,'',"SRID=4326;LINESTRING(9.20574189387077 48.9239206761284,9.20755756872303 48.923193367787)",line,1,380.0,0.154402502153559,0.16,1645.4482671904334,100000.0,-75.6200408833313,75.6200408833313,4.595710627381246,normal,0.659865440909684
161088,114064,114065,380000;380000,3;3,4;4,50;50,536;536,50Hertz,536,293.782638366368,,,,,'',"SRID=4326;LINESTRING(11.5134632836233 51.5802763726576,11.5165789105232 51.5820828769853)",line,2,380.0,0.29378263836636803,0.08,3290.896534380867,100000.0,83.58430783893499,83.58430783893499,2.539864348991456,normal,0.6541933821496194
140018,17600,116597,220000,6,1,50,,,,3485.64864089912,,,,,'',"SRID=4326;LINESTRING(7.11705826498691 49.3217400877132,7.1613345903678 49.3278924903072)",line,1,220.0,3.48564864089912,1.1154075650877184,495.3665309646989,43392.21062768541,2.1580501230595064,2.1580501230595064,0.43564713967591295,normal,0.6538554336665493
177880,25342,134772,380000;380000;380000;380000;380000;380000,3;3;6;3;3;6,3;4,50;50;50;50;50;50,"MR;MQ;MR;MQ;MQ, MR",50Hertz,MR,3563.56071208203,,,,,'',"SRID=4326;LINESTRING(14.5080388276773 51.4136769977737,14.5698097937804 51.4198486663462)",line,6,380.0,3.56356071208203,0.19005657131104162,8000.0,100000.0,-34.454490402715436,34.454490402715436,0.430681130033943,normal,0.6538183916613743
161149,115234,112141,220000;220000,6;6,2;2,50;50,220 kV Kasselberg Süd; Niederaußem 5e;220 kV Kasselberg Süd; Niederaußem 5e,RWE,4560,314.390817271473,,,,,'',"SRID=4326;LINESTRING(6.96111412725599 51.0528141675749,6.96076971317606 51.049985238354)",line,2,220.0,0.314390817271473,0.08,990.7330619293978,100000.0,-23.67430332038678,23.67430332038678,2.3895743697381397,normal,0.6532458345523114
180024,112156,16782,220000;380000;380000;220000,3;3;6,4;2;2;1,50;50;50,220 kV Knapsack 2b;380 kV Walberberg West;380 kV Walberberg West; 220 kV Knapsack 2b,RWE,,4291.09398580519,,,,,'',"SRID=4326;LINESTRING(6.89406261680791 50.847981186533,6.84265873953413 50.8635394681059)",line,4,380.0,4.2910939858051895,0.34328751886441516,6581.793068761734,100000.0,25.340209998725438,25.340209998725438,0.38500465958120467,normal,0.6414273984120843
178648,117083,134633,220000;0;220000;0,6;3,,50;50;50,,RWE,,1049.21783934823,,,,,'',"SRID=4326;LINESTRING(7.59685643523532 51.9180159519976,7.59136525042599 51.9284404818717)",line,4,220.0,1.0492178393482299,0.08393742714785839,1981.4661238587955,100000.0,17.712440765260684,17.712440765260684,0.8939058080269718,normal,0.6413400328342581
84586,115535,115542,380000;220000;110000,15,4,50,,RWE;AVU,4317,229.441264898981,,,,,'',"SRID=4326;LINESTRING(7.31638147278709 51.4510885788664,7.31442054035339 51.4494158788985)",line,3,380.0,0.22944126489898098,0.05333333333333334,4936.3448015713,100000.0,153.05733571958635,153.05733571958635,3.1006208413736878,normal,0.640463651873218
108519,112770,112771,220000,3,,,380kV Herne 1A,RWE,,348.70071607937,,,,,'',"SRID=4326;LINESTRING(7.13752366578387 51.5219862865177,7.13676189442294 51.5250954773704)",line,1,220.0,0.34870071607937003,0.16,495.3665309646989,100000.0,-10.586012630309227,10.586012630309227,2.137006028585249,normal,0.6392676087810577
137299,115465,115464,380000,6,4,,Büscherhof West+Kusenhorst,RWE,,335.321738216552,,,,,'',"SRID=4326;LINESTRING(6.99135016207806 51.5166333508078,6.99159234787866 51.5136120794708)",line,1,380.0,0.335321738216552,0.16,1645.4482671904334,100000.0,36.18380574956781,36.18380574956781,2.1990242094545374,normal,0.6358968119330223
177234,112816,112817,220000;220000,6;3,2;2,,220kV Emscher Nord+Süd;220kV Osterfeld West,RWE,4184,283.0545458642,,,,,'',"SRID=4326;LINESTRING(6.89899763650318 51.4958861182757,6.90273851097151 51.4968962213114)",line,2,220.0,0.28305454586420004,0.08,990.7330619293978,100000.0,25.2383404329648,25.2383404329648,2.5474410214810566,normal,0.634933368544417
180545,114493,114491,380000;110000;220000;110000,9;6,,50;50,Herbertingen - Tiengen,RWE,5200,422.575189803791,,,,,'',"SRID=4326;LINESTRING(8.25637634030155 47.6309723602763,8.2546109711052 47.6334053761772)",line,4,380.0,0.422575189803791,0.04,6581.793068761734,100000.0,-118.43209358481516,118.43209358481516,1.7993895029443154,normal,0.6342285565013971
160989,114954,122818,380000;110000;380000;110000,12;12,4;1;4;1,50;50,380 kV Siegtal Nord|Süd; 110 kV Ittenbach Nord|Süd;380 kV Siegtal Nord|Süd; 110 kV Ittenbach Nord|Süd,RWE,4104,4520.69204446059,,,,,'',"SRID=4326;LINESTRING(7.29985543599973 50.7582865866844,7.24024503037613 50.7728319928662)",line,4,380.0,4.52069204446059,0.36165536355684724,6581.793068761734,100000.0,-24.425270680950018,24.425270680950018,0.37110359480726224,normal,0.634031687722391
156239,112438,114045,380000;220000,12,,,"2 x 380 kV, 2 x 220 kV",,,116.796560708334,,,,,'',"SRID=4326;LINESTRING(8.77515701014171 49.9704873626605,8.77499315743388 49.9715436490467)",line,2,380.0,0.116796560708334,0.08,3290.896534380867,100000.0,188.13167000857888,188.13167000857888,5.71673001697615,normal,0.6314949993723395
177985,16919,112825,220000;220000;220000;220000;220000,3;9,2;2,,220kV Scholven E;220kV Schermbeck Nord+Scholven E;220kV Scholven E;220kV Scholven E,Amprion,2422,245.789425914331,,,,,'',"SRID=4326;LINESTRING(7.02345294590051 51.6256937981523,7.02936731405964 51.6243730705648)",line,5,220.0,0.24578942591433098,0.032,2476.832654823494,100000.0,71.12253026945181,71.12253026945181,2.871511328427645,normal,0.6310703390121223
179339,16851,25292,220000;0;0;220000;220000;220000,3;3;3;6;3;3,1;1;1;1;1;1,50;0;0;50;50;50,Atlantic gelb;Atlantic ?;Maade ?;212;Maade gelb;Atlantic gelb,TenneT,212,360.867010895107,,,,,'',"SRID=4326;LINESTRING(8.1226935314256 53.5604852248008,8.12215671538818 53.5658316626273)",line,6,220.0,0.360867010895107,0.02666666666666667,2972.199185788193,100000.0,-60.57401857134563,60.57401857134563,2.038020158978077,normal,0.6279588568752683
178476,112740,16837,380000;380000;380000;380000;380000,3;6;3,,50;50;50;50;50,KKW Krümmel - Hamburg/OST;KKW Krümmel - UW HH-OST;KKW Krümmel - Hamburg/OST,50Hertz Transmission,,264.691267597153,,,,,'',"SRID=4326;LINESTRING(10.1592768879997 53.5511301890786,10.1576904324052 53.5551238482492)",line,5,380.0,0.264691267597153,0.032,8000.0,100000.0,-213.82685548350725,213.82685548350725,2.6728356935438407,normal,0.6276567542129794
138491,115231,20744,110000,3,2,50,,REW,2426,3566.50045148503,,,,,'',"SRID=4326;LINESTRING(7.12143447971918 49.3098488713945,7.14826362623883 49.2851261624214)",line,1,110.0,3.5665004514850303,1.1412801444752096,247.68326548234944,10602.129598569241,1.0193072145499997,1.0193072145499997,0.41153656972543357,normal,0.6250199907527602
74811,18588,17127,220000;220000;220000,6;3;6,2;2;2,50;50;50,344;344;344,50Hertz Transmission,344,45722.7172077676,,,,,'',"SRID=4326;LINESTRING(11.6441817388985 51.9085129755301,11.6388595619847 52.2687327303489)",line,3,220.0,45.7227172077676,4.8770898354952115,1486.0995928940965,9923.950887217057,2.4128378863318165,2.4128378863318165,0.16236044326160862,normal,0.6241509673695819
130028,117996,129920,220000,3,2,,,RWE,Anlage 323,40.9627623202748,,,,,'',"SRID=4326;LINESTRING(9.13889133655175 49.1458214420067,9.13849086759809 49.1455467874349)",line,1,220.0,0.0409627623202748,0.16,495.3665309646989,100000.0,-76.92774618965892,76.92774618965892,15.529459779982792,normal,0.6234459707240251
178651,19954,112253,380000;110000;380000,6;6;12,,,2x 380 kV;2x 110 kV;2x 380 kV ; 2x 110 kV,EVS,318,3027.45681396719,,,,,'',"SRID=4326;LINESTRING(8.95181560351669 48.7424807524249,8.94694795046782 48.7157167580538)",line,3,380.0,3.02745681396719,0.3229287268231669,4936.3448015713,100000.0,-22.078785752030484,22.078785752030484,0.4472699262215746,normal,0.6231074393077013
176097,17024,112774,380000;380000;110000;380000,6;9;3,4;4;1;4,,380kV Recklinghausen+ANK;380kV Recklinghausen,RWE,4358,270.65541489625,,,,,'',"SRID=4326;LINESTRING(7.14029659925867 51.5585822873716,7.13808606118999 51.5605871090224)",line,4,380.0,0.27065541489625,0.04,6581.793068761734,100000.0,-170.95093216246138,170.95093216246138,2.5973307026898564,normal,0.6221460050140772
140056,113940,113941,220000;110000,12,,50,,,,1801.25297754625,,,,,'',"SRID=4326;LINESTRING(8.45067151579931 48.9525751678648,8.42865066408204 48.9598156551452)",line,2,220.0,1.8012529775462498,0.2882004764074,990.7330619293978,100000.0,-5.937820404347538,5.937820404347538,0.5993360504981999,normal,0.6173561730956701
160769,112791,112792,380000;380000,3;3,4;4,,380 KV;380kV Meerbusch West,RWE,4153,1087.1982005282,,,,,'',"SRID=4326;LINESTRING(6.80415392311305 51.3047482476709,6.79451212550554 51.3123012393228)",line,2,380.0,1.0871982005282,0.173951712084512,3290.896534380867,100000.0,-27.351800138353255,27.351800138353255,0.8311352196157419,normal,0.6115680721766943
179516,20644,115379,380000;110000;380000;110000,3;6;3;3,4;1;4;1,50;50,,Amprion,4310,15348.7687125087,,,,,'',"SRID=4326;LINESTRING(7.34579757518748 52.5865082450878,7.41693017203317 52.4732004474675)",line,4,380.0,15.348768712508699,1.2279014970006958,6581.793068761734,100000.0,-14.382087217224004,14.382087217224004,0.21851320858876197,normal,0.6105592469417307
151008,115052,115053,220000,2,2,,,,,76.2447876161396,,,,,'',"SRID=4326;LINESTRING(7.72187335635873 49.4877081799202,7.72188871755009 49.4870110593911)",line,1,220.0,0.0762447876161396,0.16,495.3665309646989,100000.0,41.1508128090432,41.1508128090432,8.307144354081466,normal,0.6103918016735936
178962,114568,134441,220000;380000;220000;380000;220000;220000;380000;380000,3;6;9;3;3;3,2,50;50;50;50;50;50,Anlage 9340;Anlage 9340,EnBW; RWE,,1169.03868021538,,,,,'',"SRID=4326;LINESTRING(9.20772744014326 49.0310832624229,9.20403323443474 49.0424158448298)",line,8,380.0,1.16903868021538,0.0467615472086152,8000.0,100000.0,62.963281237582436,62.963281237582436,0.7870410154697804,normal,0.6093933166913944
102118,114828,114827,220000,6,,,,,,118.023634164684,,,,,'',"SRID=4326;LINESTRING(9.23659902388028 48.9238058728457,9.23679054469885 48.9227402851052)",line,1,220.0,0.11802363416468399,0.16,495.3665309646989,100000.0,27.055027777472816,27.055027777472816,5.461618031558298,normal,0.6093118391551134
99037,114222,18639,220000,9,,,,,,216.662299935597,,,,,'',"SRID=4326;LINESTRING(6.72505789116703 51.4782495738368,6.72247756302745 51.4798054545034)",line,1,220.0,0.216662299935597,0.16,495.3665309646989,100000.0,-15.380709708356921,15.380709708356921,3.104914996659916,normal,0.608908884794507
118988,112146,112145,220000,6,2,50,220 kV Niederaußem 4d; Wiesdorf Ltg.,RWE,2429,160.726452282132,,,,,'',"SRID=4326;LINESTRING(6.96488148189453 51.0657096497628,6.96429901426431 51.0643006815507)",line,1,220.0,0.16072645228213198,0.16,495.3665309646989,100000.0,-20.10946553910875,20.10946553910875,4.0595123574349445,normal,0.6050543267475571
181768,113388,21270,380000;380000;110000;110000;380000;20000;110000,12;12;3;12;3,4;1;4;1;1;4;1;1,,Etzenricht - Hradec;Etzenricht - Přeštice;Etzenricht - Hradec;Etzenricht - Přeštice;Vohenstrauß - Weiden;Forst - Vohenstrauß;Vohenstrauß - Weiden;Forst - Vohenstrauß;Etzenricht - Hradec;Etzenricht - Přeštice;VOH WAIDH;VOH ESLA;Vohenstrauß - Weiden;Forst - Vohenstrauß,TenneT TSO GmbH,441;442,10889.7984499565,,,,,'',"SRID=4326;LINESTRING(12.176078513664 49.6488443529047,12.3244579783458 49.6399772986727)",line,7,380.0,10.8897984499565,0.4978193577122972,8000.0,100000.0,19.548323828122438,19.548323828122438,0.24435404785153048,normal,0.6049426147318646
173128,113008,142811,380000;110000,12,4,,,TenneT TSO GmbH,,368.314461245511,,,,,'',"SRID=4326;LINESTRING(9.11649687550782 50.1670149736167,9.117860671677 50.1704899588736)",line,2,380.0,0.368314461245511,0.08,3290.896534380867,100000.0,-62.913952538146134,62.913952538146134,1.9117572333516846,normal,0.599488187282175
147147,114820,134318,220000,6,,,Anlage 313,EnBW,,1208.27048796922,,,,,'',"SRID=4326;LINESTRING(9.20427242972901 48.9243379794108,9.19488883025304 48.9134592121868)",line,1,220.0,1.20827048796922,0.3866465561501504,495.3665309646989,100000.0,3.745484852768488,3.745484852768488,0.7561037370599833,normal,0.5989926576353223
180010,133613,18576,220000;220000;220000;220000;220000,3;3;3;6;3,2;2;2;2;2,50;50;50;50;50,"319;324;319;319, 324;324",50Hertz Transmission,319,54770.6143093611,,,,,'',"SRID=4326;LINESTRING(12.9417261578462 52.5621020850187,12.4994098826468 52.4052153659442)",line,5,220.0,54.7706143093611,3.5053193157991105,2476.832654823494,13807.58659613474,-3.667283190193149,3.667283190193149,0.1480634221715108,normal,0.5953996078215034
131759,114233,18114,220000,6,,,,,,125.176989298152,,,,,'',"SRID=4326;LINESTRING(6.74045007440278 51.511040277144,6.74124199044949 51.5130747832637)",line,1,220.0,0.125176989298152,0.16,495.3665309646989,100000.0,-24.99374649310715,24.99374649310715,5.045505687361077,normal,0.5950686920768627
178354,112869,17061,220000;110000;220000;110000;110000;110000;220000;220000;220000;110000,3;3;12;3;3;3;3;3;3,1;1;4;1;1;1;1;1;1;1,50;50;50;50;50;50;50;50;50,,TenneT,316A,460.749318811271,,,,,'',"SRID=4326;LINESTRING(9.77314028520276 53.6950714428704,9.7765832945022 53.6906257221607)",line,8,220.0,0.460749318811271,0.02,3962.932247717591,100000.0,-61.90155465417568,61.90155465417568,1.5620139529215324,normal,0.5919244628791898
160608,16999,28780,220000;220000;220000,3;3;3,1,,220 kV;220 kV,,,3221.99666638222,,,,,'',"SRID=4326;LINESTRING(8.59070820517917 49.970800538242,8.56023905306821 49.9921018160486)",line,3,220.0,3.2219966663822204,0.3436796444141035,1486.0995928940965,100000.0,6.092151799463874,6.092151799463874,0.4099423637953999,normal,0.5904433316399269
180741,17578,113457,110000;220000;220000;110000,6;3;9,2;2;2,50;50;50,11kV Knepper-Pöppinghausen Nord+Süd;220kV Knepper C,RWE,1615,587.762075100301,,,,,'',"SRID=4326;LINESTRING(7.26402302448204 51.5735977986741,7.27162444089182 51.5796189417744)",line,4,220.0,0.587762075100301,0.04702096600802408,1981.4661238587955,100000.0,-25.28040471994064,25.28040471994064,1.2758433977517847,normal,0.5898549684751073
167536,112511,134630,220000;110000,9,2,,,RWE,2634,532.44819939838,,,,,'',"SRID=4326;LINESTRING(7.45026404711253 51.6182173498848,7.46153667522325 51.6146353231095)",line,2,220.0,0.53244819939838,0.0851917119037408,990.7330619293978,100000.0,13.689661867788416,13.689661867788416,1.381770972811643,normal,0.5898318590216779
161091,114065,114066,380000;380000,3;3,4;4,50;50,538;538,50Hertz,,242.35338546433,,,,,'',"SRID=4326;LINESTRING(11.5165789105232 51.5820828769853,11.5161813161785 51.5799075493535)",line,2,380.0,0.24235338546433,0.08,3290.896534380867,100000.0,89.13368953224997,89.13368953224997,2.7084926129110025,normal,0.5877631359414802
180897,25342,134772,380000;380000;380000;380000;380000,3;3;6;3;3,,50;50;50;50;50,"MP;MP;MN, MP;MN;MN",50Hertz,MP,2831.43027674319,,,,,'',"SRID=4326;LINESTRING(14.5080388276773 51.4136769977737,14.5698097937804 51.4198486663462)",line,5,380.0,2.83143027674319,0.18121153771156415,8000.0,100000.0,-34.454490402715436,34.454490402715436,0.430681130033943,normal,0.5785073346330756
76968,112775,112776,,,,,,RWE,4358,209.031993929833,,,,,'',"SRID=4326;LINESTRING(7.13964009659326 51.5552746896507,7.1378237929203 51.5537614789583)",line,1,220.0,0.209031993929833,0.16,495.3665309646989,100000.0,14.894691705191754,14.894691705191754,3.0068021907304003,normal,0.5707512953301481
160607,28780,143946,220000;220000;220000,3;3;3,1,,220 kV;220 kV,,,8110.3184627065,,,,,'',"SRID=4326;LINESTRING(8.56023905306821 49.9921018160486,8.50868065979763 50.0333711187429)",line,3,220.0,8.1103184627065,0.8651006360220267,1486.0995928940965,55947.248198263565,3.8285059067630143,3.8285059067630143,0.25762108576499987,normal,0.5691900023657684
138199,112534,112535,380000;220000;25000,15,4;2,,,RWE,4574,1500.88081029477,,,,,'',"SRID=4326;LINESTRING(6.62901433290233 51.6137687514164,6.64638658268734 51.607116794193)",line,3,380.0,1.5008808102947702,0.16009395309810884,4936.3448015713,100000.0,-30.613087138942063,30.613087138942063,0.6201569859787254,normal,0.5684625563406527
102505,115536,16339,380000;220000;110000,15,4;2,50,,RWE,4339,5768.48415749833,,,,,'',"SRID=4326;LINESTRING(7.29779802450451 51.444392652176,7.2526279816182 51.404585366239)",line,3,380.0,5.76848415749833,0.6153049767998219,4936.3448015713,100000.0,-14.659248018866755,14.659248018866755,0.29696564174772666,normal,0.5678806128366165
141187,24934,118545,110000,6,1,50,Rheinau - Hockenheim; Rheinau - Scheffelstraße,EnBW,1300,413.168683535213,,,,,'',"SRID=4326;LINESTRING(8.54432615076693 49.4356024755454,8.55015876570567 49.4324301577776)",line,1,110.0,0.413168683535213,0.16,247.68326548234944,75625.0,4.061248582026347,4.061248582026347,1.639694379076152,normal,0.5670628468646481
182138,21077,16780,110000;110000;0;110000;0,6;6;6,1;1;1,50;50;50,110 kV Halfeshof Nord|Süd;110 kV Neschen Nord;110 kV Neschen Nord,RWE,2353,4299.02913313952,,,,,'',"SRID=4326;LINESTRING(7.01972144185145 51.0927333655873,6.96562911753218 51.0692893895334)",line,5,110.0,4.29902913313952,0.27513786452092925,1238.416327411747,43977.9527295109,-4.194983109929164,4.194983109929164,0.33873771017671844,normal,0.5648531331622372
31310,20416,20417,110000,3,1,,110kV Bochum-Linden+Bochum-Eppendorf,RWE,1795,42.4439378479199,,,,,'',"SRID=4326;LINESTRING(7.17944505759209 51.4721618055413,7.1800050322344 51.4749493397565)",line,1,110.0,0.042443937847919895,0.16,247.68326548234944,75625.0,-33.64369787593288,33.64369787593288,13.583355262380623,normal,0.5646315070293704
176385,18114,114234,110000,6,1,,110kV Aldenrade Nord+Schacht 2/5,RWE,2347,20.3560758598314,,,,,'',"SRID=4326;LINESTRING(6.73947255153391 51.5134168949911,6.73918444505327 51.5133828420231)",line,1,110.0,0.0203560758598314,0.16,247.68326548234944,75625.0,-69.38728323982568,69.38728323982568,28.01452213765746,normal,0.5645391351895835
126643,115465,133839,110000,6,,,,,,273.028581755968,,,,,'',"SRID=4326;LINESTRING(6.99135016207806 51.5166333508078,6.99611165854856 51.5141819249677)",line,1,110.0,0.273028581755968,0.16,247.68326548234944,75625.0,5.771207250660631,5.771207250660631,2.330075566236389,normal,0.5624773794386009
162797,28780,143946,220000;220000,3;3,1,,220 kV;220 kV,,,8280.93186506118,,,,,'',"SRID=4326;LINESTRING(8.56023905306821 49.9921018160486,8.50868065979763 50.0333711187429)",line,2,220.0,8.28093186506118,1.324949098409789,990.7330619293978,36529.705222706245,2.4997510462325696,2.4997510462325696,0.25231327612752147,normal,0.5621443807736397
137300,115464,115466,380000,6,4,,Büscherhof West+Kusenhorst,RWE,,223.427562345134,,,,,'',"SRID=4326;LINESTRING(6.99159234787866 51.5136120794708,6.99249641238059 51.5116731501039)",line,1,380.0,0.223427562345134,0.16,1645.4482671904334,100000.0,45.83568680551764,45.83568680551764,2.7856048542796827,normal,0.5617350380236095
82607,113022,116012,380000;220000,3;9,,50,,,,682.585542131885,,,,,'',"SRID=4326;LINESTRING(7.94334571330459 47.5952825639558,7.95241411626625 47.5957385406719)",line,2,380.0,0.6825855421318849,0.10921368674110159,3290.896534380867,100000.0,35.51336804804572,35.51336804804572,1.0791396106510238,normal,0.5615104656167474
122330,112949,115547,380000;220000;110000,12,3;1,,,RWE,4360,2809.53908937744,,,,,'',"SRID=4326;LINESTRING(7.18403465827139 51.4457551398871,7.17856481650638 51.4236041737587)",line,3,380.0,2.80953908937744,0.2996841695335936,4936.3448015713,100000.0,-20.56617287409246,20.56617287409246,0.4166275594757074,normal,0.5572427804377675
77810,121775,121776,220000;110000,6,1,50,,RWE,2339,33.0228042509318,,,,,'',"SRID=4326;LINESTRING(6.65058396085239 51.5533987522171,6.65066741434228 51.5537022721424)",line,2,220.0,0.0330228042509318,0.08,990.7330619293978,100000.0,169.47939120346422,169.47939120346422,17.106463659687755,normal,0.5557764420857877
72437,18657,114612,380000;380000;0;380000,3;6;3,3;3;3,50,LFBSS-TRSNG 380 kV;LFBSS-TRSNG 1x 380 kV;LFBSS-TRSNG 1x 380 kV,EnBW,338,1128.92969976153,,,,,'',"SRID=4326;LINESTRING(8.61667318028005 48.0659747395541,8.62544558152092 48.0557058380683)",line,4,380.0,1.12892969976153,0.09031437598092239,6581.793068761734,100000.0,48.368055409297746,48.368055409297746,0.7348765739667577,normal,0.5552869702159322
98603,20416,115557,220000,6,,,220kV Welper Ost,RWE,,72.1492916528042,,,,,'',"SRID=4326;LINESTRING(7.17944505759209 51.4721618055413,7.17651441187038 51.4715711726703)",line,1,220.0,0.07214929165280419,0.16,495.3665309646989,100000.0,39.39918244926233,39.39918244926233,7.953541466060414,normal,0.5540859919095582
162978,114200,134448,220000;110000;220000;220000;220000;110000,6;3;3;3;6,2;2;2;2;2;1,50,,Tennet,2812,1915.34197973154,,,,,'',"SRID=4326;LINESTRING(8.70941928579665 51.6998988507236,8.7392525286137 51.7001263051906)",line,6,220.0,1.91534197973154,0.10215157225234882,2972.199185788193,100000.0,15.268834016857191,15.268834016857191,0.5137217616459333,normal,0.5496756734408897
177874,115307,134476,220000;220000;110000;220000;110000;220000;110000;110000,3;15;13;15;6,2;4;1;2;1;2;1;2,50;50;50;50;50,220 kV Norf Ost;220 kV Norf Ost; 110 kV Nievenheim Ost|West;220 kV Norf Ost; 110 kV Nievenheim Ost|West;110 kV Nievenheim Ost|West,RWE,2447,2622.37644305815,,,,,'',"SRID=4326;LINESTRING(6.77375915598029 51.1425182774372,6.80133711744184 51.1238419585396)",line,8,220.0,2.62237644305815,0.104895057722326,3962.932247717591,100000.0,-16.863650350451564,16.863650350451564,0.425534662122069,normal,0.5477185515449845
179941,24290,112249,380000;380000;110000;110000,6;12;6,,50;50,2x 380 kV;2x 380 kV ; 2x 110 kV;Anlage 318,EnBW Transportnetze AG,,1966.29695734039,,,,,'',"SRID=4326;LINESTRING(8.91867012227771 48.6610977783956,8.93584037181121 48.6752096806812)",line,4,380.0,1.9662969573403901,0.15730375658723122,6581.793068761734,100000.0,33.062590737753524,33.062590737753524,0.5023340963828533,normal,0.5461950761042486
171322,125991,141544,380000,6,4,,"467, 468",50Hertz,,59.8588251442914,,,,,'',"SRID=4326;LINESTRING(10.9900050860988 50.6693729588479,10.9896077111135 50.6686883965613)",line,1,380.0,0.0598588251442914,0.16,1645.4482671904334,100000.0,154.53308570526346,154.53308570526346,9.391549329540776,normal,0.5459844392509794
147806,29344,121825,380000,3,,,,,,25.7162819316955,,,,,'',"SRID=4326;LINESTRING(7.81575705280167 49.9220895360765,7.81856972034039 49.9218400424908)",line,1,380.0,0.025716281931695503,0.16,1645.4482671904334,100000.0,-353.47502903316786,353.47502903316786,21.481989806748448,normal,0.5454530737197373
172132,134420,142112,110000,6,1,50,BRUCH-OWALD-BLANK,Netze BW GmbH,,772.10739962399,,,,,'',"SRID=4326;LINESTRING(8.44551903667631 48.9860892546231,8.44182449030338 48.9939191373355)",line,1,110.0,0.77210739962399,0.2470743678796768,247.68326548234944,48973.1092052924,2.3559735729532005,2.3559735729532005,0.951204179404318,normal,0.5442499813131451
162548,23436,29813,380000;380000,6;6,,,Energieableitungsstollen,Schluchseewerk AG,,419.771634030475,,,,,'',"SRID=4326;LINESTRING(7.94281004947385 47.6530213650034,7.9369390231021 47.6491061757899)",line,2,380.0,0.419771634030475,0.08,3290.896534380867,100000.0,50.967907259520665,50.967907259520665,1.5487544724376914,normal,0.5428323057656134
168681,17223,112560,380000,3,4,,380kV Kusenhorst,RWE,4139,81.0237424606246,,,,,'',"SRID=4326;LINESTRING(6.9319405673101 51.5650443480733,6.93224281301356 51.5635094445823)",line,1,380.0,0.0810237424606246,0.16,1645.4482671904334,100000.0,112.86121200022592,112.86121200022592,6.85899485572609,normal,0.5343740133324906
118779,112775,113452,380000,6,4,,380kV Recklinghausen + ?,RWE,4302,299.687062306079,,,,,'',"SRID=4326;LINESTRING(7.13964009659326 51.5552746896507,7.1401650720453 51.5525898399415)",line,1,380.0,0.299687062306079,0.16,1645.4482671904334,100000.0,33.45835144200615,33.45835144200615,2.033388232808774,normal,0.5329988692892142
179777,114845,16824,110000;220000;110000;220000,3;6;3,,,Anlage 9333;Anlage 9333;Anlage 9333,,,8188.16331539888,,,,,'',"SRID=4326;LINESTRING(9.04710139098889 48.8918369730262,9.09724030613754 48.8277635374798)",line,4,220.0,8.18816331539888,0.6550530652319104,1981.4661238587955,73887.14375813935,4.753436909964789,4.753436909964789,0.23989493702308337,normal,0.5320668334227797
180735,21137,116025,380000;380000;380000;380000;380000,3;12;3;3;3,4;4;4;4;4,,,Amprion,,1740.77593389741,,,,,'',"SRID=4326;LINESTRING(10.3917812505087 48.5185007550404,10.4102799226065 48.5111657478565)",line,5,380.0,1.7407759338974098,0.11140965976943422,8000.0,100000.0,-42.10802326184149,42.10802326184149,0.5263502907730186,normal,0.5306879792393843
147804,113739,113741,380000,3,,,380 kV,EnBW,,191.468903356175,,,,,'',"SRID=4326;LINESTRING(9.24103059283989 48.5426059762324,9.23922875204301 48.5413512945415)",line,1,380.0,0.191468903356175,0.16,1645.4482671904334,100000.0,-49.51476636914087,49.51476636914087,3.0091961781142014,normal,0.5271718055461669
179308,115533,19958,220000;220000;220000;220000,3;6;12;6,2;2;2;2,50,220kV Laer West;220kV Pöppinghausen Ost+Haarstrang Ost;220kV Laer West + ANK,RWE,2652,1946.45036992893,,,,,'',"SRID=4326;LINESTRING(7.29583143268452 51.456432142043,7.27894548135284 51.4722703560338)",line,4,220.0,1.9464503699289302,0.1557160295943144,1981.4661238587955,100000.0,-9.642600001613655,9.642600001613655,0.4866396596695393,normal,0.5258633911632582
93750,118969,118970,220000,6,,,,,,355.334358810354,,,,,'',"SRID=4326;LINESTRING(8.94761656653379 49.5707807877213,8.9524796861559 49.5713090546321)",line,1,220.0,0.35533435881035397,0.16,495.3665309646989,100000.0,8.553892997043011,8.553892997043011,1.7267805679937194,normal,0.5250244944166194
181135,18120,144140,220000;220000;220000;220000;220000,6;3;3;3;3,2;2;2;2;2,50;50;50;50;50,220 kV Godorf Ost; Olefin West;220 kV Godorf Ost;220 kV Godorf Ost;220 kV Olefin West;220 kV Olefin West,RWE,2389,2848.97801260673,,,,,'',"SRID=4326;LINESTRING(6.96338638296758 50.8338255190495,6.92901461946779 50.8439864934191)",line,5,220.0,2.8489780126067297,0.1823345928068307,2476.832654823494,100000.0,-9.64115914209307,9.64115914209307,0.3892535542648571,normal,0.5246389228172763
89783,117472,118356,220000,6,2,50,220 kV Rheinau Ost|West,RWE,2327,20.9718038537908,,,,,'',"SRID=4326;LINESTRING(8.42315216605947 49.6398211735743,8.42291806509643 49.6399513669051)",line,1,220.0,0.0209718038537908,0.16,495.3665309646989,100000.0,124.92773527482126,124.92773527482126,25.219252304254674,normal,0.5234236294863603
144512,119344,119343,220000;110000,12,,50,,,,796.886935364632,,,,,'',"SRID=4326;LINESTRING(12.4727170426825 51.36876385975,12.4817730488932 51.365751747343)",line,2,220.0,0.796886935364632,0.12750190965834113,990.7330619293978,100000.0,8.660039377882123,8.660039377882123,0.8741042073449307,normal,0.5122737419823561
144777,19829,112278,380000,6,4,50,,,,2134.13531425956,,,,,'',"SRID=4326;LINESTRING(8.61862705626411 50.0922508639458,8.6029936282988 50.1094959549091)",line,1,380.0,2.13413531425956,0.6829233005630592,1645.4482671904334,100000.0,-7.377874801500761,7.377874801500761,0.4483808423888233,normal,0.512209343576331
162267,115100,134765,380000;220000;380000;220000;110000,9;3;6;3,4;2;4;2,50;50,,,,130.698072350704,,,,,'',"SRID=4326;LINESTRING(8.03960908931931 47.5609838760918,8.03923340987373 47.5592429674638)",line,5,380.0,0.130698072350704,0.032,8000.0,100000.0,333.1317663746131,333.1317663746131,4.164147079682663,normal,0.5115038607216649
135582,118311,118969,220000,6,,,,,,218.395939380281,,,,,'',"SRID=4326;LINESTRING(8.94466551099393 49.570313568508,8.94761656653379 49.5707807877213)",line,1,220.0,0.21839593938028098,0.16,495.3665309646989,100000.0,12.824484384138524,12.824484384138524,2.5888879410491357,normal,0.5113964709241927
153301,115577,117226,380000,3,4,,380kV Büscherhof West,RWE,4566,261.368901640145,,,,,'',"SRID=4326;LINESTRING(6.92904076818332 51.5034438856652,6.92682758881783 51.5015298551017)",line,1,380.0,0.261368901640145,0.16,1645.4482671904334,100000.0,35.54290026064333,35.54290026064333,2.16007400350131,normal,0.5015639154056734
176260,17558,112099,220000;110000;110000;110000;220000;110000,6;6;6;3;3,1,50,,Westfalen Weser Netz GmbH,"120, 121",550.580757103009,,,,,'',"SRID=4326;LINESTRING(8.93451594774323 52.1923984072829,8.94228344130073 52.1910962572124)",line,6,220.0,0.550580757103009,0.029364307045493813,2972.199185788193,100000.0,-33.64960007876672,33.64960007876672,1.1321448521910966,normal,0.49659217885163864
148807,115483,115717,380000,3,4,,380kV Kemnade Süd,RWE,4339,177.588072557279,,,,,'',"SRID=4326;LINESTRING(7.1666517185345 51.3801636402511,7.16882294657622 51.3793047770536)",line,1,380.0,0.177588072557279,0.16,1645.4482671904334,100000.0,49.40386262697327,49.40386262697327,3.002456145967401,normal,0.4908065231198976
103652,112763,112762,380000,3,4,,,RWE,4526,126.231264392907,,,,,'',"SRID=4326;LINESTRING(7.07080534047467 51.506886075351,7.0693190778371 51.5075587595865)",line,1,380.0,0.126231264392907,0.16,1645.4482671904334,100000.0,67.82445018571615,67.82445018571615,4.121943639195956,normal,0.49000385877235536
178563,113589,124689,380000;220000;110000,6;12,1;2;1,,Etzenricht - Mechlenreuth - Redwitz;Mechlenreuth - Schwandorf;Etzenricht - Windischeschenbach;Latsch - Wiesau,TenneT TSO GmbH;E.ON Netz GmbH,437;248;112;117,19145.5512017595,,,,,'',"SRID=4326;LINESTRING(12.081172042886 49.6667810397098,12.1516968893801 49.8077013762523)",line,3,380.0,19.1455512017595,2.04219212818768,4936.3448015713,70708.33248590872,8.029026003549902,8.029026003549902,0.16265123945544005,normal,0.4884389850836933
137445,20408,115548,380000;220000;110000,12,3;1,,,RWE,4360,2194.96112761946,,,,,'',"SRID=4326;LINESTRING(7.18050361114986 51.4526103518285,7.17376044670386 51.4680844572818)",line,3,380.0,2.19496112761946,0.23412918694607573,4936.3448015713,100000.0,-20.717259883118455,20.717259883118455,0.4196882656277149,normal,0.4874993640441076
136588,21059,115892,380000,6,,50,,TenneT,,912.952343986364,,,,,'',"SRID=4326;LINESTRING(9.31808928161281 54.715995074046,9.33223016559803 54.7210227584184)",line,1,380.0,0.9129523439863639,0.29214475007563645,1645.4482671904334,100000.0,-12.304264045076563,12.304264045076563,0.7477758061689671,normal,0.4850431154752865
159154,17191,134290,220000,6,1,50,Leitung 2025,TenneT,2025,3668.65810843688,,,,,'',"SRID=4326;LINESTRING(10.4626489600018 52.2816072635621,10.5064910007682 52.3037288330611)",line,1,220.0,3.66865810843688,1.1739705946998016,495.3665309646989,41227.60844139922,-1.5525411575457901,1.5525411575457901,0.31341260672623605,normal,0.48292861219209465
37965,21315,17277,220000,6,,50,,,,3500.14429013348,,,,,'',"SRID=4326;LINESTRING(10.4204291048174 52.1652237534487,10.3692308423588 52.1670931158588)",line,1,220.0,3.50014429013348,1.1200461728427136,495.3665309646989,43212.50424628409,1.5835711819773481,1.5835711819773481,0.3196766602082363,normal,0.4808286889958002
105262,118023,118024,380000;220000;110000,12,3;2,,,EnBW,Anlage 316,1102.606385357,,,,,'',"SRID=4326;LINESTRING(9.21188457378358 49.2049862588445,9.22127592108988 49.2127750520271)",line,3,380.0,1.1026063853569998,0.11761134777141331,4936.3448015713,100000.0,-31.753707387349728,31.753707387349728,0.6432635616791219,normal,0.47805914136491123
179036,18108,134436,220000;220000;220000;220000;220000,3;6;3;3;3,2;2;2;2;2,50;50;50;50;50,,50Hertz Transmission,,542.210624740493,,,,,'',"SRID=4326;LINESTRING(12.1870420174299 53.8158258984951,12.1863427403086 53.8109549399054)",line,5,220.0,0.542210624740493,0.034701479983391556,2476.832654823494,100000.0,-27.28520437658144,27.28520437658144,1.1016167896302975,normal,0.4772389640297902
88528,117998,114209,380000,3,2,,,Energieversorgung Schwaben AG,Anlage 316,958.241567558244,,,,,'',"SRID=4326;LINESTRING(9.13992916019949 49.1582245575912,9.14324394359789 49.149929091438)",line,1,380.0,0.958241567558244,0.30663730161863806,1645.4482671904334,100000.0,11.628310477557191,11.628310477557191,0.7066955983619148,normal,0.4749325939988892
110754,112515,112514,380000,6,2,50,,,,234.396628461153,,,,,'',"SRID=4326;LINESTRING(7.41658261384975 51.4607823586596,7.41989227685103 51.4603225664995)",line,1,380.0,0.234396628461153,0.16,1645.4482671904334,100000.0,-37.10479603140637,37.10479603140637,2.2549962081009083,normal,0.4748622671235358
141299,114625,134446,380000,3,,,,,,172.126555924599,,,,,'',"SRID=4326;LINESTRING(8.46534118405203 48.0409069864203,8.4654615769586 48.0435745964421)",line,1,380.0,0.172126555924599,0.16,1645.4482671904334,100000.0,-48.98145507466478,48.98145507466478,2.976784870806029,normal,0.47277198547201416
179525,18376,25404,380000;220000;220000;380000;220000;220000;220000;380000;220000;380000;220000,3;6;6;12;6;6;6;9;3;6,4;2;2;4;2;2;4;2;4;1,50;50;50;50;50;50;50;50;50;50,380 kV Leichlingen Ost;220 kV Bigge Ost+West;220 kV Bigge Ost+West+ANK;RWE 4561 Opladen - Ronsdorf;220 kV Bigge Ost+West;220 kV Bigge Ost+West+ANK;380kV Dauersberg West+Leichlingen Ost;220 kV Bigge Ost+West+ANK;380 kV Dauersberg West;220 kV Bigge Ost+West,RWE,2468,8994.44958967166,,,,,'',"SRID=4326;LINESTRING(7.12315874458966 51.1716164010914,7.21580005085776 51.2210060089823)",line,8,380.0,8.99444958967166,0.3597779835868664,8000.0,100000.0,-16.383363303928977,16.383363303928977,0.20479204129911222,normal,0.47143740191616224
178947,113444,113301,380000;110000;380000;110000,12;12,3;1,50,"AL1-BZW 380 kV, BZW-WDL/MEZ 380 kV, REI-WEN 110 kV, KIN-WEN 110 kV;AL1-BZW 380 kV, BZW-WDL/MEZ 380 kV, REI-WEN 110 kV, BZW-KIN 110 kV",Netze BW,,6147.09405303186,,,,,'',"SRID=4326;LINESTRING(9.48399693958889 48.6908079394762,9.40777776234026 48.6694709750749)",line,4,380.0,6.147094053031861,0.4917675242425489,6581.793068761734,100000.0,-15.76378304374848,15.76378304374848,0.23950590483565903,normal,0.47103766365717836
116120,115301,144140,220000,3,2,50,220 kV Godorf Ost,RWE,2389,60.5722124546134,,,,,'',"SRID=4326;LINESTRING(6.92909269080674 50.8441529722133,6.92901461946779 50.8439864934191)",line,1,220.0,0.0605722124546134,0.16,495.3665309646989,100000.0,-39.451951406999086,39.451951406999086,7.964193973736699,normal,0.4683629825800231
163116,113904,114453,220000;220000,3;3,2,50;50,318;318,50Hertz Transmission,318,200.502520707744,,,,,'',"SRID=4326;LINESTRING(12.2188089462783 54.1129809662942,12.2157288926637 54.1128919737773)",line,2,220.0,0.200502520707744,0.08,990.7330619293978,100000.0,25.1463977013186,25.1463977013186,2.538160748602392,normal,0.46382409520017165
78599,112830,112831,380000;220000;110000,15,4;2;1,,,RWE,4147,249.242485626854,,,,,'',"SRID=4326;LINESTRING(6.99201976629084 51.5210694404674,6.99148068728884 51.5188433443926)",line,3,380.0,0.249242485626854,0.05333333333333334,4936.3448015713,100000.0,102.61771692894328,102.61771692894328,2.0788198769315867,normal,0.46261507925479395
140898,16276,112274,110000,6,1,50,110 kV Kriftel Nord+Süd,RWE,,391.164187794833,,,,,'',"SRID=4326;LINESTRING(8.47130678475266 50.0972089288331,8.47704075248088 50.0935645616639)",line,1,110.0,0.39116418779483303,0.16,247.68326548234944,75625.0,-3.4660788730140126,3.4660788730140126,1.3993996995574232,normal,0.4619991347294354
179298,26626,24978,110000;380000;110000;110000;380000,3;9;3;6,1;4;1;4,50;50,,RWE,4332,8086.32904659175,,,,,'',"SRID=4326;LINESTRING(8.68414375850752 51.4356404542479,8.79127921302957 51.4266664167297)",line,5,380.0,8.08632904659175,0.5175250589818721,8000.0,100000.0,-16.741729160008045,16.741729160008045,0.20927161450010057,normal,0.46181452610170093
102561,115645,114267,380000,3,4,,,Lechwerke,12A,208.124581503471,,,,,'',"SRID=4326;LINESTRING(11.0316811660641 48.3952091779948,11.031706318892 48.3970926799858)",line,1,380.0,0.20812458150347102,0.16,1645.4482671904334,100000.0,39.993000520789636,39.993000520789636,2.4305231175135518,normal,0.45953712114893763
161042,113246,133951,110000;110000;110000,3;6,1;2,,Obr-Oba;Ka-Oba,EON_Netz,121;122,186.432487084476,,,,,'',"SRID=4326;LINESTRING(11.3652880639699 48.2888757573462,11.3706509375195 48.29144647242)",line,3,110.0,0.18643248708447602,0.05333333333333334,743.0497964470483,100000.0,19.850474416110984,19.850474416110984,2.6714864213714353,normal,0.45669299304872085
181121,134419,113884,220000;220000;110000;110000,3;9;6;3,2;2;1,50;50;50;50,110kV Knepper-Pöppinghausen Nord+Süd,RWE,2670,548.228904629074,,,,,'',"SRID=4326;LINESTRING(7.35181058520026 51.5683678572978,7.34245166031058 51.5682737606608)",line,4,220.0,0.548228904629074,0.043858312370325926,1981.4661238587955,100000.0,20.68470052001281,20.68470052001281,1.0439088648021144,normal,0.4563047111471794
166850,16309,118850,380000,6,,50,Niederzwönitz-Zwönitz,50Hertz,577;578,4282.97121150763,,,,,'',"SRID=4326;LINESTRING(12.7864054610462 50.6294093653227,12.8259720721456 50.6568443390441)",line,1,380.0,4.28297121150763,1.3705507876824417,1645.4482671904334,100000.0,4.497634720666138,4.497634720666138,0.27333795965191604,normal,0.45496793662018403
153998,115907,115909,110000,3,,50,,Westnetz,,56.8277555882502,,,,,'',"SRID=4326;LINESTRING(6.47091425649538 49.9237176650895,6.47145944404131 49.9241037644016)",line,1,110.0,0.0568277555882502,0.16,247.68326548234944,75625.0,-20.355241743710838,20.355241743710838,8.218254755350602,normal,0.45423722106841197
83104,112046,112048,380000,3,4,,498,50Hertz Transmission,498,226.253425902462,,,,,'',"SRID=4326;LINESTRING(12.9073643776209 52.5968660535415,12.9064615707604 52.5948972895548)",line,1,380.0,0.226253425902462,0.16,1645.4482671904334,100000.0,36.61200026299216,36.61200026299216,2.2250471797272815,normal,0.45382846762108603
164358,17081,134630,380000;380000;380000,3;6;3,4;4;4,,380kV Stummhafen 1A;380kV Stummhafen 1A + ANK;380kV Stummhafen 1A + ANK,RWE,4902,880.63631676815,,,,,'',"SRID=4326;LINESTRING(7.44507423414899 51.6185050689451,7.46153667522325 51.6146353231095)",line,3,380.0,0.88063631676815,0.09393454045526933,4936.3448015713,100000.0,35.395984846264824,35.395984846264824,0.7170484694464179,normal,0.4528951171158161
177068,29344,121824,380000,3,,,,,,21.5462805161092,,,,,'',"SRID=4326;LINESTRING(7.81801153333947 49.922621543042,7.81830803404384 49.9226512197612)",line,1,380.0,0.021546280516109198,0.16,1645.4482671904334,100000.0,346.3465993731929,346.3465993731929,21.048768671686776,normal,0.44870587748560237
178754,112658,133930,380000;380000;220000;380000;380000;220000,3;12;3;3,4;2,50,Bergrheinfeld - Grafenrheinfeld;Bergrheinfeld - Eltmann,,487;234,264.290941018715,,,,,'',"SRID=4326;LINESTRING(10.1904835524863 49.9793784647879,10.1879002129437 49.981238407691)",line,6,380.0,0.264290941018715,0.02666666666666667,8000.0,100000.0,152.41949188216086,152.41949188216086,1.9052436485270108,normal,0.44680143936904054
117950,114135,114136,380000,9,4,50,,,,285.794357856055,,,,,'',"SRID=4326;LINESTRING(8.42749956287697 49.7049502925717,8.42696102286414 49.7075076778531)",line,1,380.0,0.285794357856055,0.16,1645.4482671904334,100000.0,-29.09699660832432,29.09699660832432,1.7683325078342815,normal,0.44451759858760753
179535,126023,24593,380000;380000;380000;380000;380000,3;6;3;3;3,4;4;3;4;3,50;50,"467;467, 468;468",50Hertz,,494.191860765314,,,,,'',"SRID=4326;LINESTRING(10.9872718720153 50.5772233893206,10.9909064280074 50.5735635177019)",line,5,380.0,0.494191860765314,0.032,8000.0,100000.0,88.26680478177806,88.26680478177806,1.1033350597722258,normal,0.4430833609021694
140601,16793,112520,110000,6,2,50,,RWE,2763,251.247334295404,,,,,'',"SRID=4326;LINESTRING(7.41683165937165 51.4569414435079,7.42128466554142 51.4554590642949)",line,1,110.0,0.25124733429540397,0.16,247.68326548234944,75625.0,-4.887061689284044,4.887061689284044,1.9731093579401748,normal,0.4422545491402952
173951,120907,143390,380000;380000;380000,6;6,4;4,50;50,380kV Trebur Nord;380kV Trebur Nord,RWE,4503,1658.46976972442,,,,,'',"SRID=4326;LINESTRING(8.50205416190413 50.058965176349,8.51830366803439 50.0495244875587)",line,3,380.0,1.6584697697244202,0.17690344210393816,4936.3448015713,100000.0,22.111402010299706,22.111402010299706,0.4479306632563708,normal,0.43796451181015245
31373,20416,20417,110000,3,,,,,,32.7469464084395,,,,,'',"SRID=4326;LINESTRING(7.17944505759209 51.4721618055413,7.1800050322344 51.4749493397565)",line,1,110.0,0.032746946408439497,0.16,247.68326548234944,75625.0,-33.64369787593288,33.64369787593288,13.583355262380623,normal,0.4376854613367122
79278,113958,113959,110000,3,,50,,,,53.6503403842827,,,,,'',"SRID=4326;LINESTRING(8.31164303220032 49.0123617812239,8.31094773617041 49.0121744736939)",line,1,110.0,0.0536503403842827,0.16,247.68326548234944,75625.0,-20.689779816273624,20.689779816273624,8.353321640838926,normal,0.43655001621648204
77258,114099,114101,20000,3,1,,20kV-Leitung,RWE,2449,524.316922505307,,,,,'',"SRID=4326;LINESTRING(7.42799013997973 50.4096137519024,7.43254917987816 50.4065513383138)",line,1,20.0,0.524316922505307,0.16778141520169826,200.0,2384.05427394411,-2.060160038429371,2.060160038429371,1.0300800192146855,normal,0.4342265135571705
177499,115795,134542,220000;110000;220000,3;6;3,1,50;50;50,220kV Itterbach West;110 kV Mettmann Ost+West;220kV Itterbach Ost,RWE,0018,25.4192584017391,,,,,'',"SRID=4326;LINESTRING(7.00054145457058 51.2487118670899,7.00017740287742 51.2487103736143)",line,3,220.0,0.0254192584017391,0.05333333333333334,1486.0995928940965,100000.0,-257.0197010819175,257.0197010819175,17.294917669776485,normal,0.43412944032798534
156235,113664,113739,380000;110000,12,,,"BZW-WDL/MEZ 380 kV, MEZ-NET 110 kV, (MEZ-OFE 110 kV)",EnBW,,2475.59985139724,,,,,'',"SRID=4326;LINESTRING(9.27178324878186 48.5514818894357,9.24103059283989 48.5426059762324)",line,2,380.0,2.47559985139724,0.3960959762235584,3290.896534380867,100000.0,-11.290369518868193,11.290369518868193,0.3430788358404682,normal,0.4273963206418644
8582,134475,134489,380000,6,4,50,380-kV Münsterland;380-kV Roxel Ost,Amprion,,96.1625446801125,,,,,'',"SRID=4326;LINESTRING(7.30534456314174 52.4800010323376,7.32071015624695 52.4713640683905)",line,1,380.0,0.09616254468011251,0.16,1645.4482671904334,100000.0,76.44233976514813,76.44233976514813,4.645684783251906,normal,0.4265458002272728
151346,114746,140687,380000,6,4,50,380kV Arpe West+Sauerland Süd,RWE,4308,335.05164123237,,,,,'',"SRID=4326;LINESTRING(8.20509646146523 51.1794826832141,8.20935889848516 51.178749719522)",line,1,380.0,0.33505164123237,0.16,1645.4482671904334,100000.0,23.905548694347356,23.905548694347356,1.4528289446112794,normal,0.4198239418787813
179829,114756,18769,110000;380000;380000;110000,6;6;12,2;4;4;2,,,RWE,1689,1956.52760468858,,,,,'',"SRID=4326;LINESTRING(7.73531556660724 51.5181419828072,7.71860725880386 51.534198423705)",line,4,380.0,1.95652760468858,0.1565222083750864,6581.793068761734,100000.0,25.3695296333456,25.3695296333456,0.3854501253427966,normal,0.41783390001221643
169780,16999,28780,110000,6,,,,,,3215.86339259243,,,,,'',"SRID=4326;LINESTRING(8.59070820517917 49.970800538242,8.56023905306821 49.9921018160486)",line,1,110.0,3.2158633925924303,1.0290762856295776,247.68326548234944,11758.117613795124,0.7163223737918984,0.7163223737918984,0.28920903170301,normal,0.4161296902663291
101481,114736,114737,380000,6,4,50,380kV Sauerland Nord+Süd,RWE,4335,318.326991850329,,,,,'',"SRID=4326;LINESTRING(8.61509088090393 51.4362171521935,8.61954356027272 51.4355062868611)",line,1,380.0,0.31832699185032903,0.16,1645.4482671904334,100000.0,24.728039391441747,24.728039391441747,1.5028147578084803,normal,0.4153231497950552
79786,113919,113941,220000,3,,,,,,314.109893054108,,,,,'',"SRID=4326;LINESTRING(8.42509001179038 48.9614116911868,8.42865066408204 48.9598156551452)",line,1,220.0,0.314109893054108,0.16,495.3665309646989,100000.0,7.515849414260756,7.515849414260756,1.5172299589203282,normal,0.4144458513484585
176910,24814,115909,220000;110000,6;3,,50;50,,Amprion,,34.7453933779912,,,,,'',"SRID=4326;LINESTRING(6.47187426741697 49.9239319719127,6.47146691325992 49.9241005513334)",line,2,220.0,0.0347453933779912,0.08,990.7330619293978,100000.0,-119.22224757500155,119.22224757500155,12.033740687206182,normal,0.41101722328550094
89272,115483,115720,220000,6,1,50,220kV Herdecke Nord+Süd,RWE,2313,181.523115763708,,,,,'',"SRID=4326;LINESTRING(7.1666517185345 51.3801636402511,7.16840918255636 51.3789433521959)",line,1,220.0,0.181523115763708,0.16,495.3665309646989,100000.0,12.109487009570596,12.109487009570596,2.4445509037496014,normal,0.4077618032887739
94169,112456,112457,220000,6,2,,Neufinsing - Zolling,TenneT TSO GmbH,258,439.790058258447,,,,,'',"SRID=4326;LINESTRING(11.8213669557992 48.2257314379526,11.8233939144063 48.2294601586267)",line,1,220.0,0.439790058258447,0.16,495.3665309646989,100000.0,-5.514754803248589,5.514754803248589,1.1132675420176066,normal,0.40578302446814896
104866,115539,115540,380000;220000;110000,12,4;2;1,50,,RWE,2669,621.705556447003,,,,,'',"SRID=4326;LINESTRING(7.30039864725204 51.4546564722496,7.30816593035618 51.4518635792888)",line,3,380.0,0.621705556447003,0.06631525935434698,4936.3448015713,100000.0,-41.40421557724538,41.40421557724538,0.8387626318985233,normal,0.4055236219999192
35069,23500,134853,110000,3,,,,,,126.757199569418,,,,,'',"SRID=4326;LINESTRING(11.8075401848192 48.4553719666337,11.8033097701929 48.4554819355323)",line,1,110.0,0.126757199569418,0.16,247.68326548234944,75625.0,8.409596517965841,8.409596517965841,3.3953026667298727,normal,0.40520822816433905
179903,112426,32255,220000;220000;220000,6;3;3,1;1;1,50;50;50,Leitung 2144;Leitung 2145;Leitung 2145,TenneT,2145,9309.42837149011,,,,,'',"SRID=4326;LINESTRING(8.87260984542413 53.1849107672415,8.81992974878263 53.1074503184638)",line,3,220.0,9.30942837149011,0.9930056929589451,1486.0995928940965,48740.90888218206,-2.577676649780958,2.577676649780958,0.17345248340732503,normal,0.40467485188550995
181114,116136,134315,220000;220000;220000;220000,3;6;3;3,,,,,,273.547337845217,,,,,'',"SRID=4326;LINESTRING(10.196154976201 47.9671737924085,10.1949421831812 47.9709449320067)",line,4,220.0,0.273547337845217,0.04,1981.4661238587955,100000.0,33.047692835616594,33.047692835616594,1.6678404156240654,normal,0.403294130091266
157164,114248,115890,110000,6,1,,,RWE,,87.4165570642271,,,,,'',"SRID=4326;LINESTRING(7.42834901693573 50.4062189843163,7.42912596982497 50.4068427544573)",line,1,110.0,0.0874165570642271,0.16,247.68326548234944,75625.0,-11.914456560344691,11.914456560344691,4.810359931722455,normal,0.40313102063024325
176240,17489,114428,220000;220000;220000,3;3;3,2;2,50;50;50,305;303,50Hertz Transmission,305,119.573095688602,,,,,'',"SRID=4326;LINESTRING(13.958957156407 53.2528891167292,13.9604876689239 53.2534475632051)",line,3,220.0,0.119573095688602,0.05333333333333334,1486.0995928940965,100000.0,52.29416680842397,52.29416680842397,3.518887096024566,normal,0.3974493175831694
163721,25039,28857,220000;220000,3;3,4;2;4;2,50;50,,,,56.7736028281237,,,,,'',"SRID=4326;LINESTRING(8.31351971390848 49.009009190997,8.31413226033039 49.0064314765221)",line,2,220.0,0.0567736028281237,0.08,990.7330619293978,100000.0,-71.25998229193797,71.25998229193797,7.192652090681531,normal,0.39718181251580126
126595,115500,117132,380000;110000,6;3,,,,,,569.298906993187,,,,,'',"SRID=4326;LINESTRING(7.82705709297628 52.4620928888183,7.82686036192906 52.467143862929)",line,2,380.0,0.569298906993187,0.09108782511890992,3290.896534380867,100000.0,28.95979703059215,28.95979703059215,0.879997190067858,normal,0.39655222170397597
165332,25039,28857,220000;220000,3;3,4;2;4;2,50;50,,,,56.4482892454513,,,,,'',"SRID=4326;LINESTRING(8.31351971390848 49.009009190997,8.31413226033039 49.0064314765221)",line,2,220.0,0.0564482892454513,0.08,990.7330619293978,100000.0,-71.25998229193797,71.25998229193797,7.192652090681531,normal,0.39496731015067266
114627,118106,118107,220000,3,2,50,Elsenz,Badenwerk,,122.714103071964,,,,,'',"SRID=4326;LINESTRING(8.75391068586241 49.3086712448478,8.75302988772633 49.3096260809249)",line,1,220.0,0.12271410307196401,0.16,495.3665309646989,100000.0,-16.7401237019249,16.7401237019249,3.379340883067824,normal,0.3911555311397401
73187,112274,112293,380000;380000;110000;380000;110000,9;12;12,4;4;1;4;1,50;50,380 kV Trebur Nord+Süd; Hessen Ost;380 kV Hessen Ost; Trebur Nord|Süd; 110 kV Kriftel Nord,RWE,,6026.95235520349,,,,,'',"SRID=4326;LINESTRING(8.47704075248088 50.0935645616639,8.44196513389715 50.0598143852472)",line,5,380.0,6.026952355203489,0.3857249507330233,8000.0,100000.0,-16.038042778154793,16.038042778154793,0.2004755347269349,normal,0.39087779369215714
161371,114812,114813,110000;110000,3;3,,,Anlage 203; HOHCK-PULVE;Anlage 201,EnBW,,46.0827101829844,,,,,'',"SRID=4326;LINESTRING(9.18475877596972 48.9216782753004,9.18480602735367 48.9221032708184)",line,2,110.0,0.0460827101829844,0.08,495.3665309646989,100000.0,42.7755212247305,42.7755212247305,8.635125417421225,normal,0.38903342960164466
82571,112084,112083,380000;110000,12,4;2,50,380 kV 3011; 220 kV 1046,TenneT,3011;1046,386.666086739875,,,,,'',"SRID=4326;LINESTRING(8.64712965483816 50.2001594934033,8.65154864738381 50.2021889777225)",line,2,380.0,0.386666086739875,0.08,3290.896534380867,100000.0,-39.13121398119168,39.13121398119168,1.1890745750398874,normal,0.3887112935820596
151157,116861,112540,110000,3,1,,110kV Wehofen West,RWE,,264.725969149991,,,,,'',"SRID=4326;LINESTRING(6.77392004424767 51.5307843423249,6.77088993696281 51.5293205580786)",line,1,110.0,0.26472596914999097,0.16,247.68326548234944,75625.0,4.098192330402248,4.098192330402248,1.6546101015025159,normal,0.3885942389041478
72879,115533,115539,220000;220000,3;6,2;2,50;50,,RWE,2669,437.493408137745,,,,,'',"SRID=4326;LINESTRING(7.29583143268452 51.456432142043,7.30039864725204 51.4546564722496)",line,2,220.0,0.437493408137745,0.08,990.7330619293978,100000.0,-10.527768372148305,10.527768372148305,1.0626241090254986,normal,0.38562725406581705
176167,17194,112914,220000;110000;220000,3;6;3,2;1;2,,220kV LMG Ost;110kV Lirich West+Thyssen Ost;220kV LMG West,RWE,4582,110.259711284498,,,,,'',"SRID=4326;LINESTRING(6.92957839222687 51.4986165000995,6.93063916655858 51.4978790958021)",line,3,220.0,0.11025971128449799,0.05333333333333334,1486.0995928940965,100000.0,54.52861180289537,54.52861180289537,3.6692434385708914,normal,0.38378070910091483
54217,16261,25039,220000,6,4,50,Daxlanden - Mühlburg,,,2374.61314802186,,,,,'',"SRID=4326;LINESTRING(8.34911647896714 49.0130502773807,8.31351971390848 49.009009190997)",line,1,220.0,2.37461314802186,0.7598762073669952,495.3665309646989,63694.585421628275,-1.56060078980352,1.56060078980352,0.3150396105211905,normal,0.38317659642037544
130455,114743,114744,380000,3,4,50,380kV Sauerland Süd,RWE,4331,301.554573150108,,,,,'',"SRID=4326;LINESTRING(8.19278028942536 51.1862723938824,8.19365686547961 51.1889378778491)",line,1,380.0,0.30155457315010803,0.16,1645.4482671904334,100000.0,23.900285378652963,23.900285378652963,1.4525090733762278,normal,0.3828223843419686
160743,16940,134333,380000;380000,3;3,4,50;50,Leitung 3016;Leitung 3016,TenneT,3016,5037.89691086534,,,,,'',"SRID=4326;LINESTRING(8.93969252741257 52.4030332405173,8.99643965434532 52.3814719457276)",line,2,380.0,5.03789691086534,0.8060635057384545,3290.896534380867,100000.0,6.993289594831031,6.993289594831031,0.21250408579456342,normal,0.38209419500787445
179497,113771,21270,380000;20000;20000;380000,12;6;12,4;1;1;4;1,50,Etzenricht - Hradec;Etzenricht - Přeštice;VOH WAIDH;VOH ESLA;VOH WAIDH;VOH ESLA;Etzenricht - Hradec;Etzenricht - Přeštice,TenneT TSO GmbH;E.ON Netz GmbH,441;442,11937.654220411,,,,,'',"SRID=4326;LINESTRING(12.4689163605469 49.6017204894691,12.3244579783458 49.6399772986727)",line,4,380.0,11.937654220411,0.95501233763288,6581.793068761734,100000.0,-9.718868619945642,9.718868619945642,0.1476629319459006,normal,0.37803807264392153
161807,18888,113451,380000;380000;0;380000;0,3;6;6,4;4;4,50;50;50,380kV Recklinghausen;380kV Recklinghausen + ANK;380kV Recklinghausen + ANK,RWE,4302,1754.65386328292,,,,,'',"SRID=4326;LINESTRING(7.20855834781873 51.5611231822603,7.18416572247134 51.5588702900879)",line,5,380.0,1.7546538632829198,0.11229784725010687,8000.0,100000.0,-29.8155720536597,29.8155720536597,0.37269465067074625,normal,0.3776484316581741
73743,118545,143531,220000;110000;220000;110000,12;12,4;2;1;4;2;1,50;50,,EnBW,5220,9208.47031756958,,,,,'',"SRID=4326;LINESTRING(8.55015876570567 49.4324301577776,8.60497229453133 49.3703244908286)",line,4,220.0,9.20847031756958,0.7366776254055664,1981.4661238587955,65700.38009957767,3.203948766038886,3.203948766038886,0.16169586385859444,normal,0.375654708936231
179515,20890,112567,110000;380000;220000;110000;380000;220000,6;15;9,1;4;2;1;4;2;1,,110kV Mevissen Ost+Neukirchen West,RWE,4141,354.242994054958,,,,,'',"SRID=4326;LINESTRING(6.72369716617659 51.355694573619,6.72535181992799 51.3600975917548)",line,6,380.0,0.354242994054958,0.02666666666666667,8000.0,100000.0,99.0981587455142,99.0981587455142,1.2387269843189275,normal,0.37563481896418593
105338,16780,114266,220000,6,2,50,220 kV Dünnwald Ost|West,RWE,2380,37.5625430505839,,,,,'',"SRID=4326;LINESTRING(6.96562911753218 51.0692893895334,6.96529865951248 51.0657195854389)",line,1,220.0,0.037562543050583895,0.16,495.3665309646989,100000.0,-50.16381800087011,50.16381800087011,10.126606233000613,normal,0.37341104800575403
106651,112456,112455,220000;110000,12,2;1,,Neufinsing - Zolling;Neufinsing - Wörth;Neufinsing - Wörth - Stollnkirchen,TenneT TSO GmbH;E.ON Netz GmbH,258;1243;1244,366.38662363463,,,,,'',"SRID=4326;LINESTRING(11.8213669557992 48.2257314379526,11.8179392541696 48.2233460584519)",line,2,220.0,0.36638662363463,0.08,990.7330619293978,100000.0,-11.823513298281352,11.823513298281352,1.1934105918758495,normal,0.37254669149514613
180308,20298,115718,380000;380000;220000;110000;110000,3;6;6,4;4;2;2,,,RWE,4339,454.727795173359,,,,,'',"SRID=4326;LINESTRING(7.16756105010482 51.3899465895675,7.16631862322715 51.3836231515928)",line,5,380.0,0.45472779517335904,0.032,8000.0,100000.0,-79.26186813534963,79.26186813534963,0.9907733516918704,normal,0.37136047951234397
111241,19005,113730,220000,3,2,50,316,50Hertz Transmission,316,35.606700183624,,,,,'',"SRID=4326;LINESTRING(13.3998299483313 53.7944487355872,13.3984708281663 53.7933318754816)",line,1,220.0,0.035606700183624,0.16,495.3665309646989,100000.0,52.29078255170744,52.29078255170744,10.555978105721845,normal,0.3693266372201501
148729,114228,144090,220000,6,,,,,,267.642497501594,,,,,'',"SRID=4326;LINESTRING(6.7089802933695 51.4850579524795,6.7061153405407 51.4861288236559)",line,1,220.0,0.26764249750159397,0.16,495.3665309646989,100000.0,7.694869523211523,7.694869523211523,1.5533688778339931,normal,0.36839521432864164
84798,114227,144090,220000,6,,,,,,266.046968077297,,,,,'',"SRID=4326;LINESTRING(6.70952952333421 51.48521939438,6.7061153405407 51.4861288236559)",line,1,220.0,0.266046968077297,0.16,495.3665309646989,100000.0,7.6924438656478245,7.6924438656478245,1.5528792085866632,normal,0.3663233087056471
176664,20913,116266,380000;110000;110000;380000,3;12;12;3,1;1,50;50;50;50,380kV Dauersberg Ost;380kV Leichlingen Ost,RWE,0250,78.9261991037982,,,,,'',"SRID=4326;LINESTRING(7.23220921735577 51.2307253045477,7.23201004023069 51.230026981231)",line,4,380.0,0.0789261991037982,0.04,6581.793068761734,100000.0,316.07905615366195,316.07905615366195,4.802324425145252,normal,0.3648147528709718
179503,134433,114020,380000;380000;380000;380000;380000,3;3;3;6;3,3;4;4;4;3,50;50;50;50;50,,50Hertz,SF3,220.715484903321,,,,,'',"SRID=4326;LINESTRING(11.1223691907243 50.9988751071947,11.1251982125922 50.9943100603284)",line,5,380.0,0.220715484903321,0.032,8000.0,100000.0,145.6150564925096,145.6150564925096,1.8201882061563701,normal,0.3630131480781667
37862,17277,24963,220000,6,,50,,,0311,2320.75104017758,,,,,'',"SRID=4326;LINESTRING(10.3692308423588 52.1670931158588,10.3884700548325 52.1513635829488)",line,1,220.0,2.32075104017758,0.7426403328568256,495.3665309646989,65172.86748191077,-1.4877731856434837,1.4877731856434837,0.3003378493791512,normal,0.3604627760553683
92051,112770,112768,380000;220000;110000,12,4;2;1,,,RWE,4550,993.111203448895,,,,,'',"SRID=4326;LINESTRING(7.13752366578387 51.5219862865177,7.14165007704147 51.5134773488544)",line,3,380.0,0.993111203448895,0.10593186170121548,4936.3448015713,100000.0,-25.605551840768292,25.605551840768292,0.5187148157198769,normal,0.35775596754522837
161690,20117,115319,400000;380000,6;6,,50;50,Mikułowa – Hagenwerder;Mikułowa – Hagenwerder,50Hertz,567;568,225.967130406247,,,,,'',"SRID=4326;LINESTRING(14.9465238329262 51.0625934819444,14.9471663779883 51.0590101475625)",line,2,400.0,0.225967130406247,0.08,3464.1016151377544,100000.0,-60.637688318535695,60.637688318535695,1.7504592836871604,normal,0.3566211166365482
80678,115536,115541,380000;220000,12,4,50,,RWE,4339,1089.16300104492,,,,,'',"SRID=4326;LINESTRING(7.29779802450451 51.444392652176,7.29766633148386 51.4541930917866)",line,2,380.0,1.08916300104492,0.1742660801671872,3290.896534380867,100000.0,15.419828045915018,15.419828045915018,0.4685600985877251,normal,0.3452179818482932
112493,116401,134289,220000,3,,,,,,121.773689365439,,,,,'',"SRID=4326;LINESTRING(6.5833926725461 51.0540472524168,6.57570814260083 51.0547386703184)",line,1,220.0,0.121773689365439,0.16,495.3665309646989,100000.0,-14.837437955117494,14.837437955117494,2.9952443347802293,normal,0.3441867729737277
140019,22360,116597,220000,6,1,50,,,,3282.42597310173,,,,,'',"SRID=4326;LINESTRING(7.17033748051231 49.3558354846833,7.1613345903678 49.3278924903072)",line,1,220.0,3.2824259731017302,1.0503763113925537,495.3665309646989,46078.72385834073,-1.1625436789540118,1.1625436789540118,0.23468353356251628,normal,0.3413518146557701
150503,118534,118536,220000,,,,,RWE,,261.051656375745,,,,,'',"SRID=4326;LINESTRING(7.94299078893584 50.8488866780788,7.9395702738285 50.8498200561345)",line,1,220.0,0.26105165637574496,0.16,495.3665309646989,100000.0,-7.274534026113777,7.274534026113777,1.4685154469251334,normal,0.34061631433265993
131940,112869,112870,220000;110000,9,4;1,50,,TenneT;Schleswig-Holstein Netz AG,316A;138,334.564669988888,,,,,'',"SRID=4326;LINESTRING(9.77314028520276 53.6950714428704,9.77606331330576 53.6975393850698)",line,2,220.0,0.334564669988888,0.08,990.7330619293978,100000.0,-11.66612046300669,11.66612046300669,1.1775240891111038,normal,0.3398395149268562
74333,114565,141179,220000;220000,6;3,2,50,Nord-Süd-Leitung RWE,RWE,4507,370.301731476057,,,,,'',"SRID=4326;LINESTRING(9.20985285410549 49.0291622671803,9.20773372385844 49.0316972706774)",line,2,220.0,0.370301731476057,0.08,990.7330619293978,100000.0,10.62458254313392,10.62458254313392,1.0723960823961132,normal,0.3378379647033186
177433,114986,133819,110000;110000,3;3,1;1,,110kV Buschhausen Ost;110kV Buschhausen West,RWE,2316,14.9729921083607,,,,,'',"SRID=4326;LINESTRING(6.7895781729119 51.5063456686924,6.78954054474244 51.5062131540828)",line,2,110.0,0.0149729921083607,0.08,495.3665309646989,100000.0,-112.13305417530073,112.13305417530073,22.636380773833835,normal,0.33642196756026654
178474,18014,113747,220000;380000;110000;380000;220000;110000;380000,3;6;6;18;3,2;4;4;1;2,,,,,365.755524711666,,,,,'',"SRID=4326;LINESTRING(9.80132391851607 47.6525066550395,9.80615418037791 47.6549015670601)",line,7,380.0,0.365755524711666,0.022857142857142857,8000.0,100000.0,86.21996521091523,86.21996521091523,1.0777495651364404,normal,0.3359429173076874
111976,19443,116091,110000,6,1,50,,,,515.182373791814,,,,,'',"SRID=4326;LINESTRING(6.99666886670711 49.3756396415642,7.00225301468142 49.3737145866656)",line,1,110.0,0.515182373791814,0.16485835961338047,247.68326548234944,73396.33870175864,1.9979009426931462,1.9979009426931462,0.8066354175371295,normal,0.33518590196950243
180360,117487,116195,220000;220000,3;3,,,,TenneT TSO GmbH,258,939.613976971463,,,,,'',"SRID=4326;LINESTRING(13.0564748333166 48.2715097898785,13.0525448836117 48.2698932875001)",line,2,220.0,0.939613976971463,0.15033823631543408,990.7330619293978,100000.0,-5.008780152598868,5.008780152598868,0.5055630366109461,normal,0.3349299365741174
129629,116819,118475,220000,3,,50,,,,191.753679352774,,,,,'',"SRID=4326;LINESTRING(7.01122305211946 49.3836917849041,7.00996792600449 49.3852219929488)",line,1,220.0,0.191753679352774,0.16,495.3665309646989,100000.0,9.393253622103082,9.393253622103082,1.8962229046460286,normal,0.33264661429558645
82573,112081,112082,380000;110000,12,4;2,50,380 kV 3011; 220 kV 1046,TenneT,3011;1046,217.084749958249,,,,,'',"SRID=4326;LINESTRING(8.68760504659474 50.2195027572366,8.68559273052678 50.2180240414727)",line,2,380.0,0.217084749958249,0.08,3290.896534380867,100000.0,55.50226610285813,55.50226610285813,1.6865393829010202,normal,0.3313349130314891
180284,134433,114020,380000;380000;380000;380000;380000,3;3;3;6;3,4;4;3;4;3,50;50;50;50;50,,50Hertz,SF1,198.829543181768,,,,,'',"SRID=4326;LINESTRING(11.1223691907243 50.9988751071947,11.1251982125922 50.9943100603284)",line,5,380.0,0.19882954318176801,0.032,8000.0,100000.0,145.6150564925096,145.6150564925096,1.8201882061563701,normal,0.3300833045934383
152378,114602,114603,380000;110000,12,4;1,50,,,,3158.55839860729,,,,,'',"SRID=4326;LINESTRING(8.57753636129367 49.1336857697024,8.60277713431533 49.1558713770888)",line,2,380.0,3.15855839860729,0.5053693437771665,3290.896534380867,100000.0,-7.540607732792193,7.540607732792193,0.22913536338847085,normal,0.3265564965047888
85333,112817,115712,220000,3,1,,,RWE,4184,167.656110452483,,,,,'',"SRID=4326;LINESTRING(6.90274681032255 51.496898361478,6.90107172181226 51.49579773933)",line,1,220.0,0.167656110452483,0.16,495.3665309646989,100000.0,10.420509794151211,10.420509794151211,2.1035958513099073,normal,0.3260540229045087
176642,20669,116012,220000;220000,3;6,,50;50,,,,146.625252191169,,,,,'',"SRID=4326;LINESTRING(7.95437252652602 47.5957578423729,7.95242309941909 47.5957385406719)",line,2,220.0,0.146625252191169,0.08,990.7330619293978,100000.0,23.49665085345648,23.49665085345648,2.371642953723383,normal,0.32449545751558956
85425,114528,114603,380000,6,,,,,,683.434394928114,,,,,'',"SRID=4326;LINESTRING(8.6058429945485 49.1616907641985,8.60277713431533 49.1558713770888)",line,1,380.0,0.683434394928114,0.21869900637699646,1645.4482671904334,100000.0,10.202542590515007,10.202542590515007,0.6200463906371011,normal,0.32294247534632986
168948,19523,20818,110000,6,,,,,,63.2142242279202,,,,,'',"SRID=4326;LINESTRING(10.3219379845601 47.6829663148776,10.3191424047296 47.6827353827916)",line,1,110.0,0.0632142242279202,0.16,247.68326548234944,75625.0,-13.016823593452825,13.016823593452825,5.255431192778923,normal,0.32214010055407205
5903,18542,22213,220000;110000,12,2,50,2021,TenneT;EON_Netz,,1303.40544140425,,,,,'',"SRID=4326;LINESTRING(7.22423568177577 53.3499511230945,7.2060159395765 53.3412653722452)",line,2,220.0,1.30340544140425,0.20854487062468,990.7330619293978,100000.0,-3.8198884166062985,3.8198884166062985,0.3855618191611853,normal,0.32170840754950325
153048,115790,115791,380000,6,4,50,380 kV Oerkhaus West; St. Peter Nord,Amprion,4516,192.38322630086,,,,,'',"SRID=4326;LINESTRING(7.00561972070324 51.175328392693,7.00393025914839 51.1767073408002)",line,1,380.0,0.19238322630086,0.16,1645.4482671904334,100000.0,-29.39723019975693,29.39723019975693,1.786578817816743,normal,0.31435571708805554
139245,112771,118227,380000,3,4,50,380kV Westfalen West,RWE,4129,219.180019029521,,,,,'',"SRID=4326;LINESTRING(7.13676189442294 51.5250954773704,7.13444747492493 51.5237387676828)",line,1,380.0,0.219180019029521,0.16,1645.4482671904334,100000.0,25.99473617538317,25.99473617538317,1.5797966240390293,normal,0.31308175246860726
161783,2528,134365,380000;380000,3;6,,50;50,,50Hertz Transmission,,298.865244412841,,,,,'',"SRID=4326;LINESTRING(13.2116341848095 52.5757701932049,13.2117552739978 52.5799677159934)",line,2,380.0,0.29886524441284096,0.08,3290.896534380867,100000.0,39.19834415071245,39.19834415071245,1.1911144498527066,normal,0.311465701894414
180265,112511,17081,220000;220000;220000;220000,3;3;3;6,2,50;50,,RWE,2634,328.172823906087,,,,,'',"SRID=4326;LINESTRING(7.45026404711253 51.6182173498848,7.44507423414899 51.6185050689451)",line,4,220.0,0.328172823906087,0.04,1981.4661238587955,100000.0,-21.70632297847641,21.70632297847641,1.0954677810087687,normal,0.3108983364782715
79093,113919,113920,220000,3,,,,,,230.075213265813,,,,,'',"SRID=4326;LINESTRING(8.42509001179038 48.9614116911868,8.42815434488756 48.9619192742064)",line,1,220.0,0.230075213265813,0.16,495.3665309646989,100000.0,7.417876758913922,7.417876758913922,1.4974521481029446,normal,0.3100853775290907
180820,113920,134420,110000;220000;220000;110000;220000,6;6;12;3,1;2;1,50;50;50,"2x 220 kV, 2x 110 kV",,,2868.10832441592,,,,,'',"SRID=4326;LINESTRING(8.42815434488756 48.9619192742064,8.44551903667631 48.9860892546231)",line,5,220.0,2.86810832441592,0.18355893276261886,2476.832654823494,100000.0,5.64087583654338,5.64087583654338,0.22774553725129906,normal,0.30808632435630606
127114,113109,116505,220000,3,,,,LEW,,374.420226634809,,,,,'',"SRID=4326;LINESTRING(10.634381648389 48.0262077580738,10.6306120479623 48.0284496580635)",line,1,220.0,0.374420226634809,0.16,495.3665309646989,100000.0,-4.787984381517118,4.787984381517118,0.9665538711694518,normal,0.30739504997023864
6739,18981,134279,110000,,,50,,Vattenfall Europe AG,,25.6968922657795,,,,,'',"SRID=4326;LINESTRING(13.315511845505 52.5220163794265,13.3110023048904 52.5221080071124)",line,1,110.0,0.0256968922657795,0.16,247.68326548234944,75625.0,29.930255439236195,29.930255439236195,12.084084639690404,normal,0.3066007362441501
138410,26221,118850,380000,6,3,50,Markersbach-Zwönitz-Röhrsdorf,50Hertz,577;578,17188.8618230897,,,,,'',"SRID=4326;LINESTRING(12.8812945886849 50.5186248152248,12.8259720721456 50.6568443390441)",line,1,380.0,17.188861823089702,5.5004357833887045,1645.4482671904334,26252.46538394057,1.7387984316771794,1.7387984316771794,0.10567323606266513,normal,0.30653791850673556
177131,43854,118019,220000;110000;220000,4;6;3,2;1;2,50;50;50,Hoheneck West;LEIMN-WIESL-BAIER;Hoheneck West,RWE,4506,14.773869517869,,,,,'',"SRID=4326;LINESTRING(8.67722028999589 49.349689979286,8.67701714332999 49.3496842800141)",line,3,220.0,0.014773869517869,0.05333333333333334,1486.0995928940965,100000.0,309.37121646295583,309.37121646295583,20.8176637650827,normal,0.3053076728514342
166487,2528,134365,380000;380000,6;3,,50;50,,50Hertz Transmission,,291.198371558526,,,,,'',"SRID=4326;LINESTRING(13.2116341848095 52.5757701932049,13.2117552739978 52.5799677159934)",line,2,380.0,0.291198371558526,0.08,3290.896534380867,100000.0,39.19834415071245,39.19834415071245,1.1911144498527066,normal,0.30441402203725887
161046,113246,113247,220000;220000;220000,6;3,2;2,50,Oberbrunn - Oberbachern,TenneT TSO GmbH,269;270,269.4920785605,,,,,'',"SRID=4326;LINESTRING(11.3652880639699 48.2888757573462,11.3687506202325 48.2896452521655)",line,3,220.0,0.2694920785605,0.05333333333333334,1486.0995928940965,100000.0,18.94077688565643,18.94077688565643,1.2745294444748698,normal,0.3041242424816597
179487,112278,112853,380000;110000;380000;110000;15000,10;12,4;1;4;1,50;16.7;50;16.7,380 kV 3011; 110 kV Bahnstrom Höchst-Friedberg; Höchst-Rödelheim;380 kV 3011; 110 kV Bahnstrom Höchst-Friedberg; Höchst-Rödelheim; 15 kV Sl; Sl,TenneT,,4066.78043044266,,,,,'',"SRID=4326;LINESTRING(8.6029936282988 50.1094959549091,8.59447355698657 50.1431793804418)",line,5,380.0,4.06678043044266,0.2602739475483302,8000.0,100000.0,-14.97859572376914,14.97859572376914,0.18723244654711424,normal,0.30382313807367733
170808,114567,141179,110000,4,4,16.7,,DB_Energie,,155.324315110424,,,,,'',"SRID=4326;LINESTRING(9.20969906252884 49.0309357816209,9.20773372385844 49.0316972706774)",line,1,110.0,0.15532431511042402,0.16,247.68326548234944,75625.0,-5.183976624058804,5.183976624058804,2.092986223337817,normal,0.3021876466433507
142999,19966,117469,110000,6,1,50,110 kV Salmtal Süd; Pünderich,Westnetz,0785,652.91144198423,,,,,'',"SRID=4326;LINESTRING(6.92009758457639 49.9705403656679,6.90904633608397 49.9718392918385)",line,1,110.0,0.65291144198423,0.20893166143495362,247.68326548234944,57913.673384381116,-1.4878602830444576,1.4878602830444576,0.6007108635890003,normal,0.3018801821111443
161806,18888,113443,380000;0;380000;380000;0,6;3;6,4;4;4,50;50;50,380kV Recklinghausen + ANK;380kV Recklinghausen;380kV Recklinghausen + ANK,RWE,4302,4371.3729418093,,,,,'',"SRID=4326;LINESTRING(7.20855834781873 51.5611231822603,7.2589125609693 51.5834201530232)",line,5,380.0,4.3713729418093,0.2797678682757952,8000.0,100000.0,14.359799562602138,14.359799562602138,0.17949749453252672,normal,0.30175028437509743
105726,113586,113585,380000;220000;110000,12,2;1,,Etzenricht - Mechlenreuth - Redwitz;Mechlenreuth - Schwandorf;Latsch - Tirschenreuth - Wiesau;Windischeschenbach - Tirschenreuth - Mitterteich,TenneT TSO GmbH;E.ON Netz GmbH,437;248;117;118,1674.24543171765,,,,,'',"SRID=4326;LINESTRING(12.2155412346008 49.8715941785271,12.2188913217899 49.8865017748905)",line,3,380.0,1.67424543171765,0.178586179383216,4936.3448015713,100000.0,-15.001822289564814,15.001822289564814,0.303905478498778,normal,0.2989418690161771
136636,116195,117487,220000,3,,,,TenneT TSO GmbH,257,341.336353645857,,,,,'',"SRID=4326;LINESTRING(13.0525448836117 48.2698932875001,13.0564748333166 48.2715097898785)",line,1,220.0,0.341336353645857,0.16,495.3665309646989,100000.0,5.008780152598868,5.008780152598868,1.0111260732218923,normal,0.2969337496738874
123784,16803,118227,380000;110000,12,,50,,RWE,4129,603.828347387395,,,,,'',"SRID=4326;LINESTRING(7.12325083198984 51.525617460783,7.13444747492493 51.5237387676828)",line,2,380.0,0.603828347387395,0.0966125355819832,3290.896534380867,100000.0,-20.642157453221177,20.642157453221177,0.6272502716985203,normal,0.29630894393073626
82217,16339,115612,380000;220000;110000,18,4;2,50,,RWE,4339,503.320735720731,,,,,'',"SRID=4326;LINESTRING(7.2526279816182 51.404585366239,7.2501655752163 51.4009148805987)",line,3,380.0,0.503320735720731,0.053687545143544645,4936.3448015713,100000.0,-35.74371291936718,35.74371291936718,0.7240927114327489,normal,0.29519557142891706
124455,16886,112138,220000;110000,12,2,50,220 kV Bocklemünd Nord|Süd (Brauweiler),RWE,2416,340.004028213614,,,,,'',"SRID=4326;LINESTRING(6.85158521860582 50.9841157197148,6.84631536282639 50.9876772481058)",line,2,220.0,0.340004028213614,0.08,990.7330619293978,100000.0,-9.982489379478654,9.982489379478654,1.0075861766476542,normal,0.2948928862837826
181160,134292,112530,380000;110000;110000;380000,12;6;6,4;1;1;4,50;50,110kV Emmelsum Nord+Süd,RWE,4575,796.869046982576,,,,,'',"SRID=4326;LINESTRING(6.68085430023769 51.6463728718929,6.67952579284462 51.6372135582809)",line,4,380.0,0.796869046982576,0.06374952375860608,6581.793068761734,100000.0,32.93140170496089,32.93140170496089,0.5003408852408124,normal,0.29322264034772505
135759,112145,112153,220000;0,6,2,50,220 kV Stommeln Nord,RWE,2429,152.830130650472,,,,,'',"SRID=4326;LINESTRING(6.96429901426431 51.0643006815507,6.96442684452924 51.0656833427919)",line,2,220.0,0.152830130650472,0.08,990.7330619293978,100000.0,20.106274151743264,20.106274151743264,2.0294340548792635,normal,0.28862591298791684
166488,2528,2529,380000;380000,3;6,,50;50,,50Hertz Transmission,,206.168249055166,,,,,'',"SRID=4326;LINESTRING(13.2116341848095 52.5757701932049,13.2127413583972 52.5735584649325)",line,2,380.0,0.206168249055166,0.08,3290.896534380867,100000.0,-50.42671874751908,50.42671874751908,1.5323094549068257,normal,0.28722925989841347
75230,16768,134591,380000;110000;380000,12;6,,50;50,,,,2879.14564511048,,,,,'',"SRID=4326;LINESTRING(9.90880362383627 53.4880478817913,9.94999240014152 53.4890392657295)",line,3,380.0,2.87914564511048,0.3071088688117845,4936.3448015713,100000.0,-10.426181690537453,10.426181690537453,0.21121258967199108,normal,0.286322940983397
106255,21282,116161,220000;110000,12,,50,,RWE,2413,4032.95544045422,,,,,'',"SRID=4326;LINESTRING(8.02041677489431 50.9236178111588,7.99050349279668 50.9504281707463)",line,2,220.0,4.03295544045422,0.6452728704726752,990.7330619293978,75007.02759213484,-1.7531223964074591,1.7531223964074591,0.17695204326716932,normal,0.28595580681345
180458,16942,26348,220000;220000;220000;220000;220000,3;3;3;3;6,,50;50;50;50;50,"211 Röhrsdorf - Crossen;211;212;212 Röhrsdorf - Crossen;211, 212 Röhrsdorf - Crossen",50Hertz Transmission,211,29930.6126298799,,,,,'',"SRID=4326;LINESTRING(12.8133593629663 50.8578738927588,12.4772720055462 50.7531070940369)",line,5,220.0,29.9306126298799,1.9155592083123136,2476.832654823494,25266.773164710678,-2.052065046124143,2.052065046124143,0.08285037110310461,normal,0.2843214622315962
171334,113589,141554,380000;220000;110000,12,2;1,,Etzenricht - Mechlenreuth - Redwitz;Mechlenreuth - Schwandorf;Etzenricht - Latsch;Etzenricht - Windischeschenbach,TenneT TSO GmbH;E.ON Netz GmbH,437;248;111;112,1153.24581589829,,,,,'',"SRID=4326;LINESTRING(12.081172042886 49.6667810397098,12.0945594222421 49.6606932787427)",line,3,380.0,1.15324581589829,0.12301288702915092,4936.3448015713,100000.0,-18.295258824757575,18.295258824757575,0.3706236002585145,normal,0.2842595493179348
180939,143946,28780,110000;110000;110000,6;6;6,1,,110 kV,,,8168.19613580404,,,,,'',"SRID=4326;LINESTRING(8.50868065979763 50.0333711187429,8.56023905306821 49.9921018160486)",line,3,110.0,8.16819613580404,0.8712742544857642,743.0497964470483,13887.705206142646,-0.9503445321328743,0.9503445321328743,0.12789782551277484,normal,0.28338839866305704
169386,17767,134513,380000,6,,50,,50Hertz,,3711.23938096364,,,,,'',"SRID=4326;LINESTRING(11.8939194608678 51.4055028474632,11.9496689739581 51.3994421990478)",line,1,380.0,3.71123938096364,1.1875966019083648,1645.4482671904334,100000.0,-3.0005399514448916,3.0005399514448916,0.18235395249272995,normal,0.28263969313944637
117640,128127,114235,220000,3,2,,,,,198.089913638178,,,,,'',"SRID=4326;LINESTRING(6.73357068612546 51.5202530781326,6.7318688278197 51.518809973085)",line,1,220.0,0.198089913638178,0.16,495.3665309646989,100000.0,-7.671333624270638,7.671333624270638,1.5486176688867412,normal,0.2798794257980407
118655,115307,116102,220000,12,,,,,,278.574189213183,,,,,'',"SRID=4326;LINESTRING(6.77375915598029 51.1425182774372,6.77211182541227 51.1448101714257)",line,1,220.0,0.278574189213183,0.16,495.3665309646989,100000.0,5.634542971766354,5.634542971766354,1.1374492662621745,normal,0.27952308687901095
128206,18888,113453,110000,6,1,,,RWE,,111.781848324778,,,,,'',"SRID=4326;LINESTRING(7.20855834781873 51.5611231822603,7.20909154615439 51.5596054827105)",line,1,110.0,0.111781848324778,0.16,247.68326548234944,75625.0,-6.477836691342817,6.477836691342817,2.615371159100147,normal,0.27713518170545776
161782,2528,2529,380000;380000,3;6,,50;50,,50Hertz Transmission,,196.839460086748,,,,,'',"SRID=4326;LINESTRING(13.2116341848095 52.5757701932049,13.2127413583972 52.5735584649325)",line,2,380.0,0.196839460086748,0.08,3290.896534380867,100000.0,-50.42671874751908,50.42671874751908,1.5323094549068257,normal,0.27533195029232266
178261,133951,113249,380000;380000;380000,6;3;3,2;2;2,,,TenneT TSO GmbH,"461,462",313.48240830683,,,,,'',"SRID=4326;LINESTRING(11.3706509375195 48.29144647242,11.3747928684966 48.2935220768734)",line,3,380.0,0.31348240830683,0.05333333333333334,4936.3448015713,100000.0,49.58418633163597,49.58418633163597,1.0044716956532838,normal,0.27390128769585204
181959,118088,118089,380000;110000,9,,,,,,2692.43556509786,,,,,'',"SRID=4326;LINESTRING(9.13915615989751 49.3186293752102,9.16768386854376 49.3338438416158)",line,2,380.0,2.69243556509786,0.4307896904156576,3290.896534380867,100000.0,6.753251197222365,6.753251197222365,0.20521007350639447,normal,0.26806310457769644
83583,118536,128173,220000;110000,6,2;1,50,,Amprion,2319,38.0007521974571,,,,,'',"SRID=4326;LINESTRING(7.9395702738285 50.8498200561345,7.93969055824504 50.8494754508434)",line,2,220.0,0.038000752197457105,0.08,990.7330619293978,100000.0,-71.20735601018336,71.20735601018336,7.187340237895259,normal,0.26806270277095356
128385,114227,114229,220000,6,,,,,,188.303889984531,,,,,'',"SRID=4326;LINESTRING(6.70952952333421 51.48521939438,6.70701289306575 51.4858780781236)",line,1,220.0,0.188303889984531,0.16,495.3665309646989,100000.0,7.693772052130843,7.693772052130843,1.5531473305529238,normal,0.2679598306735055
74788,17306,113301,380000;380000;110000,3;9,,,,Netze BW,,285.173541826805,,,,,'',"SRID=4326;LINESTRING(9.40081810882864 48.6669725947836,9.40777776234026 48.6694709750749)",line,3,380.0,0.285173541826805,0.05333333333333334,4936.3448015713,100000.0,52.626534314698105,52.626534314698105,1.0661032895827378,normal,0.26747866418711647
161845,123035,123034,220000;220000;110000,6;6,1;1,50;50,220 kV Saar Nord;220 kV Saar Nord; 110 kV Konz,Amprion,2326,21.475441124304,,,,,'',"SRID=4326;LINESTRING(6.55906476751616 49.7062394881271,6.55907384050053 49.706044347795)",line,3,220.0,0.021475441124304002,0.05333333333333334,1486.0995928940965,100000.0,-186.5986810225817,186.5986810225817,12.55627024694833,normal,0.26679679810673884
93537,116009,116015,380000,3,,,,,,282.928489526333,,,,,'',"SRID=4326;LINESTRING(7.96409976080819 47.5968970925726,7.96666328313449 47.5950181356223)",line,1,380.0,0.282928489526333,0.16,1645.4482671904334,100000.0,17.552982791618767,17.552982791618767,1.0667599305075752,normal,0.26577827321842334
72842,115540,134442,380000;380000;0,3;6,4;4,50;50,380kV Kemnade Süd;380kV Kemnade Süd+ANK,RWE,,558.53976201169,,,,,'',"SRID=4326;LINESTRING(7.30816593035618 51.4518635792888,7.31439371687621 51.4460531775593)",line,3,380.0,0.55853976201169,0.05957757461458027,4936.3448015713,100000.0,-28.90260876817763,28.90260876817763,0.5855062790382384,normal,0.25981802073231164
118925,115578,115577,380000;220000,12,4;2,,,RWE,4566,271.721710104189,,,,,'',"SRID=4326;LINESTRING(6.92631671691575 51.5016749661395,6.92904076818332 51.5034438856652)",line,2,380.0,0.271721710104189,0.08,3290.896534380867,100000.0,-35.5417834237648,35.5417834237648,1.0800030645889467,normal,0.25960212902686947
130224,22993,116711,380000,6,4,,380kV Mengede Nord+Süd,RWE,,120.396499003417,,,,,'',"SRID=4326;LINESTRING(7.40354443263153 51.6444494890018,7.402020384105 51.641982746592)",line,1,380.0,0.120396499003417,0.16,1645.4482671904334,100000.0,37.56940178447632,37.56940178447632,2.283232024585327,normal,0.2595638434314639
173873,116227,143336,220000;110000;220000;110000;220000;110000,6;6;6,2;1;2;1,50;50;50,220 kV Kondelwald;220 kV Kondelwald; 110 kV Pünderich;220 kV Kondelwald; 110 kV Pünderich,Amprion,2409,22.2579319575226,,,,,'',"SRID=4326;LINESTRING(7.06245864401228 50.0424147423636,7.06269649097267 50.0426550136756)",line,6,220.0,0.0222579319575226,0.02666666666666667,2972.199185788193,100000.0,350.2472742822338,350.2472742822338,11.78411177679373,normal,0.25941354583849824
112171,17196,117487,220000,6,2,,Pirach - Pleinting;St. Peter - Pleinting,TenneT TSO GmbH,257;258,45898.8152565847,,,,,'',"SRID=4326;LINESTRING(13.1032748124901 48.6667597238293,13.0564748333166 48.2715097898785)",line,1,220.0,45.8988152565847,14.687620882107103,495.3665309646989,3295.292027789356,0.333560758072086,0.333560758072086,0.06733615156084424,normal,0.25910900039943857
178479,134533,118891,110000;220000;110000;220000;110000,6;12;6,2;1;2;1,50;50,,markE,,305.235521078432,,,,,'',"SRID=4326;LINESTRING(7.70645615140123 51.2757581391634,7.71151811675257 51.275364276659)",line,5,220.0,0.305235521078432,0.032,2476.832654823494,100000.0,24.081938086273347,24.081938086273347,0.9722876529173302,normal,0.25900138839246506
72917,17194,112817,220000;220000,12;12,2;2,,,RWE,2492,1460.27676301185,,,,,'',"SRID=4326;LINESTRING(6.92677863132666 51.4992058438157,6.90274681032255 51.496898361478)",line,2,220.0,1.46027676301185,0.23364428208189603,990.7330619293978,100000.0,2.818548758787287,2.818548758787287,0.2844912385681689,normal,0.25612002232562864
116510,112809,112827,,6,1,,110kV Hugo Ost+West,RWE,2344,213.691105547764,,,,,'',"SRID=4326;LINESTRING(7.02187231031811 51.5555851787104,7.0192884860664 51.5566518508266)",line,1,220.0,0.21369110554776402,0.16,495.3665309646989,100000.0,6.51481476087179,6.51481476087179,1.3151503691992572,normal,0.2547001964278905
35005,23500,134853,220000,3,,50,,,,119.721162650918,,,,,'',"SRID=4326;LINESTRING(11.8075401848192 48.4553719666337,11.8033097701929 48.4554819355323)",line,1,220.0,0.119721162650918,0.16,495.3665309646989,100000.0,11.12012762706227,11.12012762706227,2.2448282094081806,normal,0.25384448339279886
94476,112332,131063,220000,3,1,50,,MITNETZ,,129.154070586675,,,,,'',"SRID=4326;LINESTRING(12.3245816183962 51.1938942400315,12.3248061972172 51.1950506628472)",line,1,220.0,0.129154070586675,0.16,495.3665309646989,100000.0,-10.236378236714097,10.236378236714097,2.0664250805922064,normal,0.2510060555460784
16435,19523,20818,110000,6,1,,,Lechwerke,,48.7920510690139,,,,,'',"SRID=4326;LINESTRING(10.3219379845601 47.6829663148776,10.3191424047296 47.6827353827916)",line,1,110.0,0.0487920510690139,0.16,247.68326548234944,75625.0,-13.016823593452825,13.016823593452825,5.255431192778923,normal,0.2503638774201457
160968,113084,113085,380000;220000;110000;380000;110000,12;12,4;2;1;4;1,50,,Tennet,3016,339.801588402208,,,,,'',"SRID=4326;LINESTRING(8.66253531280317 51.8606735846137,8.66425468825698 51.8577993552681)",line,5,380.0,0.339801588402208,0.032,8000.0,100000.0,-68.44056082778715,68.44056082778715,0.8555070103473393,normal,0.25025422356469773
131088,114816,114822,220000,3,,,,,,63.2786548531267,,,,,'',"SRID=4326;LINESTRING(9.20584178653036 48.9217453894164,9.2067129726929 48.9218333400564)",line,1,220.0,0.0632786548531267,0.16,495.3665309646989,100000.0,-20.20076469389509,20.20076469389509,4.077942983865951,normal,0.2502111837954771
152440,113364,113365,380000;220000;110000,10,4;3,50;16.7,,EnBW;DB_Energie,,2237.72571989421,,,,,'',"SRID=4326;LINESTRING(9.17688064075952 49.0351948794487,9.20311504031695 49.0305952901284)",line,3,380.0,2.23772571989421,0.23869074345538244,4936.3448015713,100000.0,-10.472748522127873,10.472748522127873,0.2121559360844134,normal,0.24925588755154576
178183,133635,112043,220000;220000;220000;220000;220000,3;3;3;6;3,2;2;2;2;2,50;50;50;50;50,"295;293;293;293, 295;295",50Hertz Transmission,295,2395.85611416966,,,,,'',"SRID=4326;LINESTRING(13.2061719723506 52.6571370513706,13.2106470261438 52.6792569691444)",line,5,220.0,2.39585611416966,0.15333479130685826,2476.832654823494,100000.0,4.993847854629918,4.993847854629918,0.2016223358854978,normal,0.24649457597461147
158652,114471,115161,380000;110000,15,4;2;1,50,,RWE,4327,2537.54056038529,,,,,'',"SRID=4326;LINESTRING(7.39113918089999 51.5129049908639,7.37178973917464 51.5306055701446)",line,2,380.0,2.53754056038529,0.40600648966164643,3290.896534380867,100000.0,-6.3957234911704575,6.3957234911704575,0.19434593048893037,normal,0.24554281493061486
98976,112332,131065,220000,3,1,50,,MITNETZ,,126.006866189396,,,,,'',"SRID=4326;LINESTRING(12.3245816183962 51.1938942400315,12.3249437292872 51.1950105809141)",line,1,220.0,0.126006866189396,0.16,495.3665309646989,100000.0,-10.236634385076341,10.236634385076341,2.0664767894474143,normal,0.24524456277539647
109872,113728,113729,380000,3,3,,512,50Hertz Transmission GmbH,512,378.291904313512,,,,,'',"SRID=4326;LINESTRING(13.1344120385462 53.9046147697348,13.1357494503411 53.90793134802)",line,1,380.0,0.378291904313512,0.16,1645.4482671904334,100000.0,12.518336185544932,12.518336185544932,0.7607857648979578,normal,0.24409429506419653
87345,112332,131067,220000,3,1,50,,MITNETZ,,124.120307647184,,,,,'',"SRID=4326;LINESTRING(12.3245816183962 51.1938942400315,12.325074254498 51.1949756780787)",line,1,220.0,0.124120307647184,0.16,495.3665309646989,100000.0,-10.236957899595334,10.236957899595334,2.066542097557424,normal,0.24178703941858037
84857,116091,116096,110000,3,2,50,,RWE,,133.421733133219,,,,,'',"SRID=4326;LINESTRING(7.00225301468142 49.3737145866656,7.00173486642554 49.3748776729487)",line,1,110.0,0.133421733133219,0.16,247.68326548234944,75625.0,-4.752038516633895,4.752038516633895,1.9185949068377968,normal,0.24028701282329543
86735,112332,131069,220000,3,1,50,,MITNETZ,,123.158734941072,,,,,'',"SRID=4326;LINESTRING(12.3245816183962 51.1938942400315,12.3251989406594 51.1949428581304)",line,1,220.0,0.123158734941072,0.16,495.3665309646989,100000.0,-10.23720174592388,10.23720174592388,2.0665913229921884,normal,0.2400242797531608
179477,17805,113586,380000;220000;110000;380000;220000;110000;110000,9;12;3,2;1;2;1;1,,Etzenricht - Mechlenreuth;Mechlenreuth - Schwandorf;Latsch - Wiesau;Etzenricht - Mechlenreuth - Redwitz;Mechlenreuth - Schwandorf;Latsch - Tirschenreuth - Wiesau;Windischeschenbach - Tirschenreuth - Mitterteich;Windischeschenbach - Mitterteich,TenneT TSO GmbH;E.ON Netz GmbH,437;248;117,9870.8843205625,,,,,'',"SRID=4326;LINESTRING(12.1538688338239 49.8069275924173,12.2155412346008 49.8715941785271)",line,7,380.0,9.8708843205625,0.45124042608285714,8000.0,100000.0,-8.034209428273154,8.034209428273154,0.10042761785341443,normal,0.23962913905704264
127855,112658,133930,380000,3,,,,,,26.0553198908161,,,,,'',"SRID=4326;LINESTRING(10.1904835524863 49.9793784647879,10.1879002129437 49.981238407691)",line,1,380.0,0.026055319890816102,0.16,1645.4482671904334,100000.0,152.41949188216086,152.41949188216086,9.263098386095953,normal,0.23826229796210538
143545,112531,112532,380000;220000,12,4;2,,,RWE,4575,338.686805916925,,,,,'',"SRID=4326;LINESTRING(6.63551175752084 51.6248958433637,6.63478223567861 51.6218745639361)",line,2,380.0,0.33868680591692496,0.08,3290.896534380867,100000.0,26.541941717672657,26.541941717672657,0.8065261681849298,normal,0.23525492266649362
128384,114229,114228,220000,6,,,,,,163.075487650285,,,,,'',"SRID=4326;LINESTRING(6.70701289306575 51.4858780781236,6.7089802933695 51.4850579524795)",line,1,220.0,0.163075487650285,0.16,495.3665309646989,100000.0,-7.696197709694541,7.696197709694541,1.5536369998002533,normal,0.2347044911277654
34351,17191,134290,110000,6,1,50,Leitung 1813 (System 124(nord);125; System 125 (sued)),EON_Netz,,3924.42318790634,,,,,'',"SRID=4326;LINESTRING(10.4626489600018 52.2816072635621,10.5064910007682 52.3037288330611)",line,1,110.0,3.92442318790634,1.2558154201300287,247.68326548234944,9635.173932445543,-0.36283948198200006,0.36283948198200006,0.1464933374789735,normal,0.23354072582513252
89389,112762,112780,110000,6,1,,110kV Gelsenkirchen Nord+Süd,RWE,2343,115.954992189966,,,,,'',"SRID=4326;LINESTRING(7.0693190778371 51.5075587595865,7.07051329817581 51.5083032799067)",line,1,110.0,0.11595499218996601,0.16,247.68326548234944,75625.0,5.268743256019865,5.268743256019865,2.127210025981884,normal,0.23337734695949414
180766,115470,134489,220000;110000;220000;110000,3;6;3;6,2;1;2;1,50;50;50,"220kV Benteler;110kV Rühle Ost,110kV Hanekenfähr-Holthausen;110kV Rühle Ost,110kV Hanekenfähr-Holthausen,220kV Benteler",Amprion,,337.104116896016,,,,,'',"SRID=4326;LINESTRING(7.31295709492403 52.4699261417129,7.32071015624695 52.4713640683905)",line,4,220.0,0.33710411689601605,0.04,1981.4661238587955,100000.0,15.875584364077877,15.875584364077877,0.8012039253621482,normal,0.23275468263037005
147024,115917,115012,380000;110000,10,4;1,50;16.7,380 kV Siegtal Nord|Süd; 110 kV Bahnstrom Orscheid - Köln 1|2,RWE,4104,10591.4910952191,,,,,'',"SRID=4326;LINESTRING(7.45945111752322 50.7588585451834,7.31235261856934 50.7559430465697)",line,2,380.0,10.5914910952191,1.694638575235056,3290.896534380867,85209.9097177526,3.0012855318177816,3.0012855318177816,0.09119963208999607,normal,0.22346384132473326
180577,115714,19443,380000;220000;220000;380000;220000;380000,3;3;3;12;3,4;2;2;4;2;4,50;50;50;50;50,Ensdorf - Uchtelfangen Nord |Süd ; Uchtelfangen Taubental Nord|Süd,Amprion,4545,17014.8804672805,,,,,'',"SRID=4326;LINESTRING(6.79704025420964 49.3354460798766,6.99666886670711 49.3756396415642)",line,6,380.0,17.014880467280502,0.9074602915882934,8000.0,100000.0,-6.092440348492989,6.092440348492989,0.07615550435616236,normal,0.22018065018453267
168726,26313,48286,220000,6,,50,"231, 232 Weida - Herlasgrün",50Hertz Transmission,231;232,14181.8517006681,,,,,'',"SRID=4326;LINESTRING(12.2428452625814 50.5674279303622,12.1504368966336 50.6698141713742)",line,1,220.0,14.1818517006681,4.538192544213792,495.3665309646989,10665.03889565244,0.39878644528535595,0.39878644528535595,0.08050330822890707,normal,0.21897710888519584
138027,133702,112582,380000,6,3,50,303,TenneT,,6178.83178929087,,,,,'',"SRID=4326;LINESTRING(8.69516110400344 53.0925252560005,8.61895210948966 53.0958088766831)",line,1,380.0,6.17883178929087,1.9772261725730784,1645.4482671904334,73031.60457970468,1.816412195833121,1.816412195833121,0.11039011265511281,normal,0.21759399866043413
152704,17122,116827,110000,3,,,,,,75.1453751526309,,,,,'',"SRID=4326;LINESTRING(8.28491776006355 50.7591551312954,8.28731988824138 50.7578392437795)",line,1,110.0,0.07514537515263091,0.16,247.68326548234944,75625.0,-7.425428394818162,7.425428394818162,2.997953204612977,normal,0.21721935303843146
83931,113623,113624,380000,3,3,50,514,50Hertz,514,249.248113216104,,,,,'',"SRID=4326;LINESTRING(12.0140429179974 53.0708769828253,12.0103739288824 53.070450970458)",line,1,380.0,0.249248113216104,0.16,1645.4482671904334,100000.0,-15.914523545398907,15.914523545398907,0.9671846792590206,normal,0.21523907836373873
90228,117163,117164,220000,6,2,50,220 kV Niederaußem 1a|2b,RWE,4548,31.1970733743133,,,,,'',"SRID=4326;LINESTRING(6.69982205887943 51.0031125767597,6.70028442175617 51.0031159685008)",line,1,220.0,0.0311970733743133,0.16,495.3665309646989,100000.0,-34.37739547070828,34.37739547070828,6.939789695472604,normal,0.21319266122893715
171060,24325,141359,380000;380000;380000,3;3;6,,,,,,18125.741772822,,,,,'',"SRID=4326;LINESTRING(9.44693626102865 49.5902534699018,9.32602490044053 49.4614831476612)",line,3,380.0,18.125741772822,1.93341245576768,4936.3448015713,74686.5985937101,3.50604495975497,3.50604495975497,0.07102512285282325,normal,0.20959763509930524
94876,115706,115366,380000;220000;110000,11,4;1,,,RWE,4142,344.590344657772,,,,,'',"SRID=4326;LINESTRING(6.7250827745004 51.3432242535811,6.72033167479422 51.3441235773954)",line,3,380.0,0.344590344657772,0.05333333333333334,4936.3448015713,100000.0,34.80124218339098,34.80124218339098,0.7050002295689173,normal,0.20874308806275624
169544,17025,118215,220000;110000,6,2;1,,,RWE,4526,52.5829397191064,,,,,'',"SRID=4326;LINESTRING(7.07533546119909 51.5190966998987,7.0747165153902 51.5203494437465)",line,2,220.0,0.0525829397191064,0.08,990.7330619293978,100000.0,40.24358745607914,40.24358745607914,4.062001057853766,normal,0.20816571775966786
177206,112548,134292,220000;110000,6;3,1,50;50,,RWE,,397.78221394736,,,,,'',"SRID=4326;LINESTRING(6.68373143551028 51.6406336478034,6.68362235135216 51.6442082349942)",line,2,220.0,0.39778221394736,0.08,990.7330619293978,100000.0,-6.135466273682333,6.135466273682333,0.6192855078171967,normal,0.20739057151520643
179447,20298,115716,220000;110000;380000;110000,6;6;9,2;2;4;2,50,110kV Hattingen-Witten,RWE,2652,833.8068964582,,,,,'',"SRID=4326;LINESTRING(7.16756105010482 51.3899465895675,7.1671749871875 51.3803324617719)",line,4,380.0,0.8338068964581999,0.066704551716656,6581.793068761734,100000.0,-22.1919669256887,22.1919669256887,0.3371720546945695,normal,0.2044591370227363
178226,114680,134913,110000;380000;110000;380000;110000;110000;110000;380000;110000,3;3;3;6;3;6;3;3,1;4;1;4;1;1;4,50;50;50,380kV Geithe West+Lippborg Tr412;Trafo 411,RWE,4345,143.904499458978,,,,,'',"SRID=4326;LINESTRING(7.9818783185962 51.6766515664854,7.97134985795849 51.6781283421425)",line,8,380.0,0.14390449945897799,0.02,8000.0,100000.0,120.44715526335904,120.44715526335904,1.5055894407919879,normal,0.20242260080636265
127994,114819,114821,220000,3,,,,,,53.1847998511596,,,,,'',"SRID=4326;LINESTRING(9.20551012852747 48.9234550866815,9.20574189387077 48.9239206761284)",line,1,220.0,0.053184799851159606,0.16,495.3665309646989,100000.0,-19.267570615988383,19.267570615988383,3.8895584201996565,normal,0.20155192387273616
180070,113444,17117,380000;110000;380000;110000;380000,6;12;6,1;3;1;3,50;50;50,"BZW-REI 110 kV, BZW-KIN 110 kV;AL1-BZW 380 kV, BZW-WDL/MEZ 380 kV, BZW-REI 110 kV, BZW-KIN 110 kV;AL1-BZW 380 kV, BZW-WDL/MEZ 380 kV",EnBW,,6102.75513388265,,,,,'',"SRID=4326;LINESTRING(9.48399693958889 48.6908079394762,9.5628233480065 48.7014898223863)",line,5,380.0,6.10275513388265,0.3905763285684896,8000.0,100000.0,8.218276021543236,8.218276021543236,0.10272845026929045,normal,0.20139735528322983
180634,21077,16780,220000;380000;220000;380000;220000;110000;380000;380000;220000,6;6;6;12;12;6;12,2;4;2;4;2;1;4;4;2,50;50;50;50;50;50,220 kV Bigge Ost|West;380 kV Leichlingen Ost|West;220 kV Bigge Ost|West;110 kV Neschen Nord / Kürten Süd;380 kV Leichlingen Ost|West;380 kV Leichlingen Ost|West; 220 kV Bigge Ost|West,RWE,4561,4394.74624880946,,,,,'',"SRID=4326;LINESTRING(7.01972144185145 51.0927333655873,6.96562911753218 51.0692893895334)",line,8,380.0,4.39474624880946,0.1757898499523784,8000.0,100000.0,-9.538832186506419,9.538832186506419,0.11923540233133023,normal,0.2009623951148139
181982,134347,113269,380000;110000;380000,3;6;3,1;4,50;50;50,Stadorf;3021 UW Lüneburg - UW Stadorf,TenneT,Leitung 1029,18103.1296844579,,,,,'',"SRID=4326;LINESTRING(10.383048885796 52.9939634151273,10.3256409260314 52.845957973957)",line,3,380.0,18.1031296844579,1.9310004996755097,4936.3448015713,74779.88743362074,-3.3441345580006505,3.3441345580006505,0.0677451574480002,normal,0.1998382003454634
82528,112987,112986,110000,6,1,,,,,126.857595880455,,,,,'',"SRID=4326;LINESTRING(8.64028485169929 51.8949248929594,8.64051661704259 51.8937826846339)",line,1,110.0,0.126857595880455,0.16,247.68326548234944,75625.0,4.109073742476488,4.109073742476488,1.6590033785586176,normal,0.19813953528667747
181562,48286,25227,220000;220000;220000;220000,3;6;3;3,,50;50;50;50,"Weida (220 kV);231, 232 Weida - Herlasgrün;232;231",50Hertz Transmission,231;232,17709.4312356697,,,,,'',"SRID=4326;LINESTRING(12.1504368966336 50.6698141713742,12.0449843601936 50.7812559414046)",line,4,220.0,17.7094312356697,1.416754498853576,1981.4661238587955,34162.58782955325,1.3283247268223983,1.3283247268223983,0.06703746840927866,normal,0.19635460464882437
172289,142222,142223,220000;110000,6,1,50,220 kV Saar Nord | 110kV Merzig Ltg.,Amprion,,3044.29928067217,,,,,'',"SRID=4326;LINESTRING(6.6256976122304 49.4631022702751,6.61129676579921 49.4855211766337)",line,2,220.0,3.04429928067217,0.48708788490754723,990.7330619293978,99366.05179409598,-1.3680564408936957,1.3680564408936957,0.13808527175114976,normal,0.19294769694989863
72210,134309,16850,220000;110000;110000,6;3,2;2,50;50,,Stadtwerke_Hannover_AG,,15082.240954764,,,,,'',"SRID=4326;LINESTRING(10.0906198132517 52.314337320797,9.89089124888824 52.3655014367367)",line,3,220.0,15.082240954764,1.60877236850816,1486.0995928940965,30085.05177452922,1.0308295233551723,1.0308295233551723,0.06936476722584178,normal,0.1926755971857969
177855,113492,19111,110000;380000;380000;110000;380000;110000,6;6;12;12,2;3;4;3;2;4;3;2,,"AL1-EDS/AIC 2x 110 kV;AL1-EDS 380 kV, EDS-WDL 380 kV;AL1-EDS 380 kV, EDS-WDL 380 kV, AL1-EDS/AIC 2x 110 kV;AL1-EDS 380 kV, EDS-WDL 380 kV, AL1-EDS/AIC 2x 110 kV",Neckarwerke,,8729.42783080999,,,,,'',"SRID=4326;LINESTRING(9.39125828325447 48.7429114558362,9.37759352739353 48.8126058551581)",line,6,380.0,8.729427830809989,0.4655694843098661,8000.0,100000.0,6.749597281605069,6.749597281605069,0.08436996602006336,normal,0.1919547576188633
161131,114222,18639,220000;110000;220000;110000,12;12,2;2,,,RWE,2369,279.109616044657,,,,,'',"SRID=4326;LINESTRING(6.72505789116703 51.4782495738368,6.72247756302745 51.4798054545034)",line,4,220.0,0.279109616044657,0.04,1981.4661238587955,100000.0,-15.380709708356921,15.380709708356921,0.776228749164979,normal,0.19107974723122093
178941,112559,17071,380000;110000;380000;110000;110000;110000;380000,6;3;3;6;3;3;6;3,1;1,50;50;50;50;50;50;50,110kV Zweckel West;110kV Zweckel Ost;110kV Trafo 411,RWE,,1289.68842953371,,,,,'',"SRID=4326;LINESTRING(6.92701587570138 51.5640134850371,6.90667335507709 51.5652678379062)",line,7,380.0,1.2896884295337099,0.058957185350112455,8000.0,100000.0,18.437774113999605,18.437774113999605,0.23047217642499507,normal,0.19092678119547343
143965,112694,112696,220000;110000,9,,,Bergrheinfeld - Schweinfurt;Schweinfurt - Zeuzleben,,271;126,294.258090217307,,,,,'',"SRID=4326;LINESTRING(10.1913950730051 50.0247526615761,10.1946171502661 50.0264112427931)",line,2,220.0,0.294258090217307,0.08,990.7330619293978,100000.0,7.3174048289270655,7.3174048289270655,0.7385849034528861,normal,0.1905088378314312
164950,114453,113853,110000;220000;220000,3;3;3,2,50;50,,50Hertz,,193.326306716432,,,,,'',"SRID=4326;LINESTRING(12.2157288926637 54.1128919737773,12.2186639581915 54.1126099873513)",line,3,220.0,0.19332630671643197,0.05333333333333334,1486.0995928940965,100000.0,15.781736326433982,15.781736326433982,1.0619568433970112,normal,0.1876951624602071
161421,18981,134279,110000;110000,,,50,,Vattenfall Europe AG,,23.6108608748711,,,,,'',"SRID=4326;LINESTRING(13.315511845505 52.5220163794265,13.3110023048904 52.5221080071124)",line,2,110.0,0.0236108608748711,0.08,495.3665309646989,100000.0,39.57719727502307,39.57719727502307,7.989477447729193,normal,0.18644592685566524
177298,113249,133951,220000;220000;220000;220000;110000,3;6;3;6,2;2;2;1,50;50,Oberbrunn - Oberbachern,TenneT TSO GmbH,263,97.1191627201561,,,,,'',"SRID=4326;LINESTRING(11.3747911159704 48.2935162150879,11.3744757674798 48.2926685394473)",line,5,220.0,0.0971191627201561,0.032,2476.832654823494,100000.0,-49.58418633163597,49.58418633163597,2.001919113714587,normal,0.18555348121489795
176662,20890,115704,110000;220000,6;6,1;2,,110kV Lintorf West+Schwarzbach Süd;220kV Stratum Ost+West,RWE,2364,15.1452287795339,,,,,'',"SRID=4326;LINESTRING(6.7239414755867 51.3540731143023,6.72389138466621 51.3539406460083)",line,2,220.0,0.0151452287795339,0.08,990.7330619293978,100000.0,-122.18290133784171,122.18290133784171,12.332575345764408,normal,0.18537938536772025
160651,112167,112177,380000;380000;380000,6;6;6,4;4;4,50;50;50,380 kV Siegtal Nord|Süd;380 kV Siegtal Nord|Süd;380 kV Siegtal Nord|Süd,RWE,4104,2005.34492531342,,,,,'',"SRID=4326;LINESTRING(7.1631800892875 50.7974821474456,7.1892999536462 50.792992966923)",line,3,380.0,2.00534492531342,0.21390345870009816,4936.3448015713,100000.0,8.207865355780442,8.207865355780442,0.16627414991691372,normal,0.18296680177290278
158850,119344,134302,110000,6,1,,,enviaM,,274.158941015812,,,,,'',"SRID=4326;LINESTRING(12.4727170426825 51.36876385975,12.4696499506579 51.3717538286098)",line,1,110.0,0.274158941015812,0.16,247.68326548234944,75625.0,-1.8626094365921126,1.8626094365921126,0.7520126290990163,normal,0.1822023625996691
180094,112659,133930,380000;380000;220000;220000;380000;220000;380000,3;9;3;12;3,3;2,50,Großkrotzenburg - Grafenrheinfeld;Aschaffenburg - Grafenrheinfeld,,417;418;278,374.53720362922,,,,,'',"SRID=4326;LINESTRING(10.1899824722208 49.9790214611963,10.1879002129437 49.981238407691)",line,7,380.0,0.37453720362922,0.022857142857142857,8000.0,100000.0,45.48307982197852,45.48307982197852,0.5685384977747314,normal,0.1808618154693974
72394,134391,142112,220000;110000,3;3,2,50;50,Oberwald-Elfmorgenbruch/Umspannwerk Ost,Transnet BW GmbH,,1622.05600893088,,,,,'',"SRID=4326;LINESTRING(8.45160166718899 49.007222078877,8.44182449030338 48.9939191373355)",line,2,220.0,1.62205600893088,0.2595289614289408,990.7330619293978,100000.0,-1.8561326154936664,1.8561326154936664,0.18734941699421545,normal,0.1805971091185999
157340,19245,114660,380000,6,4,,Untermain Süd; Karlstein Süd,RWE,4186; Untermain Süd(weis); Karlstein Süd(gelb),676.824186438839,,,,,'',"SRID=4326;LINESTRING(8.98953400736475 50.0602318787498,8.97930697380084 50.0615349603856)",line,1,380.0,0.676824186438839,0.2165837396604285,1645.4482671904334,100000.0,-5.6965251754415025,5.6965251754415025,0.3461989835249086,normal,0.1789508220751102
179115,134243,18588,220000;220000;220000;220000;220000;220000,6;3;3;3;3,1;1;1;1;1,50;50;50;50;50;50,335;336;336;335;335;336,50Hertz,335;336,26561.3045349438,,,,,'',"SRID=4326;LINESTRING(11.5622475867608 52.123944710899,11.6441817388985 51.9085129755301)",line,6,220.0,26.5613045349438,1.4166029085303362,2972.199185788193,34166.243559539835,-1.6021173661640926,1.6021173661640926,0.0539034319713411,normal,0.17876603064244279
77634,113300,113301,380000,3,,,AL1-BZW 1x 380 kV,Netze BW,,102.861987247306,,,,,'',"SRID=4326;LINESTRING(9.40674047768168 48.6701078832782,9.40777776234026 48.6694709750749)",line,1,380.0,0.10286198724730601,0.16,1645.4482671904334,100000.0,-29.962699349928013,29.962699349928013,1.8209444774030277,normal,0.17828613821472666
120274,112831,115581,380000;220000;110000,9,4;2,,,RWE,4566,457.891361815048,,,,,'',"SRID=4326;LINESTRING(6.99148068728884 51.5188433443926,6.98540358439177 51.5204730865673)",line,3,380.0,0.457891361815048,0.05333333333333334,4936.3448015713,100000.0,22.777635468407276,22.777635468407276,0.46142715681361784,normal,0.17395394019507354
180019,118354,24664,220000;220000;0;0;220000,3;6;3;3,2;2;2,50;50;50;50,220 kV Rheinau West;220 kV Rheinau West,RWE,2327,331.95388141609,,,,,'',"SRID=4326;LINESTRING(8.41949737032603 49.6377579874862,8.41938493943566 49.6337976668968)",line,5,220.0,0.33195388141609,0.032,2476.832654823494,100000.0,-14.915293991207834,14.915293991207834,0.6021922378228148,normal,0.17261656705548287
72793,134475,134489,380000;380000,3;6,4;4,50;50,Gronau-West;380-kV Gronau-West,Amprion,,74.8519151494768,,,,,'',"SRID=4326;LINESTRING(7.30534456314174 52.4800010323376,7.32071015624695 52.4713640683905)",line,2,380.0,0.0748519151494768,0.08,3290.896534380867,100000.0,76.44233976514813,76.44233976514813,2.322842391625953,normal,0.1676694971470562
131841,112459,112460,380000,3,2,,Oberbachern - Ottenhofen,TenneT TSO GmbH,461,406.381778529528,,,,,'',"SRID=4326;LINESTRING(11.8224260695192 48.2292075683419,11.8270468236777 48.227229589515)",line,1,380.0,0.406381778529528,0.16,1645.4482671904334,100000.0,8.053856361067702,8.053856361067702,0.4894627513765281,normal,0.16691673027846848
100777,112952,134340,380000,3,4,,,,,77.1471219670359,,,,,'',"SRID=4326;LINESTRING(9.14901085822735 49.1406397687914,9.15118600564182 49.1433394745617)",line,1,380.0,0.0771471219670359,0.16,1645.4482671904334,100000.0,36.57365498115905,36.57365498115905,2.22271679459165,normal,0.16518340428654232
177517,116109,134315,220000;220000;220000,3;3;3,,,,,,47.4575174784344,,,,,'',"SRID=4326;LINESTRING(10.1945325289664 47.9690486688436,10.1945763069479 47.9694744708034)",line,3,220.0,0.047457517478434394,0.05333333333333334,1486.0995928940965,100000.0,-52.79929695412022,52.79929695412022,3.5528774253478206,normal,0.1647320605664602
136661,116465,135159,380000,6,4,50,380 kV Neurath 2b|3c,RWE,,90.5453270123001,,,,,'',"SRID=4326;LINESTRING(6.60879226770999 51.0346787720857,6.62457270588092 51.036785995792)",line,1,380.0,0.0905453270123001,0.16,1645.4482671904334,100000.0,-31.1723705384237,31.1723705384237,1.894460686488177,normal,0.16420781927081918
182070,143307,16806,110000;110000;110000;110000;110000;110000;110000;110000;110000,6;6;6;6;3;3;6;6;6,1;1;1;1;1;1;1;1;1,50;50;50;50;50;50;50;50;50,110 kV Sonsbeck Ost+West;110 kV Sonsbeck Ost+West;110 kV Sonsbeck West;110 kV Sonsbeck West;110 kV Sonsbeck West;110 kV Sonsbeck Ost;110 kV Sonsbeck Ost+West;110 kV Sonsbeck Ost+West;110 kV Sonsbeck Ost+West,RWE,0160,205.607920221754,,,,,'',"SRID=4326;LINESTRING(6.22219793235425 51.6921984870746,6.22182697102296 51.6946440313514)",line,8,110.0,0.205607920221754,0.02,1981.4661238587955,100000.0,17.276869775306736,17.276869775306736,0.8719235503083439,normal,0.1630356989282264
181641,118546,118545,220000,6,,50,,EnBW,5220,379.197821510008,,,,,'',"SRID=4326;LINESTRING(8.54774319590668 49.4354669848306,8.55015876570567 49.4324301577776)",line,1,220.0,0.37919782151000797,0.16,495.3665309646989,100000.0,2.468708020952892,2.468708020952892,0.4983598742824268,normal,0.1602237169308754
77663,115555,115556,380000,3,3,,380kV Weitmar West,RWE,4360,376.31982718679,,,,,'',"SRID=4326;LINESTRING(7.17439214201165 51.4688632542149,7.17649213365133 51.4719931932614)",line,1,380.0,0.37631982718679,0.16,1645.4482671904334,100000.0,-8.19528239083267,8.19528239083267,0.49805773625602545,normal,0.1590861879547334
170804,16793,141177,110000;110000;110000;110000;110000,6;6;6;6;6,1;1;1;1;1,50;50;50;50;50,,RWE,1557,260.021544985924,,,,,'',"SRID=4326;LINESTRING(7.41683165937165 51.4569414435079,7.41978508220404 51.4575607808948)",line,5,110.0,0.260021544985924,0.032,1238.416327411747,100000.0,8.474533462277112,8.474533462277112,0.6843040805177878,normal,0.15816239465972942
86060,117747,24840,220000,3,,,,,,8475.28133923708,,,,,'',"SRID=4326;LINESTRING(11.471330230673 50.5977206630367,11.4339383023376 50.65277165645)",line,1,220.0,8.47528133923708,2.7120900285558656,495.3665309646989,17846.015246688563,-0.348326543012375,0.348326543012375,0.07031693124968058,normal,0.15812073003724184
129042,113739,113740,380000;110000,6,,,"BZW-WDL/MEZ 380 kV, MEZ-NET 110 kV",Neckarwerke,,171.431107122096,,,,,'',"SRID=4326;LINESTRING(9.24103059283989 48.5426059762324,9.23936125354741 48.5436944599634)",line,2,380.0,0.171431107122096,0.08,3290.896534380867,100000.0,32.8352105429669,32.8352105429669,0.9977588234673672,normal,0.15787155705030567
154069,114471,114470,380000;110000,12,4;2,50,,RWE,4327,351.651952893403,,,,,'',"SRID=4326;LINESTRING(7.39113918089999 51.5129049908639,7.39109624142941 51.5097332436579)",line,2,380.0,0.351651952893403,0.08,3290.896534380867,100000.0,-17.111422821591837,17.111422821591837,0.519962345908608,normal,0.1566789606439292
72525,142133,134441,220000;220000,3;3,,50;50,Anlage 350;Anlage 350,EnBW,,331.318253437268,,,,,'',"SRID=4326;LINESTRING(9.20190048685942 49.0453784331244,9.20403323443474 49.0424158448298)",line,2,220.0,0.331318253437268,0.08,990.7330619293978,100000.0,-5.39303094834187,5.39303094834187,0.5443475296806227,normal,0.155775725362243
372,19523,20818,220000,3,,,,,,45.5785035151819,,,,,'',"SRID=4326;LINESTRING(10.3219379845601 47.6829663148776,10.3191424047296 47.6827353827916)",line,1,220.0,0.0455785035151819,0.16,495.3665309646989,100000.0,-17.212328718615304,17.212328718615304,3.4746652514240814,normal,0.15486695647098614
169660,6832,21198,220000;110000,12,4;1,,Saarwellingen - Fraulautern (neu 9/2011),,4205,2814.83108222199,,,,,'',"SRID=4326;LINESTRING(6.78870748163415 49.3376956582363,6.76606698005215 49.360076370276)",line,2,220.0,2.81483108222199,0.4503729731555184,990.7330619293978,100000.0,1.1333084712406016,1.1333084712406016,0.11439090051497285,normal,0.15315756334660527
182015,113364,134306,110000,4,4,16.7,,DB_Energie,,182.522689254742,,,,,'',"SRID=4326;LINESTRING(9.17688064075952 49.0351948794487,9.17450010394454 49.0409586672067)",line,1,110.0,0.182522689254742,0.16,247.68326548234944,75625.0,2.2508264370206534,2.2508264370206534,0.908751922596504,normal,0.1523522859320282
88949,112252,112253,380000,12,,,2x 380 kV ; 2x 110 kV,EVS,318,102.0916359473,,,,,'',"SRID=4326;LINESTRING(8.94615294144137 48.7149499704762,8.94694795046782 48.7157167580538)",line,1,380.0,0.1020916359473,0.16,1645.4482671904334,100000.0,25.783232593459825,25.783232593459825,1.5669427661487119,normal,0.15232228926125382
121051,115547,115549,380000;220000;110000,12,3;1,,,RWE,4360,201.667199013266,,,,,'',"SRID=4326;LINESTRING(7.17856481650638 51.4236041737587,7.17920262035811 51.4218244823956)",line,3,380.0,0.20166719901326602,0.05333333333333334,4936.3448015713,100000.0,-40.89484811644617,40.89484811644617,0.8284439146841774,normal,0.15219336949595322
178539,18639,18640,220000;220000;220000,6;6,,,,,,832.494873570557,,,,,'',"SRID=4326;LINESTRING(6.72247756302745 51.4798054545034,6.72821305185359 51.4878547710568)",line,3,220.0,0.8324948735705571,0.08879945318085943,1486.0995928940965,100000.0,-3.715834078943381,3.715834078943381,0.2500393712985951,normal,0.15144343566068694
174535,143801,143802,380000;220000,6,2;1,,Pleinting - Plattling - Schwandorf,TenneT TSO GmbH,465;226,5548.5713066695,,,,,'',"SRID=4326;LINESTRING(12.2700370424425 49.1369252114596,12.2506558312704 49.1852986566762)",line,2,380.0,5.5485713066694995,0.8877714090671199,3290.896534380867,100000.0,-2.644472893809091,2.644472893809091,0.08035721774238672,normal,0.1510110527155874
77664,20416,115556,380000,3,3,,380kV Weitmar West,RWE,4360,56.5192010505329,,,,,'',"SRID=4326;LINESTRING(7.17944505759209 51.4721618055413,7.17649213365133 51.4719931932614)",line,1,380.0,0.0565192010505329,0.16,1645.4482671904334,100000.0,44.605658467733456,44.605658467733456,2.710851465655413,normal,0.149041887389676
136248,115018,124239,220000;110000,6,2;1,50,211;133,EON_Netz,211;133,8.68809076534366,,,,,'',"SRID=4326;LINESTRING(10.2010091126703 54.3400655622017,10.201147453224 54.3400294796876)",line,2,220.0,0.008688090765343659,0.08,990.7330619293978,100000.0,170.39073377475566,170.39073377475566,17.198450351795984,normal,0.1487763383104595
180879,17133,20228,380000;380000;380000,3;3;6,4;4;4,,,,M12/1,510.108017431125,,,,,'',"SRID=4326;LINESTRING(10.8675276212215 48.5394888829655,10.8638245882447 48.5469498193815)",line,3,380.0,0.510108017431125,0.05441152185932,4936.3448015713,100000.0,17.750086946505263,17.750086946505263,0.3595795605861079,normal,0.1482119286617465
148853,113061,113822,220000,3,1,50,,EON_Netz,,166.544195076311,,,,,'',"SRID=4326;LINESTRING(8.34842895325349 53.2535979688195,8.34966323845387 53.2549108582422)",line,1,220.0,0.16654419507631102,0.16,495.3665309646989,100000.0,-4.75434426808058,4.75434426808058,0.9597629171316354,normal,0.14784734912523143
85103,112516,112514,380000,3,4,50,380kV Witten West,RWE,4327,309.849504887384,,,,,'',"SRID=4326;LINESTRING(7.42265953708376 51.4625203479673,7.41989227685103 51.4603225664995)",line,1,380.0,0.309849504887384,0.16,1645.4482671904334,100000.0,-8.960694713411321,8.960694713411321,0.5445746847277982,normal,0.14698737782072802
178375,113749,134407,380000;220000;380000;220000,6;6,4;2,,Obermoosweiler-Grünkraut;Bludenz West,Amprion,,14466.5117841639,,,,,'',"SRID=4326;LINESTRING(9.75450401598147 47.647653657793,9.64537374279896 47.7445822302288)",line,4,380.0,14.4665117841639,1.1573209427331121,6581.793068761734,100000.0,3.487741145999368,3.487741145999368,0.05299074446069656,normal,0.14512454136356712
181922,134340,118009,110000,3,2,,,EVS AG,Anlage 320,103.880446523863,,,,,'',"SRID=4326;LINESTRING(9.15118600564182 49.1433394745617,9.1518429768236 49.1461589700587)",line,1,110.0,0.103880446523863,0.16,247.68326548234944,75625.0,3.604018222082908,3.604018222082908,1.4550915319467717,normal,0.14380909816570664
161805,113443,113457,380000;0;380000;0;380000,6;6;3,4;4;4,50;50;50,380kV Recklinghausen + ANK;380kV Recklinghausen + ANK;380kV Recklinghausen,RWE,4302,982.206010685425,,,,,'',"SRID=4326;LINESTRING(7.2589125609693 51.5834201530232,7.27162444089182 51.5796189417744)",line,5,380.0,0.982206010685425,0.0628611846838672,8000.0,100000.0,-16.77257495156237,16.77257495156237,0.2096571868945296,normal,0.1434496216942427
73718,117473,118356,220000;220000;110000,6;9,2;2;1,50;50,220 kV Rheinau Ost|West;220 kV Windesheim; 110 kV Rosengarten Ost|West,RWE,2327,23.2261476930193,,,,,'',"SRID=4326;LINESTRING(8.4226650096809 49.6400981393981,8.42291806509643 49.6399513669051)",line,3,220.0,0.0232261476930193,0.05333333333333334,1486.0995928940965,100000.0,-92.80507277180105,92.80507277180105,6.244875728084167,normal,0.14338563012974492
115413,113365,114568,380000;220000,6,3,50,,,,340.317005945678,,,,,'',"SRID=4326;LINESTRING(9.20311504031695 49.0305952901284,9.20772744014326 49.0310832624229)",line,2,380.0,0.340317005945678,0.08,3290.896534380867,100000.0,-15.885093646633708,15.885093646633708,0.48269805752559924,normal,0.141385233303771
176643,20669,116014,380000;380000,3;3,,,,,,38.0686785193062,,,,,'',"SRID=4326;LINESTRING(7.96083900317562 47.5977251629037,7.96134444816874 47.5977439550664)",line,2,380.0,0.0380686785193062,0.08,3290.896534380867,100000.0,-118.81574556543359,118.81574556543359,3.610436983482588,normal,0.13489295461617337
158025,112764,118125,380000;220000,6,4;2,,,RWE,4546,62.6912886764908,,,,,'',"SRID=4326;LINESTRING(7.09969695664252 51.4821947531063,7.09913506043231 51.4826498494664)",line,2,380.0,0.0626912886764908,0.08,3290.896534380867,100000.0,72.38803251963245,72.38803251963245,2.199644740069325,normal,0.13374861097619958
73509,116908,21198,220000;220000;220000,6;6;6,2;1;2,50;50;50,Saarwellingen - Fraulautern;Saarwellingen - Fraulautern;Saarwellingen - Fraulautern,,2340,3622.07164772683,,,,,'',"SRID=4326;LINESTRING(6.79652911281298 49.3338440757709,6.76606698005215 49.360076370276)",line,3,220.0,3.62207164772683,0.3863543090908619,1486.0995928940965,100000.0,1.287300727831342,1.287300727831342,0.0866227764267397,normal,0.13260587207577185
108679,114100,114246,110000,2,1,,,RWE,,209.92989472496,,,,,'',"SRID=4326;LINESTRING(7.44243738536811 50.4043580451322,7.43969006773468 50.4050806613684)",line,1,110.0,0.20992989472496001,0.16,247.68326548234944,75625.0,1.7180366664535511,1.7180366664535511,0.6936426096885351,normal,0.13218221409978792
176098,17024,112785,110000;110000;220000;110000;110000,3;3;3;3;3,1;1;2;1;1,,110kV Herten West;110kV Herten Ost;Hochlarmark West;110kV Herten Ost;110kV Herten West,RWE,4358,33.0478838790288,,,,,'',"SRID=4326;LINESTRING(7.1400668105836 51.558484355682,7.13979690264859 51.5587291507912)",line,5,220.0,0.0330478838790288,0.032,2476.832654823494,100000.0,-100.47610692832664,100.47610692832664,4.0566368798737775,normal,0.13189563865919782
176562,19443,116090,110000;220000,6;6,2;2,50;50,,,,67.357795293857,,,,,'',"SRID=4326;LINESTRING(7.00076512743516 49.3764681510979,7.00169219644954 49.3764485707419)",line,2,220.0,0.06735779529385699,0.08,990.7330619293978,100000.0,-19.877951256475068,19.877951256475068,2.0063882008503744,normal,0.13078891163704895
178586,112020,16773,380000;110000;110000;380000;380000,6,3,50;50;50;50;50,518;520;Malchow;Malchow;518;520,50Hertz,518;520,3695.62492411248,,,,,'',"SRID=4326;LINESTRING(13.5164494490386 52.6186499651463,13.4949156070863 52.5896917767973)",line,5,380.0,3.6956249241124803,0.23651999514319874,8000.0,100000.0,-6.678218319094986,6.678218319094986,0.08347772898868733,normal,0.1291092608251975
172133,113914,142112,110000,6,1,50,BRUCH-OWALD-BLANK,Netze BW GmbH,,277.685591715556,,,,,'',"SRID=4326;LINESTRING(8.44289839364582 48.9962686753706,8.44182449030338 48.9939191373355)",line,1,110.0,0.27768559171555596,0.16,247.68326548234944,75625.0,1.2949307065013294,1.2949307065013294,0.5228171971891293,normal,0.12811651614856537
141686,114811,114812,380000;220000,9,,,Anlage 332,EnBW,,770.819251661776,,,,,'',"SRID=4326;LINESTRING(9.19507287273587 48.9215583904941,9.18475877596972 48.9216782753004)",line,2,380.0,0.770819251661776,0.12333108026588416,3290.896534380867,100000.0,-7.1638344523505815,7.1638344523505815,0.21768640786813281,normal,0.12439522018640131
177186,112266,134275,110000;110000;380000;110000;380000;110000,3;3;3;3;3;3,1;1;4;1;4;1,50;50;50;50;50;50,,,,26.7459961043651,,,,,'',"SRID=4326;LINESTRING(10.4166474906282 53.4140655156372,10.416451088269 53.4138557925311)",line,6,380.0,0.0267459961043651,0.02666666666666667,8000.0,100000.0,374.12053019511006,374.12053019511006,4.676506627438876,normal,0.12343440147919738
107503,112454,112455,220000,6,2,,Neufinsing - Zolling,TenneT TSO GmbH,258,220.795949763093,,,,,'',"SRID=4326;LINESTRING(11.8150909658982 48.222739491945,11.8179392541696 48.2233460584519)",line,1,220.0,0.220795949763093,0.16,495.3665309646989,100000.0,3.0538088545195574,3.0538088545195574,0.6164746028708145,normal,0.12298857205953045
153438,112458,112459,380000,3,2,,Oberbachern - Ottenhofen,TenneT TSO GmbH,462,434.202942045013,,,,,'',"SRID=4326;LINESTRING(11.8270192453984 48.2267738769654,11.8224260695192 48.2292075683419)",line,1,380.0,0.43420294204501303,0.16,1645.4482671904334,100000.0,5.548981509595485,5.548981509595485,0.33723220718875885,normal,0.12160905459619326
114072,115717,115716,110000,6,2,50,110kV Prov.Hattingen - Steinenhaus,RWE,2652,160.729074753296,,,,,'',"SRID=4326;LINESTRING(7.16882294657622 51.3793047770536,7.1671749871875 51.3803324617719)",line,1,110.0,0.160729074753296,0.16,247.68326548234944,75625.0,1.9789101669363123,1.9789101669363123,0.7989680542536833,normal,0.11908484654394973
181697,117314,117313,110000;110000,3;3,1;1,50;50,110kV Merzig Ltg.;110kV Merzig Ltg.,Amprion,2326,494.784570048585,,,,,'',"SRID=4326;LINESTRING(6.60767215838222 49.4936902517399,6.60950678768698 49.4894452775258)",line,2,110.0,0.494784570048585,0.08,495.3665309646989,100000.0,1.467265966759168,1.467265966759168,0.29619804226614765,normal,0.11906630990782091
141812,25566,118970,220000;110000,18,,,,,,316.993877782505,,,,,'',"SRID=4326;LINESTRING(8.95370122498589 49.5674316343695,8.9524796861559 49.5713090546321)",line,2,220.0,0.31699387778250504,0.08,990.7330619293978,100000.0,-4.27507122897075,4.27507122897075,0.4315058609879523,normal,0.11881590437560156
112193,112770,118227,380000;110000,9,,50,,RWE,4129,287.897031179008,,,,,'',"SRID=4326;LINESTRING(7.13752366578387 51.5219862865177,7.13444747492493 51.5237387676828)",line,2,380.0,0.287897031179008,0.08,3290.896534380867,100000.0,15.408723545073943,15.408723545073943,0.4682226677166825,normal,0.11846533543317644
181767,117314,117313,220000,3,1,50,220 kV Saar Nord,Amprion,,489.183980342317,,,,,'',"SRID=4326;LINESTRING(6.60767215838222 49.4936902517399,6.60950678768698 49.4894452775258)",line,1,220.0,0.489183980342317,0.16,495.3665309646989,100000.0,1.467265966759168,1.467265966759168,0.29619804226614765,normal,0.11795444453360242
180562,17010,134309,220000;220000;110000;110000;110000;110000;110000;110000;110000;110000;110000,3;6;3;3;3;3;3,2;2;2,50;50;50;50;50;50;50;50;50;50,Lahe;Lahe;Lahe;Lahe;Lahe;Lahe;Lahe,Stadtwerke_Hannover_AG,,26150.7870331803,,,,,'',"SRID=4326;LINESTRING(9.82156115799452 52.4248291239809,10.0906198132517 52.314337320797)",line,8,220.0,26.1507870331803,1.046031481327212,3962.932247717591,46270.117930475426,-1.395029718585608,1.395029718585608,0.03520195732311751,normal,0.11621595432537882
162288,17024,112775,380000;380000,6;3,4;4,,380kV Recklinghausen+ANK;380kV Recklinghausen,RWE,4358,56.6042570369553,,,,,'',"SRID=4326;LINESTRING(7.14063446483707 51.5572476011295,7.13964009659326 51.5552746896507)",line,2,380.0,0.056604257036955305,0.08,3290.896534380867,100000.0,69.44894680490643,69.44894680490643,2.110335164881512,normal,0.11619554954949518
112008,113997,113977,220000,3,,50,208,50Hertz Transmission,208,155.053317962806,,,,,'',"SRID=4326;LINESTRING(12.5653764676089 51.0791246518849,12.5639280240447 51.0780562430251)",line,1,220.0,0.155053317962806,0.16,495.3665309646989,100000.0,3.9916914946723505,3.9916914946723505,0.8058056499898676,normal,0.11615406867636743
72057,133627,134861,380000;380000,3;3,2,50;50,Leitung 3845 (System 301);Leitung 3845 (System 301),TenneT,3845,4829.8851885187,,,,,'',"SRID=4326;LINESTRING(10.9993129974283 52.2001376075291,10.9773774890861 52.1690451876138)",line,2,380.0,4.829885188518699,0.772781630162992,3290.896534380867,100000.0,-2.1566525570448913,2.1566525570448913,0.0655338912820191,normal,0.1155360738439568
128517,19443,115240,380000,6,4,,"380kV Bliestal Süd, 380kV Bürstadt Ltg.",Amprion,,130.425164659158,,,,,'',"SRID=4326;LINESTRING(6.99666886670711 49.3756396415642,6.99145095305294 49.3772300821724)",line,1,380.0,0.13042516465915802,0.16,1645.4482671904334,100000.0,-15.49694237477639,15.49694237477639,0.9418067212308703,normal,0.1154596778840999
175999,16806,143307,220000;220000;220000;220000,3;3;3;3,2;2,50;50,Pfalzdorf TR211;Pfalzdorf TR212,RWE,,137.799436545233,,,,,'',"SRID=4326;LINESTRING(6.22217271813077 51.6935138672839,6.22205757392961 51.6922774178607)",line,4,220.0,0.137799436545233,0.04,1981.4661238587955,100000.0,-17.276869775306736,17.276869775306736,0.8719235503083439,normal,0.11256191076531136
171061,118089,141359,380000;380000;380000,3;3;6,,,,,,19081.0804535664,,,,,'',"SRID=4326;LINESTRING(9.16768386854376 49.3338438416158,9.32602490044053 49.4614831476612)",line,3,380.0,19.0810804535664,2.035315248380416,4936.3448015713,70947.24029356387,1.8516587427689213,1.8516587427689213,0.037510725388945995,normal,0.11252385256780123
179183,113078,133613,380000;380000;220000;380000,3;6;3,4;4;4,50;50;50,(526);525; 526;525,50Hertz,526,204.369386934154,,,,,'',"SRID=4326;LINESTRING(12.947868245972 52.5618885544643,12.9417261578462 52.5621020850187)",line,4,380.0,0.204369386934154,0.04,6581.793068761734,100000.0,-39.73801595839946,39.73801595839946,0.6037566897537783,normal,0.11227223914150554
180520,134289,120520,220000;220000,3;6,,50,,RWE,,59.8612561561961,,,,,'',"SRID=4326;LINESTRING(6.57570814260083 51.0547386703184,6.58224615274898 51.0563821577132)",line,2,220.0,0.0598612561561961,0.08,990.7330619293978,100000.0,-19.125978202183536,19.125978202183536,1.9304875285918845,normal,0.11223470157883148
177540,116409,134289,220000;220000,3;3,,,,,,138.971363857223,,,,,'',"SRID=4326;LINESTRING(6.58384120136746 51.0547770817799,6.58186475826246 51.0548709867192)",line,2,220.0,0.138971363857223,0.08,990.7330619293978,100000.0,-8.470423569462149,8.470423569462149,0.8549652671292173,normal,0.11125281935053893
94910,114599,114602,380000,6,4,50,,,,436.166428046385,,,,,'',"SRID=4326;LINESTRING(8.5742251711564 49.1304066413382,8.57753636129367 49.1336857697024)",line,1,380.0,0.436166428046385,0.16,1645.4482671904334,100000.0,-5.004663521723796,5.004663521723796,0.3041519822600773,normal,0.1100961318445378
127817,116095,116096,220000,6,2,50,,RWE,,194.322173536672,,,,,'',"SRID=4326;LINESTRING(7.0017160916361 49.3731187903947,7.00173486642554 49.3748776729487)",line,1,220.0,0.194322173536672,0.16,495.3665309646989,100000.0,-3.0641048541890648,3.0641048541890648,0.6185530637731803,normal,0.10984191429986798
178174,112166,22571,380000;220000;110000;380000;220000;110000,12;6;18,4;2;1;4;2;1,50;50;50,380 kV Siegtal Nord|Süd; 220 kV Gremberghoven Ost|West;110 kV Siegburg Nord|Süd;380 kV Siegtal Nord|Süd; 220 kV Gremberghoven Ost|West; 110 kV Siegburg Nord|Süd,RWE,4103,1318.96243563658,,,,,'',"SRID=4326;LINESTRING(7.1435272864907 50.7969920834508,7.13423204830097 50.8073629533151)",line,6,380.0,1.31896243563658,0.07034466323395094,8000.0,100000.0,10.395579704836067,10.395579704836067,0.12994474631045083,normal,0.10929910677553835
82420,112575,112582,380000;110000,12,3;1,,105;303,TenneT;EON_Netz,,1771.72803086337,,,,,'',"SRID=4326;LINESTRING(8.59854148791918 53.0859140895399,8.61895210948966 53.0958088766831)",line,2,380.0,1.7717280308633698,0.2834764849381392,3290.896534380867,100000.0,-3.4330481505528976,3.4330481505528976,0.1043195407296138,normal,0.10635074270472461
108153,116409,116401,,,,,,,,86.0454723585383,,,,,'',"SRID=4326;LINESTRING(6.5838501845203 51.0547770817799,6.5833926725461 51.0540472524168)",line,1,220.0,0.08604547235853831,0.16,495.3665309646989,100000.0,6.367014385655345,6.367014385655345,1.285313800521795,normal,0.10609377535199954
139202,115714,116060,220000,6,4,,Saarwellingen - Fraulautern (neu 9/2011),,4205,198.215156845243,,,,,'',"SRID=4326;LINESTRING(6.79704025420964 49.3354460798766,6.79429922478321 49.3355444802269)",line,1,220.0,0.198215156845243,0.16,495.3665309646989,100000.0,2.813518495231593,2.813518495231593,0.5679670141929899,normal,0.10270722466632418
95333,112532,112533,380000;220000;110000,18,4,,,RWE,4572,635.823606475041,,,,,'',"SRID=4326;LINESTRING(6.63478223567861 51.6218745639361,6.63344329674763 51.6162097502792)",line,3,380.0,0.635823606475041,0.06782118469067104,4936.3448015713,100000.0,10.23672102504758,10.23672102504758,0.20737451366422183,normal,0.10205862291568593
148806,115483,115718,380000,3,4,,380kV Kemnade Süd,RWE,4339,384.345473934453,,,,,'',"SRID=4326;LINESTRING(7.1666517185345 51.3801636402511,7.16631862322715 51.3836231515928)",line,1,380.0,0.384345473934453,0.16,1645.4482671904334,100000.0,-5.049297866077662,5.049297866077662,0.30686457707353065,normal,0.0998007826512212
36837,16782,33431,380000,3,,50,,,,208.839614434887,,,,,'',"SRID=4326;LINESTRING(6.84265873953413 50.8635394681059,6.84810730071267 50.8617173064731)",line,1,380.0,0.20883961443488702,0.16,1645.4482671904334,100000.0,8.4922573153845,8.4922573153845,0.5161060049541905,normal,0.0978851310169624
81020,17194,115578,380000,3,4,,380kV Essen West,RWE,4566,95.3542605145286,,,,,'',"SRID=4326;LINESTRING(6.92677863132666 51.4992058438157,6.92631671691575 51.5016749661395)",line,1,380.0,0.09535426051452861,0.16,1645.4482671904334,100000.0,-17.567401944074135,17.567401944074135,1.0676362359340588,normal,0.09723799856925729
139865,115533,115541,220000,6,2,50,220kV Laer West+Pöppinghausen Ost,RWE,2652,278.621054040112,,,,,'',"SRID=4326;LINESTRING(7.29583143268452 51.456432142043,7.29766633148386 51.4541930917866)",line,1,220.0,0.278621054040112,0.16,495.3665309646989,100000.0,-1.9251348146398506,1.9251348146398506,0.38862835785267064,normal,0.09551793110197028
177216,112659,133930,380000;380000,,,,,,,71.3905910218811,,,,,'',"SRID=4326;LINESTRING(10.189984224747 49.9790271269754,10.190185872715 49.9796556530063)",line,2,380.0,0.0713905910218811,0.08,3290.896534380867,100000.0,45.48307982197852,45.48307982197852,1.3820878094101334,normal,0.09530521297666025
104058,117950,134318,380000,3,,,,,,33.2696446099286,,,,,'',"SRID=4326;LINESTRING(9.19132617934886 48.9162358880407,9.19488883025304 48.9134592121868)",line,1,380.0,0.033269644609928595,0.16,1645.4482671904334,100000.0,47.21734800243183,47.21734800243183,2.86957353469729,normal,0.09391593832140283
146182,115539,115541,380000,6,4,50,380kV Kemnade Süd+ANK,RWE,,195.552312757228,,,,,'',"SRID=4326;LINESTRING(7.30039864725204 51.4546564722496,7.29766633148386 51.4541930917866)",line,1,380.0,0.195552312757228,0.16,1645.4482671904334,100000.0,8.602633557508454,8.602633557508454,0.52281397896497,normal,0.09337889770902243
179735,113749,134407,110000;110000;110000;110000,6;3;3;3,1;1;1;1,,,EnBW,,16238.7615535546,,,,,'',"SRID=4326;LINESTRING(9.75450401598147 47.647653657793,9.64537374279896 47.7445822302288)",line,4,110.0,16.2387615535546,1.299100924284368,990.7330619293978,9314.133932023404,0.32485288154066905,0.32485288154066905,0.032789143112680226,normal,0.09335595070614013
83164,118009,134340,220000,3,2,,,EVS AG,Anlage 320,101.65654330309,,,,,'',"SRID=4326;LINESTRING(9.1518429768236 49.1461589700587,9.15118600564182 49.1433394745617)",line,1,220.0,0.10165654330309,0.16,495.3665309646989,100000.0,-4.765643930026986,4.765643930026986,0.9620439880639813,normal,0.09314028433524751
177200,112454,133654,220000;220000,6;6,2;2,50,Neufinsing - Zolling;Oberbachern - Neufinsing,TenneT TSO GmbH,258,29.7469520486625,,,,,'',"SRID=4326;LINESTRING(11.8150859751259 48.2227345156783,11.8148774608972 48.2225061447579)",line,2,220.0,0.0297469520486625,0.08,990.7330619293978,100000.0,-31.440668117693747,31.440668117693747,3.173475210009121,normal,0.09302437851875006
178454,18762,114737,380000;110000;380000,6;6;6,1,50;50,110kV Büren - Nehden Ost+West;380kV Sauerland Nord+Süd,RWE,1773,907.684662786633,,,,,'',"SRID=4326;LINESTRING(8.62480359117333 51.427924536505,8.61954356027272 51.4355062868611)",line,3,380.0,0.907684662786633,0.09681969736390751,4936.3448015713,100000.0,-7.047102763690916,7.047102763690916,0.14275953254820722,normal,0.09220699563386957
141279,16778,112139,220000,3,2,50,220 kV Kasselberg Süd,RWE,,35.4769413861834,,,,,'',"SRID=4326;LINESTRING(6.93481717657151 51.0334821635245,6.93393955092221 51.0355224507366)",line,1,220.0,0.035476941386183396,0.16,495.3665309646989,100000.0,13.0084928251617,13.0084928251617,2.626033858167281,normal,0.09154914296302712
170183,24621,140747,110000,6,1,50,,Thüringer_Energienetze,,3661.03883480716,,,,,'',"SRID=4326;LINESTRING(11.4703710706553 50.9303732467952,11.4302481977484 50.9112741844551)",line,1,110.0,3.6610388348071603,1.1715324271382914,247.68326548234944,10328.35260869111,-0.14698903629973303,0.14698903629973303,0.05934556620669548,normal,0.09134697136137454
111221,16843,113153,220000,6,2,50,,TenneT,2016,330.948048656717,,,,,'',"SRID=4326;LINESTRING(9.52248367148348 52.360376291517,9.51644489613504 52.3634766837904)",line,1,220.0,0.330948048656717,0.16,495.3665309646989,100000.0,-1.5630015707313039,1.5630015707313039,0.31552425790403016,normal,0.09020570553614962
180034,116465,135159,380000;220000;110000;380000;220000;110000,3;3;3;6;3,4;2;1;4;1,50;50;50;50;50,380 kV Neurath 2b;220 kV Neurath 1a;110 kV Krahwinkel Süd;380 kV Neurath 2b; 220 kV Neurath 1a;110 kV Krahwinkel Nord,RWE,4585,254.865235404183,,,,,'',"SRID=4326;LINESTRING(6.60879226770999 51.0346787720857,6.62457270588092 51.036785995792)",line,6,380.0,0.254865235404183,0.02666666666666667,8000.0,100000.0,-31.1723705384237,31.1723705384237,0.38965463173029624,normal,0.08846258368991258
178658,114954,115012,380000;110000;380000;380000;110000,12;6;12,4;1;4;4;1,50;50;50,380 kV Siegtal Nord|Süd; 110 kV Ittenbach Nord|Süd;380 kV Siegtal Nord|Süd;380 kV Siegtal Nord|Süd; 110 kV Ittenbach Nord|Süd,RWE,4104,918.326298801207,,,,,'',"SRID=4326;LINESTRING(7.29985543599973 50.7582865866844,7.31235261856934 50.7559430465697)",line,5,380.0,0.9183262988012071,0.058772883123277254,8000.0,100000.0,10.785271226176896,10.785271226176896,0.1348158903272112,normal,0.08782622786250759
137135,17348,113809,220000,6,2,50,Leitung 2023,TenneT,2023,680.958523002575,,,,,'',"SRID=4326;LINESTRING(9.14525357283077 52.8532865542102,9.13794792584036 52.8470269944345)",line,1,220.0,0.680958523002575,0.217906727360824,495.3665309646989,100000.0,-0.8312523369941038,0.8312523369941038,0.16780551067414384,normal,0.08715217147090014
147420,19295,114720,380000,3,,,,,,183.96882428586,,,,,'',"SRID=4326;LINESTRING(9.2280724945545 51.8124169896607,9.23187002273009 51.810119094224)",line,1,380.0,0.18396882428586,0.16,1645.4482671904334,100000.0,-8.339193010942214,8.339193010942214,0.5068037189149193,normal,0.08558506165499011
182196,115125,17739,110000;380000;380000;110000,3;3;3;3,1;4;4;1,50;50;50;50,,Westnetz,,129.32872970925,,,,,'',"SRID=4326;LINESTRING(6.53303653131644 50.3922427776709,6.53177546673346 50.3900695468726)",line,4,380.0,0.12932872970925002,0.04,6581.793068761734,100000.0,-45.56174689787085,45.56174689787085,0.6922391272693508,normal,0.0841924843740623
161841,123032,123033,220000;220000;110000,6;6,1;1,50;50,220 kV Saar Nord;220 kV Saar Nord; 110 kV Konz,Amprion,2326,28.1191788688448,,,,,'',"SRID=4326;LINESTRING(6.53552001375091 49.5948716432114,6.5353365777699 49.5951074649244)",line,3,220.0,0.0281191788688448,0.05333333333333334,1486.0995928940965,100000.0,44.006543513619434,44.006543513619434,2.961210925838364,normal,0.08211761576977254
88402,112846,133839,380000;110000,6,4;2,,,RWE,4164,23.0845351351098,,,,,'',"SRID=4326;LINESTRING(7.00089062972152 51.5136403672592,6.99611165854856 51.5141819249677)",line,2,380.0,0.023084535135109798,0.08,3290.896534380867,100000.0,116.13163126570348,116.13163126570348,3.5288751880360136,normal,0.08053640628781901
180079,114548,134440,380000;380000;380000,3;6;3,4,,,TenneT,,360.9000836665,,,,,'',"SRID=4326;LINESTRING(9.05721094136484 51.1653018593389,9.05027317411042 51.1666862060406)",line,3,380.0,0.3609000836665,0.05333333333333334,4936.3448015713,100000.0,12.734952137244404,12.734952137244404,0.25798344015982655,normal,0.07949664436864191
172290,117313,142223,220000;110000,6,1,50,220 kV Saar Nord | 110kV Merzig Ltg.,Amprion,,434.377139640104,,,,,'',"SRID=4326;LINESTRING(6.60950678768698 49.4894452775258,6.61129676579921 49.4855211766337)",line,2,220.0,0.434377139640104,0.08,990.7330619293978,100000.0,2.150390995592222,2.150390995592222,0.21705049303638402,normal,0.07829677758062437
179509,134292,112543,380000;380000;380000;220000;220000,3;3;12;6,4;4;4;1,50,,RWE,4569,353.935670750119,,,,,'',"SRID=4326;LINESTRING(6.68085430023769 51.6463728718929,6.67950854519116 51.6515834911858)",line,5,380.0,0.353935670750119,0.032,8000.0,100000.0,-20.613061124519216,20.613061124519216,0.2576632640564902,normal,0.07807600474685795
177987,17055,112621,380000;380000;380000;380000;380000,6;3;3;3;3,,50;50,,,,234.213856838252,,,,,'',"SRID=4326;LINESTRING(8.65934958571703 51.9996166017244,8.66044663993607 51.9959151786273)",line,5,380.0,0.23421385683825202,0.032,8000.0,100000.0,-29.57093922101306,29.57093922101306,0.36963674026266324,normal,0.07778421698643602
98761,24934,118546,220000,6,4,50,,EnBW,5220,135.953949700004,,,,,'',"SRID=4326;LINESTRING(8.54432615076693 49.4356024755454,8.54774319590668 49.4354669848306)",line,1,220.0,0.135953949700004,0.16,495.3665309646989,100000.0,2.9015380379249223,2.9015380379249223,0.5857355829580044,normal,0.0746653444174403
74675,122544,134389,380000;220000;220000,6;3,4;4,,525; 526;526,,,74.9652715357266,,,,,'',"SRID=4326;LINESTRING(13.307201366479 52.2273143822645,13.3041225501447 52.2308385418574)",line,3,380.0,0.0749652715357266,0.05333333333333334,4936.3448015713,100000.0,-50.65971032404363,50.65971032404363,1.0262595576370193,normal,0.07418661574761981
161412,19974,26547,380000;380000;380000,6;6,4;4,50;50,380kV Trebur Nord;380kV Trebur Nord,RWE,4503,645.228238114743,,,,,'',"SRID=4326;LINESTRING(8.51995689720936 50.0493480607197,8.53147288526237 50.0478379155537)",line,3,380.0,0.6452282381147431,0.06882434539890593,4936.3448015713,100000.0,7.3293641678795485,7.3293641678795485,0.14847755702856333,normal,0.0739238756064386
96462,112545,112543,380000;110000,12,4;1,,,RWE,4569,288.493943602948,,,,,'',"SRID=4326;LINESTRING(6.67875324170028 51.6541448437123,6.67950854519116 51.6515834911858)",line,2,380.0,0.288493943602948,0.08,3290.896534380867,100000.0,-9.513750299772195,9.513750299772195,0.28909296297770315,normal,0.07327756436993753
72060,17128,134861,110000;110000;110000,3;6;3,1;1;1,50;50;50,Leitung 1833 (System 121);Leitung 1833 (System 121);Leitung 1833 (System 121),EON_Netz,1833,4130.21532503454,,,,,'',"SRID=4326;LINESTRING(11.0056026142412 52.195809447852,10.9773774890861 52.1690451876138)",line,3,110.0,4.13021532503454,0.4405563013370177,743.0497964470483,27465.275069902396,-0.33121578404072605,0.33121578404072605,0.044575179971041066,normal,0.0728869999752985
181685,18588,25228,380000;380000;380000;380000;380000;380000;380000;380000;380000,3;3;3;6;6;3;12;3;3,3;3;3,50;50;50;50;50;50;50;50;50,"531;531, 532;532",50Hertz Transmission,438,179118.66405993,,,,,'',"SRID=4326;LINESTRING(11.6441817388985 51.9085129755301,13.90247491808 51.8747240229493)",line,8,380.0,179.11866405992998,7.164746562397199,8000.0,20154.236963224317,-1.1009886737262846,1.1009886737262846,0.013762358421578557,normal,0.07147640322338485
178017,16761,112409,220000;220000;220000;220000;220000,3;6;3;3;3,,,,,,613.578446140041,,,,,'',"SRID=4326;LINESTRING(8.73514198246706 50.1591909514675,8.74326052934848 50.1623379810729)",line,5,220.0,0.613578446140041,0.03926902055296262,2476.832654823494,100000.0,-3.6991897706173393,3.6991897706173393,0.1493516230663938,normal,0.0714579337276069
98263,116076,116077,220000,,,50,,,,33.1873172845634,,,,,'',"SRID=4326;LINESTRING(6.19084668002849 49.955168142347,6.19075100945073 49.9554718615811)",line,1,220.0,0.0331873172845634,0.16,495.3665309646989,100000.0,-10.83304503327609,10.83304503327609,2.186874638498353,normal,0.07139819190974196
138582,117747,117780,220000,6,2,50,386,50Hertz,386,15088.1756113359,,,,,'',"SRID=4326;LINESTRING(11.471330230673 50.5977206630367,11.6407218607067 50.5343212873567)",line,1,220.0,15.0881756113359,4.828216195627489,495.3665309646989,10024.40612411512,0.12555389677732132,0.12555389677732132,0.025345655979787746,normal,0.07041237574539076
72116,112166,112167,380000;220000;380000;220000,12;12,4;2;4;2,50;50,380 kV Siegtal Nord|Süd; 220 kV Gremberghoven Ost|West;380 kV Siegtal Nord|Süd; 220 kV Gremberghoven Ost|West,RWE,4103,1387.57100632149,,,,,'',"SRID=4326;LINESTRING(7.1435272864907 50.7969920834508,7.1631800892875 50.7974821474456)",line,4,380.0,1.3875710063214899,0.1110056805057192,6581.793068761734,100000.0,-5.277123267377615,5.277123267377615,0.08017759313071851,normal,0.06977667783807905
181574,134404,21137,380000;380000;110000;110000,3;6;3,4;4;1;1,,,LEW,,385.244020726141,,,,,'',"SRID=4326;LINESTRING(10.4014608787905 48.5140683561493,10.3917812505087 48.5185007550404)",line,4,380.0,0.385244020726141,0.04,6581.793068761734,100000.0,-14.059996318906142,14.059996318906142,0.21361954367172653,normal,0.06961354914188225
167763,19958,115539,110000,6,1,50,110kV Laer-Witten Ost+West,RWE,,2372.97656532349,,,,,'',"SRID=4326;LINESTRING(7.27894548135284 51.4722703560338,7.30039864725204 51.4546564722496)",line,1,110.0,2.3729765653234898,0.7593525009035167,247.68326548234944,15934.628496782188,-0.14104829141571693,0.14104829141571693,0.05694704127104961,normal,0.06923596268474944
79111,115018,124240,220000;110000,6,2;1,50,,EON_Netz,211;133A,5.99729269310266,,,,,'',"SRID=4326;LINESTRING(10.2010091126703 54.3400655622017,10.2009086810215 54.3400919563574)",line,2,220.0,0.005997292693102661,0.08,990.7330619293978,100000.0,-113.61529807881743,113.61529807881743,11.467801211514828,normal,0.06857034710242632
106936,17404,113110,220000,3,,,,,,35.3588919713476,,,,,'',"SRID=4326;LINESTRING(10.6412605608381 48.0274331794465,10.6418025411196 48.0258492685192)",line,1,220.0,0.0353588919713476,0.16,495.3665309646989,100000.0,9.682161846813475,9.682161846813475,1.954545016991358,normal,0.06791676897737273
166042,25039,29012,110000;110000,3,1;1,50;50,,EnBW,,65.2656375900827,,,,,'',"SRID=4326;LINESTRING(8.31351971390848 49.009009190997,8.31561235121278 49.0063693307387)",line,2,110.0,0.0652656375900827,0.08,495.3665309646989,100000.0,5.299718811052623,5.299718811052623,1.0698580706959984,normal,0.06764091317356985
72363,24621,140747,380000;110000,3;3,1;1,50;50,415,50Hertz,415,3718.53005243199,,,,,'',"SRID=4326;LINESTRING(11.4703710706553 50.9303732467952,11.4302481977484 50.9112741844551)",line,2,380.0,3.71853005243199,0.5949648083891185,3290.896534380867,100000.0,-1.4231605161896255,1.4231605161896255,0.043245374059059316,normal,0.06709508202092151
147664,19443,116096,220000,3,2,50,,RWE,,97.4581026090829,,,,,'',"SRID=4326;LINESTRING(6.99666886670711 49.3756396415642,7.00173486642554 49.3748776729487)",line,1,220.0,0.0974581026090829,0.16,495.3665309646989,100000.0,-3.561615624619874,3.561615624619874,0.718985922945546,normal,0.06686331094685458
49714,25039,29012,220000,3,2,50,,,,64.1062778085814,,,,,'',"SRID=4326;LINESTRING(8.31351971390848 49.009009190997,8.31561235121278 49.0063693307387)",line,1,220.0,0.0641062778085814,0.16,495.3665309646989,100000.0,5.299718811052623,5.299718811052623,1.0698580706959984,normal,0.06647592125020306
180565,16843,113153,110000;110000;110000,6;3;3,1;1;1,50;50;50,1105;1105,EON_Netz,1105,371.077699906938,,,,,'',"SRID=4326;LINESTRING(9.52248367148348 52.360376291517,9.51644489613504 52.3634766837904)",line,3,110.0,0.371077699906938,0.05333333333333334,743.0497964470483,100000.0,-1.5630015707313039,1.5630015707313039,0.21034950526935345,normal,0.06638568814203095
179803,17600,115231,220000;110000;220000;220000;110000,3;6;4;9,2;1;2,50;50;50;50,,Pfalzwerke AG,2426,1397.89992914812,,,,,'',"SRID=4326;LINESTRING(7.11705826498691 49.3217400877132,7.12143447971918 49.3098488713945)",line,5,220.0,1.39789992914812,0.08946559546547969,2476.832654823494,100000.0,1.853823489483819,1.853823489483819,0.07484653781003738,normal,0.06546028235083964
161032,25039,29012,110000;110000,3,1;1,50;50,,EnBW,,62.3983230467765,,,,,'',"SRID=4326;LINESTRING(8.31351971390848 49.009009190997,8.31561235121278 49.0063693307387)",line,2,110.0,0.0623983230467765,0.08,495.3665309646989,100000.0,5.299718811052623,5.299718811052623,1.0698580706959984,normal,0.0647573549433319
170097,133891,140687,110000,6,1,,110kV Finnentrop Nord+Süd,RWE,1679,86.3999181205267,,,,,'',"SRID=4326;LINESTRING(8.21174758755098 51.1779651087715,8.20935889848516 51.178749719522)",line,1,110.0,0.0863999181205267,0.16,247.68326548234944,75625.0,-1.9335822035025652,1.9335822035025652,0.780667276708025,normal,0.06469343073664462
124326,112545,112546,380000;220000;110000,6;3;6,,,,RWE,4569,183.707030425969,,,,,'',"SRID=4326;LINESTRING(6.67875324170028 51.6541448437123,6.67883903080991 51.6558062429181)",line,3,380.0,0.183707030425969,0.05333333333333334,4936.3448015713,100000.0,-18.58154236407117,18.58154236407117,0.3764231047668395,normal,0.0634841576317777
177133,43989,112597,380000;380000,3;3,4;4,50;50,513;509,50Hertz Transmission,513,40.4537130763155,,,,,'',"SRID=4326;LINESTRING(13.1429089562971 53.906285803263,13.1429138740581 53.9059223599584)",line,2,380.0,0.040453713076315505,0.08,3290.896534380867,100000.0,52.52954927161546,52.52954927161546,1.5962078638093105,normal,0.06330062465479921
180833,113226,17495,220000;220000;220000,3;3;6,2;2;2,50;50;50,Leitung 2030;Leitung 2030;Leitung 2030,TenneT,2030,413.054432861671,,,,,'',"SRID=4326;LINESTRING(9.79093195839392 52.0013309455489,9.79733877608233 52.0008324682943)",line,3,220.0,0.413054432861671,0.05333333333333334,1486.0995928940965,100000.0,2.6765330515265973,2.6765330515265973,0.1801045545214233,normal,0.062271802760260786
159275,18981,134279,380000,,,50,"903, 904",50Hertz,903;904,25.5246235326205,,,,,'',"SRID=4326;LINESTRING(13.315511845505 52.5220163794265,13.3110023048904 52.5221080071124)",line,1,380.0,0.0255246235326205,0.16,1645.4482671904334,100000.0,39.57719727502307,39.57719727502307,2.4052532105795255,normal,0.06062274631617345
43439,25039,29012,220000,3,2,50,,,,58.2867035402955,,,,,'',"SRID=4326;LINESTRING(8.31351971390848 49.009009190997,8.31561235121278 49.0063693307387)",line,1,220.0,0.0582867035402955,0.16,495.3665309646989,100000.0,5.299718811052623,5.299718811052623,1.0698580706959984,normal,0.060608832395875084
161819,20416,20417,380000;220000;380000;220000;110000,12;18,3;2;3;2;1,,,RWE,4358,113.660138329185,,,,,'',"SRID=4326;LINESTRING(7.17944505759209 51.4721618055413,7.1800050322344 51.4749493397565)",line,5,380.0,0.113660138329185,0.032,8000.0,100000.0,-44.48753438139885,44.48753438139885,0.5560941797674857,normal,0.05986465768506561
178416,16761,112409,110000;220000;110000;220000;220000,3;6;3;3,2;1,,,,,489.476295192129,,,,,'',"SRID=4326;LINESTRING(8.73514198246706 50.1591909514675,8.74326052934848 50.1623379810729)",line,5,220.0,0.489476295192129,0.032,2476.832654823494,100000.0,-3.6991897706173393,3.6991897706173393,0.1493516230663938,normal,0.059505357459118835
124330,112934,118286,380000;110000,6;6,3;1,50,,50Hertz;TEN,,4882.5110774675,,,,,'',"SRID=4326;LINESTRING(10.9884482158798 50.5699143795256,10.9977148770247 50.5302718701134)",line,2,380.0,4.8825110774675,0.7812017723948,3290.896534380867,100000.0,1.0998846752874325,1.0998846752874325,0.03342203754498649,normal,0.05922330657736543
176394,18143,114453,110000;220000;220000;220000;220000,3;3;3;3;3,2;2,50;50;50;50,318;318,50Hertz,318,23.2661232906038,,,,,'',"SRID=4326;LINESTRING(12.2154239421807 54.1127744081006,12.2157214234451 54.112889048236)",line,5,220.0,0.0232661232906038,0.032,2476.832654823494,100000.0,-63.110268596654194,63.110268596654194,2.5480231162872653,normal,0.058603495159047676
180911,113552,17277,220000;110000;110000;110000;110000,3;3;6;3;6,1;1;1;1,50;50;50;50;50,Leitung 1814;Leitung 1814,TenneT,144a,1625.0997042915,,,,,'',"SRID=4326;LINESTRING(10.3769409271301 52.1801169526299,10.3692308423588 52.1670931158588)",line,5,220.0,1.6250997042915,0.10400638107465601,2476.832654823494,100000.0,1.4881146576550819,1.4881146576550819,0.06008135651623703,normal,0.057985651384231604
178365,114828,134581,220000;110000;220000;110000,12;6;6,,,Anlage 340,,,222.16940589391,,,,,'',"SRID=4326;LINESTRING(9.23659902388028 48.9238058728457,9.23640264622725 48.9269661471284)",line,4,220.0,0.22216940589391002,0.04,1981.4661238587955,100000.0,5.692909884577602,5.692909884577602,0.2873079592948566,normal,0.0576418721931036
169659,6832,116060,220000;110000,12,4;1,,Saarwellingen - Fraulautern (neu 9/2011),,4205,438.889327744533,,,,,'',"SRID=4326;LINESTRING(6.78870748163415 49.3376956582363,6.79429922478321 49.3355444802269)",line,2,220.0,0.438889327744533,0.08,990.7330619293978,100000.0,-1.5636623665493676,1.5636623665493676,0.15782882661695186,normal,0.057429414378910776
179117,113914,134420,220000;20000;110000;220000;110000;20000;110000;20000,3;3;3;9;6,2;1;1;2;1;1,50;50,Oberwald-Berghausen;Oberwald-Herdweg-Berghausen-Froschhöhle(SKWA),Netze BW GmbH,,1062.94538316271,,,,,'',"SRID=4326;LINESTRING(8.44289839364582 48.9962686753706,8.44551903667631 48.9860892546231)",line,8,220.0,1.06294538316271,0.042517815326508404,3962.932247717591,100000.0,-3.0984443656068006,3.0984443656068006,0.07818565072343381,normal,0.05661694736466198
9,9680,134275,380000,3,,50,,,,209.812489353687,,,,,'',"SRID=4326;LINESTRING(10.4083626482956 53.4112420485159,10.4150839352827 53.4128119834115)",line,1,380.0,0.209812489353687,0.16,1645.4482671904334,100000.0,4.778334613150109,4.778334613150109,0.2903971342295076,normal,0.055310600557844085
11442,9680,134275,380000,3,,50,,,,207.034783877383,,,,,'',"SRID=4326;LINESTRING(10.4083626482956 53.4112420485159,10.4150839352827 53.4128119834115)",line,1,380.0,0.207034783877383,0.16,1645.4482671904334,100000.0,4.778334613150109,4.778334613150109,0.2903971342295076,normal,0.05464308790683569
72717,18108,134436,110000;110000;110000;380000,3;3;6;3,1;1;1,50;50;50;50,,EON_edis,,140.309320841702,,,,,'',"SRID=4326;LINESTRING(12.1870420174299 53.8158258984951,12.1863427403086 53.8109549399054)",line,4,380.0,0.140309320841702,0.04,6581.793068761734,100000.0,-27.28520437658144,27.28520437658144,0.4145557918871908,normal,0.05443099293494558
86267,116009,116014,380000,3,,,,,,225.638840844737,,,,,'',"SRID=4326;LINESTRING(7.96409976080819 47.5968970925726,7.96135343132158 47.5977439550664)",line,1,380.0,0.22563884084473698,0.16,1645.4482671904334,100000.0,-4.38881042997899,4.38881042997899,0.26672430349164283,normal,0.05426831646031195
179547,23863,117779,220000;220000;220000,3;6;3,2;2;2,50;50;50,"383;393, 384;384",50Hertz,383,15386.9074062558,,,,,'',"SRID=4326;LINESTRING(11.4747302166977 50.6039905238974,11.6378573129287 50.5334303734403)",line,3,220.0,15.3869074062558,1.6412701233339522,1486.0995928940965,29489.356634168114,0.28560175014595074,0.28560175014595074,0.019218210644264908,normal,0.053743393343902726
95251,16961,118682,220000,3,,,220 kV,,,37.2754947638212,,,,,'',"SRID=4326;LINESTRING(8.77239711773549 49.9746382876172,8.76886431157645 49.9750736798365)",line,1,220.0,0.0372754947638212,0.16,495.3665309646989,100000.0,7.038833428352209,7.038833428352209,1.4209343967273023,normal,0.05200273058675252
157577,114212,117926,380000,3,4,50,380 kV Neurath 4d,RWE,,404.210182499083,,,,,'',"SRID=4326;LINESTRING(6.66198474961773 51.0370275895329,6.65624720989806 51.0365834812297)",line,1,380.0,0.40421018249908297,0.16,1645.4482671904334,100000.0,2.51965969960688,2.51965969960688,0.15312907429834566,normal,0.05198349204324587
141592,120520,134289,220000,3,,,,,,13.4301186143925,,,,,'',"SRID=4326;LINESTRING(6.58224615274898 51.0563821577132,6.57570814260083 51.0547386703184)",line,1,220.0,0.0134301186143925,0.16,495.3665309646989,100000.0,19.125978202183536,19.125978202183536,3.860975057183769,normal,0.051508241139678106
130561,16240,118286,380000,6,1,50,,50Hertz,,2810.00841464769,,,,,'',"SRID=4326;LINESTRING(11.0049169147024 50.5074149677706,10.9977148770247 50.5302718701134)",line,1,380.0,2.8100084146476902,0.8992026926872609,1645.4482671904334,100000.0,-0.6269557649180024,0.6269557649180024,0.03810242943635752,normal,0.05096700594291555
181628,20744,19922,110000;220000;110000,6;9;3,1;2;1;1,50;50,,,,15237.6750297362,,,,,'',"SRID=4326;LINESTRING(7.14826362623883 49.2851261624214,7.21334903192395 49.1681637914888)",line,3,220.0,15.237675029736199,1.6253520031718613,1486.0995928940965,29778.16491784413,0.2691090299595543,0.2691090299595543,0.018108411525467105,normal,0.05047419405165231
162518,24664,118354,110000;380000,3;3,2,50;50,110 kV Bürstadt Trafo 412;380 kV Trafo 412,RWE,1341,116.881247881834,,,,,'',"SRID=4326;LINESTRING(8.41938493943566 49.6337976668968,8.41949737032603 49.6377579874862)",line,2,380.0,0.116881247881834,0.08,3290.896534380867,100000.0,14.915293991207834,14.915293991207834,0.4532288947824343,normal,0.05010001312386107
172288,134575,142222,220000;110000,6,1,50,220 kV Saar Nord | 110kV Merzig Ltg.,Amprion,,1071.46771743086,,,,,'',"SRID=4326;LINESTRING(6.6300450123364 49.4545538025574,6.6256976122304 49.4631022702751)",line,2,220.0,1.07146771743086,0.1714348347889376,990.7330619293978,100000.0,-0.6756173837552115,0.6756173837552115,0.06819368503151434,normal,0.04966255563899799
118987,16780,112146,220000,6,2,50,220 kV Niederaußem 4d; Wiesdorf Ltg.,RWE,2429,31.5084677484744,,,,,'',"SRID=4326;LINESTRING(6.96562911753218 51.0692893895334,6.96488148189453 51.0657096497628)",line,1,220.0,0.0315084677484744,0.16,495.3665309646989,100000.0,-7.544800981906796,7.544800981906796,1.5230744328272874,normal,0.047249215098909086
121605,115557,115556,220000,3,,,220kV Welper Ost,RWE,,45.7366208482373,,,,,'',"SRID=4326;LINESTRING(7.17651441187038 51.4715711726703,7.17649213365133 51.4719931932614)",line,1,220.0,0.0457366208482373,0.16,495.3665309646989,100000.0,5.206476018471129,5.206476018471129,1.051035080697076,normal,0.04700390469582042
74422,34736,114599,380000;380000,3;6,,50,2x 380 kV,Transnet BW,,788.011629480157,,,,,'',"SRID=4326;LINESTRING(8.56214041235534 49.1329599011574,8.5742251711564 49.1304066413382)",line,2,380.0,0.788011629480157,0.12608186071682512,3290.896534380867,100000.0,-2.4861317330371335,2.4861317330371335,0.07554572764788736,normal,0.04389993818635529
162517,24835,118354,110000;380000,3;3,2,50;50,110 kV Bürstadt Trafo 412;380 kV Trafo 412,RWE,1341,21.0532650640277,,,,,'',"SRID=4326;LINESTRING(8.41755868722372 49.6388189136666,8.41949737032603 49.6377579874862)",line,2,380.0,0.021053265064027698,0.08,3290.896534380867,100000.0,-68.38395665400566,68.38395665400566,2.0779734622337824,normal,0.04329396891721356
164527,17128,133627,110000;20000;110000,6;3,1;1,50;50,"Leitung 1850 (System 160,470);Leitung 1850 (System 470)",EON_Netz,160;470,398.741489212101,,,,,'',"SRID=4326;LINESTRING(11.0056026142412 52.195809447852,10.9993129974283 52.2001376075291)",line,3,110.0,0.398741489212101,0.05333333333333334,743.0497964470483,100000.0,0.9507087490992494,0.9507087490992494,0.12794684200778184,normal,0.0429354923141066
177435,114991,133819,110000;110000;220000;220000;110000;220000,3;3;3;3;3;3,1;1;2;1;2;1;1;2,,110kV Wehofen West;110kV Hamborn Ost;220kV Emscher Nord;220kV Emscher Süd;110kV Hamborn West;220kV Dinslaken West,RWE,2317,39.3654571048232,,,,,'',"SRID=4326;LINESTRING(6.78821021839725 51.5067187789825,6.78811128969719 51.5063703851605)",line,6,220.0,0.0393654571048232,0.02666666666666667,2972.199185788193,100000.0,-32.115162898516125,32.115162898516125,1.0805185282358374,normal,0.041719241285239544
145047,16780,112153,220000,3,2,50,220 kV Stommeln Nord,RWE,2429,26.6904361957868,,,,,'',"SRID=4326;LINESTRING(6.96562911753218 51.0692893895334,6.96442684452924 51.0656833427919)",line,1,220.0,0.026690436195786798,0.16,495.3665309646989,100000.0,-7.547992369272283,7.547992369272283,1.5237186805037042,normal,0.04013545124170279
72553,16965,142295,380000;220000,3;3,4,,Bergrheinfeld - Grafenrheinfeld,,487,381.393671222294,,,,,'',"SRID=4326;LINESTRING(10.1602433058051 49.9891799219394,10.1635636296826 49.9865403562222)",line,2,380.0,0.381393671222294,0.08,3290.896534380867,100000.0,3.8985094824917077,3.8985094824917077,0.1184634473239419,normal,0.038274698294379364
182040,143127,134404,110000;110000;110000,3;6;3,1;1;1,50;50,,LEW,,40.0682310169138,,,,,'',"SRID=4326;LINESTRING(10.4042116700945 48.5113316228394,10.4014608787905 48.5140683561493)",line,3,110.0,0.0400682310169138,0.05333333333333334,743.0497964470483,100000.0,-7.033076380964786,7.033076380964786,0.9465148116040137,normal,0.037185081642133674
72583,19154,113964,380000;110000;380000,3;3;6,,50;50;50,Niederlangen,transpower,305,237.281638395259,,,,,'',"SRID=4326;LINESTRING(7.19511693546842 52.8699045345646,7.1915919152621 52.8724919422328)",line,3,380.0,0.23728163839525898,0.05333333333333334,4936.3448015713,100000.0,-8.335878710002964,8.335878710002964,0.16886743218078182,normal,0.03595470417694071
181834,116095,134369,0;220000;380000;220000;220000,6;3;12;3,2;1;2;4;2;4,,Uchtelfangen - KW Weiher,,4538,4761.28116570863,,,,,'',"SRID=4326;LINESTRING(7.0017160916361 49.3731187903947,7.03248957037782 49.3365267290147)",line,5,380.0,4.76128116570863,0.3047219946053524,8000.0,100000.0,1.6140211743620458,1.6140211743620458,0.020175264679525573,normal,0.035330113965762
109567,118011,134546,220000,3,2,,,EVS AG,Anlage 320,91.930298642016,,,,,'',"SRID=4326;LINESTRING(9.20235874867925 49.1778762830105,9.2072916949477 49.1755857808212)",line,1,220.0,0.091930298642016,0.16,495.3665309646989,100000.0,-1.9016773976754386,1.9016773976754386,0.3838929921187908,normal,0.03376225471493595
176168,17194,117226,380000;220000,3;6,4;4,,380kV Büscherhof West;220kV Buer Süd+Scholven E,RWE,4566,64.3364541314617,,,,,'',"SRID=4326;LINESTRING(6.92686088208416 51.5009463722346,6.92682758881783 51.5015242631449)",line,2,380.0,0.06433645413146169,0.08,3290.896534380867,100000.0,-17.5662851071956,17.5662851071956,0.5337841808053208,normal,0.033282274893994664
27458,16782,134434,380000;220000,6,4,50,380 kV Knapsack 1a; 220 kV Knapsack 2b,RWE,,134.676959146299,,,,,'',"SRID=4326;LINESTRING(6.84265873953413 50.8635394681059,6.84191592142534 50.8596851759214)",line,2,380.0,0.13467695914629899,0.08,3290.896534380867,100000.0,8.398735570946947,8.398735570946947,0.2552111706704582,normal,0.032245419187495655
3591,16850,17010,220000;110000,6,2,50,,Stadtwerke_Hannover_AG,,9062.20267143782,,,,,'',"SRID=4326;LINESTRING(9.89089124888824 52.3655014367367,9.82156115799452 52.4248291239809)",line,2,220.0,9.06220267143782,1.4499524274300513,990.7330619293978,33380.405511500765,-0.13733212691783797,0.13733212691783797,0.013861667909859722,normal,0.03200362611170493
149910,117467,118323,220000;110000,6,1,50,220 kV Windesheim;110 kV Kreuznach Ost|West,RWE,2327,14.4402092499124,,,,,'',"SRID=4326;LINESTRING(7.81826617960589 49.8919222828629,7.81809639801719 49.8920114639902)",line,2,220.0,0.014440209249912399,0.08,990.7330619293978,100000.0,-22.034666257791933,22.034666257791933,2.2240770096922615,normal,0.03188646391748136
178299,134404,21137,380000;380000;380000;380000;380000,3;12;3;3;3,4;4;4;4;4,50;50;50;50;50,,,,196.717152621847,,,,,'',"SRID=4326;LINESTRING(10.4014608787905 48.5140683561493,10.3917812505087 48.5185007550404)",line,5,380.0,0.196717152621847,0.032,8000.0,100000.0,-14.059996318906142,14.059996318906142,0.17574995398632678,normal,0.031561546121551744
146245,114404,18381,220000,6,4,,,EnBW,6111,1407.67752070126,,,,,'',"SRID=4326;LINESTRING(8.10010765926433 48.707061046957,8.12069306297629 48.705321435972)",line,1,220.0,1.40767752070126,0.4504568066244032,495.3665309646989,100000.0,0.1672802562052711,0.1672802562052711,0.03376898634623176,normal,0.029671545291823878
176370,18085,116102,110000;220000,3;3,,,,,,53.4725258917734,,,,,'',"SRID=4326;LINESTRING(6.77242429319906 51.1452549648148,6.77211526311603 51.1448153780582)",line,2,220.0,0.0534725258917734,0.08,990.7330619293978,100000.0,5.609351299451504,5.609351299451504,0.5661819025729901,normal,0.029493476915522156
180937,20160,113627,380000;380000;380000;380000,3;3;3;6,3;3;3,50;50;50;50,Perleberg (380 kV);514;516;514;516,50Hertz Transmission,514,575.633896501245,,,,,'',"SRID=4326;LINESTRING(11.8531155897178 53.0865542882651,11.8559109513978 53.0904843717537)",line,4,380.0,0.575633896501245,0.0460507117200996,6581.793068761734,100000.0,4.036253952806323,4.036253952806323,0.06132453437290583,normal,0.027881669622105882
180421,16276,112274,380000;380000;380000;380000,3;9;3;3,4;4;4;4,50;50;50;50,380 kV Trebur Nord;380 kV Hessen Ost; Trebur Nord+Süd;380 kV Hessen Ost;380kV Trebur Süd,RWE,,458.241485688794,,,,,'',"SRID=4326;LINESTRING(8.47130678475266 50.0972089288331,8.47704075248088 50.0935645616639)",line,4,380.0,0.458241485688794,0.04,6581.793068761734,100000.0,-4.583244790762331,4.583244790762331,0.06963520036075216,normal,0.026268573530973952
179071,112333,48876,380000;110000;110000;110000;380000,3;3;6;3;3,1;1;1,50;50;50;50;50,Pulgar;Pulgar,50Hertz Transmission,,838.418118496111,,,,,'',"SRID=4326;LINESTRING(12.3263474367502 51.1955478560627,12.3374179015243 51.196962739796)",line,5,380.0,0.838418118496111,0.0536587595837511,8000.0,100000.0,3.417337991135777,3.417337991135777,0.042716724889197207,normal,0.026010448028285064
162533,18911,116060,110000;35000;110000;35000;220000;110000,12;6,1;1,,Saarwellingen - Ensdorf,,125,1562.43808141724,,,,,'',"SRID=4326;LINESTRING(6.81448636352345 49.3282526656115,6.79429922478321 49.3355444802269)",line,6,220.0,1.56243808141724,0.08333003100891948,2972.199185788193,100000.0,-0.8203112550786429,0.8203112550786429,0.02759947109201249,normal,0.025969975709894167
177108,36404,112696,110000;220000;110000,3;3;6,2;1,,Schweinfurt - Schwebheim;Schweinfurt - Zeuzleben,E.ON Netz GmbH,117,110.248175896848,,,,,'',"SRID=4326;LINESTRING(10.1957234564919 50.0271083639481,10.1946235023144 50.0264153235674)",line,3,220.0,0.110248175896848,0.05333333333333334,1486.0995928940965,100000.0,-3.6544601801136167,3.6544601801136167,0.24590950684514745,normal,0.025718094669360814
182112,134635,18911,110000;35000;110000;35000;220000;110000,12;3;6,1;1;1,,Saarwellingen - Ensdorf,,125,5719.39619896521,,,,,'',"SRID=4326;LINESTRING(6.81400836349592 49.2867084784203,6.81448636352345 49.3282526656115)",line,6,220.0,5.71939619896521,0.3050344639448112,2972.199185788193,100000.0,-0.3917623949079019,0.3917623949079019,0.01318089301622667,normal,0.02510957877723897
181247,118031,25227,380000;220000;380000;380000,3;3;12;3;3;3,,50;50;50;50;50;50,"207 Röhrsdorf;208 Eula;207 Röhrsdorf - Weida, 208 Eula - Weida, 573 Remptendorf, 575 Röhrsdorf;573 Röhrsdorf;Weida (380 kV);575 Remptendorf",50Hertz Transmission,207,754.445995113393,,,,,'',"SRID=4326;LINESTRING(12.0515167688951 50.7879382900366,12.0449843601936 50.7812559414046)",line,4,380.0,0.7544459951133929,0.060355679609071435,6581.793068761734,100000.0,-2.7387584110555308,2.7387584110555308,0.04161112910179638,normal,0.023391826666425784
83295,21198,116153,220000,6,2,50,Saarwellingen - Fraulautern (neu 2011),,2340,263.290729927676,,,,,'',"SRID=4326;LINESTRING(6.76606698005215 49.360076370276,6.76303273249873 49.3628282623589)",line,1,220.0,0.263290729927676,0.16,495.3665309646989,100000.0,0.4855586161867098,0.4855586161867098,0.09802006914781088,normal,0.022909251232193145
54801,19204,134440,380000,6,,50,,,,34.1389913601482,,,,,'',"SRID=4326;LINESTRING(9.04740400252734 51.1677782147795,9.05027317411042 51.1666862060406)",line,1,380.0,0.034138991360148196,0.16,1645.4482671904334,100000.0,-11.203152369015923,11.203152369015923,0.6808571616867091,normal,0.02285582212796578
111285,113027,115940,380000,6,2,50,,,,34.8298792310281,,,,,'',"SRID=4326;LINESTRING(6.2140153990158 50.9438998573728,6.21409867284264 50.9435797768194)",line,1,380.0,0.0348298792310281,0.16,1645.4482671904334,100000.0,-10.644325797759535,10.644325797759535,0.6468951962819521,normal,0.022147780148982103
178434,119344,134302,220000;220000;110000;110000;220000,3;6;3,2;2,50;50;50;50,,50Hertz,2,244.761845625346,,,,,'',"SRID=4326;LINESTRING(12.4727170426825 51.36876385975,12.4696499506579 51.3717538286098)",line,5,220.0,0.244761845625346,0.032,2476.832654823494,100000.0,-2.4629546268986613,2.4629546268986613,0.09943968649243193,normal,0.021771744890901317
180374,118682,16961,220000;220000;220000,9;6;3,,,220 kV;220 kV;220 kV,,,46.0856252238997,,,,,'',"SRID=4326;LINESTRING(8.76886431157645 49.9750736798365,8.77239711773549 49.9746382876172)",line,3,220.0,0.046085625223899696,0.05333333333333334,1486.0995928940965,100000.0,-7.038833428352209,7.038833428352209,0.4736447989091008,normal,0.021340171550302246
180210,24934,118546,220000;220000;220000,3;3;6,2;4;4;2,50;50;50,DAXLA-NEURO;ALHIM-GKMBB;ALHIM-GKMBB;DAXLA-NEURO,EnBW,5100,113.858456663395,,,,,'',"SRID=4326;LINESTRING(8.54432615076693 49.4356024755454,8.54774319590668 49.4354669848306)",line,3,220.0,0.113858456663395,0.05333333333333334,1486.0995928940965,100000.0,2.9015380379249223,2.9015380379249223,0.19524519431933482,normal,0.021053303904280937
76341,134404,143127,110000;380000,3;3,1;4,,,LEW,,103.306876189234,,,,,'',"SRID=4326;LINESTRING(10.4014608787905 48.5140683561493,10.4042116700945 48.5113316228394)",line,2,380.0,0.10330687618923401,0.08,3290.896534380867,100000.0,7.033076380964786,7.033076380964786,0.2137130811463799,normal,0.021010543582102647
144410,20403,116153,220000;110000,12,2;1,50,Saarwellingen - Dieflen,,,525.934062315957,,,,,'',"SRID=4326;LINESTRING(6.75550685352124 49.3648623497296,6.76303273249873 49.3628282623589)",line,2,220.0,0.5259340623159571,0.08414944997055314,990.7330619293978,100000.0,-0.4713080273777148,0.4713080273777148,0.047571646237369786,normal,0.020104097497316762
174551,134019,143812,380000;220000,9,4;2,,Grafenrheinfeld - Raitersaich;Bergrheinfeld - Raitersaich,TenneT TSO GmbH,433;434;278,4.71391801916993,,,,,'',"SRID=4326;LINESTRING(10.2854514717084 49.8989376126005,10.2844971361331 49.8978166562877)",line,2,380.0,0.0047139180191699305,0.08,3290.896534380867,100000.0,138.53772087986104,138.53772087986104,4.209725812784474,normal,0.019797676626591487
179270,112163,22571,110000;380000;220000;110000;380000;220000,6;18;12,1;4;2;1;4;2,50;50;50,110 kV Siegburg Nord|Süd;380 kV Siegtal Nord|Süd; 220 kV Gremberghoven Ost|West; 110 kV Siegburg Nord|Süd;380 kV Siegtal Nord|Süd; 220 kV Gremberghoven Ost|West,RWE,4103,2050.42076721759,,,,,'',"SRID=4326;LINESTRING(7.11011687494914 50.8178520768364,7.13423204830097 50.8073629533151)",line,6,380.0,2.05042076721759,0.1093557742516048,8000.0,100000.0,1.4023752336389528,1.4023752336389528,0.017529690420486906,normal,0.019550505025888117
180865,16919,112839,380000;380000;380000;380000;380000;380000,3;3;3;6;3;3,4;4;4;4;4;4,50;50,380kV Lippe Süd;380kV Lippe Süd;380kV Lippe Nord;380kV Lippe Nord+Süd;380kV Lippe Nord;380kV Lippe Süd,RWE,4579,353.017710875929,,,,,'',"SRID=4326;LINESTRING(7.02345294590051 51.6256937981523,7.01590579003252 51.627639270091)",line,6,380.0,0.35301771087592904,0.02666666666666667,8000.0,100000.0,-5.083185927223788,5.083185927223788,0.06353982409029735,normal,0.019210467701488782
181752,113664,17549,220000;110000;110000,3;3;6,,,"GLE-MEZ 110 kV, BON-MEZ/ABZ 110 kV;GLE-MEZ 110 kV, BON-MEZ/ABZ 110 kV",EnBW,,100.390253563546,,,,,'',"SRID=4326;LINESTRING(9.27178324878186 48.5514818894357,9.27446754036973 48.5496782228246)",line,3,220.0,0.100390253563546,0.05333333333333334,1486.0995928940965,100000.0,2.826615726994608,2.826615726994608,0.1902036539482479,normal,0.018195812175221978
177262,113025,133897,110000;380000;110000,6;12,1;4;2,50;50,110kV KFA Nord+Süd;380 kV Kirchberg Süd; Selfkant weiss; 110 kV Berg Ost; Lindern Ost,RWE,0287,2.34561223961048,,,,,'',"SRID=4326;LINESTRING(6.36097378677558 50.9057920623424,6.36094974318595 50.9058066724466)",line,3,380.0,0.00234561223961048,0.05333333333333334,4936.3448015713,100000.0,-378.67271461247134,378.67271461247134,7.671115568992163,normal,0.017972392668522973
96215,112765,112768,380000;220000;110000,9,4;2;1,,,RWE,4550,38.2607419432304,,,,,'',"SRID=4326;LINESTRING(7.14185561157848 51.5131476764497,7.14165007704147 51.5134773488544)",line,3,380.0,0.0382607419432304,0.05333333333333334,4936.3448015713,100000.0,23.180544533707437,23.180544533707437,0.46958925005256485,normal,0.017631643940229234
179530,116827,17122,380000;380000;380000,3;3;6,,,,,,91.538534020534,,,,,'',"SRID=4326;LINESTRING(8.28731988824138 50.7578392437795,8.28491776006355 50.7591551312954)",line,3,380.0,0.091538534020534,0.05333333333333334,4936.3448015713,100000.0,9.818748290668644,9.818748290668644,0.19890726206044632,normal,0.017421929073478677
87951,112533,112534,380000;22000,12,4;2,,,RWE,4572,408.480979056001,,,,,'',"SRID=4326;LINESTRING(6.63344329674763 51.6162097502792,6.62901433290233 51.6137687514164)",line,2,380.0,0.408480979056001,0.08,3290.896534380867,100000.0,1.6650166391740662,1.6650166391740662,0.05059462130696596,normal,0.017329255008729873
133824,116400,120520,220000,6,,50,,RWE,,38.218307246881,,,,,'',"SRID=4326;LINESTRING(6.58209514594971 51.0560403793379,6.58224615274898 51.0563821577132)",line,1,220.0,0.038218307246880995,0.16,495.3665309646989,100000.0,-2.116289017051187,2.116289017051187,0.4272167949921509,normal,0.016023226392004607
160860,19193,134765,380000;380000;110000;380000,6;9;3;9,2;2;2,50;50,,RWE,4554,844.482866497387,,,,,'',"SRID=4326;LINESTRING(8.04859694251943 47.5517010412919,8.03923340987373 47.5592429674638)",line,4,380.0,0.844482866497387,0.06755862931979097,6581.793068761734,100000.0,-1.710635814675121,1.710635814675121,0.02599042231810779,normal,0.01591130922832501
178119,21198,20403,220000;110000;220000;110000;220000;220000;220000;220000;220000,6;9;3;3;3;3;3;3,1;2;1;1;2;2;2;2,50;50;50;50;50;50,220 kV Saar Nord; 110 kV Merzig - Saarwellingen;Saarwellingen - Diefflen;Saarwellingen - Diefflen;Saarwellingen - Diefflen;Saarwellingen - Diefflen,Amprion,2340,931.675376783885,,,,,'',"SRID=4326;LINESTRING(6.76606698005215 49.360076370276,6.75550685352124 49.3648623497296)",line,8,220.0,0.931675376783885,0.0372670150713554,3962.932247717591,100000.0,0.9568666435644246,0.9568666435644246,0.024145420202818804,normal,0.015897047606072863
180175,112934,24593,110000;110000;110000;110000;110000,3;6;3;3;3,1;1;1;1;1,50;50;50;50;50,,Thüringer_Energienetze,"=E11, Ltg KH-ATF 3",338.588360128251,,,,,'',"SRID=4326;LINESTRING(10.9884482158798 50.5699143795256,10.9909064280074 50.5735635177019)",line,5,110.0,0.338588360128251,0.032,1238.416327411747,100000.0,-0.6602960029966631,0.6602960029966631,0.05331777273775629,normal,0.015548294079124433
99570,113364,134306,380000;220000,6,4;3,50,,EnBW;DB_Energie,,186.407955035732,,,,,'',"SRID=4326;LINESTRING(9.17688064075952 49.0351948794487,9.17450010394454 49.0409586672067)",line,2,380.0,0.186407955035732,0.08,3290.896534380867,100000.0,2.9762994208537563,2.9762994208537563,0.09044038272730756,normal,0.015458994245836874
123450,115714,117550,380000;220000,12,4;2,50,Ensdorf - Uchtelfangen Nord |Süd ; Uchtelfangen Taubental Nord|Süd,Amprion,4545,193.054591907756,,,,,'',"SRID=4326;LINESTRING(6.79704025420964 49.3354460798766,6.79702749813261 49.3336985482047)",line,2,380.0,0.19305459190775598,0.08,3290.896534380867,100000.0,2.845598161654861,2.845598161654861,0.08646878234931253,normal,0.015263201602470926
107399,17028,117483,380000,3,,50,,,,12.3961647818756,,,,,'',"SRID=4326;LINESTRING(8.80962878193478 50.2034694007106,8.81154048594759 50.2045310431543)",line,1,380.0,0.0123961647818756,0.16,1645.4482671904334,100000.0,-19.740659346845213,19.740659346845213,1.1997131566191355,normal,0.014780419825916854
180605,21198,116153,110000;110000;110000,3;6;3,1;1;1,50;50;50,Saarwellingen - Dillinger Hütte N/S;Saarwellingen - Dillinger Hütte N/S;Saarwellingen - Dillinger Hütte N/S,,,241.375354417678,,,,,'',"SRID=4326;LINESTRING(6.76606698005215 49.360076370276,6.76303273249873 49.3628282623589)",line,3,110.0,0.24137535441767802,0.05333333333333334,743.0497964470483,100000.0,0.4855586161867098,0.4855586161867098,0.06534671276520726,normal,0.014129261120416537
180439,134580,20403,110000;220000;110000;220000;220000,6;12;6;6,2;1;2,50;50;50,220 kV,,,1100.39015134787,,,,,'',"SRID=4326;LINESTRING(6.74112695383418 49.3573267708616,6.75550685352124 49.3648623497296)",line,5,220.0,1.10039015134787,0.07042496968626369,2476.832654823494,100000.0,-0.4422095694844863,0.4422095694844863,0.01785383314546131,normal,0.01324974224769955
162268,19193,134765,380000;220000;380000;220000;110000,9;3;6;3,4;2;4;2,50;50,,,,814.229921888824,,,,,'',"SRID=4326;LINESTRING(8.04859694251943 47.5517010412919,8.03923340987373 47.5592429674638)",line,5,380.0,0.814229921888824,0.052110715000884746,8000.0,100000.0,-1.710635814675121,1.710635814675121,0.021382947683439013,normal,0.012736989972033912
162342,117162,117164,220000;220000,6;6,2;2,50;50,220 kV Niederaußem 3c|4d;220 kV Niederaußem 1a|3c,RWE,2352,50.3199511953096,,,,,'',"SRID=4326;LINESTRING(6.70037883469253 51.0035738512695,6.70028442175617 51.0031159685008)",line,2,220.0,0.0503199511953096,0.08,990.7330619293978,100000.0,-2.4412806264306752,2.4412806264306752,0.24641154315335115,normal,0.01209753360405524
177238,112863,134254,110000;220000;110000,3;6;3,2;2;2,50;50;50,110 kV Alfter West; Bonn Ost;220 kV Troisdorf Ost|West;110 kV Alfter West; Bonn Ost,RWE,4501,1.1704173926936,,,,,'',"SRID=4326;LINESTRING(6.9746365830496 50.7941795079265,6.97462591643664 50.7941875694779)",line,3,220.0,0.0011704173926935998,0.05333333333333334,1486.0995928940965,100000.0,-144.7638488395464,144.7638488395464,9.741194300284198,normal,0.011394596317809352
100679,20669,116016,380000,6,,50,,,,1.38980793118442,,,,,'',"SRID=4326;LINESTRING(7.95805105631707 47.59569859905,7.95504707836401 47.5967491628251)",line,1,380.0,0.00138980793118442,0.16,1645.4482671904334,100000.0,133.5483916362269,133.5483916362269,8.116231564317598,normal,0.011272171735730254
181663,117549,134531,380000;380000;220000,12;12,4;2;4;2,50;50,Ensdorf - Uchtelfangen;Ensdorf - Uchtelfangen Nord |Süd ; Uchtelfangen Taubental Nord|Süd,RWE,4545,5867.71451159389,,,,,'',"SRID=4326;LINESTRING(6.79703414566571 49.33339865235,6.77124083687689 49.2919480083878)",line,3,380.0,5.86771451159389,0.6258895479033483,4936.3448015713,100000.0,0.2827434182339772,0.2827434182339772,0.005727789074701111,normal,0.011036483694284779
176758,21785,115790,110000;110000;0;380000,12;18;6,2;2;1;4,50;50;50,110 kV Benrath Nord|Süd; Hülsberg Nord|Süd;380 kV Oerkhaus West; St. Peter Nord,RWE,4143,50.5088564291042,,,,,'',"SRID=4326;LINESTRING(7.00613163633178 51.17500018022,7.00562607275153 51.1753244103439)",line,4,380.0,0.0505088564291042,0.04,6581.793068761734,100000.0,-14.714101466306584,14.714101466306584,0.2235576432225151,normal,0.011015729531068687
130756,116908,117550,220000,3,2,50,,,2340,38.3727766942897,,,,,'',"SRID=4326;LINESTRING(6.79652911281298 49.3338440757709,6.79702749813261 49.3336985482047)",line,1,220.0,0.0383727766942897,0.16,495.3665309646989,100000.0,-1.3775904435353592,1.3775904435353592,0.2780951795133551,normal,0.0104716322801218
177536,116400,134289,220000;220000,3;6,,50,,RWE,,5.6476965889977,,,,,'',"SRID=4326;LINESTRING(6.58208616279687 51.0560403793379,6.58200583945861 51.056044195567)",line,2,220.0,0.0056476965889977,0.08,990.7330619293978,100000.0,17.00968918513235,17.00968918513235,1.7168791310958091,normal,0.009669133873837209
90540,24593,112934,380000,6,1,50,,50Hertz,,258.873504463503,,,,,'',"SRID=4326;LINESTRING(10.9909064280074 50.5735635177019,10.9884482158798 50.5699143795256)",line,1,380.0,0.25887350446350305,0.16,1645.4482671904334,100000.0,0.6602960029966631,0.6602960029966631,0.04012863948157446,normal,0.009238306110802766
179864,134340,114209,380000;380000,6,4,,,,Anlage 349,781.480115572552,,,,,'',"SRID=4326;LINESTRING(9.15118600564182 49.1433394745617,9.14324394359789 49.149929091438)",line,2,380.0,0.781480115572552,0.12503681849160833,3290.896534380867,100000.0,0.5247299812105588,0.5247299812105588,0.015944894521251758,normal,0.009207292352022006
72056,17128,133627,110000;380000,3;3,2,50;50,U401;Helmstedt 380 kV,EON_Netz,,371.420524079677,,,,,'',"SRID=4326;LINESTRING(11.0056026142412 52.195809447852,10.9993129974283 52.2001376075291)",line,2,380.0,0.371420524079677,0.08,3290.896534380867,100000.0,0.9507087490992494,0.9507087490992494,0.028889050116493897,normal,0.009124522167835178
87346,131067,131071,220000,3,1,50,,MITNETZ,,6.02521951205903,,,,,'',"SRID=4326;LINESTRING(12.325074254498 51.1949756780787,12.3251168346424 51.1950353506521)",line,1,220.0,0.00602521951205903,0.16,495.3665309646989,100000.0,-6.82488095102296,6.82488095102296,1.3777436553357536,normal,0.008276299656573867
98977,131070,131065,220000,3,1,50,,MITNETZ,,5.87512006345695,,,,,'',"SRID=4326;LINESTRING(12.3249848721272 51.195069183841,12.3249437292872 51.1950105809141)",line,1,220.0,0.00587512006345695,0.16,495.3665309646989,100000.0,6.824709430484216,6.824709430484216,1.3777090303605033,normal,0.00807052147083496
86734,131069,131064,220000,3,1,50,,MITNETZ,,5.78359300157376,,,,,'',"SRID=4326;LINESTRING(12.3251989406594 51.1949428581304,12.3252382868689 51.1950010670793)",line,1,220.0,0.00578359300157376,0.16,495.3665309646989,100000.0,-6.825001946809267,6.825001946809267,1.3777680808426749,normal,0.007945495159274165
159558,22008,134369,,3,1,,,,,204.982565918381,,,,,'',"SRID=4326;LINESTRING(7.03129825537841 49.3308467884624,7.03248957037782 49.3365267290147)",line,1,220.0,0.204982565918381,0.16,495.3665309646989,100000.0,-0.21079079876029638,0.21079079876029638,0.04255249105138229,normal,0.007934554444696125
176256,17549,113664,110000;380000,6;3,,,"MEZ-NET 110 kV, (MEZ-OFE 110 kV);BZW-WDL/MEZ 380 kV",EnBW,,96.685616703459,,,,,'',"SRID=4326;LINESTRING(9.27295737673658 48.5510835092257,9.2717915481329 48.5514796138585)",line,2,380.0,0.096685616703459,0.08,3290.896534380867,100000.0,-2.826615726994608,2.826615726994608,0.08589196583557719,normal,0.007927189034937263
178853,16371,20403,220000;220000;220000,6;3;3,2;2;2,50;50;50,,ampiron,2460,270.420870006085,,,,,'',"SRID=4326;LINESTRING(6.74970889894626 49.3651765862635,6.75550685352124 49.3648623497296)",line,3,220.0,0.270420870006085,0.05333333333333334,1486.0995928940965,100000.0,-0.48913591520483024,0.48913591520483024,0.032914073696249734,normal,0.007877925586641094
180371,23863,117747,220000;220000;220000,3;6;3,2;2;2,50;50;50,386;386;385,50Hertz,386,647.694684087032,,,,,'',"SRID=4326;LINESTRING(11.4747302166977 50.6039905238974,11.471330230673 50.5977206630367)",line,3,220.0,0.647694684087032,0.06908743296928342,1486.0995928940965,100000.0,-0.23319548759503927,0.23319548759503927,0.01569178059869487,normal,0.007836116670873366
178600,142222,142223,20000;20000,3;3,1;1,,,,,3100.5048021605,,,,,'',"SRID=4326;LINESTRING(6.6256976122304 49.4631022702751,6.61129676579921 49.4855211766337)",line,2,20.0,3.1005048021604997,0.49608076834568,200.0,806.3203121820502,-0.01110129341548027,0.01110129341548027,0.005550646707740134,normal,0.007832573567599112
94477,131068,131063,220000,3,1,50,,MITNETZ,,5.5778295875769,,,,,'',"SRID=4326;LINESTRING(12.3248388958935 51.1951084775966,12.3248061972172 51.1950506628472)",line,1,220.0,0.005577829587576901,0.16,495.3665309646989,100000.0,6.824571305930061,6.824571305930061,1.3776811470568238,normal,0.007663118692027612
6092,17623,18041,0,6,1,,Gurtweil - Tiengen 1 1x 110 kV,Badenwerk,1720,381.999204698484,,,,,'',"SRID=4326;LINESTRING(8.25193893146281 47.6397360990099,8.25887692141771 47.6342498336695)",line,1,0.0,0.381999204698484,0.16,200.0,1.0,0.045454730113735874,0.045454730113735874,0.02272736505686794,normal,0.007353010550451988
162535,134531,134635,110000;35000;110000;35000;220000;110000,12;6,1;1,,Saarwellingen - Ensdorf,,125,2815.18357441717,,,,,'',"SRID=4326;LINESTRING(6.77124083687689 49.2919480083878,6.81400836349592 49.2867084784203)",line,6,220.0,2.81518357441717,0.15014312396891574,2972.199185788193,100000.0,-0.14509631683923274,0.14509631683923274,0.0048817830760812505,normal,0.006536652778408513
116382,115464,133839,380000;110000,6,,,,,,7.34431751566685,,,,,'',"SRID=4326;LINESTRING(6.99159234787866 51.5136120794708,6.99611165854856 51.5141819249677)",line,2,380.0,0.00734431751566685,0.08,3290.896534380867,100000.0,-28.55245731894218,28.55245731894218,0.8676194167956089,normal,0.0063487871583002885
73525,16965,142296,220000;380000,3;3,,50,,,,54.7515490356183,,,,,'',"SRID=4326;LINESTRING(10.1602433058051 49.9891799219394,10.1640010988692 49.9890663536779)",line,2,380.0,0.0547515490356183,0.08,3290.896534380867,100000.0,3.89131993835945,3.89131993835945,0.1182449796797256,normal,0.006303077097417766
167404,22008,134369,110000,6,1,50,,Steag,,95.8870952768447,,,,,'',"SRID=4326;LINESTRING(7.03129825537841 49.3308467884624,7.03248957037782 49.3365267290147)",line,1,110.0,0.0958870952768447,0.16,247.68326548234944,75625.0,-0.15941054156247414,0.15941054156247414,0.06436064271521572,normal,0.005893128699656128
117833,115663,134531,380000;110000,12,4;1,50,Vigy - Ensdorf (380kV); Altforweiler - Ensdorf (110kV),RWE,4599,1374.78074885105,,,,,'',"SRID=4326;LINESTRING(6.74887366665349 49.2866110383115,6.77124083687689 49.2919480083878)",line,2,380.0,1.37478074885105,0.219964919816168,3290.896534380867,100000.0,-0.2197656849334262,0.2197656849334262,0.006677988281839795,normal,0.005775826235908419
181513,16309,18163,110000;380000;110000;380000;380000,3;3;3;6;3,1;1,50;50;50;50;50,Niederzwönitz-Zwönitz,50Hertz,577;578,200.271270992455,,,,,'',"SRID=4326;LINESTRING(12.7864054610462 50.6294093653227,12.7892185665402 50.6270206704254)",line,5,380.0,0.20027127099245498,0.032,8000.0,100000.0,-2.24524306576962,2.24524306576962,0.028065538322120248,normal,0.005123296394173089
167268,22008,134369,220000,3,2,,,,,127.480941377455,,,,,'',"SRID=4326;LINESTRING(7.03129825537841 49.3308467884624,7.03248957037782 49.3365267290147)",line,1,220.0,0.127480941377455,0.16,495.3665309646989,100000.0,-0.21079079876029638,0.21079079876029638,0.04255249105138229,normal,0.005105698460186138
72756,115374,134475,0;0,3;6,2;2,50;50,,RWE AG,,1162.69974051324,,,,,'',"SRID=4326;LINESTRING(7.31021121459506 52.4643669907568,7.30534456314174 52.4800010323376)",line,2,0.0,1.16269974051324,0.1860319584821184,200.0,1.0,-0.012907402426599712,0.012907402426599712,0.006453701213299856,normal,0.004978109679159326
176193,17307,113241,110000;380000;110000;110000;110000;110000,3;6;3;3;3;3,2;4;1;1;2;2,,110kV Altendorf West;380kV Büscherhof West+Kusenhorst;110kV Rosendelle Süd;110kV Rosendelle Nord;110kV Altendorf Ost;110kV Altendorf West,RWE,4125,19.8666392447299,,,,,'',"SRID=4326;LINESTRING(6.94804507254078 51.4459100287905,6.94800667500949 51.4460869750158)",line,6,380.0,0.019866639244729898,0.02666666666666667,8000.0,100000.0,-17.559028923253006,17.559028923253006,0.21948786154066258,normal,0.004317737317449171
173950,19974,143390,380000;380000;380000,6;6,4;4,50;50,380kV Trebur Nord;380kV Trebur Nord,RWE,4503,14.0001396101122,,,,,'',"SRID=4326;LINESTRING(8.51995689720936 50.0493480607197,8.51830366803439 50.0495244875587)",line,3,380.0,0.0140001396101122,0.05333333333333334,4936.3448015713,100000.0,-14.716427278055333,14.716427278055333,0.29812397370157184,normal,0.0041448303814438465
94478,131068,131062,220000,3,1,50,,MITNETZ,,6.00899515959955,,,,,'',"SRID=4326;LINESTRING(12.3248388958935 51.1951084775966,12.3248811167119 51.1951680937034)",line,1,220.0,0.00600899515959955,0.16,495.3665309646989,100000.0,-3.412482889679838,3.412482889679838,0.6888803898467296,normal,0.0041270914730460245
98978,131070,131066,220000,3,1,50,,MITNETZ,,5.99023102022068,,,,,'',"SRID=4326;LINESTRING(12.3249848721272 51.195069183841,12.3250266437879 51.1951287437039)",line,1,220.0,0.00599023102022068,0.16,495.3665309646989,100000.0,-3.412509236270372,3.412509236270372,0.6888857084520222,normal,0.004114274080000154
87347,131071,131072,220000,3,1,50,,MITNETZ,,5.8033540380747,,,,,'',"SRID=4326;LINESTRING(12.3251168346424 51.1950353506521,12.325158246977 51.1950931654208)",line,1,220.0,0.005803354038074701,0.16,495.3665309646989,100000.0,-3.412549434222631,3.412549434222631,0.6888938232417278,normal,0.003986338838736048
86733,131073,131064,220000,3,1,50,,MITNETZ,,5.77596590966074,,,,,'',"SRID=4326;LINESTRING(12.3252773635837 51.1950592759547,12.3252382868689 51.1950010670793)",line,1,220.0,0.00577596590966074,0.16,495.3665309646989,100000.0,3.4125739671535262,3.4125739671535262,0.6888987757222369,normal,0.003967608456984255
94262,116908,117549,220000,3,2,50,,,2340,60.356884122273,,,,,'',"SRID=4326;LINESTRING(6.79652911281298 49.3338440757709,6.79703414566571 49.33339865235)",line,1,220.0,0.060356884122273004,0.16,495.3665309646989,100000.0,-0.335243561366827,0.335243561366827,0.06767586027944979,normal,0.0039661799707283165
27765,17453,141242,0,6,1,,,RWE,,310.726048908049,,,,,'',"SRID=4326;LINESTRING(7.72582111141909 52.2772383183027,7.7283506816998 52.2811580026931)",line,1,0.0,0.310726048908049,0.16,200.0,1.0,0.026393691906032912,0.026393691906032912,0.013196845953016456,normal,0.0035708186713729207
180583,118660,25226,380000;380000;380000,3;6;3,3;3;3,50;50;50,Mecklar;450;454;Vieselbach,50Hertz,450,329.927937942356,,,,,'',"SRID=4326;LINESTRING(10.3880041290116 51.0062370565876,10.3857738373501 51.0017885993453)",line,3,380.0,0.329927937942356,0.05333333333333334,4936.3448015713,100000.0,-0.5708829203698862,0.5708829203698862,0.011564891500046087,normal,0.003297436899123372
176920,24836,118491,220000;220000,3;3,,50;50,,,,8.26915340010195,,,,,'',"SRID=4326;LINESTRING(8.067592016001 49.5796777287201,8.06757872040669 49.579751573269)",line,2,220.0,0.008269153400101951,0.08,990.7330619293978,100000.0,-3.8868151818860497,3.8868151818860497,0.39231709642521595,normal,0.0032307906342483226
180676,133627,17128,110000;110000;110000;110000;380000;110000;110000,3;6;3;3;3;12;3,1;1;1;2;1;1;1,50;50;50;50;50;50;50;50,"K101;Leitung 1824 (System 148, 152);K101,148;U402;U402;K101,U402,148,152;152;U402",EON_Netz,1824,298.128296957683,,,,,'',"SRID=4326;LINESTRING(10.9993129974283 52.2001376075291,11.0056026142412 52.195809447852)",line,7,380.0,0.298128296957683,0.022857142857142857,8000.0,100000.0,-0.9507087490992494,0.9507087490992494,0.011883859363740618,normal,0.0031007776490249426
181229,134644,117779,220000;220000;220000;220000;220000,3;3;3;3,2;2;2;2,50;50;50,Remptendorf (220 kV);384;386,50Hertz Transmission GmbH,384,471.568059239376,,,,,'',"SRID=4326;LINESTRING(11.6464021163032 50.5348701790715,11.6378573129287 50.5334303734403)",line,5,220.0,0.471568059239376,0.032,2476.832654823494,100000.0,0.15892142572054846,0.15892142572054846,0.006416316637745299,normal,0.0024788062338882864
78339,19443,116095,380000;220000,6,4;2,,,,4538,171.676765995699,,,,,'',"SRID=4326;LINESTRING(6.99666886670711 49.3756396415642,7.0017160916361 49.3731187903947)",line,2,380.0,0.17167676599569898,0.08,3290.896534380867,100000.0,-0.49751077043080905,0.49751077043080905,0.015117788275419248,normal,0.0023951997290222993
102491,115548,115555,380000;220000,6,3,,380kV Weitmar West 220kV Welper Ost,RWE,4360,95.8910753725119,,,,,'',"SRID=4326;LINESTRING(7.17376044670386 51.4680844572818,7.17439214201165 51.4688632542149)",line,2,380.0,0.0958910753725119,0.08,3290.896534380867,100000.0,-0.8591406707614269,0.8591406707614269,0.026106584080835025,normal,0.002390522464646878
176404,18179,114065,380000;380000;380000;380000,3;3;3;3,4;4;4;4,50;50;50;50,538;536;538;536,50Hertz,536,56.4721721554,,,,,'',"SRID=4326;LINESTRING(11.5166998322354 51.5825904647452,11.5165806630494 51.5820883517938)",line,4,380.0,0.0564721721554,0.04,6581.793068761734,100000.0,2.7752047802830084,2.7752047802830084,0.042164874393492924,normal,0.002316336569824595
111204,113920,113941,220000;110000,,,,,,,235.440135721143,,,,,'',"SRID=4326;LINESTRING(8.42815434488756 48.9619192742064,8.42865066408204 48.9598156551452)",line,2,220.0,0.235440135721143,0.08,990.7330619293978,100000.0,0.09797265534683408,0.09797265534683408,0.009888905408691799,normal,0.0020907844893185436
77183,117779,117780,220000,3,2,,383,50Hertz Transmission GmbH,383,224.715302496761,,,,,'',"SRID=4326;LINESTRING(11.6378573129287 50.5334303734403,11.6407218607067 50.5343212873567)",line,1,220.0,0.224715302496761,0.16,495.3665309646989,100000.0,0.05079570694621616,0.05079570694621616,0.01025416611156477,normal,0.0020786057171811295
180947,17108,112575,110000;380000;380000;380000;110000,6;6;6;12,2;2;2;1,50;50;50;50,105;105;303;307,EON_Netz,105,6847.9449474754,,,,,'',"SRID=4326;LINESTRING(8.56364795594604 53.0316389635553,8.59854148791918 53.0859140895399)",line,5,380.0,6.8479449474754,0.43826847663842566,8000.0,100000.0,-0.08049926177727817,0.08049926177727817,0.0010062407722159772,normal,0.002073109269004181
179805,117780,134644,220000;220000;220000;220000;220000,3;3;6;3,2;2;2;2,50;50;50;50,383;386;Remptendorf (220 kV);384,50Hertz Transmission GmbH,383,233.297495683724,,,,,'',"SRID=4326;LINESTRING(11.6407218607067 50.5343212873567,11.6464021163032 50.5348701790715)",line,5,220.0,0.23329749568372402,0.032,2476.832654823494,100000.0,-0.20971713266676462,0.20971713266676462,0.008467149860058254,normal,0.0017754891263194567
179175,21050,115663,380000;110000;110000,12;6,4;1;1,50,Vigy - Ensdorf (380kV); Altforweiler - Ensdorf (110kV),RWE,4599,2708.81839250987,,,,,'',"SRID=4326;LINESTRING(6.72645957303147 49.27245020991,6.74887366665349 49.2866110383115)",line,3,380.0,2.7088183925098703,0.2889406285343862,4936.3448015713,100000.0,-0.06537985957622006,0.06537985957622006,0.0013244589307337047,normal,0.0017359859799273756
78220,118349,118354,0,3,2,50,,RWE,,667.579233160556,,,,,'',"SRID=4326;LINESTRING(8.4269422480747 49.6341821536024,8.41949737032603 49.6377579874862)",line,1,0.0,0.667579233160556,0.21362535461137794,200.0,1.0,-0.006242240419183698,0.006242240419183698,0.003121120209591849,normal,0.0015960566480642873
181221,22008,134369,220000;220000;110000,3;6;3,2;2;2,,,,,109.657384903321,,,,,'',"SRID=4326;LINESTRING(7.03129825537841 49.3308467884624,7.03248957037782 49.3365267290147)",line,3,220.0,0.109657384903321,0.05333333333333334,1486.0995928940965,100000.0,-0.21079079876029638,0.21079079876029638,0.014184163683794099,normal,0.0014758807477171874
123449,117549,117550,380000;220000,12,4;2,50,Ensdorf - Uchtelfangen Nord |Süd ; Uchtelfangen Taubental Nord|Süd,Amprion,4545,32.0563937164366,,,,,'',"SRID=4326;LINESTRING(6.79703414566571 49.33339865235,6.79702749813261 49.3336985482047)",line,2,380.0,0.0320563937164366,0.08,3290.896534380867,100000.0,-1.0423468821685322,1.0423468821685322,0.0316736448952089,normal,0.0009994083564938232
176049,16927,112602,380000;380000,3;3,4;4,50;50,,TenneT,,27.3410048909997,,,,,'',"SRID=4326;LINESTRING(8.48097377661286 50.5923163167187,8.48112815274947 50.5925415996676)",line,2,380.0,0.0273410048909997,0.08,3290.896534380867,100000.0,-1.0129746165987719,1.0129746165987719,0.030781114082924152,normal,0.0008302871748664159
122331,20408,112949,380000;220000;110000,12,3;1,,,RWE,4360,846.156547056158,,,,,'',"SRID=4326;LINESTRING(7.18050361114986 51.4526103518285,7.18403465827139 51.4457551398871)",line,3,380.0,0.8461565470561581,0.09025669835265686,4936.3448015713,100000.0,0.06340889943112771,0.06340889943112771,0.0012845314089677015,normal,0.0007875538316548074
177297,113247,133951,220000;110000;220000;220000,3;6,2;1;2,50,Oberbrunn - Oberbachern,TenneT TSO GmbH,263,12.8557232045009,,,,,'',"SRID=4326;LINESTRING(11.3687506202325 48.2896512292431,11.3687655831986 48.289766410437)",line,4,220.0,0.012855723204500898,0.04,1981.4661238587955,100000.0,0.9096975304545563,0.9096975304545563,0.045910324658136006,normal,0.0005864488394073046
155818,16961,112438,0,3,,,,,,184.056304344019,,,,,'',"SRID=4326;LINESTRING(8.77239711773549 49.9746382876172,8.77515701014171 49.9704873626605)",line,1,0.0,0.18405630434401898,0.16,200.0,1.0,-0.006815464438209851,0.006815464438209851,0.0034077322191049253,normal,0.000575723033079852
72420,25039,134700,380000;380000;380000;380000;380000;380000,3;3;3;3;3;3,2;2;2;2;2,50;50;50;50;50;50,7563;7563;7563;7563;7563,EnBW,,53.3189274781972,,,,,'',"SRID=4326;LINESTRING(8.31351971390848 49.009009190997,8.30574860018016 49.0134629072692)",line,6,380.0,0.053318927478197206,0.02666666666666667,8000.0,100000.0,0.7207635495609654,0.7207635495609654,0.009009544369512066,normal,0.0004680103539461136
172391,142295,142296,110000,3,1,,Schweinfurt - Zeuzleben,,126,229.030899666568,,,,,'',"SRID=4326;LINESTRING(10.1635636296826 49.9865403562222,10.1640010988692 49.9890663536779)",line,1,110.0,0.22903089966656798,0.16,247.68326548234944,75625.0,-0.005437092750019967,0.005437092750019967,0.0021951796942888046,normal,0.00045270306702269327
128439,118049,117950,0,6,,,,,,94.7492832361609,,,,,'',"SRID=4326;LINESTRING(9.19002245437702 48.9163242616185,9.19132617934886 48.9162358880407)",line,1,0.0,0.0947492832361609,0.16,200.0,1.0,-0.006875229344553646,0.006875229344553646,0.003437614672276823,normal,0.00031119134690023027
177109,36412,116295,220000;220000;110000;220000,3;3;3;3,,50;50;50,,,,3.86568396176793,,,,,'',"SRID=4326;LINESTRING(8.27080093127953 49.0295439946388,8.27075901002275 49.0295651694918)",line,4,220.0,0.00386568396176793,0.04,1981.4661238587955,100000.0,-1.4018025095541287,1.4018025095541287,0.07074572169945535,normal,0.0002729533652655264
76023,25039,134700,380000;380000;380000;380000,3;3;3;3,,50;50;50;50,7564;7564;7564,,,21.6764904499815,,,,,'',"SRID=4326;LINESTRING(8.31351971390848 49.009009190997,8.30574860018016 49.0134629072692)",line,4,380.0,0.0216764904499815,0.04,6581.793068761734,100000.0,0.7207635495609654,0.7207635495609654,0.010950869193712989,normal,0.00023484025230951757
160748,17080,112741,0;0;0,3;3;3,2;2;2,50;50;50,,RWE,,316.148723537113,,,,,'',"SRID=4326;LINESTRING(7.52228468101973 51.5321934905208,7.5190655655656 51.5354806746451)",line,3,0.0,0.31614872353711304,0.05333333333333334,200.0,1.0,0.0004911460815352209,0.0004911460815352209,0.00024557304076761044,normal,6.746133032602524e-05
88969,114819,114825,0,,,,,,,151.525554687988,,,,,'',"SRID=4326;LINESTRING(9.20551012852747 48.9234550866815,9.20755756872303 48.923193367787)",line,1,0.0,0.151525554687988,0.16,200.0,1.0,-0.0009488761149931968,0.0009488761149931968,0.0004744380574965984,normal,6.693734232542968e-05
154577,114823,114825,0,,,,,,,174.338168487614,,,,,'',"SRID=4326;LINESTRING(9.20986821529684 48.9227736938957,9.20755756872303 48.923193367787)",line,1,0.0,0.17433816848761402,0.16,200.0,1.0,0.0003529488617245724,0.0003529488617245724,0.0001764744308622862,normal,2.8360275418359678e-05
73703,17786,115260,380000;380000,3;3,4,50;50,419 Krümmel - Görries,50Hertz,419,502.940392488258,,,,,'',"SRID=4326;LINESTRING(11.3705935827954 53.6009899381067,11.3634670890575 53.5971056456015)",line,2,380.0,0.502940392488258,0.08047046279812127,3290.896534380867,100000.0,-0.0016876360406370416,0.0016876360406370416,5.12819538082058e-05,normal,2.0893470592576288e-05
128481,114229,144090,220000,12,,,,,,69.561311765526,,,,,'',"SRID=4326;LINESTRING(6.70701289306575 51.4858780781236,6.7061153405407 51.4861288236559)",line,1,220.0,0.069561311765526,0.16,495.3665309646989,100000.0,-0.0013281864830183565,0.0013281864830183565,0.0002681219662603743,normal,1.803082026476882e-05
77801,115578,117226,220000,6,4,,220kV Buer Süd+Scholven E,RWE,4566,37.7316231457461,,,,,'',"SRID=4326;LINESTRING(6.92631671691575 51.5016749661395,6.92682758881783 51.5015298551017)",line,1,220.0,0.0377316231457461,0.16,495.3665309646989,100000.0,0.0011168368785341443,0.0011168368785341443,0.00022545666869321315,normal,8.350283601368534e-06
102530,112146,114266,0,3,2,,,RWE,,28.0087724629341,,,,,'',"SRID=4326;LINESTRING(6.96488148189453 51.0657096497628,6.96529865951248 51.0657195854389)",line,1,0.0,0.028008772462934102,0.16,200.0,1.0,-0.0004261901701896331,0.0004261901701896331,0.00021309508509481656,normal,5.886474813117444e-06
171749,18657,141844,380000,3,4,,ENGST-TRSNG 1x 380 kV,EnBW,308,43.709139864869,,,,,'',"SRID=4326;LINESTRING(8.61667318028005 48.0659747395541,8.61917405719393 48.0640737058079)",line,1,380.0,0.043709139864869004,0.16,1645.4482671904334,100000.0,0.0013995867363496284,0.0013995867363496284,8.505808199849344e-05,normal,3.6388569606583705e-06
99431,131070,131071,110000,,,50,,MITNETZ,,8.70805648937744,,,,,'',"SRID=4326;LINESTRING(12.3249848721272 51.195069183841,12.3251168346424 51.1950353506521)",line,1,110.0,0.00870805648937744,0.16,247.68326548234944,75625.0,-0.0003743702624140789,0.0003743702624140789,0.000151148791455496,normal,1.310514442922529e-06
99432,131068,131070,110000,,,50,,MITNETZ,,9.84724499106319,,,,,'',"SRID=4326;LINESTRING(12.3248388958935 51.1951084775966,12.3249848721272 51.195069183841)",line,1,110.0,0.009847244991063191,0.16,247.68326548234944,75625.0,-0.00029816889302643895,0.00029816889302643895,0.00012038314031663445,normal,1.1796436412099864e-06
165214,131072,131066,110000;110000,3,1,50;50,,MITNETZ,,8.76111289997005,,,,,'',"SRID=4326;LINESTRING(12.325158246977 51.1950931654208,12.3250266437879 51.1951287437039)",line,2,110.0,0.00876111289997005,0.08,495.3665309646989,100000.0,0.0005352330099961389,0.0005352330099961389,0.00010804787496519037,normal,9.424969723287476e-07
99430,131071,131064,110000,,,50,,MITNETZ,,8.0551200901668,,,,,'',"SRID=4326;LINESTRING(12.3251168346424 51.1950353506521,12.3252382868689 51.1950010670793)",line,1,110.0,0.0080551200901668,0.16,247.68326548234944,75625.0,-0.00027591184935740753,0.00027591184935740753,0.00011139704930007463,normal,8.937219042310863e-07
165213,131062,131066,110000;110000,3,1,50;50,,MITNETZ,,9.82103060489778,,,,,'',"SRID=4326;LINESTRING(12.3248811167119 51.1951680937034,12.3250266437879 51.1951287437039)",line,2,110.0,0.00982103060489778,0.08,495.3665309646989,100000.0,-0.00042061950693284,0.00042061950693284,8.491076417974925e-05,normal,8.298428949542126e-07
165215,131072,131073,110000;110000,3,1,50;50,,MITNETZ,,7.8885081143084,,,,,'',"SRID=4326;LINESTRING(12.325158246977 51.1950931654208,12.3252773635837 51.1950592759547)",line,2,110.0,0.0078885081143084,0.08,495.3665309646989,100000.0,-0.00038937504574787507,0.00038937504574787507,7.860342219519529e-05,normal,6.176308311738596e-07
163802,131067,131065,110000;110000,3,1,50;50,,MITNETZ,,8.66185447698764,,,,,'',"SRID=4326;LINESTRING(12.325074254498 51.1949756780787,12.3249437292872 51.1950105809141)",line,2,110.0,0.00866185447698764,0.08,495.3665309646989,100000.0,0.000323514518993373,0.000323514518993373,6.530811000964204e-05,normal,5.632534418635561e-07
163801,131063,131065,110000;110000,3,1,50;50,,MITNETZ,,9.34651686991976,,,,,'',"SRID=4326;LINESTRING(12.3248061972172 51.1950506628472,12.3249437292872 51.1950105809141)",line,2,110.0,0.00934651686991976,0.08,495.3665309646989,100000.0,-0.0002561483622431915,0.0002561483622431915,5.170885520754839e-05,normal,4.810530878133214e-07
163803,131067,131069,110000;110000,3,1,50;50,,MITNETZ,,8.19504091714235,,,,,'',"SRID=4326;LINESTRING(12.325074254498 51.1949756780787,12.3251989406594 51.1949428581304)",line,2,110.0,0.00819504091714235,0.08,495.3665309646989,100000.0,-0.0002438463285459047,0.0002438463285459047,4.9225434764643365e-05,normal,4.0176046962675724e-07
102531,112146,112153,0,3,2,,,RWE,,30.7501504994716,,,,,'',"SRID=4326;LINESTRING(6.96488148189453 51.0657096497628,6.96442684452924 51.0656833427919)",line,1,0.0,0.0307501504994716,0.16,200.0,1.0,-3.19138736548652e-08,3.19138736548652e-08,1.59569368274326e-08,normal,4.83285170474794e-10
